{
  "coef": [
    21.609025955200195
  ],
  "intercept": [
    -2.9872405529022217
  ],
  "method": "logistic_regression",
  "threshold": 0.4468581974506378
}