{
  "by_quality": {
    "high": {
      "auc": 0.9999377179870453,
      "eer": 0.0011210762331838565,
      "eer_threshold": 0.41770386695861816,
      "n": 482,
      "negatives": 446,
      "operating_points": {
        "fmr<=0.001": {
          "fmr": 0.0,
          "fnmr": 0.02777777777777779,
          "threshold": 0.6018202900886536,
          "tpr": 0.9722222222222222
        },
        "fmr<=0.01": {
          "fmr": 0.002242152466367713,
          "fnmr": 0.0,
          "threshold": 0.41770386695861816,
          "tpr": 1.0
        },
        "fmr<=0.1": {
          "fmr": 0.002242152466367713,
          "fnmr": 0.0,
          "threshold": 0.41770386695861816,
          "tpr": 1.0
        }
      },
      "positives": 36,
      "roc_auc_trapezoid": 0.9999377179870453,
      "status": "ok"
    },
    "low": {
      "auc": 1.0,
      "eer": 0.0,
      "eer_threshold": 0.505452573299408,
      "n": 858,
      "negatives": 791,
      "operating_points": {
        "fmr<=0.001": {
          "fmr": 0.0,
          "fnmr": 0.0,
          "threshold": 0.505452573299408,
          "tpr": 1.0
        },
        "fmr<=0.01": {
          "fmr": 0.0,
          "fnmr": 0.0,
          "threshold": 0.505452573299408,
          "tpr": 1.0
        },
        "fmr<=0.1": {
          "fmr": 0.0,
          "fnmr": 0.0,
          "threshold": 0.505452573299408,
          "tpr": 1.0
        }
      },
      "positives": 67,
      "roc_auc_trapezoid": 1.0,
      "status": "ok"
    },
    "mid": {
      "auc": 0.9973643410852714,
      "eer": 0.027385482734319965,
      "eer_threshold": 0.3244032859802246,
      "n": 911,
      "negatives": 825,
      "operating_points": {
        "fmr<=0.001": {
          "fmr": 0.0,
          "fnmr": 0.046511627906976716,
          "threshold": 0.5973426103591919,
          "tpr": 0.9534883720930233
        },
        "fmr<=0.01": {
          "fmr": 0.008484848484848486,
          "fnmr": 0.023255813953488413,
          "threshold": 0.43795692920684814,
          "tpr": 0.9767441860465116
        },
        "fmr<=0.1": {
          "fmr": 0.03151515151515152,
          "fnmr": 0.011627906976744207,
          "threshold": 0.3207942247390747,
          "tpr": 0.9883720930232558
        }
      },
      "positives": 86,
      "roc_auc_trapezoid": 0.9973643410852714,
      "status": "ok"
    }
  },
  "overall": {
    "auc": 0.9988684125444551,
    "eer": 0.008928250683827793,
    "eer_threshold": 0.41770386695861816,
    "n": 2251,
    "negatives": 2062,
    "operating_points": {
      "fmr<=0.001": {
        "fmr": 0.00048496605237633366,
        "fnmr": 0.02645502645502651,
        "threshold": 0.505452573299408,
        "tpr": 0.9735449735449735
      },
      "fmr<=0.01": {
        "fmr": 0.0072744907856450046,
        "fnmr": 0.010582010582010581,
        "threshold": 0.41770386695861816,
        "tpr": 0.9894179894179894
      },
      "fmr<=0.1": {
        "fmr": 0.028128031037827354,
        "fnmr": 0.005291005291005346,
        "threshold": 0.3207942247390747,
        "tpr": 0.9947089947089947
      }
    },
    "positives": 189,
    "roc_auc_trapezoid": 0.9988684125444551,
    "status": "ok"
  }
}