sample_id,group_id,fold,y_true,score_raw,prob_calibrated,cluster_label,distance_to_centroid,seed,k,target_rule,threshold
0,group-0,1,0,-0.06634912783045954,0.035015899570096355,12,0.9313972208856165,42,64,largest,0.5
1,group-1,0,0,-0.09775412602407751,0.019344547678476764,2,0.9101694854315237,42,64,largest,0.5
2,group-2,2,0,-0.052933487802680146,0.03924346403423618,10,0.959433472302224,42,64,largest,0.5
3,group-3,2,0,-0.02070175437333699,0.06378978421170517,26,0.9924673757604727,42,64,largest,0.5
4,group-4,1,0,-0.004780145713360717,0.09878010306260449,2,1.001969174954656,42,64,largest,0.5
5,group-5,1,0,-0.0016979576627214055,0.10381716359710266,10,1.0012598944809659,42,64,largest,0.5
6,group-6,1,0,-0.07750683701519345,0.028842367792345294,28,0.9335350165702863,42,64,largest,0.5
7,group-7,4,0,-0.012195054335014,0.07032675261918962,39,0.9926704445251331,42,64,largest,0.5
8,group-8,3,0,-0.03331730830653423,0.054148843051751716,46,0.983876019104062,42,64,largest,0.5
9,group-9,3,0,-0.031127253559426027,0.05617364892112456,27,0.9902528906498909,42,64,largest,0.5
10,group-10,4,1,0.006491553193411881,0.09185230553444353,35,0.9947093985476415,42,64,largest,0.5
11,group-11,3,0,-0.01760168266672202,0.07033631130001555,48,0.9701561678922743,42,64,largest,0.5
12,group-12,2,0,-0.018507899118234472,0.06590161466681481,54,0.9906512062414522,42,64,largest,0.5
13,group-13,2,0,-0.04358558505088039,0.04523754620561196,37,0.9454014356063913,42,64,largest,0.5
14,group-14,3,0,-0.043172364951222786,0.04586122926833125,3,0.9522179819380432,42,64,largest,0.5
15,group-15,2,0,-0.06577638465333391,0.03223859482048402,59,0.9303013655673879,42,64,largest,0.5
16,group-16,1,0,-0.039154023639707436,0.05582826336841331,63,0.9582807419093953,42,64,largest,0.5
17,group-17,0,0,-0.01875671990215888,0.058404695891070654,7,0.9922735447882677,42,64,largest,0.5
18,group-18,4,0,-0.016954833929832214,0.06564072813459709,40,0.9859992805910256,42,64,largest,0.5
19,group-19,3,0,-0.12630666880145236,0.010877836112198008,6,0.8865483317959902,42,64,largest,0.5
20,group-20,1,0,-0.05526731133653284,0.042397716414730786,59,0.9567313815155042,42,64,largest,0.5
21,group-21,4,0,-0.008977838443794184,0.07366732919262724,40,0.9972078207794102,42,64,largest,0.5
22,group-22,3,0,-0.04760895228812512,0.04253754629141107,46,0.9754930944015077,42,64,largest,0.5
23,group-23,3,0,-0.04976721663249262,0.04100509019597218,45,0.9748999432884927,42,64,largest,0.5
24,group-24,4,0,-0.011367678797685632,0.07117223309373029,63,0.9918012122822494,42,64,largest,0.5
25,group-25,4,0,-0.0343027029279348,0.05091640384867202,19,0.9800923500627519,42,64,largest,0.5
26,group-26,4,0,-0.040801290908529464,0.04625076774731762,44,0.9603715289583067,42,64,largest,0.5
27,group-27,3,0,-0.019375989803738447,0.06830560500411093,17,0.9841101638102643,42,64,largest,0.5
28,group-28,3,0,-0.036719808616090255,0.05113909164354768,5,0.966252409189085,42,64,largest,0.5
29,group-29,3,0,-0.041814709468965594,0.04692680682909846,17,0.9738524560839836,42,64,largest,0.5
30,group-30,1,0,-0.04750451576290471,0.04843160799769495,23,0.9668705685616171,42,64,largest,0.5
31,group-31,0,0,-0.06840623285269387,0.029306444828632032,37,0.9244755560388593,42,64,largest,0.5
32,group-32,4,0,-0.1011753499790643,0.018619542042071523,14,0.9127703607163294,42,64,largest,0.5
33,group-33,3,0,-0.03958218424191151,0.04873037611890391,14,0.9436108464892748,42,64,largest,0.5
34,group-34,2,0,-0.013478362185109227,0.07099047290703732,34,0.9916168689800954,42,64,largest,0.5
35,group-35,0,0,-0.060053119801559696,0.03295616851479457,47,0.9561848470490721,42,64,largest,0.5
36,group-36,4,0,-0.009057298808714198,0.07358309016262897,24,0.9970772251305365,42,64,largest,0.5
37,group-37,3,0,-0.034018503613404194,0.053515227193391406,42,1.0010355398670399,42,64,largest,0.5
38,group-38,2,0,-0.05793101233289133,0.03635912680588996,28,0.9664165307491355,42,64,largest,0.5
39,group-39,2,0,-0.002646497779873691,0.08320213734070743,38,1.004287749276335,42,64,largest,0.5
40,group-40,0,0,-0.027580277390150898,0.05175265120373299,54,0.9918319277323281,42,64,largest,0.5
41,group-41,4,0,-0.03348897939369011,0.05153109459099389,47,0.9624259412859757,42,64,largest,0.5
42,group-42,3,0,-0.05140199688029301,0.03987964880261711,46,0.9857554681950687,42,64,largest,0.5
43,group-43,2,0,-0.08840092401323318,0.02273187150330617,11,0.9291232223643752,42,64,largest,0.5
44,group-44,2,0,-0.0152264214547978,0.0691819190292369,9,0.9969079654091616,42,64,largest,0.5
45,group-45,1,0,-0.011313168930285888,0.08881811109476401,50,0.9827825408042244,42,64,largest,0.5
46,group-46,0,0,-0.043122621148323215,0.041744891957218526,52,0.9593656237819482,42,64,largest,0.5
47,group-47,4,0,-0.04923494273201934,0.04080023924113457,21,0.9581456968805486,42,64,largest,0.5
48,group-48,3,0,-0.039455009998265345,0.04883507150050951,9,0.9214087082386567,42,64,largest,0.5
49,group-49,2,0,-0.04438159170840328,0.04469487195611673,17,0.9675882096235916,42,64,largest,0.5
50,group-50,0,0,-0.07403816975353217,0.027070198504426143,2,0.9388514968932551,42,64,largest,0.5
51,group-51,4,0,-0.034331896364930614,0.050894480419164334,32,0.9862066718004121,42,64,largest,0.5
52,group-52,3,0,-0.08508266819702914,0.022341211735883406,45,0.9186905757520658,42,64,largest,0.5
53,group-53,3,0,-0.004226520351796714,0.08752442532651343,13,0.9994837766634478,42,64,largest,0.5
54,group-54,4,0,-0.05747971075136027,0.036069756584362254,14,0.9472433600564216,42,64,largest,0.5
55,group-55,3,0,-0.012883254624555529,0.07601085370397048,47,0.9699552814492545,42,64,largest,0.5
56,group-56,2,0,-0.027806197028866553,0.0573764910864566,50,0.968493442332566,42,64,largest,0.5
57,group-57,1,0,-0.044021873787506105,0.05139610624379101,13,0.9711600753600124,42,64,largest,0.5
58,group-58,2,0,-0.052029196111431975,0.03978832597322002,3,0.9559309016942629,42,64,largest,0.5
59,group-59,2,0,-0.009264208353478187,0.07553128546155152,37,0.9883070454860777,42,64,largest,0.5
60,group-60,0,0,-0.07275736331996918,0.027563721918190766,5,0.9422678680100176,42,64,largest,0.5
61,group-61,1,0,-0.0386278992983512,0.05632829322605201,31,0.9707835891268696,42,64,largest,0.5
62,group-62,2,0,-0.01520943093159044,0.06919929052325277,41,0.9883273858228734,42,64,largest,0.5
63,group-63,2,0,-0.012363274554734405,0.07216686250265514,6,0.9857257588801605,42,64,largest,0.5
64,group-64,2,0,-0.06276197568361919,0.03376551489421982,5,0.9459111501557115,42,64,largest,0.5
65,group-65,1,0,-0.009897859716581525,0.09089625515924844,5,1.00209831847362,42,64,largest,0.5
66,group-66,2,0,-0.0016274881234878968,0.08444446901480246,27,0.9874890961922482,42,64,largest,0.5
67,group-67,2,0,-0.02154798923355994,0.06299216821267532,13,0.9816539701432234,42,64,largest,0.5
68,group-68,1,0,-0.004969735848666779,0.09847747971617189,10,0.9994952578619244,42,64,largest,0.5
69,group-69,0,0,-0.07024553630786079,0.028557091621999858,36,0.9386644741788585,42,64,largest,0.5
70,group-70,3,0,-0.03314277991658554,0.05430764668022216,26,0.9870652624317373,42,64,largest,0.5
71,group-71,2,0,-0.01918207801440186,0.06524581808409233,38,0.9763348226765413,42,64,largest,0.5
72,group-72,4,0,-0.007564336328363064,0.07518074219584972,0,0.9872338589250303,42,64,largest,0.5
73,group-73,4,0,-0.02121357894036513,0.061695670515996615,15,0.978443487997325,42,64,largest,0.5
74,group-74,4,0,-0.008931831994786754,0.07371614299056703,32,0.9891268469031815,42,64,largest,0.5
75,group-75,3,0,-0.06836024272022789,0.029827243630369798,47,0.9561665837819817,42,64,largest,0.5
76,group-76,2,0,-0.01874848533952511,0.0656668882455311,16,0.982504555037457,42,64,largest,0.5
77,group-77,1,0,-0.09346611794183401,0.021813134211300128,21,0.9053991233028769,42,64,largest,0.5
78,group-78,0,0,-0.007861649611550225,0.06772468362001725,52,1.002708303863828,42,64,largest,0.5
79,group-79,4,0,-0.01475428120659572,0.06776997677325998,31,1.0002997308321144,42,64,largest,0.5
80,group-80,2,0,-0.02321147744968377,0.06145130623939053,34,0.9841182355940078,42,64,largest,0.5
81,group-81,1,0,-0.015450780270799491,0.08298668858446547,52,0.9938493053977036,42,64,largest,0.5
82,group-82,0,0,-0.022586195553765842,0.055424449107064344,34,0.9620907387435653,42,64,largest,0.5
83,group-83,4,0,-0.00673798606497622,0.07607868246966909,54,0.9914048389556308,42,64,largest,0.5
84,group-84,3,0,-0.05394790053016085,0.038185715899005324,14,0.9838984399533883,42,64,largest,0.5
85,group-85,3,0,-0.02334895337139664,0.0639541444940703,12,0.9828051068106274,42,64,largest,0.5
86,group-86,2,0,-0.022648952923416843,0.061968380856196596,59,0.9781574667704211,42,64,largest,0.5
87,group-87,1,0,-0.015256056586021471,0.08325313855017402,42,0.9839752515458383,42,64,largest,0.5
88,group-88,0,0,-0.03535323316512129,0.04649214890438073,34,0.9794207026707739,42,64,largest,0.5
89,group-89,4,0,-0.03636074168048875,0.04939258199409218,17,0.9747858962840035,42,64,largest,0.5
90,group-90,2,0,-0.0618325575075257,0.034250222234825066,6,0.950641747870293,42,64,largest,0.5
91,group-91,1,0,-0.03864250571948058,0.056314354585466804,59,0.9661399804724913,42,64,largest,0.5
92,group-92,0,0,-0.03458292200519253,0.046989889886763524,56,0.9633680325542966,42,64,largest,0.5
93,group-93,4,0,-0.1093556533635971,0.016432918376205353,47,0.9260870089271236,42,64,largest,0.5
94,group-94,4,0,-0.03382519754830027,0.05127626753018573,4,0.9714782069808762,42,64,largest,0.5
95,group-95,1,0,-0.0003152050902820447,0.10614987071886557,14,0.9933995316228017,42,64,largest,0.5
96,group-96,0,0,-0.03630777075066338,0.045882325389216744,22,0.9804454686843749,42,64,largest,0.5
97,group-97,2,0,-0.020564578126905597,0.06391996249449702,34,0.9953200793012801,42,64,largest,0.5
98,group-98,4,0,-0.046429188926561005,0.04254158997780511,41,0.9727488504808072,42,64,largest,0.5
99,group-99,1,0,-0.03431655846867321,0.06058714624087472,54,0.9894416223331154,42,64,largest,0.5
100,group-100,3,0,-0.06307720494089242,0.03266234942755193,3,0.9512349901040308,42,64,largest,0.5
101,group-101,2,0,-0.007477459656022867,0.07753592519364881,9,0.9830901133753618,42,64,largest,0.5
102,group-102,1,0,-0.10196266797893305,0.018784833316594824,36,0.9127990486796486,42,64,largest,0.5
103,group-103,0,0,-0.047320608465670766,0.03937637251603149,48,0.9676496785076298,42,64,largest,0.5
104,group-104,4,0,-0.014575787948716057,0.06794546688297264,23,0.9990890707543867,42,64,largest,0.5
105,group-105,3,0,-0.06398841587055804,0.03215541820305198,17,0.9621417888412155,42,64,largest,0.5
106,group-106,2,0,-0.03451260510717746,0.05188241190968155,22,0.971744927721015,42,64,largest,0.5
107,group-107,1,0,-0.022470316495190712,0.0738858707640779,13,0.973954000986298,42,64,largest,0.5
108,group-108,0,0,-0.08739375420205431,0.022410439124432156,21,0.9222939163591694,42,64,largest,0.5
109,group-109,4,0,-0.06558687868958046,0.03193557127559404,32,0.95332353876387,42,64,largest,0.5
110,group-110,2,0,-0.02630510090939353,0.05867902109869982,51,0.9934422718332654,42,64,largest,0.5
111,group-111,1,0,-0.0445463281177535,0.05093894595216088,19,0.9839200367438733,42,64,largest,0.5
112,group-112,0,0,-0.08356720448995236,0.02365896404856771,33,0.9262864932049858,42,64,largest,0.5
113,group-113,4,0,-0.08913061774849618,0.022367366762629452,10,0.9125480077202103,42,64,largest,0.5
114,group-114,3,0,-0.019689749174001125,0.06795220561647433,29,0.9868774886008611,42,64,largest,0.5
115,group-115,2,0,-0.038279144273519417,0.049018645725143965,11,0.9646464330062331,42,64,largest,0.5
116,group-116,1,0,-0.0012440350386608845,0.10457789155306059,16,1.0022144944524485,42,64,largest,0.5
117,group-117,0,0,-0.06886780446531315,0.029116621926649437,57,0.9540547733003294,42,64,largest,0.5
118,group-118,4,0,-0.05452399102904404,0.037701606579630724,58,0.95232279294284,42,64,largest,0.5
119,group-119,3,0,-0.006894568945331803,0.08381719214523631,58,0.9960599977688728,42,64,largest,0.5
120,group-120,1,0,-0.04362238232048721,0.0517469389433362,19,0.9725327786645109,42,64,largest,0.5
121,group-121,0,0,-0.033947398730391765,0.0474043467964094,33,0.9661923684647347,42,64,largest,0.5
122,group-122,4,0,-0.06691354437590546,0.031304173459329634,28,0.9337815353435841,42,64,largest,0.5
123,group-123,3,0,-0.03452553424304461,0.05306142741980577,25,0.9883670707758541,42,64,largest,0.5
124,group-124,2,0,-0.017075156261481594,0.06731568154046887,50,0.9929690784994915,42,64,largest,0.5
125,group-125,1,1,0.0016708699826795126,0.10958114517953219,7,0.9923945006746134,42,64,largest,0.5
126,group-126,0,0,-0.04781337270786745,0.03910695170406804,57,0.9733280407851409,42,64,largest,0.5
127,group-127,4,0,-0.04904666682017922,0.04091492244226538,53,0.96577631096992,42,64,largest,0.5
128,group-128,3,0,-0.05542054849075184,0.03723764509896806,23,0.9550545788563726,42,64,largest,0.5
129,group-129,3,0,-0.05489013613051685,0.037576481301388756,18,0.9887954902977732,42,64,largest,0.5
130,group-130,1,0,-0.08609963042619251,0.024821146323508955,28,0.9261278495746723,42,64,largest,0.5
131,group-131,0,0,-0.0066556554660822664,0.0688373196383689,44,0.9884016536657052,42,64,largest,0.5
132,group-132,4,0,-0.025612194954037548,0.057854385169714966,33,0.9714050952573893,42,64,largest,0.5
133,group-133,3,0,-0.04058848272211346,0.04790942624136521,13,1.0015219477509232,42,64,largest,0.5
134,group-134,3,0,-0.028886512199975956,0.058318869330824315,18,0.9936752969770504,42,64,largest,0.5
135,group-135,2,0,-0.06100040779393112,0.03468989145634701,10,0.9557461825814292,42,64,largest,0.5
136,group-136,2,0,-0.03609721672690036,0.050658819717773064,22,0.9658392938530905,42,64,largest,0.5
137,group-137,1,0,-0.042234200100791375,0.05298371685122942,6,0.9417980776522749,42,64,largest,0.5
138,group-138,0,0,-0.0506115285365738,0.037610278433457565,11,0.9587855059550214,42,64,largest,0.5
139,group-139,4,0,-0.04575483311147788,0.042970588483455585,2,0.9615666911555891,42,64,largest,0.5
140,group-140,2,0,-0.011972195522620077,0.07258368243801228,34,0.9893546570000032,42,64,largest,0.5
141,group-141,1,0,-0.025018026674116456,0.0708161599989208,59,0.9872580470467955,42,64,largest,0.5
142,group-142,0,0,-0.036018107472154615,0.04606657283066758,9,0.9817723015321524,42,64,largest,0.5
143,group-143,4,0,-0.047000368030176376,0.04218143251654859,2,0.966090236369371,42,64,largest,0.5
144,group-144,3,0,-0.06091582286379005,0.03389584865937326,10,0.9746293365999521,42,64,largest,0.5
145,group-145,2,0,-0.0182441539917112,0.06615983183044333,26,0.9794491630937009,42,64,largest,0.5
146,group-146,1,0,-0.0567366797372717,0.0413394344030089,35,0.9492469655429678,42,64,largest,0.5
147,group-147,0,1,0.0003918464221008833,0.07568421744766408,40,0.9888983394286357,42,64,largest,0.5
148,group-148,4,0,-0.0468138012809689,0.04229875062578511,51,0.9625018500205673,42,64,largest,0.5
149,group-149,3,0,-0.012499010247669529,0.0764910160755789,48,0.9915599710858433,42,64,largest,0.5
150,group-150,1,0,-0.044061571337473904,0.05136136706306131,47,0.9710421291108193,42,64,largest,0.5
151,group-151,0,0,-0.017719021066563756,0.05923780696101866,7,0.9885162270275384,42,64,largest,0.5
152,group-152,4,0,-0.01034744854882208,0.07222770779065414,63,0.9906822052834424,42,64,largest,0.5
153,group-153,3,0,-0.0369025963626024,0.050981963742734115,36,0.9840095607151889,42,64,largest,0.5
154,group-154,2,0,-0.03224261005354212,0.053683987985097846,34,0.9725264743861991,42,64,largest,0.5
155,group-155,1,0,-0.0046489724531026955,0.09898996590220288,47,0.9982588150614513,42,64,largest,0.5
156,group-156,0,0,-0.03179861236320669,0.04883154797546148,18,0.9761980647767995,42,64,largest,0.5
157,group-157,4,0,-0.02790151869780877,0.05594503202733184,63,0.9944693889147816,42,64,largest,0.5
158,group-158,3,0,-0.04471819268311683,0.04467601028493946,17,0.9764052270445944,42,64,largest,0.5
159,group-159,2,0,-0.0611542050509406,0.03460822427130143,17,0.9634084013333886,42,64,largest,0.5
160,group-160,0,0,-0.012731518183674906,0.06339949348497781,56,1.0017365034641381,42,64,largest,0.5
161,group-161,4,0,-0.026649838080242017,0.05698150123471921,51,0.9858324968096173,42,64,largest,0.5
162,group-162,3,0,-0.025978255322354538,0.06121782467826835,63,0.9695990900223668,42,64,largest,0.5
163,group-163,2,0,-0.021243531600138477,0.06327805667453522,54,0.9869146052622713,42,64,largest,0.5
164,group-164,1,0,-0.04065283182196522,0.05442659736369338,25,0.9750574314691103,42,64,largest,0.5
165,group-165,0,0,-0.027430237241774957,0.0518595363570211,32,0.987640385781092,42,64,largest,0.5
166,group-166,4,0,-0.01804193673126475,0.06461195092336106,53,0.9851473864014135,42,64,largest,0.5
167,group-167,3,0,-0.03926108242153892,0.048995132009421155,33,1.0040726558797002,42,64,largest,0.5
168,group-168,2,0,-0.025353310897689774,0.05951921917697605,61,0.9779661798859165,42,64,largest,0.5
169,group-169,1,0,-0.02478827044094467,0.07108808547916541,19,0.9895243296799127,42,64,largest,0.5
170,group-170,4,0,-0.03041776548028796,0.053914876522235186,39,0.9724611095803739,42,64,largest,0.5
171,group-171,3,0,-0.04814644284247871,0.04215086414823954,12,0.9972058777175374,42,64,largest,0.5
172,group-172,2,0,-0.02100480742160793,0.06350306658422823,2,0.9813409315195852,42,64,largest,0.5
173,group-173,1,0,-0.07430389090288125,0.030497591194065896,12,0.9264661557916734,42,64,largest,0.5
174,group-174,0,0,-0.003474054530581916,0.0718543212549351,39,0.9895973050149848,42,64,largest,0.5
175,group-175,4,0,-0.04173971267920795,0.04561158033707432,24,0.9892767703234492,42,64,largest,0.5
176,group-176,3,0,-0.04131054894248998,0.047328467654051576,31,0.9599623486204089,42,64,largest,0.5
177,group-177,2,0,-0.005597882195916504,0.07969721010485724,13,0.986961372403596,42,64,largest,0.5
178,group-178,1,0,-0.04575511671437149,0.04989987559013334,28,0.9726250619275842,42,64,largest,0.5
179,group-179,0,0,-0.02949006524989639,0.05041024002189292,50,0.9737655666630822,42,64,largest,0.5
180,group-180,3,0,-0.04284139407716947,0.046118854354454196,13,0.9846163532420467,42,64,largest,0.5
181,group-181,2,0,-0.031287956056345934,0.05445914328168862,9,0.9838706390760246,42,64,largest,0.5
182,group-182,1,0,-0.049374638192274056,0.04690740522013693,2,0.9557581403487377,42,64,largest,0.5
183,group-183,0,0,-0.012507587822093824,0.06359260181753554,44,0.9713769859237942,42,64,largest,0.5
184,group-184,4,0,-0.05853050884968103,0.03550615830312294,47,0.9505598071199448,42,64,largest,0.5
185,group-185,3,0,-0.075812196146966,0.026230328424402215,10,0.9613660459853401,42,64,largest,0.5
186,group-186,2,0,-0.023156901579026057,0.06150129543595251,15,0.9833660945607869,42,64,largest,0.5
187,group-187,1,0,-0.02836892711076411,0.06695804117052652,47,0.9802872488834256,42,64,largest,0.5
188,group-188,0,0,-0.009098508357824442,0.06660091388924601,32,0.9885699867667344,42,64,largest,0.5
189,group-189,4,0,-0.011262837714413054,0.07128003597243471,54,0.9743978779001814,42,64,largest,0.5
190,group-190,2,0,-0.05918301992456276,0.03566910924036943,46,0.9512491149886982,42,64,largest,0.5
191,group-191,1,0,-0.008365789636331389,0.09319507569362064,0,1.0071767716228348,42,64,largest,0.5
192,group-192,0,0,-0.04675490090326584,0.0396878702053486,56,0.9716191639353212,42,64,largest,0.5
193,group-193,4,0,-0.03611178372313484,0.04957459227296744,9,0.985737133880803,42,64,largest,0.5
194,group-194,3,0,-0.018448396953412605,0.06936037174451813,29,0.9898445690114182,42,64,largest,0.5
195,group-195,2,0,-0.023117949601136,0.06153699704218549,18,0.9786466664879063,42,64,largest,0.5
196,group-196,1,0,-0.039873122088155855,0.055151582973923696,14,0.9780983803806862,42,64,largest,0.5
197,group-197,0,0,-0.005677375286184727,0.06975227983735822,9,0.9748410502200845,42,64,largest,0.5
198,group-198,4,0,-0.029777651919901005,0.0544246458306231,22,0.9711458914499226,42,64,largest,0.5
199,group-199,3,0,-0.045240610038965956,0.04428210354739588,13,0.9896735031175408,42,64,largest,0.5
200,group-200,0,0,-0.05481780693874505,0.035463552575609965,57,0.9554602404426946,42,64,largest,0.5
201,group-201,4,0,-0.07710870771900835,0.026839664811337115,18,0.9388134518433066,42,64,largest,0.5
202,group-202,3,0,-0.0980369371212848,0.01783578242619894,10,0.9292793882767643,42,64,largest,0.5
203,group-203,2,0,-0.05994107452882469,0.03525747062752931,11,0.9446117873509723,42,64,largest,0.5
204,group-204,1,0,-0.0019020005985759258,0.10347680511723177,42,0.994805533965901,42,64,largest,0.5
205,group-205,0,0,-0.028862978172724207,0.050847350256336736,34,0.9767987936504511,42,64,largest,0.5
206,group-206,0,0,-0.06301194962398948,0.031615713812427323,48,0.9401696286018303,42,64,largest,0.5
207,group-207,1,0,-0.005375168056237167,0.09783309991732074,10,0.9949799513172416,42,64,largest,0.5
208,group-208,1,0,-0.01105367414589875,0.0891958979729418,28,0.9943645520891559,42,64,largest,0.5
209,group-209,0,0,-0.003720056344454936,0.07161675974507666,7,0.9947097636284559,42,64,largest,0.5
210,group-210,3,0,-0.010781942121911636,0.0786708691166686,1,0.961563074287591,42,64,largest,0.5
211,group-211,2,0,-0.07378070000879355,0.028501242018764587,56,0.9315020716653128,42,64,largest,0.5
212,group-212,1,0,-0.019373494969272542,0.07778188686032014,22,0.9684791233824461,42,64,largest,0.5
213,group-213,0,0,-0.04418660559568155,0.04113200101947799,56,0.9585300955751678,42,64,largest,0.5
214,group-214,4,0,-0.00946271670393739,0.07315466978976527,22,0.9853821363183677,42,64,largest,0.5
215,group-215,3,0,-0.05157589549663377,0.03976168752651588,29,0.9347081113161348,42,64,largest,0.5
216,group-216,2,0,-0.053010238095787865,0.03919755063340099,35,0.9843785530673052,42,64,largest,0.5
217,group-217,1,0,-0.04591693372114469,0.049762311607250184,28,0.9605581912579142,42,64,largest,0.5
218,group-218,0,0,-0.03615263716914474,0.04598091450316086,36,0.9565287352923834,42,64,largest,0.5
219,group-219,4,0,-0.04771913332970479,0.04173235523757232,15,0.9664302691821302,42,64,largest,0.5
220,group-220,2,0,-0.052366050988194246,0.03958451879428803,37,0.957528709383449,42,64,largest,0.5
221,group-221,1,0,-0.028369480689554916,0.06695742021414419,22,0.9610268597806988,42,64,largest,0.5
222,group-222,0,0,-0.017338132043099308,0.05954638630876667,52,0.9845509117109351,42,64,largest,0.5
223,group-223,4,0,-0.015696717150257555,0.06685034706675429,17,0.995395543250855,42,64,largest,0.5
224,group-224,4,0,-0.1112756267543118,0.01595746371485849,20,0.9099518228151278,42,64,largest,0.5
225,group-225,3,0,-0.056270605347873204,0.03670073265284205,39,0.9633003280970296,42,64,largest,0.5
226,group-226,2,0,-0.024152329970286268,0.060595474264780826,61,0.9884664126249297,42,64,largest,0.5
227,group-227,1,0,-0.06937658693069759,0.03322488726361196,62,0.9393675451918252,42,64,largest,0.5
228,group-228,0,0,-0.040639965671618095,0.04320912581536736,56,0.9820471681044549,42,64,largest,0.5
229,group-229,4,0,-0.04031759026330772,0.046583550992570756,9,0.9652941564264585,42,64,largest,0.5
230,group-230,2,0,-0.023534956419930864,0.06115579187796635,26,0.9804926939791675,42,64,largest,0.5
231,group-231,1,0,-0.024282401210605542,0.07169020320487085,46,0.9678334421645682,42,64,largest,0.5
232,group-232,0,0,-0.04507796302664502,0.04062518757337985,56,0.9688410398834669,42,64,largest,0.5
233,group-233,4,0,-0.03399392146876157,0.05114883762146267,54,0.9728782008355527,42,64,largest,0.5
234,group-234,3,1,0.029758134889944166,0.1491459573996069,37,0.9411784686173629,42,64,largest,0.5
235,group-235,2,0,-0.04162869396717239,0.04659845024581033,32,0.9432059182276679,42,64,largest,0.5
236,group-236,1,0,-0.06794451980260752,0.034060782101751626,25,0.9545102777482338,42,64,largest,0.5
237,group-237,0,1,0.0036496256990574683,0.07905624865498596,40,1.012249023407925,42,64,largest,0.5
238,group-238,1,0,-0.02179937609693605,0.07471442176243459,46,0.973057379099455,42,64,largest,0.5
239,group-239,0,0,-0.01668958804002152,0.060075274537423305,38,0.9983212323317121,42,64,largest,0.5
240,group-240,3,0,-0.055736666965551906,0.03703710227628572,46,0.9761153338286968,42,64,largest,0.5
241,group-241,2,0,-0.0357617267957242,0.05091557476020829,32,0.9629847558175202,42,64,largest,0.5
242,group-242,1,0,-0.07782916492101888,0.028680703410257632,43,0.9511767179601912,42,64,largest,0.5
243,group-243,4,0,-0.0070230682834035996,0.07576779592983222,40,0.9937239213374671,42,64,largest,0.5
244,group-244,3,0,-0.0462994909495571,0.04349383721343612,41,0.952451347919702,42,64,largest,0.5
245,group-245,4,0,-0.017576829751002165,0.06505025382329505,21,0.9893293530421228,42,64,largest,0.5
246,group-246,3,0,-0.04109940658190103,0.04749765204210658,49,0.997338605489712,42,64,largest,0.5
247,group-247,2,0,-0.012185002769425246,0.07235659369405698,9,0.9896882718440538,42,64,largest,0.5
248,group-248,1,0,-0.033298890267113634,0.06163550910184327,8,0.9534502287509995,42,64,largest,0.5
249,group-249,0,0,-0.04419157371595872,0.041129159514347924,12,0.9689225356942929,42,64,largest,0.5
250,group-250,3,0,-0.017212127597613924,0.07078957075715052,22,0.9699369187362148,42,64,largest,0.5
251,group-251,2,1,0.009045656308090066,0.09850055271204906,47,0.9805633119211875,42,64,largest,0.5
252,group-252,1,0,-0.00544210481807661,0.0977270752062508,54,0.9874688730728296,42,64,largest,0.5
253,group-253,0,0,-0.055145232532944344,0.035301488102144146,45,0.9529040544625346,42,64,largest,0.5
254,group-254,4,0,-0.07908323742074708,0.026049569050780496,2,0.9393185442512699,42,64,largest,0.5
255,group-254,4,0,-0.07908323742074708,0.026049569050780496,2,0.9393185442512699,42,64,largest,0.5
256,group-255,4,0,-0.042364446990934335,0.045190727982015705,5,0.9704625530166415,42,64,largest,0.5
257,group-256,3,0,-0.055746453266848905,0.03703091053254541,55,0.9953923653227054,42,64,largest,0.5
258,group-257,2,0,-0.003544524502304691,0.0821211027519394,19,0.9813936578931186,42,64,largest,0.5
259,group-258,1,0,-0.04903549280094943,0.04718039133838329,12,0.947166833928154,42,64,largest,0.5
260,group-259,0,0,-0.01622466943220946,0.060457118769570155,35,0.9776229319435376,42,64,largest,0.5
261,group-260,3,0,-0.03171332303643282,0.05562492593675713,11,0.9706554277352111,42,64,largest,0.5
262,group-261,2,0,-0.0427911158415325,0.04578542731746276,45,0.9610266325036897,42,64,largest,0.5
263,group-262,1,0,-0.018893959411431016,0.0784017438591405,3,0.9851366592868911,42,64,largest,0.5
264,group-263,0,0,-0.04482077820064889,0.0407708023005636,13,0.9837398443534497,42,64,largest,0.5
265,group-264,4,0,-0.054635540760483714,0.03763875160802896,20,0.9533128196377756,42,64,largest,0.5
266,group-265,3,0,-0.034040773065220464,0.05349521905571022,29,0.9857997102456727,42,64,largest,0.5
267,group-266,2,0,-0.045276498553841193,0.04409218369620819,45,0.9549739036277824,42,64,largest,0.5
268,group-267,1,0,-0.06876476639428908,0.033579554318792205,13,0.9444880391581806,42,64,largest,0.5
269,group-268,0,0,-0.03847804657323506,0.04452402547461651,7,0.9844875977283416,42,64,largest,0.5
270,group-269,4,0,-0.023465887422777443,0.059699862586054295,19,0.9866887012258408,42,64,largest,0.5
271,group-270,2,0,-0.023703410323718477,0.061002427287134176,26,0.9821283982554424,42,64,largest,0.5
272,group-271,2,0,-0.004176906600716235,0.08136753815334946,25,0.9945329764308763,42,64,largest,0.5
273,group-272,1,0,-0.019897883856467402,0.07710919064392455,6,0.9735439904220501,42,64,largest,0.5
274,group-273,0,0,-0.022904192578994897,0.05518351242538377,26,0.9836467480365579,42,64,largest,0.5
275,group-274,4,0,-0.037945906338065716,0.048248466273738216,58,0.9651151192713808,42,64,largest,0.5
276,group-275,3,0,-0.009530835287099193,0.08029480347872321,9,0.9507522605240066,42,64,largest,0.5
277,group-276,2,0,-0.04996476465178745,0.04105950419862888,33,0.9482017976861538,42,64,largest,0.5
278,group-277,1,0,-0.11212520440515739,0.015700960444551874,30,0.9199790866406846,42,64,largest,0.5
279,group-278,0,0,-0.025090173832711393,0.053553773385820826,33,0.9759609384516694,42,64,largest,0.5
280,group-279,4,0,-0.04457432276927009,0.04373154719124432,10,0.9616838211372034,42,64,largest,0.5
281,group-280,2,0,-0.04021393755077818,0.0476064914873784,7,0.9816570769503186,42,64,largest,0.5
282,group-281,1,0,-0.05888650720868105,0.03983650669308195,29,0.9619749892523779,42,64,largest,0.5
283,group-282,0,0,-0.05914339670104962,0.03337922860462127,9,0.9535793473182451,42,64,largest,0.5
284,group-283,4,0,-0.015704741672089906,0.06684256669697473,51,0.9987129794294907,42,64,largest,0.5
285,group-284,3,0,-0.02394209065398234,0.06332708088574633,2,0.9683971343093467,42,64,largest,0.5
286,group-285,2,0,-0.02487737000951229,0.05994357330949792,6,0.9724138259464081,42,64,largest,0.5
287,group-286,1,0,-0.03721571175450877,0.05769133532133588,43,0.9708053693081587,42,64,largest,0.5
288,group-287,0,0,-0.024367630797792583,0.05408737139917444,1,0.9726413413536034,42,64,largest,0.5
289,group-288,4,0,-0.02458362402234815,0.05873201158136412,5,0.9756546081665586,42,64,largest,0.5
290,group-289,4,0,-0.007493276983643993,0.07525757346863554,5,0.998885903465043,42,64,largest,0.5
291,group-290,2,0,-0.02881124280765257,0.05651962063341995,13,0.9731817430587639,42,64,largest,0.5
292,group-291,1,0,-0.03003200812015905,0.06511648349779904,16,0.9797402052119,42,64,largest,0.5
293,group-292,0,0,-0.008439433604583324,0.0671975557533651,22,0.9955640402569331,42,64,largest,0.5
294,group-293,4,0,-0.0640860940122987,0.03266468460788065,54,0.9493324907683982,42,64,largest,0.5
295,group-294,3,0,-0.06612767149763488,0.030995011333276597,23,0.966129502479524,42,64,largest,0.5
296,group-295,2,0,-0.030475718015648523,0.05512695363690547,13,0.9736460825015749,42,64,largest,0.5
297,group-296,1,0,-0.06761605799384351,0.03425534618008822,12,0.9428201637724486,42,64,largest,0.5
298,group-297,0,0,-0.07112120511012932,0.028206900564665214,47,0.9369671094634173,42,64,largest,0.5
299,group-298,4,0,-0.027724896524885856,0.056090204105697275,32,0.9868271156257119,42,64,largest,0.5
300,group-299,3,0,-0.0676728894615406,0.030182152390644073,14,0.955230120133943,42,64,largest,0.5
301,group-300,0,0,-0.03369439603255775,0.04757030749628585,39,0.960820626987378,42,64,largest,0.5
302,group-301,4,0,-0.023876807750277673,0.059342321527653896,39,0.9833552867446785,42,64,largest,0.5
303,group-302,3,0,-0.09880409437582949,0.01759892006499179,45,0.9488193964268452,42,64,largest,0.5
304,group-303,2,0,-0.037292968308148655,0.04975363083215987,18,0.9694332560206005,42,64,largest,0.5
305,group-304,1,0,-0.03077847856907323,0.06430531659977154,6,0.9807894111051492,42,64,largest,0.5
306,group-305,0,0,-0.04435721289135597,0.041034530047663886,12,0.9525765929868303,42,64,largest,0.5
307,group-306,4,0,-0.04155348303234818,0.04573775436718585,2,0.962532712724261,42,64,largest,0.5
308,group-307,3,0,-0.005954087135916386,0.08510741448564106,29,0.9824465884030683,42,64,largest,0.5
309,group-308,2,0,-0.03262261102040187,0.05337834169250415,33,0.9706281897470276,42,64,largest,0.5
310,group-309,1,0,-0.01704112389757806,0.08083942834702494,47,0.9952729670197826,42,64,largest,0.5
311,group-310,4,0,-0.02324198492012164,0.059895527931505814,53,0.9918813753415882,42,64,largest,0.5
312,group-311,3,0,-0.045973208121102394,0.04373529455176703,63,1.00754716164342,42,64,largest,0.5
313,group-312,2,0,-0.06599522514543377,0.032130379439160674,32,0.9472891743727078,42,64,largest,0.5
314,group-313,1,0,-0.05522093539565187,0.042431535781059085,63,0.9509065289179628,42,64,largest,0.5
315,group-314,0,0,-0.018495811549865904,0.058613124731227186,32,1.005504894793719,42,64,largest,0.5
316,group-315,4,0,-0.06308591770911998,0.03315949594552137,34,0.9405950329365947,42,64,largest,0.5
317,group-316,3,0,-0.036839351927302255,0.05103627813219313,2,0.9713088335791535,42,64,largest,0.5
318,group-317,2,0,-0.024602784674755074,0.06018968351735536,9,0.9919379374997098,42,64,largest,0.5
319,group-318,1,0,-0.10198833963686049,0.018776339384262906,29,0.9038105350353426,42,64,largest,0.5
320,group-319,0,0,-0.035115877038224164,0.04664498095305846,20,0.9529107564218379,42,64,largest,0.5
321,group-320,3,0,-0.045417642866885655,0.04414937235614028,3,0.948585442716033,42,64,largest,0.5
322,group-321,2,0,-0.04295795385405121,0.04566985110761708,45,0.9835625056178203,42,64,largest,0.5
323,group-322,1,0,-0.04454642034124334,0.05093886590149607,43,0.9583117916772512,42,64,largest,0.5
324,group-323,0,0,-0.015997914407702707,0.06064417871536999,38,0.988812086758833,42,64,largest,0.5
325,group-324,4,0,-0.040197189336263484,0.046666739471851765,2,0.9743415524988909,42,64,largest,0.5
326,group-325,3,0,-0.02531118556038181,0.06190150443243681,25,0.9897702535639126,42,64,largest,0.5
327,group-326,2,1,0.0031532336134539873,0.0905003103996918,47,0.9909998931423066,42,64,largest,0.5
328,group-327,1,0,-0.058835137721191866,0.039871800264646325,12,0.9451386915267282,42,64,largest,0.5
329,group-328,4,0,-0.06500533057719393,0.03221621322921078,20,0.9605967895230071,42,64,largest,0.5
330,group-329,4,0,-0.07932409889816994,0.025954752558671794,16,0.9204241985521763,42,64,largest,0.5
331,group-330,2,0,-0.000397351533292567,0.08596661626940681,16,0.9819154746531349,42,64,largest,0.5
332,group-331,1,0,-0.046380890688295984,0.049369881976182,43,0.9716222170844754,42,64,largest,0.5
333,group-332,0,0,-0.03364433639013331,0.047603210179440726,20,0.9804392844791934,42,64,largest,0.5
334,group-333,4,0,-0.026523640978625473,0.05708699589566111,0,0.9727382376565865,42,64,largest,0.5
335,group-334,3,0,-0.025681483984317244,0.06152110965574774,36,0.9775399182178574,42,64,largest,0.5
336,group-335,2,0,-0.0060285910534115805,0.07919713850754974,29,0.988474915104896,42,64,largest,0.5
337,group-336,1,0,-0.05496188467717311,0.04262092160924663,29,0.9717661012390812,42,64,largest,0.5
338,group-337,0,0,-0.07403539525989389,0.02707125823870499,5,0.9199106234640876,42,64,largest,0.5
339,group-338,4,0,-0.03934197933578143,0.04726170685132932,4,0.9775272193647484,42,64,largest,0.5
340,group-339,3,0,-0.01421975923321861,0.07436219311696086,3,0.9185077001770291,42,64,largest,0.5
341,group-340,1,0,-0.008110085432026737,0.09358379439116926,13,0.9915650071188687,42,64,largest,0.5
342,group-341,0,0,-0.03273284965606793,0.04820609600648078,50,0.9689949956244457,42,64,largest,0.5
343,group-342,4,0,-0.029713342195945014,0.054476110763999455,17,0.9760667800664193,42,64,largest,0.5
344,group-343,3,0,-0.01942081496436454,0.0682550125984122,29,0.9830901824669901,42,64,largest,0.5
345,group-344,2,0,-0.02976382682190304,0.05571859426420323,9,0.9824653027570954,42,64,largest,0.5
346,group-345,1,0,-0.06148848028363252,0.03808748950129242,6,0.9349444700949615,42,64,largest,0.5
347,group-346,1,0,-0.04347884421738568,0.05187354587653712,3,0.9535947040842693,42,64,largest,0.5
348,group-347,2,0,-0.014367813717381384,0.07006484812344714,54,0.978590612913736,42,64,largest,0.5
349,group-348,1,0,-0.05607333171502571,0.041814030573438285,27,0.9585009274732463,42,64,largest,0.5
350,group-349,0,0,-0.007560953383248137,0.06800053168055663,7,0.9919145913930173,42,64,largest,0.5
351,group-350,4,0,-0.036437536574683516,0.04933656610107507,47,0.9799788234049541,42,64,largest,0.5
352,group-351,3,0,-0.06578029188142531,0.031180646661645925,1,0.9281706891368992,42,64,largest,0.5
353,group-352,2,0,-0.08102717449352637,0.025482949393360533,6,0.9390987318057776,42,64,largest,0.5
354,group-353,1,0,-0.006587600363193058,0.09592848483033084,2,0.9900859772486142,42,64,largest,0.5
355,group-354,0,0,-0.007845461266292375,0.0677395077679759,27,1.0044173062958721,42,64,largest,0.5
356,group-355,4,0,-0.038401652574569844,0.047924208529386135,54,0.974471625656351,42,64,largest,0.5
357,group-356,3,0,-0.05828276622919315,0.0354593318168488,12,0.9639209718755966,42,64,largest,0.5
358,group-357,2,0,-0.09569644467596028,0.020296295100215526,57,0.8997365649968524,42,64,largest,0.5
359,group-358,1,0,-0.050259915998043025,0.04620188399960003,3,0.9586914054674878,42,64,largest,0.5
360,group-359,0,0,-0.04757907559923624,0.03923483334937776,38,0.9848835988010065,42,64,largest,0.5
361,group-360,3,0,-0.052671240514801876,0.03902633252947824,4,0.9952015367037438,42,64,largest,0.5
362,group-361,2,0,-0.018955342012504373,0.06546569154271752,3,0.9870963291531567,42,64,largest,0.5
363,group-362,1,0,-0.07610518938847688,0.02955570719854427,13,0.9319145528531235,42,64,largest,0.5
364,group-363,0,0,-0.07424482049916137,0.02699138029911503,2,0.925362414642789,42,64,largest,0.5
365,group-364,4,0,-0.1348625701386561,0.011114073963603179,43,0.8918630655551198,42,64,largest,0.5
366,group-365,3,0,-0.04443210720461177,0.044893134121189164,31,0.9931028872739344,42,64,largest,0.5
367,group-366,2,0,-0.020560112081903337,0.06392420486459696,19,0.9868774506115175,42,64,largest,0.5
368,group-367,1,0,-0.05468445109341091,0.04282464228092474,36,0.9556968212602056,42,64,largest,0.5
369,group-368,0,0,-0.009371488279777629,0.06635523647045156,63,0.9904839154026613,42,64,largest,0.5
370,group-369,4,0,-0.03366215377206039,0.05139969274500151,55,0.9658443084513856,42,64,largest,0.5
371,group-370,2,0,-0.040926334123558505,0.047096331945430496,18,0.9605206306904489,42,64,largest,0.5
372,group-371,1,0,-0.04790063709636749,0.048104883022164674,62,0.9589552580308172,42,64,largest,0.5
373,group-372,0,0,-0.05890005394692266,0.03349327936033872,55,0.940035521828355,42,64,largest,0.5
374,group-373,4,0,-0.054278166925801785,0.03784047738519002,20,0.9639204312832582,42,64,largest,0.5
375,group-374,3,0,-0.03840083431097241,0.04971116545494275,48,0.9746521708836607,42,64,largest,0.5
376,group-375,2,0,-0.060428076584628454,0.03499543756210648,42,0.9457538685909338,42,64,largest,0.5
377,group-376,1,0,-0.04949693649678599,0.046809333339858115,36,0.9594800504805004,42,64,largest,0.5
378,group-377,0,0,-0.06911063460487243,0.029017236509769923,48,0.9490673085548111,42,64,largest,0.5
379,group-378,4,0,-0.032220139776400814,0.05250360197642933,34,0.9795323886541705,42,64,largest,0.5
380,group-379,3,0,-0.051101406544396655,0.04008434071499397,3,0.9537699880045671,42,64,largest,0.5
381,group-380,1,0,-0.051320525599127365,0.04536992602677531,19,0.9437268899834025,42,64,largest,0.5
382,group-381,0,0,-0.024584733292968397,0.05392651657101892,7,0.9769280730636322,42,64,largest,0.5
383,group-382,4,0,-0.023211998661717415,0.05992177806136897,63,0.9801665283118943,42,64,largest,0.5
384,group-383,3,0,-0.06554138841808788,0.0313089376908773,6,0.9380458075882873,42,64,largest,0.5
385,group-384,2,0,-0.05447956317315383,0.03832844854718806,41,0.9414638816533198,42,64,largest,0.5
386,group-385,2,0,-0.029647712466210452,0.05581565995209872,10,0.9696117507701093,42,64,largest,0.5
387,group-386,1,0,-0.02792261946927188,0.06746041289236492,57,0.9802873097016047,42,64,largest,0.5
388,group-387,0,0,-0.0286493008245593,0.050997111503743836,62,0.9881337189048637,42,64,largest,0.5
389,group-388,4,0,-0.0736294894013555,0.028288909104184665,62,0.9299274322104137,42,64,largest,0.5
390,group-389,3,0,-0.04549969987872515,0.04408797851346114,46,0.9919935257477281,42,64,largest,0.5
391,group-390,1,0,-0.09369948471107903,0.021723908792845848,43,0.922656310922328,42,64,largest,0.5
392,group-391,0,0,-0.023937106436221933,0.05440769286632483,11,0.9715334086785192,42,64,largest,0.5
393,group-392,4,0,-0.054576356564896455,0.037672087600674205,33,0.9621800867159156,42,64,largest,0.5
394,group-393,3,0,-0.030405739913560437,0.05685617682992464,22,0.9816797658961924,42,64,largest,0.5
395,group-394,2,0,-0.03302339980486446,0.053057754797583054,9,0.9855215390024655,42,64,largest,0.5
396,group-395,1,0,-0.0413533004105634,0.053782958768622255,15,0.9606713714686251,42,64,largest,0.5
397,group-396,0,0,-0.04924679148490074,0.03833324290201585,45,0.9689203091266058,42,64,largest,0.5
398,group-397,4,0,-0.043627138573089974,0.04435138488721962,54,0.9618902584242652,42,64,largest,0.5
399,group-398,3,0,-0.017063468893395273,0.07096325006753737,18,0.9959579180187048,42,64,largest,0.5
400,group-399,2,0,-0.03280872343951824,0.053229245560325045,19,0.9877039192607262,42,64,largest,0.5
401,group-400,4,0,-0.01707848928892619,0.06552294387664669,19,0.9900939080069582,42,64,largest,0.5
402,group-401,3,0,-0.013724923238389364,0.07496873438478675,11,0.9707330347996784,42,64,largest,0.5
403,group-402,2,0,-0.04321673814976057,0.04549112902325292,28,0.9830324944060918,42,64,largest,0.5
404,group-403,1,0,-0.016421407581802883,0.0816700684941869,3,0.9927217045933251,42,64,largest,0.5
405,group-404,0,0,-0.02770020861140665,0.051667364766402775,19,0.9886592184116922,42,64,largest,0.5
406,group-405,4,0,-0.03598195380881841,0.049669761452079866,2,0.9640176807179723,42,64,largest,0.5
407,group-406,3,0,-0.05572992002714461,0.03704137161008922,40,1.0148700956382914,42,64,largest,0.5
408,group-407,2,0,-0.031257097788900845,0.05448437460165308,3,0.9805863376823689,42,64,largest,0.5
409,group-408,1,0,-0.060781758027127375,0.038555109870214245,28,0.9570651215755631,42,64,largest,0.5
410,group-409,0,0,-0.07344199450660382,0.027298840299083336,48,0.9292260175954636,42,64,largest,0.5
411,group-410,3,0,-0.046686507300297,0.04320908525672003,17,0.9697387056657788,42,64,largest,0.5
412,group-411,2,0,-0.05214741725298622,0.03971668437646951,25,0.9597844908020662,42,64,largest,0.5
413,group-412,1,0,-0.045412300483568147,0.05019250185652146,47,0.9688324518867352,42,64,largest,0.5
414,group-413,0,0,-0.08501563330818995,0.023178581932188913,21,0.9198781070212529,42,64,largest,0.5
415,group-414,4,0,-0.034636974370534146,0.0506659095230575,52,0.9822465228008268,42,64,largest,0.5
416,group-415,3,0,-0.08287088889088912,0.02321454313852439,45,0.9229172130625245,42,64,largest,0.5
417,group-416,2,0,-0.01811372161711655,0.0662878775429793,4,0.989132712787252,42,64,largest,0.5
418,group-417,1,0,-0.013390319182992272,0.0858457933440561,4,0.9954263227925315,42,64,largest,0.5
419,group-418,0,0,-0.025787709783659407,0.053043357659042466,15,0.9664012105028901,42,64,largest,0.5
420,group-419,4,0,-0.05416505380040637,0.037904542142618014,21,0.9468460688227254,42,64,largest,0.5
421,group-420,2,0,-0.0303108048990689,0.05526348142609425,28,0.9789093261085074,42,64,largest,0.5
422,group-421,1,0,-0.030347871300553497,0.06477208908582506,59,0.9699947151405762,42,64,largest,0.5
423,group-422,0,0,-0.02217115390264024,0.05574040333830973,15,0.9922524568123626,42,64,largest,0.5
424,group-423,4,0,-0.059528414943597174,0.034978787624094766,34,0.9455355625803544,42,64,largest,0.5
425,group-424,3,0,-0.0657157779827392,0.031215240361131335,17,0.9694003931912899,42,64,largest,0.5
426,group-425,2,0,-0.07771520342564842,0.026821757938861553,11,0.9235109515096104,42,64,largest,0.5
427,group-426,1,0,-0.006966980291038927,0.0953393578109532,23,0.9925843211094912,42,64,largest,0.5
428,group-427,0,0,-0.05673031143175011,0.03452696553677906,29,0.9563642307071241,42,64,largest,0.5
429,group-428,4,1,0.0025039507779665016,0.0868112385544977,35,0.9987228929920369,42,64,largest,0.5
430,group-429,3,0,-0.06179236077903061,0.03339028170745595,41,0.9896630967866359,42,64,largest,0.5
431,group-430,1,0,-0.029942711914892173,0.06521415410212177,59,0.9797440339760332,42,64,largest,0.5
432,group-431,0,0,-0.04669458248214542,0.039721222605327414,20,0.9756835590049331,42,64,largest,0.5
433,group-432,0,0,-0.02867907773065148,0.05097621659315623,15,0.9800762022861499,42,64,largest,0.5
434,group-433,4,0,-0.060298895167166355,0.034576778780631756,37,0.9494017287799259,42,64,largest,0.5
435,group-434,3,0,-0.043053359129527013,0.04595370433164353,6,0.9504901485233783,42,64,largest,0.5
436,group-435,2,0,-0.0067737061243287044,0.07833879605982494,18,1.0108656077414333,42,64,largest,0.5
437,group-436,1,1,8.776547032152138e-05,0.1068383240981142,7,1.0019272179507293,42,64,largest,0.5
438,group-437,0,0,-0.0023637568265245656,0.07293559437656229,58,0.9973594659186312,42,64,largest,0.5
439,group-438,4,0,-0.024516357288992152,0.05878983961892811,32,0.9902570064684817,42,64,largest,0.5
440,group-439,3,0,-0.044121525925827965,0.04512998731591289,18,0.9967256705278712,42,64,largest,0.5
441,group-440,1,0,-0.04272898036500761,0.05253973239190285,36,0.9703575840018429,42,64,largest,0.5
442,group-441,0,0,-0.01834529342459168,0.058733684474189585,58,0.9906684358939096,42,64,largest,0.5
443,group-442,4,0,-0.036082975972331566,0.04959569427729562,0,0.9654202782986692,42,64,largest,0.5
444,group-443,3,0,-0.06544478835509171,0.031360956769621764,17,0.9516917896289894,42,64,largest,0.5
445,group-444,2,0,-0.057414115377372954,0.03664773468654707,13,0.9547878239901922,42,64,largest,0.5
446,group-445,1,0,-0.04935800264278822,0.0469207604706252,31,0.9553347477476559,42,64,largest,0.5
447,group-446,0,0,-0.01852913476284035,0.05858646539784152,52,0.9830257467343236,42,64,largest,0.5
448,group-447,4,0,-0.05264360545771751,0.03877644441451213,20,0.9541650069156586,42,64,largest,0.5
449,group-448,3,0,-0.052655091806369514,0.03903707853656695,46,0.9883496723316412,42,64,largest,0.5
450,group-449,2,0,-0.036125842474166614,0.0506369688809463,39,0.9487574549533866,42,64,largest,0.5
451,group-450,0,0,-0.053782583509513704,0.0359806807585902,34,0.9591630109157824,42,64,largest,0.5
452,group-451,4,0,-0.06551121824981965,0.031971949078278473,28,0.9475641757502906,42,64,largest,0.5
453,group-452,3,0,-0.028519764301373374,0.05867722285956361,27,0.991623573709928,42,64,largest,0.5
454,group-453,2,0,-0.04320978604930592,0.04549592157757691,23,0.9638981821721753,42,64,largest,0.5
455,group-454,1,0,-0.012060895441444064,0.08773759384904435,31,0.9857663007065073,42,64,largest,0.5
456,group-455,0,0,-0.02176003131236437,0.05605504444809419,0,0.9913872899387143,42,64,largest,0.5
457,group-456,4,0,-0.013226315868837046,0.06928592420700834,32,0.9749041426825956,42,64,largest,0.5
458,group-457,3,0,-0.09291377847298654,0.019499756732079394,6,0.9291726606781947,42,64,largest,0.5
459,group-458,2,0,-0.01433000886629232,0.07010396237098125,35,0.9946839334124806,42,64,largest,0.5
460,group-459,1,0,-0.11960700308410177,0.013754466058975732,46,0.9110819390016228,42,64,largest,0.5
461,group-460,4,0,-0.01509189715385717,0.06743919011194509,55,0.9888463828560667,42,64,largest,0.5
462,group-461,3,0,-0.07143195653569412,0.028290032968570522,53,0.9727792367693547,42,64,largest,0.5
463,group-462,2,0,-0.04210475055305074,0.04626383881888815,31,0.9657696398176783,42,64,largest,0.5
464,group-463,1,0,-0.020482289272256482,0.07636578904382578,59,0.9793533805105344,42,64,largest,0.5
465,group-464,0,0,-0.05362664973079767,0.0360592012706452,2,0.9431871604304994,42,64,largest,0.5
466,group-465,4,0,-0.00370334431293029,0.07946123813288906,54,0.9855153152347468,42,64,largest,0.5
467,group-466,3,0,-0.012957875590902113,0.07591792661625046,11,0.9640044086642954,42,64,largest,0.5
468,group-467,2,0,-0.02704775332238951,0.05803117790046605,10,0.9692793536232023,42,64,largest,0.5
469,group-468,1,0,-0.04946230434402343,0.04683708530364703,43,0.9566245494498704,42,64,largest,0.5
470,group-469,0,0,-0.0381717265647864,0.04471339082047497,30,0.9830025298606598,42,64,largest,0.5
471,group-470,3,0,-0.006909107735196152,0.08379738692714676,40,0.9925098890298684,42,64,largest,0.5
472,group-471,2,0,-0.00791125908209378,0.07704479058715583,50,1.009437353229645,42,64,largest,0.5
473,group-472,1,1,0.005033026266850205,0.1156116098453766,7,0.9860661124311799,42,64,largest,0.5
474,group-473,0,0,-0.04157996832662181,0.04264904464189047,39,0.9918588257290561,42,64,largest,0.5
475,group-474,4,0,-0.034922918296995564,0.0504525567992956,37,0.9755439110468936,42,64,largest,0.5
476,group-475,3,0,-0.04049933134482053,0.047981623481972796,18,0.9769806308375113,42,64,largest,0.5
477,group-476,2,0,-0.07935836892922743,0.02614919742280207,46,0.9477184327293637,42,64,largest,0.5
478,group-477,1,0,-0.058927801248942924,0.03980815720274029,12,0.9308172923908478,42,64,largest,0.5
479,group-478,0,0,-0.03866810350089611,0.04440691795253918,21,0.9644898309965874,42,64,largest,0.5
480,group-479,4,0,-0.01914620905043718,0.06358230861976125,18,0.9753765922035167,42,64,largest,0.5
481,group-480,2,0,-0.044224620006533155,0.04480139327090403,13,0.96333777409849,42,64,largest,0.5
482,group-481,1,0,-0.06684275308443566,0.034717654350725984,43,0.9428834853960127,42,64,largest,0.5
483,group-482,0,0,-0.027345688398840884,0.05191985890342875,44,0.985849360131318,42,64,largest,0.5
484,group-483,4,0,-0.017899825118556367,0.06474558016797846,9,0.9868767847552432,42,64,largest,0.5
485,group-484,3,0,-0.06612924623653327,0.030994172253176275,18,0.9985222296827725,42,64,largest,0.5
486,group-485,2,0,-0.03309494103160826,0.05300072119100009,18,0.980526954586879,42,64,largest,0.5
487,group-486,1,0,-0.02098698019344858,0.07572908587246745,59,0.9765724889753622,42,64,largest,0.5
488,group-487,0,0,-0.02828705305324941,0.0512519561331694,17,0.9598111241327963,42,64,largest,0.5
489,group-488,4,0,-0.037345159619085355,0.048679072973315377,9,0.9634507243846225,42,64,largest,0.5
490,group-489,3,0,-0.10516364172224313,0.01575079854061832,45,0.9220600817163703,42,64,largest,0.5
491,group-490,1,0,-0.018176117597993424,0.07933808909423067,62,0.9888416261384688,42,64,largest,0.5
492,group-491,0,0,-0.02336040582066634,0.05483957540485846,34,0.9788922643018351,42,64,largest,0.5
493,group-492,4,1,0.0017777154923899197,0.08592052528775213,35,0.9914254295839556,42,64,largest,0.5
494,group-493,3,0,-0.015473757698820645,0.07284527497875448,29,0.9326116872282847,42,64,largest,0.5
495,group-494,2,0,-0.03436552528289827,0.05199738930153402,50,0.957530520686347,42,64,largest,0.5
496,group-495,1,0,-0.0501560621385555,0.04628412453263084,11,0.9445830721204846,42,64,largest,0.5
497,group-496,0,0,-0.03256473473098953,0.048318081458466604,4,0.9692087090967781,42,64,largest,0.5
498,group-497,4,0,-0.01808668394070989,0.0645699277651119,53,0.9887366384974992,42,64,largest,0.5
499,group-498,3,0,-0.04100758827468265,0.04757140345889829,22,0.9833206990794076,42,64,largest,0.5
500,group-499,2,0,-0.09581023693282475,0.020260405347999444,10,0.9251988078294452,42,64,largest,0.5
501,group-500,4,0,-0.06717198255611623,0.031182588899483357,34,0.9406064112191496,42,64,largest,0.5
502,group-501,3,0,-0.006245183177617797,0.08470615433384447,3,0.971666020210237,42,64,largest,0.5
503,group-502,2,0,-0.08959199306953514,0.022315583513560572,13,0.9139610365531906,42,64,largest,0.5
504,group-503,1,0,-0.018253636847310184,0.07923648369057933,15,0.9755964868542769,42,64,largest,0.5
505,group-504,0,0,-0.013817009765995425,0.06247113631243158,12,0.982909520706714,42,64,largest,0.5
506,group-505,4,0,-0.05511659048623285,0.03736884592783801,54,0.945436403596769,42,64,largest,0.5
507,group-506,3,0,-0.06449073015803375,0.03187922799813539,41,0.9599293014649353,42,64,largest,0.5
508,group-507,2,0,-0.03864555136936321,0.048748199630169395,48,0.9765926973434865,42,64,largest,0.5
509,group-508,1,0,-0.018019774975980618,0.07954337151456144,53,0.991085726724141,42,64,largest,0.5
510,group-509,0,0,-0.08898552483998168,0.021910244980493526,2,0.9355835475375339,42,64,largest,0.5
511,group-510,3,0,-0.03642056834985441,0.05139731377093583,42,0.9887125342849443,42,64,largest,0.5
512,group-511,2,0,-0.022223728448166558,0.06236194258358802,4,0.9829554846862865,42,64,largest,0.5
513,group-512,1,0,-0.01604253892286389,0.0821817101506576,16,0.9913668840982265,42,64,largest,0.5
514,group-513,0,0,-0.03390975626801407,0.047429004017486814,3,0.9703770793413969,42,64,largest,0.5
515,group-514,4,0,-0.022791705053089473,0.0602908405216267,23,0.9820234731373441,42,64,largest,0.5
516,group-515,3,0,-0.02556527670679909,0.061640249591614356,9,0.9794293566461802,42,64,largest,0.5
517,group-516,2,0,-0.02650638664339633,0.058502765169192845,9,0.9783724291746545,42,64,largest,0.5
518,group-517,1,0,-0.06637052685818667,0.03500291936639875,44,0.9387109447948989,42,64,largest,0.5
519,group-518,0,0,-0.022887725841230333,0.05519596452376977,54,0.9804721382940182,42,64,largest,0.5
520,group-519,4,0,-0.009174331779918887,0.07345918042704326,38,0.9956213720860352,42,64,largest,0.5
521,group-520,2,0,-0.03258488313673835,0.05340861380094665,26,0.9633515671887508,42,64,largest,0.5
522,group-521,1,0,-0.03527244905243909,0.05961763858936649,14,0.9871813358263385,42,64,largest,0.5
523,group-522,0,0,-0.05413860278992377,0.03580202357213246,56,0.9597866054354012,42,64,largest,0.5
524,group-523,4,0,-0.03291951109636315,0.05196544093303332,28,0.97135756385845,42,64,largest,0.5
525,group-524,3,0,-0.0534008690901171,0.03854375842136294,6,0.9469398941545322,42,64,largest,0.5
526,group-525,3,0,-0.04900303188790356,0.04154155283122224,18,1.00247973851229,42,64,largest,0.5
527,group-526,2,0,-0.01270192821684546,0.07180770314643659,20,1.003854308056316,42,64,largest,0.5
528,group-527,1,0,-0.04263498832374235,0.052623803645624474,12,0.9590772318106572,42,64,largest,0.5
529,group-528,0,0,-0.02003047366895494,0.05739709380385528,42,0.9843836110778248,42,64,largest,0.5
530,group-529,4,0,-0.02080599758206292,0.06206343386915234,30,0.9912498150505991,42,64,largest,0.5
531,group-530,2,0,-0.08131035929611785,0.025371544208158733,11,0.9420839861150668,42,64,largest,0.5
532,group-531,2,0,-0.036700798218046504,0.05019997404641099,46,0.9764222136755865,42,64,largest,0.5
533,group-532,1,0,-0.03098630607784192,0.06408115682603531,31,0.9742273336462963,42,64,largest,0.5
534,group-533,0,0,-0.06207953816823919,0.032032336623339513,55,0.9414668683948214,42,64,largest,0.5
535,group-534,4,0,-0.008127950721532717,0.07457389540187387,31,0.9768769638892808,42,64,largest,0.5
536,group-535,3,0,-0.0414973065650609,0.04717929973455917,46,0.9976156570581728,42,64,largest,0.5
537,group-536,2,0,-0.04227146807646298,0.046147197555134974,13,0.9570447292590912,42,64,largest,0.5
538,group-537,1,0,-0.05643682904040703,0.04155332256419307,59,0.9651781887270418,42,64,largest,0.5
539,group-538,0,0,-0.01761547777325667,0.05932154451887024,9,0.997943930654291,42,64,largest,0.5
540,group-539,0,0,-0.04944156380520326,0.03822925251652766,57,0.9679313479859517,42,64,largest,0.5
541,group-540,3,0,-0.090689749304951,0.020268631419608284,45,0.9728346816380014,42,64,largest,0.5
542,group-541,2,0,-0.06696072475742831,0.03165712406238327,13,0.944374068524927,42,64,largest,0.5
543,group-542,1,0,-0.041948276722983846,0.0532418988548563,46,0.9583045519501373,42,64,largest,0.5
544,group-543,0,0,-0.04043354489514994,0.043333054515898285,3,0.9672707652902363,42,64,largest,0.5
545,group-544,4,0,-0.039381233689970485,0.04723424053184111,39,0.9718031911303108,42,64,largest,0.5
546,group-545,3,0,-0.04472662532876548,0.044669625561680484,19,0.9965942005107038,42,64,largest,0.5
547,group-546,2,0,-0.018605424169220508,0.06580637112763506,54,0.9899829203486651,42,64,largest,0.5
548,group-547,1,1,0.000559922994821993,0.10764997820194291,7,0.9915553392692095,42,64,largest,0.5
549,group-548,0,0,-0.046546743761385234,0.039803082049476475,63,0.9711524051660508,42,64,largest,0.5
550,group-549,4,0,-0.0426221856781448,0.04501818234269095,36,0.970198835635399,42,64,largest,0.5
551,group-550,2,0,-0.026641751530255053,0.05838451221755935,35,0.9958933878317606,42,64,largest,0.5
552,group-551,1,0,-0.013106260053813656,0.08624688554316816,59,0.9755635148085857,42,64,largest,0.5
553,group-552,0,0,-0.022444113404198274,0.05553242020178246,32,0.988257135090541,42,64,largest,0.5
554,group-553,4,0,-0.03852570842454339,0.04783630329421257,18,0.9752040048789987,42,64,largest,0.5
555,group-554,3,0,-0.07190493661119346,0.028060271329615867,17,0.9538311961054264,42,64,largest,0.5
556,group-555,2,0,-0.026955740929578198,0.058111077971694215,27,0.9751167364332856,42,64,largest,0.5
557,group-556,1,0,-0.05717129148942446,0.04103128830895218,43,0.9605638623616597,42,64,largest,0.5
558,group-557,0,0,-0.01530581099067685,0.061218477647761865,52,0.9859055965483255,42,64,largest,0.5
559,group-558,4,0,-0.04424011738968825,0.04394930176465566,8,0.9749677730525466,42,64,largest,0.5
560,group-559,3,0,-0.06208611206080272,0.03322248711249035,14,0.9310440828186319,42,64,largest,0.5
561,group-560,1,0,-0.045188614223175216,0.05038431485981547,46,0.9489547080990378,42,64,largest,0.5
562,group-561,0,0,-0.038563696729929764,0.04447121395006483,34,0.9593564111203274,42,64,largest,0.5
563,group-562,4,0,-0.002324510520409495,0.08104312037834992,24,0.9858768890523357,42,64,largest,0.5
564,group-563,3,0,-0.010610203598511725,0.0788919935618675,48,0.9957703243429706,42,64,largest,0.5
565,group-564,2,1,0.005208628679810978,0.09322221924870643,47,0.9952813180116296,42,64,largest,0.5
566,group-565,1,0,-0.002153419854717953,0.10305877721690812,10,1.0043263796018795,42,64,largest,0.5
567,group-566,0,0,-0.029445203055818103,0.05044139262710131,47,0.9895213893519641,42,64,largest,0.5
568,group-567,4,0,-0.04023430991564647,0.04664107673744433,38,0.9610588245514632,42,64,largest,0.5
569,group-568,3,0,-0.03042346686932118,0.05683931471840717,58,0.98905424368988,42,64,largest,0.5
570,group-569,2,0,-0.03366401102627903,0.05254910818284504,48,0.9772227016782041,42,64,largest,0.5
571,group-570,0,0,-0.006982925673509444,0.06853372129330522,34,0.9749039521416626,42,64,largest,0.5
572,group-571,4,0,-0.03544093802693005,0.050068209165100866,44,0.965734775512264,42,64,largest,0.5
573,group-572,3,0,-0.047012889090983556,0.04297033031111742,58,0.9755019743940543,42,64,largest,0.5
574,group-573,2,0,-0.043002287969613584,0.04563918561426589,22,0.9627479078597453,42,64,largest,0.5
575,group-574,1,0,-0.06057299436976604,0.038694294781344396,36,0.9513219998168535,42,64,largest,0.5
576,group-575,2,0,-0.06311958168331944,0.03358078631975673,13,0.9484928605295482,42,64,largest,0.5
577,group-576,1,0,-0.05069904588056051,0.045855677363299,52,0.9733611411778007,42,64,largest,0.5
578,group-577,0,0,-0.026881937721905724,0.052251909474819315,36,0.9733903520054131,42,64,largest,0.5
579,group-578,4,0,-0.009096137413236338,0.07354194811616067,4,0.9854962981630397,42,64,largest,0.5
580,group-579,3,0,-0.037060204676682695,0.05084684746102306,27,0.9816511687079442,42,64,largest,0.5
581,group-580,1,1,0.004259679747295464,0.11419946425333986,7,0.9925306781697296,42,64,largest,0.5
582,group-581,0,0,-0.00806474570013005,0.06753895797900043,34,0.9809595501118055,42,64,largest,0.5
583,group-582,4,0,-0.056742464973915,0.03647031045551672,36,0.946503236887152,42,64,largest,0.5
584,group-583,3,0,-0.07977568943848878,0.0244928662514153,45,0.9158635319412628,42,64,largest,0.5
585,group-584,2,0,-0.07410984887723815,0.02835691379139533,22,0.9309471888203859,42,64,largest,0.5
586,group-585,1,0,-0.010966143142188578,0.08932365704998277,4,0.9903906302478747,42,64,largest,0.5
587,group-586,1,0,-0.014536071438143727,0.08424509620730718,28,0.9930438703383637,42,64,largest,0.5
588,group-587,0,0,-0.060403925794306534,0.032794416277127786,34,0.9569197021666525,42,64,largest,0.5
589,group-588,4,0,-0.024841141951637558,0.05851112047925703,47,0.9696884327078421,42,64,largest,0.5
590,group-589,3,0,-0.027521565061513265,0.05966305782211788,47,0.9695513106461796,42,64,largest,0.5
591,group-590,1,0,-0.04361663737979127,0.05175200061715915,25,0.9629810593107109,42,64,largest,0.5
592,group-591,0,0,-0.022027658873472244,0.055850033976533896,33,0.9964302820180391,42,64,largest,0.5
593,group-592,4,0,-0.011152871711981205,0.07139327052325434,36,0.9907563624351098,42,64,largest,0.5
594,group-593,3,0,-0.08082378638560161,0.02405249517747945,41,0.9490341159915763,42,64,largest,0.5
595,group-594,2,0,-0.021444844341475533,0.06308888699649094,3,0.9935235275878934,42,64,largest,0.5
596,group-595,1,0,-0.033674578784728015,0.06124653010602035,22,0.9664624366718543,42,64,largest,0.5
597,group-596,0,0,-0.005764238382676812,0.06967058605714577,24,0.9917803757200753,42,64,largest,0.5
598,group-597,4,0,-0.07139391055275313,0.02925992463528428,21,0.9418087910732554,42,64,largest,0.5
599,group-598,3,0,-0.09087292117400003,0.020204200244780736,25,0.9320602974122847,42,64,largest,0.5
600,group-599,2,0,-0.08972463802813091,0.02226968660573043,29,0.9284881483498275,42,64,largest,0.5
601,group-600,4,0,-0.06598778079357093,0.03174348311789208,20,0.9582640802638733,42,64,largest,0.5
602,group-601,3,0,-0.04625544625067646,0.043526356934526694,6,0.9764638667877611,42,64,largest,0.5
603,group-602,3,0,-0.02102922065205104,0.06646249636896386,29,0.9644360216486075,42,64,largest,0.5
604,group-603,2,0,-0.005462511956097038,0.07985497554651459,61,0.991989175829573,42,64,largest,0.5
605,group-604,1,0,-0.012685336315782947,0.08684435182263485,16,0.996238985557747,42,64,largest,0.5
606,group-605,1,0,-0.04173686118773845,0.05343356511729146,46,0.9551992823133858,42,64,largest,0.5
607,group-606,0,0,-0.022910071782261454,0.05517906723008534,6,0.9964375806158927,42,64,largest,0.5
608,group-607,4,0,-0.0009239982972064631,0.08267921906112842,53,0.9902585705065003,42,64,largest,0.5
609,group-608,3,0,-0.06209544255877175,0.03321717077317273,40,0.9702578542777213,42,64,largest,0.5
610,group-609,2,0,-0.09690247514785078,0.01991906300732531,32,0.918848312856548,42,64,largest,0.5
611,group-610,0,0,-0.04915423079449599,0.03838275689403581,5,0.9497408570228957,42,64,largest,0.5
612,group-611,4,0,-0.08224346790476433,0.024831910563722057,8,0.9248646364014315,42,64,largest,0.5
613,group-612,4,0,-0.0751300555996125,0.02765476712396739,51,0.9381538390488081,42,64,largest,0.5
614,group-613,3,0,-0.031135157589994522,0.056166214809792704,46,0.9860116430475103,42,64,largest,0.5
615,group-614,3,0,-0.0766578827287202,0.02584981679301941,17,0.923637246484481,42,64,largest,0.5
616,group-615,2,0,-0.02183661819159155,0.06272225590185727,50,0.9960369583609173,42,64,largest,0.5
617,group-616,1,0,-0.01088254226125962,0.08944583384502224,16,0.9952178465018101,42,64,largest,0.5
618,group-617,0,0,-0.02137719894653034,0.05634953589073832,15,1.0002162983526182,42,64,largest,0.5
619,group-618,4,1,0.0007831192089089445,0.08471410834780466,35,0.9969720710386636,42,64,largest,0.5
620,group-619,3,0,-0.019946928557414645,0.06766379940746281,40,0.9853558125897689,42,64,largest,0.5
621,group-620,1,0,-0.0209029841988162,0.07583471363426392,13,0.9622288823641563,42,64,largest,0.5
622,group-621,0,0,-0.0273328658857942,0.051929013093548,53,0.9754242466007138,42,64,largest,0.5
623,group-622,4,0,-0.08406875081975973,0.02415407405021462,37,0.9502334409614563,42,64,largest,0.5
624,group-623,3,0,-0.03146368906088437,0.05585803289802121,31,0.9736771224856688,42,64,largest,0.5
625,group-624,2,0,-0.021590897327889325,0.06295197411703747,9,0.9874338420990241,42,64,largest,0.5
626,group-625,1,0,-0.010393079896286683,0.09016417671856154,62,0.9956906886737563,42,64,largest,0.5
627,group-626,0,0,-0.017073718313854735,0.05976148730291878,44,0.9902950183639885,42,64,largest,0.5
628,group-627,4,0,-0.08016997736263709,0.025624421875797904,8,0.9343366769306191,42,64,largest,0.5
629,group-628,3,1,0.013764010281355987,0.11659575924666664,37,0.9620845648378642,42,64,largest,0.5
630,group-629,2,0,-0.037498438904953635,0.04959963978688993,54,0.9739397625817282,42,64,largest,0.5
631,group-630,1,0,-0.024598129819879966,0.07131385319392777,6,0.9734285053247024,42,64,largest,0.5
632,group-631,1,0,-0.08876591310354398,0.023688375146426705,6,0.918155591109392,42,64,largest,0.5
633,group-632,0,0,-0.02639893394201298,0.05259987809778083,52,0.9809732417908099,42,64,largest,0.5
634,group-633,4,0,-0.03442473128434087,0.050824823430902985,2,0.9594540476186807,42,64,largest,0.5
635,group-634,3,0,-0.019481362972663896,0.06818672956420951,36,0.9918419127821719,42,64,largest,0.5
636,group-635,2,0,-0.06831819161829777,0.031003129049108444,38,0.9570387405272593,42,64,largest,0.5
637,group-636,1,0,-0.0892463258079107,0.023489704140647046,27,0.9295947726567807,42,64,largest,0.5
638,group-637,0,0,-0.0062212916196418,0.06924218900905113,57,0.9885656924792292,42,64,largest,0.5
639,group-638,4,0,-0.015605228465377596,0.0669391115935451,28,0.9781730642679237,42,64,largest,0.5
640,group-639,3,0,-0.05297779584328244,0.038822875674679666,17,0.9760961855877182,42,64,largest,0.5
641,group-640,1,0,-0.02252087191131047,0.07382378311361802,14,0.9839530984771198,42,64,largest,0.5
642,group-641,0,1,0.017356565286361203,0.09479374292786753,40,0.9914339955962608,42,64,largest,0.5
643,group-642,4,0,-0.034689724291655843,0.050626486827956826,18,0.980421273722799,42,64,largest,0.5
644,group-643,3,0,-0.021215501681667304,0.06625773991595238,28,0.9839941979477371,42,64,largest,0.5
645,group-644,2,0,-0.06227570873262278,0.03401827990255584,32,0.9404297649811614,42,64,largest,0.5
646,group-645,1,0,-0.06648622087475509,0.034932822060563244,6,0.9461415176157509,42,64,largest,0.5
647,group-646,0,0,-0.028278387436075025,0.05125806720471631,27,0.984021287210636,42,64,largest,0.5
648,group-647,4,0,-0.020051639063659477,0.06274950236511692,23,0.9936197617516608,42,64,largest,0.5
649,group-648,3,0,-0.040927446451350935,0.047635864859643676,34,0.9987177063802839,42,64,largest,0.5
650,group-649,2,0,-0.0030069043055817035,0.08276673813854543,50,0.9919913904363383,42,64,largest,0.5
651,group-650,0,0,-0.04919012442051873,0.03836354883744717,5,0.9731758237517788,42,64,largest,0.5
652,group-651,4,0,-0.035423381345725646,0.050081189915567335,39,0.9788305040312613,42,64,largest,0.5
653,group-652,3,0,-0.03136326919064791,0.0559520634541956,58,0.987804002695945,42,64,largest,0.5
654,group-653,2,0,-0.025530194517736637,0.0593622262204151,35,0.9954259909609906,42,64,largest,0.5
655,group-654,1,0,-0.02475168777766612,0.07113147138117139,31,0.9767643078437511,42,64,largest,0.5
656,group-655,0,0,-0.021207774217511632,0.05648032867504034,58,0.9820482687574024,42,64,largest,0.5
657,group-656,4,0,-0.03704039541426185,0.048898915427162896,37,0.9824118689194582,42,64,largest,0.5
658,group-657,3,1,0.006112086786855042,0.10332406359759767,37,0.9767279218021361,42,64,largest,0.5
659,group-658,4,0,-0.06870710671745117,0.030469743228998633,4,0.9605213179575707,42,64,largest,0.5
660,group-659,3,0,-0.028110820162092542,0.05907924106760841,42,0.9928947072663021,42,64,largest,0.5
661,group-660,1,0,-0.005387872104416491,0.09781296941538199,10,1.0004989288238464,42,64,largest,0.5
662,group-661,1,0,-0.014970165848389283,0.08364574625915268,10,0.9981472145449611,42,64,largest,0.5
663,group-662,0,1,0.0010683371911212047,0.07637338965163569,40,0.9931759334663243,42,64,largest,0.5
664,group-663,4,0,-0.03903384672853949,0.04747783541098936,12,0.9773787128231809,42,64,largest,0.5
665,group-664,3,0,-0.026866599005232583,0.06031831754518032,25,0.977267888315601,42,64,largest,0.5
666,group-665,2,0,-0.025872141851694952,0.05905983046508368,11,0.9760703081696138,42,64,largest,0.5
667,group-666,1,0,-0.02921952829437513,0.06601019395096225,52,0.9808308677346108,42,64,largest,0.5
668,group-667,0,0,-0.043053217689097756,0.04178517274544255,18,0.9631751853448481,42,64,largest,0.5
669,group-668,4,0,-0.026245964408037392,0.057319766407372824,28,0.9841298150677843,42,64,largest,0.5
670,group-669,3,0,-0.046019275154738915,0.04370112641999515,26,0.9506101192490475,42,64,largest,0.5
671,group-670,1,0,-0.019425104170541774,0.07771544390276255,54,0.9882864858172973,42,64,largest,0.5
672,group-671,0,0,-0.05716757883174217,0.03431620163780199,56,0.9560357164539889,42,64,largest,0.5
673,group-672,4,0,-0.0392274919140877,0.04734190055913525,27,0.9782766079553414,42,64,largest,0.5
674,group-673,3,0,-0.124594173924781,0.011209633351139009,21,0.9151411533235739,42,64,largest,0.5
675,group-674,2,0,-0.035081762969947805,0.05143974221895064,28,0.9905208893005459,42,64,largest,0.5
676,group-675,1,0,-0.0862285079210251,0.024765198223249442,28,0.9310650204006014,42,64,largest,0.5
677,group-676,0,0,-0.04167670976384452,0.04259179847513225,57,0.9762139400011461,42,64,largest,0.5
678,group-677,4,0,-0.012625101373828995,0.06989097064830097,31,0.9990633088548331,42,64,largest,0.5
679,group-678,3,0,-0.1103794348362952,0.014378725924819502,14,0.9099794558949983,42,64,largest,0.5
680,group-679,2,0,-0.0427544488564795,0.045810865488516504,29,0.9747550137828263,42,64,largest,0.5
681,group-680,0,0,-0.02633020880629877,0.05264956700896104,18,0.9725382653290162,42,64,largest,0.5
682,group-681,4,0,-0.02561984810892526,0.05784790149008014,44,0.9796525576896916,42,64,largest,0.5
683,group-682,3,0,-0.06392827678289104,0.032188639467712866,47,0.9697100008371042,42,64,largest,0.5
684,group-683,2,0,-0.05982079464717771,0.035322478139425836,11,0.970032297324975,42,64,largest,0.5
685,group-684,1,0,-0.05113000531182721,0.045518314280272656,12,0.9568537751406027,42,64,largest,0.5
686,group-685,0,0,-0.06771540640506912,0.029592793677520164,13,0.9383353140945851,42,64,largest,0.5
687,group-686,4,0,-0.004671458109043125,0.07836746917672836,20,0.9821637553972725,42,64,largest,0.5
688,group-687,3,0,-0.033952397078727214,0.05357466264477051,42,0.9850078671911173,42,64,largest,0.5
689,group-688,2,0,-0.0325742043875441,0.05341718515938922,13,0.9698131640155188,42,64,largest,0.5
690,group-689,1,0,-0.01684795433292119,0.08109751427223462,10,0.9851671174295857,42,64,largest,0.5
691,group-690,4,0,-0.01324405263207118,0.06926814822226085,10,0.9971500798909365,42,64,largest,0.5
692,group-691,3,0,-0.029077760737959868,0.05813281359503416,35,0.9988716370174714,42,64,largest,0.5
693,group-692,2,0,-0.03642979304385108,0.05040550458752147,9,0.9789948308190177,42,64,largest,0.5
694,group-693,1,1,0.005941541644945092,0.11728994376559261,7,0.9807358500783817,42,64,largest,0.5
695,group-694,0,0,-0.015938955367483354,0.06069290517371819,35,0.9744084605315843,42,64,largest,0.5
696,group-695,4,0,-0.028520329714984083,0.05543919327135847,58,0.970564722873273,42,64,largest,0.5
697,group-696,3,0,-0.048253635984953136,0.04207415004158722,5,0.995026082717006,42,64,largest,0.5
698,group-697,2,0,-0.025584444527140704,0.059314154447381036,4,0.9733744799824766,42,64,largest,0.5
699,group-698,1,0,-0.005863399742627062,0.0970621128021961,10,0.9965295038747358,42,64,largest,0.5
700,group-699,0,0,-0.0391209541814056,0.04412906714768734,29,0.9852310085225956,42,64,largest,0.5
701,group-700,2,0,-0.008760924573198992,0.0760910786670746,35,0.9996149957756346,42,64,largest,0.5
702,group-701,1,0,-0.029120803873984413,0.06611956224887677,8,0.9665979861309762,42,64,largest,0.5
703,group-702,0,0,-0.03225640248467565,0.048524111137001766,37,0.9640911843093962,42,64,largest,0.5
704,group-703,4,0,-0.016680556554419246,0.06590268582392034,63,0.9961868199347239,42,64,largest,0.5
705,group-704,3,0,-0.037659111388874233,0.05033649467546571,41,0.9733225105383672,42,64,largest,0.5
706,group-705,2,0,-0.007998513473515434,0.07694634884362016,18,0.9941403008956702,42,64,largest,0.5
707,group-706,1,0,-0.05307971219012231,0.044021376019842864,43,0.9564963078840218,42,64,largest,0.5
708,group-707,0,0,-0.038858050852367265,0.044290171433761696,20,0.960539358212965,42,64,largest,0.5
709,group-708,4,0,-0.022830789023241094,0.06025643112666227,9,0.9826797878264903,42,64,largest,0.5
710,group-709,3,0,-0.012785434849753696,0.07613282887861193,11,0.9762687326150178,42,64,largest,0.5
711,group-710,1,0,-0.012389153887532478,0.08726700048910671,18,0.9975637262180221,42,64,largest,0.5
712,group-711,0,0,-0.025987073034652308,0.0528983212309613,44,0.9672374946314561,42,64,largest,0.5
713,group-712,2,0,-0.030055122646784227,0.05547578444181867,9,0.9805569925407067,42,64,largest,0.5
714,group-713,1,0,-0.03980907073314366,0.05521154140216452,31,0.9675061075108417,42,64,largest,0.5
715,group-714,0,0,-0.027249787832748784,0.05198836077188231,50,0.9911833315129231,42,64,largest,0.5
716,group-715,4,0,-0.14560690687166866,0.009420782929651181,43,0.8816676489388205,42,64,largest,0.5
717,group-716,3,0,-0.058357581962675265,0.03541396283752624,35,0.9742168985826504,42,64,largest,0.5
718,group-717,2,0,-0.02164054853521824,0.06290549327958977,48,0.9898828022856514,42,64,largest,0.5
719,group-718,1,0,-0.04119891943837717,0.05392419497665273,25,0.9628730704828833,42,64,largest,0.5
720,group-719,0,0,-0.03597934209127962,0.046091283863407745,57,0.9698590537776438,42,64,largest,0.5
721,group-720,3,0,-0.04076516291203336,0.04776665047989876,3,0.9705761213221202,42,64,largest,0.5
722,group-721,2,0,-0.07254242713431946,0.029050624664496007,13,0.93200273128526,42,64,largest,0.5
723,group-722,1,0,-0.050022876792927384,0.04638979615188928,46,0.9650196149539236,42,64,largest,0.5
724,group-723,0,0,-0.04926988245225539,0.03832090028678434,4,0.9748812785477156,42,64,largest,0.5
725,group-724,4,0,-0.05267811752433349,0.038756454751209604,33,0.9538525545478379,42,64,largest,0.5
726,group-725,3,0,-0.026758849649834993,0.06042675827938803,26,1.0006914581129203,42,64,largest,0.5
727,group-726,2,0,-0.04439121310932059,0.044688350712102025,35,0.9879032087974063,42,64,largest,0.5
728,group-727,2,0,-0.03685888810087867,0.05008044538189676,18,0.9836745144992964,42,64,largest,0.5
729,group-728,1,0,-0.044550728433161435,0.05093512657882016,15,0.9459054428149425,42,64,largest,0.5
730,group-729,0,0,-0.06203096623662341,0.03205418454080045,52,0.9322481096885129,42,64,largest,0.5
731,group-730,3,0,-0.05682285099916129,0.0363559219975516,18,0.9883247702984772,42,64,largest,0.5
732,group-731,2,0,-0.0278820280135178,0.05731141670051598,38,0.9885196354251121,42,64,largest,0.5
733,group-732,1,0,-0.02314973472332693,0.07305547389932342,3,0.9966437297056772,42,64,largest,0.5
734,group-733,0,0,-0.01547001501377332,0.06108176486013294,20,0.9894560366920259,42,64,largest,0.5
735,group-734,1,0,-0.055074289312279534,0.042538646258035266,52,0.9684089431145799,42,64,largest,0.5
736,group-734,1,0,-0.055074289312279534,0.042538646258035266,52,0.9684089431145799,42,64,largest,0.5
737,group-735,4,0,-0.04625416223620871,0.042652540167941996,23,0.9323503296680864,42,64,largest,0.5
738,group-736,3,0,-0.01585286064068081,0.07239232946722032,2,0.9892975942094534,42,64,largest,0.5
739,group-737,2,0,-0.009648853994960738,0.07510600358044693,38,0.9813540418155098,42,64,largest,0.5
740,group-738,1,0,-0.014963524352962776,0.08365488685080823,63,0.9911649703161812,42,64,largest,0.5
741,group-739,0,0,-0.030960121553058606,0.04939944823306532,21,0.9591089604775099,42,64,largest,0.5
742,group-740,3,0,-0.01412522268794203,0.0744777207265292,40,0.9838410206388989,42,64,largest,0.5
743,group-741,2,0,-0.02689246263032219,0.05816608633789996,27,0.9951756966669756,42,64,largest,0.5
744,group-742,1,0,-0.03685001259102638,0.05804932368116343,63,0.9669275514571535,42,64,largest,0.5
745,group-743,0,0,-0.026270638896587983,0.0526926724691281,39,0.9897339436905922,42,64,largest,0.5
746,group-744,4,1,0.0019770412829566153,0.08616416670701431,35,0.9804024207763768,42,64,largest,0.5
747,group-745,3,0,-0.021630036202416436,0.06580419324523826,11,0.9896594724614678,42,64,largest,0.5
748,group-746,2,0,-0.04620543224743412,0.043474783274731275,46,0.9659990737660649,42,64,largest,0.5
749,group-747,1,0,-0.03605237955703289,0.05883738156333946,60,0.9785729927231157,42,64,largest,0.5
750,group-748,0,0,-0.07221554549910936,0.027775118163963237,21,0.9324876938999631,42,64,largest,0.5
751,group-749,4,0,-0.006819664576526385,0.07598949134777985,50,1.0006454755786989,42,64,largest,0.5
752,group-750,2,0,-0.06260790700308616,0.033845404104123504,5,0.9475458752082596,42,64,largest,0.5
753,group-751,1,0,-0.008187970718790516,0.09346524030815188,9,0.9866610523047443,42,64,largest,0.5
754,group-752,0,0,-0.030743905945471273,0.04954690100126942,22,0.9853569783334841,42,64,largest,0.5
755,group-753,4,0,-0.014676915954976222,0.06784598868885053,10,0.9858649298493323,42,64,largest,0.5
756,group-754,3,0,-0.04330894047418676,0.04575531974555166,12,0.9840493708624131,42,64,largest,0.5
757,group-755,2,0,-0.06599273534425787,0.03213160865443309,13,0.9481375504938617,42,64,largest,0.5
758,group-756,1,0,-0.007577132879233561,0.09439865890912104,15,1.0000793913151718,42,64,largest,0.5
759,group-757,0,0,-0.00869155518697029,0.0669687336242596,61,0.9960301284356575,42,64,largest,0.5
760,group-758,4,0,-0.07627547506410559,0.027180026611829604,2,0.9394189306628812,42,64,largest,0.5
761,group-759,3,0,-0.019630088237046706,0.06801927327800289,48,0.9968071166873308,42,64,largest,0.5
762,group-760,1,0,-0.0531348753630152,0.04397971359788841,59,0.9845112552215556,42,64,largest,0.5
763,group-761,0,0,-0.05013339522613247,0.03786206437969601,2,0.9449177442646488,42,64,largest,0.5
764,group-762,4,0,-0.04557975562951044,0.043082639722099615,26,0.9716880653481265,42,64,largest,0.5
765,group-763,3,0,-0.05349682084383567,0.03848072394928182,31,0.974859662644931,42,64,largest,0.5
766,group-764,2,0,-0.023135238255772683,0.06152114866034679,18,0.9803030234237556,42,64,largest,0.5
767,group-765,1,0,-0.03581727081179287,0.05907157530606706,15,0.9744233568413668,42,64,largest,0.5
768,group-766,0,0,-0.04586860244897317,0.04018065052627639,47,0.9689100502466745,42,64,largest,0.5
769,group-767,4,0,-0.016088861142482203,0.06647111621632491,18,0.9776832202311339,42,64,largest,0.5
770,group-768,3,0,-0.06548081839475017,0.03134154484191246,17,0.9480486780560284,42,64,largest,0.5
771,group-769,2,0,-0.016429593441098178,0.06796198764199428,58,0.9953425389883014,42,64,largest,0.5
772,group-770,0,0,-0.025802424751954933,0.053032639725784515,20,0.9804260419148062,42,64,largest,0.5
773,group-771,4,0,-0.004804228117248455,0.07821854497151955,7,0.9903502596981765,42,64,largest,0.5
774,group-772,3,0,-0.03939763028967269,0.04888237880569263,18,0.9920750331064577,42,64,largest,0.5
775,group-773,2,0,-0.04120103016168197,0.046901008932769474,23,0.9547477819296826,42,64,largest,0.5
776,group-774,1,0,-0.022928645893240285,0.07332474454381895,54,0.9877121352347806,42,64,largest,0.5
777,group-775,0,0,-0.052632336079882935,0.03656378061360931,48,0.9546857349330301,42,64,largest,0.5
778,group-776,4,0,-0.006829404592007315,0.07597886187338693,2,0.9895822634154432,42,64,largest,0.5
779,group-777,3,0,-0.06924240404039805,0.029377670750398176,18,0.9886681507127322,42,64,largest,0.5
780,group-778,2,0,-0.01632069707208339,0.06807157488867753,13,0.9840613124330712,42,64,largest,0.5
781,group-779,1,0,-0.06505354738197222,0.035810470600809836,47,0.9261998123084033,42,64,largest,0.5
782,group-780,4,0,-0.12167675077734497,0.013607776833994745,34,0.9049690493270351,42,64,largest,0.5
783,group-781,3,0,-0.005048113192248405,0.0863673037536406,48,0.9582526182614655,42,64,largest,0.5
784,group-782,2,0,-0.026265191069545835,0.05871402726529442,6,0.9818606695937181,42,64,largest,0.5
785,group-783,1,0,-0.03618822580188663,0.05870246105393292,5,0.9573088420841583,42,64,largest,0.5
786,group-784,0,0,-0.02386013478937843,0.05446514988419452,47,0.967259431509586,42,64,largest,0.5
787,group-785,4,0,-0.04008161978817215,0.04674672269232868,26,0.9728509552237892,42,64,largest,0.5
788,group-786,3,0,-0.03809896935126211,0.049964767378378364,13,0.9719749475357102,42,64,largest,0.5
789,group-787,2,0,-0.019282113426760117,0.06514902895949876,27,0.9852386374878092,42,64,largest,0.5
790,group-788,1,0,-0.0031562813148469093,0.10140618827721427,61,0.9925483211396581,42,64,largest,0.5
791,group-789,0,0,-0.0076059159171886215,0.06795921851657255,22,1.0092007387307451,42,64,largest,0.5
792,group-790,3,0,-0.058320700701660066,0.03543632099591888,17,0.9917142794202168,42,64,largest,0.5
793,group-791,2,0,-0.03302336583487053,0.05305778189266507,4,0.9887966564529748,42,64,largest,0.5
794,group-792,1,0,-0.055227634493196565,0.04242664891323339,52,0.9582995308078655,42,64,largest,0.5
795,group-793,0,0,-0.039865774493831,0.04367567906958939,50,0.9792562278478619,42,64,largest,0.5
796,group-794,4,0,-0.04984702681313746,0.04042952783036979,7,0.96035913911183,42,64,largest,0.5
797,group-795,3,0,-0.015801706352364997,0.07245329581985839,42,1.010559201839863,42,64,largest,0.5
798,group-796,2,0,-0.03442672011427206,0.05194952195653115,55,0.994617561761727,42,64,largest,0.5
799,group-797,1,0,-0.025810542019562788,0.06988554544831099,53,0.9838543901537623,42,64,largest,0.5
800,group-798,0,0,-0.04745668236568257,0.039301796167632144,11,0.9574104596333073,42,64,largest,0.5
801,group-799,4,0,-0.10702355883769221,0.017029192802328126,10,0.9098131489485362,42,64,largest,0.5
802,group-800,1,0,-0.07471294201327539,0.030281182501211184,29,0.9374319970277215,42,64,largest,0.5
803,group-801,0,0,-0.039354547786340954,0.04398639263226295,34,0.9721290504415222,42,64,largest,0.5
804,group-802,4,0,-0.04626773138125273,0.04264392875022079,14,0.9638362252946027,42,64,largest,0.5
805,group-803,3,0,-0.047761985657817974,0.04242710696638507,53,0.9680749111465135,42,64,largest,0.5
806,group-804,2,0,-0.06094988538287538,0.034716759651060684,11,0.9391323690418345,42,64,largest,0.5
807,group-805,1,0,-0.007035799684282806,0.09523283779777846,10,0.9928187909019465,42,64,largest,0.5
808,group-806,0,0,-0.04700311146710168,0.039550907275236434,32,0.9688054841020817,42,64,largest,0.5
809,group-807,4,0,-0.07493314592122624,0.027737187596998687,51,0.9501230497724121,42,64,largest,0.5
810,group-808,3,0,-0.007254195381449335,0.0833285437652245,29,0.9759529806073267,42,64,largest,0.5
811,group-809,2,0,-0.08857420149443163,0.022670841483499068,11,0.9090738325106519,42,64,largest,0.5
812,group-810,0,0,-0.05345835724803272,0.03614413007939499,53,0.9417820633797027,42,64,largest,0.5
813,group-811,4,0,-0.044302946673909105,0.04390828596592088,9,0.9635503625306157,42,64,largest,0.5
814,group-812,3,0,-0.09512355972179742,0.018764143774372077,21,0.9281826195917329,42,64,largest,0.5
815,group-813,2,0,-0.06121709370799544,0.03457488347339645,25,0.9461503537593892,42,64,largest,0.5
816,group-814,1,1,0.0018485189220773801,0.10989275648289337,7,0.9921141040599909,42,64,largest,0.5
817,group-815,0,0,-0.02571998650296059,0.05309271159327127,34,0.979159102365818,42,64,largest,0.5
818,group-816,4,0,-0.05573824251589832,0.037022806101520575,47,0.9645944913504365,42,64,largest,0.5
819,group-817,3,0,-0.02143242457863792,0.06602004116566516,36,0.973512067136778,42,64,largest,0.5
820,group-818,2,0,-0.055888562077618165,0.037512427427706704,39,0.9468368287100832,42,64,largest,0.5
821,group-819,1,0,-0.032514379084339295,0.06245522623803764,31,0.9748554041530312,42,64,largest,0.5
822,group-820,4,0,-0.02568312872452605,0.05779431688579399,0,0.9772634939313658,42,64,largest,0.5
823,group-821,3,0,-0.03784064351057759,0.05018276415864375,23,0.9863225824385855,42,64,largest,0.5
824,group-822,2,0,-0.012852403665989387,0.07164864608070169,5,0.9740273399082223,42,64,largest,0.5
825,group-823,1,0,-0.010286521230392198,0.0903212513222185,51,0.9908167653750604,42,64,largest,0.5
826,group-824,0,1,0.023624866304911785,0.10288652709535992,40,0.9855419289076207,42,64,largest,0.5
827,group-825,4,0,-0.04920273802904307,0.04081983402483811,47,0.9676382520763652,42,64,largest,0.5
828,group-826,3,0,-0.008786179162250551,0.0812758350827423,31,0.9618482512271617,42,64,largest,0.5
829,group-827,2,0,-0.060998032731567675,0.0346911540830435,6,0.9570962668582511,42,64,largest,0.5
830,group-828,1,0,-0.031042860182656007,0.06402028447944448,62,0.9637209995505942,42,64,largest,0.5
831,group-829,0,0,-0.020826837313127067,0.056775447939049956,57,0.9990505022232499,42,64,largest,0.5
832,group-830,3,0,-0.02654250787849255,0.06064503924560046,6,0.946232524544177,42,64,largest,0.5
833,group-831,2,0,-0.039108710111842804,0.048408366326843866,18,0.9736335475392406,42,64,largest,0.5
834,group-832,1,0,-0.04523877949415955,0.050341237395031414,35,0.9611597754705266,42,64,largest,0.5
835,group-833,0,0,-0.030171931055569146,0.04993898529524751,7,0.9713501498404328,42,64,largest,0.5
836,group-834,4,0,-0.007199610399918899,0.07557585919613505,23,0.9800042144038944,42,64,largest,0.5
837,group-835,3,0,-0.08701842703876728,0.0216032741379782,56,0.9715432735407543,42,64,largest,0.5
838,group-836,2,0,-0.0851278998631193,0.023915257307077165,19,0.9171339570213028,42,64,largest,0.5
839,group-837,1,0,-0.03655701673192735,0.05833764470002788,46,0.96558315445365,42,64,largest,0.5
840,group-838,0,1,0.0001857292184685999,0.07547537384962698,40,0.9832650646096456,42,64,largest,0.5
841,group-839,4,0,-0.015475591771202724,0.0670650755938079,36,0.9774244800242231,42,64,largest,0.5
842,group-840,2,0,-0.06616748837661979,0.032045443353388714,14,0.9596588935915887,42,64,largest,0.5
843,group-841,1,0,-0.0052845776698358105,0.09797675417688644,10,1.003291707682531,42,64,largest,0.5
844,group-842,1,0,-0.05122551627102023,0.04544386712132976,31,0.9611246855948226,42,64,largest,0.5
845,group-843,0,0,-0.054245878635830636,0.03574835819709769,7,0.9691849423781651,42,64,largest,0.5
846,group-844,4,0,-0.037703959529615805,0.04842145368867791,62,0.9534800250503809,42,64,largest,0.5
847,group-845,3,0,-0.028976934315237624,0.05823083285080994,41,0.9847209039635728,42,64,largest,0.5
848,group-846,2,0,-0.006901905065386238,0.07819197698367855,41,0.9867738640719944,42,64,largest,0.5
849,group-847,1,0,-0.02384008772239543,0.07222052564839933,5,0.9889237865552047,42,64,largest,0.5
850,group-848,0,0,-0.037387255800124586,0.045201852718866085,18,0.9423827827264495,42,64,largest,0.5
851,group-849,4,0,-0.08210229144444225,0.024885103550842527,36,0.9430259739632143,42,64,largest,0.5
852,group-850,2,0,-0.011743402988626639,0.07282856190843366,35,0.981482197688297,42,64,largest,0.5
853,group-851,1,0,-0.005706284479899848,0.09730962650323592,53,1.000223429765712,42,64,largest,0.5
854,group-852,0,0,-0.0848041116668139,0.02324813627154061,2,0.9334944938765393,42,64,largest,0.5
855,group-853,4,0,-0.08068368196574738,0.025425812708076482,26,0.9479957453128406,42,64,largest,0.5
856,group-854,3,0,-0.02313213606355191,0.06418480382319139,2,0.9419151786554466,42,64,largest,0.5
857,group-855,2,0,-0.014472898371416187,0.06995622977346568,22,0.972292206098631,42,64,largest,0.5
858,group-856,1,0,-0.06996996935508393,0.03288436558549417,29,0.9428649085425014,42,64,largest,0.5
859,group-857,0,0,-0.010711994110751855,0.06516097827043404,19,0.9897552318397795,42,64,largest,0.5
860,group-858,4,0,-0.04844129407909836,0.04128576384952535,32,0.9709842068908725,42,64,largest,0.5
861,group-859,3,0,-0.07931903523104211,0.02468718476277999,41,0.9614494091446167,42,64,largest,0.5
862,group-860,1,0,-0.03444559249509083,0.06045541803951043,4,0.9672178258351329,42,64,largest,0.5
863,group-861,0,0,-0.01843589532483747,0.058661087700739904,44,0.9885234494216358,42,64,largest,0.5
864,group-862,4,0,-0.06508188915767732,0.032179131964203474,27,0.9547613924201562,42,64,largest,0.5
865,group-863,3,0,-0.07972965724444536,0.02451238640087166,45,0.9456458661131238,42,64,largest,0.5
866,group-864,2,0,-0.04606478615930765,0.043567728434235474,50,0.9667809603695118,42,64,largest,0.5
867,group-865,1,0,-0.010960876333488634,0.08933134967508802,16,0.9907809476375188,42,64,largest,0.5
868,group-866,0,0,-0.03377507339129249,0.047517326183313516,3,0.9707412033594967,42,64,largest,0.5
869,group-867,4,0,-0.014942406006560716,0.06758547217997751,24,0.9819038140970155,42,64,largest,0.5
870,group-868,3,1,0.027900896258469476,0.145012758555708,37,0.965249625721209,42,64,largest,0.5
871,group-869,2,0,-0.023933541208750797,0.0607934916277989,11,0.9732411839675035,42,64,largest,0.5
872,group-870,0,0,-0.035775821350619186,0.046221225471256774,3,0.9762440100465837,42,64,largest,0.5
873,group-871,4,0,-0.056330066380572474,0.03669623434297331,51,0.962925599689138,42,64,largest,0.5
874,group-872,3,0,-0.08235477112157108,0.0234230824749822,14,0.9458962068635641,42,64,largest,0.5
875,group-873,2,0,-0.013583575782315505,0.07088039416752112,28,0.9985340500813245,42,64,largest,0.5
876,group-874,1,0,-0.029078713315001115,0.06616624193789936,60,0.9730515290598106,42,64,largest,0.5
877,group-875,0,0,-0.03450897075691617,0.04703793956526216,13,0.9636028463034069,42,64,largest,0.5
878,group-876,4,0,-0.038016084986219334,0.048198399723620534,54,0.9617597746432806,42,64,largest,0.5
879,group-877,3,0,-0.051888168885910524,0.0395507011028372,2,0.9661258069582632,42,64,largest,0.5
880,group-878,2,0,-0.08634531967954695,0.023468229739238858,39,0.9394474384645146,42,64,largest,0.5
881,group-879,1,0,-0.04648910685816865,0.04927877215414491,46,0.9735510997737874,42,64,largest,0.5
882,group-880,4,0,-0.025242540230366317,0.05816836637919295,33,0.9739167906033278,42,64,largest,0.5
883,group-881,3,0,-0.026412967321167713,0.0607760937852525,22,0.9876453659082298,42,64,largest,0.5
884,group-882,2,0,-0.09135047190876544,0.021714568051485857,3,0.9335207037474917,42,64,largest,0.5
885,group-883,1,0,-0.05507774050935643,0.04253612253335528,35,0.9715430456817896,42,64,largest,0.5
886,group-884,0,0,-0.010485612775303466,0.06536124883742271,21,0.9975477944548281,42,64,largest,0.5
887,group-885,4,0,-0.03676064020068559,0.04910154634498583,2,0.9702868967855695,42,64,largest,0.5
888,group-886,3,0,-0.05827457562220473,0.035464302078356415,31,0.9407003757502483,42,64,largest,0.5
889,group-887,2,0,-0.1253999979103061,0.012762930523698505,11,0.881633803281029,42,64,largest,0.5
890,group-888,1,0,-0.08372839640653884,0.02587279181264665,27,0.9156286902797552,42,64,largest,0.5
891,group-889,0,0,-0.037256690715084306,0.04528364285307158,7,0.9699241451244115,42,64,largest,0.5
892,group-890,3,0,-0.03337421448588962,0.05409715874746762,58,0.9602365660097255,42,64,largest,0.5
893,group-891,2,0,-0.05539240018002012,0.03779785699970366,17,0.9746448010925632,42,64,largest,0.5
894,group-892,1,0,-0.061983116984982045,0.03776344618533828,46,0.9633227751773878,42,64,largest,0.5
895,group-893,0,0,-0.058626206446160456,0.0336220770729064,47,0.9340754445542387,42,64,largest,0.5
896,group-894,4,0,-0.019447019516888542,0.06330448936760379,22,0.9778175796133866,42,64,largest,0.5
897,group-895,3,0,-0.06295205170534257,0.0327325759307831,35,0.9910068001996382,42,64,largest,0.5
898,group-896,2,0,-0.029112879834877647,0.05626481022626779,3,0.9840066473112499,42,64,largest,0.5
899,group-897,1,0,-0.09044700703849384,0.023000256220402984,43,0.9053019788292749,42,64,largest,0.5
900,group-898,0,0,-0.025877786883211962,0.052977780291768646,19,0.9903511684840202,42,64,largest,0.5
901,group-899,4,1,0.0012435127005137048,0.08527062988899332,35,1.004131158095561,42,64,largest,0.5
902,group-900,1,0,-0.05539107805121701,0.0423075863822503,46,0.9517432334773737,42,64,largest,0.5
903,group-901,0,0,-0.050100563741466986,0.037879412792658794,57,0.9693014713463094,42,64,largest,0.5
904,group-902,4,0,-0.021974145657575272,0.06101484512661134,32,1.0010121321981047,42,64,largest,0.5
905,group-903,3,0,-0.053164091313712025,0.03869973137640058,31,0.9930881436537581,42,64,largest,0.5
906,group-904,2,0,-0.013776408820412644,0.07067905361835093,48,0.9803413188414111,42,64,largest,0.5
907,group-905,1,0,-0.015493945810423515,0.08292772817436768,5,0.975677563867673,42,64,largest,0.5
908,group-906,0,0,-0.005249672964926733,0.0701558228218742,52,0.993744924053572,42,64,largest,0.5
909,group-907,4,1,0.01286893816646395,0.10046233395754485,35,0.9880589821919812,42,64,largest,0.5
910,group-908,3,0,-0.022569797913359668,0.06478665814736742,48,0.9873256897322895,42,64,largest,0.5
911,group-909,2,0,-0.0064636547971198555,0.0786949237640506,11,0.9804851731385522,42,64,largest,0.5
912,group-910,0,0,-0.01996933224120767,0.057445084465194585,17,0.9837375992343823,42,64,largest,0.5
913,group-911,4,0,-0.06383059462126539,0.03279040367926906,34,0.9397948870073034,42,64,largest,0.5
914,group-912,3,0,-0.049861057075387016,0.04093967253293885,45,0.9691393233093235,42,64,largest,0.5
915,group-913,2,0,-0.019915593735614245,0.06453920112965232,27,0.9803925303658539,42,64,largest,0.5
916,group-914,1,0,-0.0250536966909799,0.07077402940602376,14,0.9804547965464455,42,64,largest,0.5
917,group-915,0,0,-0.05577828777703686,0.03499016856839367,34,0.934766026125251,42,64,largest,0.5
918,group-916,4,0,-0.0338055009612358,0.051291163074797044,63,0.9856893927640097,42,64,largest,0.5
919,group-917,3,0,-0.026225803750673515,0.06096591268200882,40,0.9950086454214373,42,64,largest,0.5
920,group-918,2,0,-0.021009570876732275,0.063498569496747,35,0.9871303263369481,42,64,largest,0.5
921,group-919,1,0,-0.014421208506550709,0.08440433752716098,54,0.9924064862071127,42,64,largest,0.5
922,group-920,4,0,-0.052791881449050115,0.03869063178727762,62,0.9430589664322441,42,64,largest,0.5
923,group-921,3,0,-0.07262196842798385,0.0277154079820017,18,0.9677345896640179,42,64,largest,0.5
924,group-922,2,1,0.006370107417505322,0.09479262334282733,47,0.9952749282932358,42,64,largest,0.5
925,group-923,1,0,-0.02629126133418358,0.06932658258548804,31,0.9840248339642138,42,64,largest,0.5
926,group-924,0,0,-0.05459129624649928,0.03557608675670024,17,0.9669796327415549,42,64,largest,0.5
927,group-925,4,0,-0.02694822560659549,0.05673279187873395,33,0.978428414694413,42,64,largest,0.5
928,group-926,3,0,-0.02909284559488201,0.05811816204431375,17,0.9819776249761363,42,64,largest,0.5
929,group-927,2,0,-0.01590142881251322,0.06849503414633441,6,0.9885747986001958,42,64,largest,0.5
930,group-928,1,0,-0.031577313123123396,0.06344767748331881,31,0.9797324167705426,42,64,largest,0.5
931,group-929,0,1,0.013601052549886083,0.09022240445846423,40,0.988381470631211,42,64,largest,0.5
932,group-930,3,0,-0.024068432268736673,0.06319425535860218,29,0.9510535522939967,42,64,largest,0.5
933,group-931,2,0,-0.05613137599269902,0.037373498619625245,11,0.9547907345195376,42,64,largest,0.5
934,group-932,1,0,-0.02709885968556558,0.06839684391813594,10,0.9855747027922473,42,64,largest,0.5
935,group-933,0,0,-0.004417575141686836,0.07094710899975044,58,0.991939796704931,42,64,largest,0.5
936,group-934,4,0,-0.03355581443349531,0.05148034367058093,16,0.9875312917910195,42,64,largest,0.5
937,group-935,3,0,-0.059438467860929545,0.034764711417248545,17,0.9675781802922546,42,64,largest,0.5
938,group-936,2,0,-0.006377128586326997,0.07879457248811625,44,0.9982292448188284,42,64,largest,0.5
939,group-937,2,0,-0.004438163215155444,0.08105806087784254,54,0.998448813271645,42,64,largest,0.5
940,group-938,1,0,-0.04730402528128275,0.04859777635600048,8,0.9451642139987257,42,64,largest,0.5
941,group-939,0,0,-0.021393630730335844,0.05633686601549621,2,0.9761302658284222,42,64,largest,0.5
942,group-940,3,0,-0.06665973327382024,0.03071275677036293,43,0.9608926908328604,42,64,largest,0.5
943,group-941,2,0,-0.018223160936719385,0.06618042522384134,39,0.9873184766470626,42,64,largest,0.5
944,group-942,1,0,-0.005451139528003912,0.09771277249709122,19,0.9882586327535983,42,64,largest,0.5
945,group-943,3,0,-0.07994477700350167,0.02442129393075506,45,0.9554991092273751,42,64,largest,0.5
946,group-944,2,0,-0.02709903891844556,0.05798668818945347,10,0.9802658472072285,42,64,largest,0.5
947,group-945,1,0,-0.015215084055854144,0.08330930223387129,8,0.9603207147706263,42,64,largest,0.5
948,group-946,0,0,-0.023711633102089236,0.05457616354078943,47,0.9751516330606419,42,64,largest,0.5
949,group-947,4,0,-0.0347989381910252,0.05054495801620926,10,0.9451199814635648,42,64,largest,0.5
950,group-948,3,0,-0.048853231468093616,0.041647497963796014,12,0.9820849502783728,42,64,largest,0.5
951,group-949,2,0,-0.0688195525101386,0.030764907819794962,39,0.94127696241943,42,64,largest,0.5
952,group-950,0,0,-0.02259463344870627,0.055418043200333035,30,0.9923780332734246,42,64,largest,0.5
953,group-951,4,0,-0.016223999372429354,0.06634089160603523,44,0.9783181394197812,42,64,largest,0.5
954,group-952,3,0,-0.029651579484118784,0.05757791255006862,17,0.9626722692981508,42,64,largest,0.5
955,group-953,2,0,-0.06960827933500413,0.030393728258361803,13,0.9285742289947915,42,64,largest,0.5
956,group-954,1,0,-0.03676686435954679,0.0581310090939008,22,0.9646372615894517,42,64,largest,0.5
957,group-955,0,1,0.00566221313193338,0.08120751253532385,40,0.9937370934896294,42,64,largest,0.5
958,group-956,4,0,-0.08126869065456799,0.02520146142485638,1,0.9415179035064277,42,64,largest,0.5
959,group-957,3,0,-0.05517006443224681,0.037397290884632076,49,0.9608793691663813,42,64,largest,0.5
960,group-958,2,0,-0.08678895313808066,0.023307366563076984,20,0.9247086697080947,42,64,largest,0.5
961,group-959,1,0,-0.06382170741147275,0.03658203157348093,51,0.9313111186831979,42,64,largest,0.5
962,group-960,4,0,-0.05154540754184411,0.03941771997857715,15,0.945416669457667,42,64,largest,0.5
963,group-961,3,0,-0.07453765046469163,0.026814118966197294,41,0.9787015485668823,42,64,largest,0.5
964,group-962,2,0,-0.046324066817454934,0.043396531486615576,6,0.9530027509912351,42,64,largest,0.5
965,group-963,1,0,-0.05825245860191863,0.04027423532249056,12,0.9400656442494922,42,64,largest,0.5
966,group-964,0,0,-0.046055342325143744,0.04007633839095715,18,0.9714624601368846,42,64,largest,0.5
967,group-965,4,0,-0.037566348047034515,0.04852010576725268,38,0.962141946856621,42,64,largest,0.5
968,group-966,3,1,0.026834827374623837,0.14268351503535046,37,0.9251473632931196,42,64,largest,0.5
969,group-967,2,1,0.019121351028949185,0.11364455862440792,47,0.987017139245782,42,64,largest,0.5
970,group-968,1,0,-0.006481457242302646,0.09609389273693006,62,0.9865195860477811,42,64,largest,0.5
971,group-969,0,0,-0.048508920004271094,0.03872966656139751,11,0.9474387243575422,42,64,largest,0.5
972,group-970,4,0,-0.00912829914943758,0.07350789496054767,53,0.978285322055774,42,64,largest,0.5
973,group-971,3,0,-0.033464233346967465,0.054015495247371745,13,0.9634822139496141,42,64,largest,0.5
974,group-972,2,0,-0.01805023188473276,0.06635028880984513,18,0.9886810676663594,42,64,largest,0.5
975,group-973,1,0,-0.015678177713708275,0.08267651139833133,18,0.990713194102238,42,64,largest,0.5
976,group-974,0,1,0.0019481709660487123,0.07727832819234302,40,1.0075978167500057,42,64,largest,0.5
977,group-975,4,0,-0.0009566776637812691,0.0826407023904369,53,1.0092409773425797,42,64,largest,0.5
978,group-976,3,0,-0.052481572575113544,0.03915272455267429,9,1.004027783274128,42,64,largest,0.5
979,group-977,2,0,-0.05321145525192106,0.03907742342039419,25,0.9525134635916531,42,64,largest,0.5
980,group-978,1,0,-0.0015204576672346315,0.10411405120027807,18,0.9960249521438017,42,64,largest,0.5
981,group-979,0,0,-0.0319221669321611,0.04874839118540444,20,0.962047179259075,42,64,largest,0.5
982,group-980,3,0,-0.04941444271899764,0.0412519107046372,13,0.9744965275179819,42,64,largest,0.5
983,group-981,2,0,-0.06266675493949148,0.03381486818631768,3,0.9474871038202388,42,64,largest,0.5
984,group-982,1,0,-0.034228442438811735,0.060677256338067795,4,0.9782906035846628,42,64,largest,0.5
985,group-983,0,0,-0.06390091620184635,0.031223387286449602,5,0.9587832046231771,42,64,largest,0.5
986,group-984,4,0,-0.06654459039219907,0.03147854642946843,54,0.9410215406625053,42,64,largest,0.5
987,group-985,3,0,-0.04001530980814916,0.04837540382291387,35,0.9961414051527936,42,64,largest,0.5
988,group-986,2,0,-0.01986601909551411,0.06458673247701835,6,0.9762931416837362,42,64,largest,0.5
989,group-987,1,0,-0.05392448973893704,0.04338745934454676,46,0.9506315557630844,42,64,largest,0.5
990,group-988,0,0,-0.05339466756087319,0.03617632127468114,36,0.9335277337942804,42,64,largest,0.5
991,group-989,4,0,-0.025104517468193643,0.05828601101218794,18,0.9764085381533867,42,64,largest,0.5
992,group-990,3,0,-0.04375426825807349,0.0454115989488596,24,0.9669650765821695,42,64,largest,0.5
993,group-991,2,0,-0.03166474350400972,0.054151949164454295,13,0.9823968200472696,42,64,largest,0.5
994,group-992,1,0,-0.00044236450430301666,0.10593343857119712,10,1.0015322722493154,42,64,largest,0.5
995,group-993,0,0,-0.06554728142782373,0.030509207300392874,57,0.9464857450367476,42,64,largest,0.5
996,group-994,4,0,-0.05537068158040648,0.03722703318552545,9,0.9594316398091434,42,64,largest,0.5
997,group-995,3,0,-0.07555090635004691,0.026348992493429004,23,0.9452828224876934,42,64,largest,0.5
998,group-996,2,0,-0.007705777025968197,0.07727707473656967,32,0.9821006840090497,42,64,largest,0.5
999,group-997,1,0,-0.016351709198317854,0.08176397405936212,52,0.9801355049967768,42,64,largest,0.5
1000,group-998,0,0,-0.030993744575769422,0.04937655571671447,30,0.9731065597752532,42,64,largest,0.5
1001,group-999,0,0,-0.04113741388082859,0.042911862202664616,30,0.9778182871062372,42,64,largest,0.5
1002,group-1000,2,0,-0.0476114191951722,0.04255599209573635,13,0.9593173967874264,42,64,largest,0.5
1003,group-1001,1,0,-0.08354449582729684,0.025956141064283948,46,0.9302163882905343,42,64,largest,0.5
1004,group-1002,0,0,-0.09530251283251023,0.02003066486850832,2,0.9065573615879758,42,64,largest,0.5
1005,group-1003,4,0,-0.010874586571011813,0.07168056939831365,63,0.9908554931202207,42,64,largest,0.5
1006,group-1004,3,0,-0.02044984854005727,0.06710309284898616,3,0.9729369752955404,42,64,largest,0.5
1007,group-1005,2,0,-0.005337515947836491,0.08000090368051789,59,0.9886724030014726,42,64,largest,0.5
1008,group-1006,1,0,-0.1152506987900922,0.014856858089074797,29,0.9006849686966442,42,64,largest,0.5
1009,group-1007,0,0,-0.071162203029142,0.02819060755890417,8,0.9442067700409854,42,64,largest,0.5
1010,group-1008,4,1,0.005248464098653982,0.09025321349551842,35,0.9933499897913215,42,64,largest,0.5
1011,group-1009,3,0,-0.06565095714553038,0.03125003605537515,45,0.9469468256048479,42,64,largest,0.5
1012,group-1010,1,0,-0.022510369926641904,0.0738366767615947,1,0.9858301321054433,42,64,largest,0.5
1013,group-1011,0,0,-0.02271424033858449,0.055327314606194,30,0.9876996891716063,42,64,largest,0.5
1014,group-1012,4,0,-0.09020401503689146,0.02200542104384334,9,0.9386486866277279,42,64,largest,0.5
1015,group-1013,3,0,-0.02994229657112335,0.057298681415402564,58,0.9715016986557237,42,64,largest,0.5
1016,group-1014,2,0,-0.04817084077590783,0.04219560250307539,5,0.9669616204489027,42,64,largest,0.5
1017,group-1015,1,0,-0.004151449227231208,0.09978955964691442,5,0.9973205758631536,42,64,largest,0.5
1018,group-1016,0,0,-0.022235334279060326,0.05569143490163732,8,0.9862799200966904,42,64,largest,0.5
1019,group-1017,4,0,-0.04395208964916797,0.044137798434820026,15,0.9779373699429698,42,64,largest,0.5
1020,group-1018,3,0,-0.08251998103701808,0.02335613058803867,23,0.9462795579508174,42,64,largest,0.5
1021,group-1019,2,0,-0.012923622081931208,0.07157347948454476,3,0.9702083915630761,42,64,largest,0.5
1022,group-1020,0,0,-0.01147799064258248,0.06448755822612422,38,0.9933094671884865,42,64,largest,0.5
1023,group-1021,4,0,-0.0839560672051618,0.024195392497235388,20,0.9303686607666055,42,64,largest,0.5
1024,group-1022,3,0,-0.06009753527602524,0.03437447895154839,42,0.9802713229382783,42,64,largest,0.5
1025,group-1023,2,0,-0.007080648571751391,0.07798769235609165,17,0.9927905668559208,42,64,largest,0.5
1026,group-1024,1,0,-0.07329941138763996,0.031035385655304115,29,0.9380638977202818,42,64,largest,0.5
1027,group-1025,0,0,-0.09274636298233763,0.020771415842262383,2,0.9128817992887638,42,64,largest,0.5
1028,group-1026,4,0,-0.04312874539832834,0.044680888810962896,62,0.9706607510585251,42,64,largest,0.5
1029,group-1027,3,0,-0.0566575837871206,0.03645878323490767,17,0.9921231308147618,42,64,largest,0.5
1030,group-1028,2,0,-0.03276537579251004,0.05326393655364442,20,0.9819858370812454,42,64,largest,0.5
1031,group-1029,1,0,-0.06365789082624984,0.03668583509609502,41,0.9444988168890686,42,64,largest,0.5
1032,group-1030,4,0,-0.02306022091686255,0.06005481041556478,1,0.97560847221821,42,64,largest,0.5
1033,group-1031,3,0,-0.01199570180219156,0.0771241725855289,31,0.9537979339094721,42,64,largest,0.5
1034,group-1032,2,0,-0.03676857849483661,0.05014869365236663,5,0.9605914379881857,42,64,largest,0.5
1035,group-1033,1,0,-0.03513143225224613,0.05975974510473744,37,0.9683698384417617,42,64,largest,0.5
1036,group-1034,0,0,-0.0325202860976157,0.0483477310285571,24,0.9518423947746567,42,64,largest,0.5
1037,group-1035,4,0,-0.05185531167200097,0.03923573325728111,7,0.9713004817111696,42,64,largest,0.5
1038,group-1036,3,0,-0.02994880550922474,0.05729244421890287,31,0.9584362750218549,42,64,largest,0.5
1039,group-1037,2,1,0.018225516465993574,0.1122198702454532,47,0.9759467301021387,42,64,largest,0.5
1040,group-1038,1,0,-0.03893241570214245,0.05603836899228693,29,0.9697950984023616,42,64,largest,0.5
1041,group-1039,0,0,-0.051988461609805525,0.036894140695882524,17,0.9498027820652729,42,64,largest,0.5
1042,group-1040,3,0,-0.04176464656130796,0.04696654618669544,35,0.9874361899540189,42,64,largest,0.5
1043,group-1041,2,0,-0.0356507394130281,0.05100078569114761,44,0.9651812127888408,42,64,largest,0.5
1044,group-1042,1,0,-0.06237126138769089,0.03751102378617784,59,0.955225584091092,42,64,largest,0.5
1045,group-1043,0,0,-0.06118836401103822,0.03243549212402083,36,0.9395732734985054,42,64,largest,0.5
1046,group-1044,4,0,-0.10295924442923854,0.018119577534339074,26,0.915517656689197,42,64,largest,0.5
1047,group-1045,3,0,-0.07493570535099303,0.02663045058125857,46,0.9699370205873229,42,64,largest,0.5
1048,group-1046,2,0,-0.027292431224867353,0.057819210187243925,58,0.988290417237707,42,64,largest,0.5
1049,group-1047,1,0,-0.04732740920191991,0.048578367712236226,12,0.9581048170910457,42,64,largest,0.5
1050,group-1048,0,0,-0.0364986557488538,0.045761291968077066,2,0.9688845482379178,42,64,largest,0.5
1051,group-1049,4,0,-0.03184151057615403,0.05279714675720101,37,0.9707501571916299,42,64,largest,0.5
1052,group-1050,2,0,-0.012209580298895406,0.07233040900190774,6,0.9808993045308667,42,64,largest,0.5
1053,group-1051,1,0,-0.005418322055055991,0.09776473425482142,29,0.9916344926079717,42,64,largest,0.5
1054,group-1052,0,0,-0.039333903055688624,0.04399898429183251,2,0.9731227778478072,42,64,largest,0.5
1055,group-1053,4,1,0.011542346163999073,0.09861421018079979,35,0.9942802959766476,42,64,largest,0.5
1056,group-1054,3,0,-0.050268186066129816,0.040657011759564855,9,0.9503666095380177,42,64,largest,0.5
1057,group-1055,2,0,-0.0727766665973354,0.02894591801725689,2,0.9385477146833688,42,64,largest,0.5
1058,group-1056,1,0,-0.012865898602376635,0.08658760129609372,61,1.0050747335196828,42,64,largest,0.5
1059,group-1057,0,1,0.005278140077081939,0.08079289607933147,40,0.9856965952574791,42,64,largest,0.5
1060,group-1058,4,0,-0.018621975781543232,0.06406919183117578,19,0.9894203879042042,42,64,largest,0.5
1061,group-1059,3,0,-0.05191154387365415,0.039534951128869227,35,0.9868859207942402,42,64,largest,0.5
1062,group-1060,1,0,-0.12389157816019092,0.01274901497830661,34,0.8983828986360632,42,64,largest,0.5
1063,group-1061,0,0,-0.03445805809350111,0.04707104711242243,3,0.9808356300228839,42,64,largest,0.5
1064,group-1062,4,0,-0.027284166450173286,0.05645400249670802,36,0.97671242949504,42,64,largest,0.5
1065,group-1063,3,0,-0.05241711081615008,0.03919577028996816,40,0.9736861455704756,42,64,largest,0.5
1066,group-1064,2,1,0.0024784196873106623,0.08962239228454595,47,0.9892923097076907,42,64,largest,0.5
1067,group-1065,1,0,-0.021783483059227726,0.07473415141598712,23,0.9906870604127219,42,64,largest,0.5
1068,group-1066,0,0,-0.03329024777501366,0.047836559898195026,22,0.9660588430007473,42,64,largest,0.5
1069,group-1067,4,0,-0.0730781865896144,0.028525419114745446,36,0.9483921281166643,42,64,largest,0.5
1070,group-1068,3,0,-0.05477174469080237,0.037652515198118686,6,0.9559745370165201,42,64,largest,0.5
1071,group-1069,2,0,-0.03320207564907651,0.05291542028722933,61,0.9806786678411012,42,64,largest,0.5
1072,group-1070,0,0,-0.05500963737234599,0.035368516331348646,0,0.9517821281745781,42,64,largest,0.5
1073,group-1071,4,0,-0.09120501729661934,0.021673049300314298,34,0.9309641304652386,42,64,largest,0.5
1074,group-1072,3,0,-0.09544951120123046,0.018657966946321675,63,0.9719622258027533,42,64,largest,0.5
1075,group-1073,2,0,-0.03374108859996516,0.052488219741386115,45,0.9698286737830735,42,64,largest,0.5
1076,group-1074,1,0,-0.04321662103352486,0.0521055946905368,30,0.962101333486033,42,64,largest,0.5
1077,group-1075,0,0,-0.04867341086641175,0.03864095396395742,11,0.9648098309640216,42,64,largest,0.5
1078,group-1076,4,0,-0.029678779862139626,0.05450378879440566,39,0.9722167987310923,42,64,largest,0.5
1079,group-1077,3,0,-0.009903376471968262,0.07980807306079547,7,0.9877898966838157,42,64,largest,0.5
1080,group-1078,2,0,-0.030267881825350673,0.05529906863356402,16,0.9897602303553615,42,64,largest,0.5
1081,group-1079,1,0,-0.0357746020042804,0.059114171614373275,11,0.9605308065306987,42,64,largest,0.5
1082,group-1080,4,0,-0.06974386821621525,0.029997271778469097,2,0.9485327730606101,42,64,largest,0.5
1083,group-1081,3,0,-0.023779576129077884,0.06349831850739814,2,0.9835789781443754,42,64,largest,0.5
1084,group-1082,2,0,-0.0433601672734123,0.045392360819733614,4,0.9815305588285812,42,64,largest,0.5
1085,group-1083,1,0,-0.043477978969488684,0.05187430995046924,17,0.9578955981209313,42,64,largest,0.5
1086,group-1084,0,0,-0.011890516793080508,0.06412757881122748,24,0.9922009853702916,42,64,largest,0.5
1087,group-1085,4,0,-0.005936770538294001,0.07695869760987278,31,0.9950402445415563,42,64,largest,0.5
1088,group-1086,3,0,-0.03830735654849449,0.04978956706120634,10,0.9995035064650198,42,64,largest,0.5
1089,group-1087,2,0,-0.022178578210590327,0.06240386764163224,37,0.9752989330100427,42,64,largest,0.5
1090,group-1088,1,0,-0.025859563790814222,0.06982835441425286,23,0.9801733955825455,42,64,largest,0.5
1091,group-1089,0,0,-0.05082232074860704,0.03749978655776693,44,0.9720659617054369,42,64,largest,0.5
1092,group-1090,3,0,-0.03441504331676615,0.05316000782775933,46,0.9759765655336842,42,64,largest,0.5
1093,group-1091,2,0,-0.05258628070087268,0.03945181479829783,22,0.9731854355986328,42,64,largest,0.5
1094,group-1092,1,0,-0.035346604404411064,0.05954303723410578,34,0.9689116371353601,42,64,largest,0.5
1095,group-1093,0,1,0.010887349957296899,0.08704376734794209,40,0.9794234045830429,42,64,largest,0.5
1096,group-1094,4,0,-0.05637337125857245,0.03667244755949409,62,0.9483694116141054,42,64,largest,0.5
1097,group-1095,3,0,-0.032247720248190004,0.05512898290914426,6,0.9516000951674062,42,64,largest,0.5
1098,group-1096,2,0,-0.029392097434019826,0.056029901995751835,9,0.9808019608279903,42,64,largest,0.5
1099,group-1097,1,0,-0.04823233686589812,0.04783290456164997,29,0.96333510547209,42,64,largest,0.5
1100,group-1098,0,0,-0.04542326247766759,0.04043046655715065,14,0.9605033321423466,42,64,largest,0.5
1101,group-1099,4,0,-0.01939750542095997,0.0633501411082791,11,0.9911672557766792,42,64,largest,0.5
1102,group-1100,1,0,-0.014487374634547523,0.08431257414769228,42,0.981599445030497,42,64,largest,0.5
1103,group-1101,0,0,-0.034701285614078925,0.04691308046642536,60,0.9879419561000198,42,64,largest,0.5
1104,group-1102,4,0,-0.04053475256055161,0.04643386379971589,32,0.9801423687033913,42,64,largest,0.5
1105,group-1103,3,1,0.026248414363401196,0.14141561223677848,37,0.9558456818086188,42,64,largest,0.5
1106,group-1104,2,0,-0.01736268292591392,0.06702966316462454,35,0.994154379225215,42,64,largest,0.5
1107,group-1105,1,0,-0.012344641448709615,0.08733067975609225,53,0.9807699361290594,42,64,largest,0.5
1108,group-1106,0,0,-0.07069629507937092,0.028376303627567472,36,0.9205296554499949,42,64,largest,0.5
1109,group-1107,4,0,-0.02064491385313927,0.062209344440621234,4,0.973478731216413,42,64,largest,0.5
1110,group-1108,3,0,-0.010015810400724523,0.07966170666656217,29,0.9537010101248791,42,64,largest,0.5
1111,group-1109,2,0,-0.02583088240301712,0.059096240877347155,61,0.9889754382399669,42,64,largest,0.5
1112,group-1110,0,0,-0.0154250561878434,0.06111916822179358,62,0.9883899985100234,42,64,largest,0.5
1113,group-1111,4,0,-0.03871207845631408,0.047704530398069246,18,0.9820621535138788,42,64,largest,0.5
1114,group-1112,3,0,-0.08544724790724456,0.02220037107181819,46,0.9548453326055686,42,64,largest,0.5
1115,group-1113,2,0,-0.013346404178935956,0.07112875592328005,35,0.9934129890369057,42,64,largest,0.5
1116,group-1114,1,0,-0.01589920105563314,0.08237603996429382,18,0.9993225884809986,42,64,largest,0.5
1117,group-1115,0,0,-0.052882311265955884,0.03643629138050288,24,0.9572214660720998,42,64,largest,0.5
1118,group-1116,4,0,-0.07834571520062328,0.02634200001108499,20,0.933446359580435,42,64,largest,0.5
1119,group-1117,3,0,-0.006224482355768335,0.08473463250383942,48,0.9538388007094811,42,64,largest,0.5
1120,group-1118,2,0,-0.019393632195867316,0.0650412865947802,27,0.9784336138999543,42,64,largest,0.5
1121,group-1119,1,0,-0.008040805944296348,0.09368936235355463,0,0.9752428626449879,42,64,largest,0.5
1122,group-1120,4,1,0.004827718162182082,0.08971767715719821,35,0.9979699467795571,42,64,largest,0.5
1123,group-1121,3,0,-0.009096069789447547,0.08086625573973279,31,0.9662104964986951,42,64,largest,0.5
1124,group-1122,2,0,-0.02588841420126331,0.05904547631320415,34,0.980577653127186,42,64,largest,0.5
1125,group-1123,1,0,-0.05401155418783843,0.043322624155562615,59,0.9605323318512237,42,64,largest,0.5
1126,group-1124,0,0,-0.03845350601205777,0.044539168098026195,11,0.9562706766680749,42,64,largest,0.5
1127,group-1125,4,0,-0.035487209594474045,0.05003401297430065,15,0.9519914466016868,42,64,largest,0.5
1128,group-1126,3,1,0.00454303601617867,0.10077336164688892,37,0.9740294025677361,42,64,largest,0.5
1129,group-1127,2,0,-0.0320971604865139,0.05380141378730415,38,0.9888251411618245,42,64,largest,0.5
1130,group-1128,1,0,-0.06172620179520594,0.03793142290359994,22,0.949210637353553,42,64,largest,0.5
1131,group-1129,0,0,-0.0021378858590062055,0.07315738820302665,49,1.0052804346764228,42,64,largest,0.5
1132,group-1130,3,0,-0.06146380472630619,0.03357892660017587,6,0.9322230859700592,42,64,largest,0.5
1133,group-1131,2,0,-0.012757274926788797,0.07174916217178623,61,0.9934541691214105,42,64,largest,0.5
1134,group-1132,1,0,-0.00999560247900888,0.09075134065667569,35,0.9896144170653034,42,64,largest,0.5
1135,group-1133,0,0,-0.048587802587935935,0.038687099535462934,17,0.9484936379308392,42,64,largest,0.5
1136,group-1134,4,0,-0.010739104291558554,0.07182082580212426,52,0.9926044869138726,42,64,largest,0.5
1137,group-1135,3,0,-0.04945931821577276,0.04122043452735656,45,0.9778312748448976,42,64,largest,0.5
1138,group-1136,2,0,-0.005397150917761384,0.07993125175132396,38,0.9810830451510266,42,64,largest,0.5
1139,group-1137,1,0,-0.05520073722581531,0.042446273228880546,8,0.9586308817405534,42,64,largest,0.5
1140,group-1138,0,0,-0.04805228298460962,0.038976963932753274,47,0.9607244368153177,42,64,largest,0.5
1141,group-1139,4,1,0.008805725825142607,0.09489716743276946,35,1.0004623218438295,42,64,largest,0.5
1142,group-1140,2,0,-0.014038783772970853,0.07040595166762864,35,0.9916984572513744,42,64,largest,0.5
1143,group-1141,1,0,-0.03499117861229162,0.0599013971441371,46,0.9630332746709278,42,64,largest,0.5
1144,group-1142,0,0,-0.10709117219189823,0.016936249515129204,2,0.8978521450183731,42,64,largest,0.5
1145,group-1143,4,0,-0.06732540659459552,0.031110625510598146,47,0.9487448070826136,42,64,largest,0.5
1146,group-1144,3,0,-0.09395432724467112,0.01914991266123945,53,0.9154826323522071,42,64,largest,0.5
1147,group-1145,2,0,-0.12497818663032989,0.012847581166051347,1,0.8638728125562852,42,64,largest,0.5
1148,group-1146,1,0,-0.0356288298288856,0.059259913359402894,12,0.947585251701861,42,64,largest,0.5
1149,group-1147,0,0,-0.05034835000762228,0.03774866903634991,36,0.9533264175918177,42,64,largest,0.5
1150,group-1148,4,0,-0.03870499344641187,0.04770953354215571,42,0.9718645652481981,42,64,largest,0.5
1151,group-1149,3,0,-0.023964908328073298,0.06330307295217269,19,0.9749789194273024,42,64,largest,0.5
1152,group-1150,1,0,-0.04570226552496859,0.04994488348607635,9,0.962509264428038,42,64,largest,0.5
1153,group-1151,0,0,-0.04501804715348978,0.04065906660438418,21,0.9731318636675597,42,64,largest,0.5
1154,group-1152,4,0,-0.07389394724053044,0.028176132898665607,2,0.9363250735929183,42,64,largest,0.5
1155,group-1153,3,0,-0.03680177832303788,0.051068572306535796,46,0.985027393330586,42,64,largest,0.5
1156,group-1154,2,0,-0.08319076202952569,0.02464373518666512,33,0.9277857402103175,42,64,largest,0.5
1157,group-1155,1,0,-0.04590374713094203,0.04977350833738748,4,0.9641634316944132,42,64,largest,0.5
1158,group-1156,0,0,-0.03537292143958115,0.0464794931699772,8,0.9482653514727534,42,64,largest,0.5
1159,group-1157,4,0,-0.07343731460613467,0.028371135528507948,34,0.9306030918829913,42,64,largest,0.5
1160,group-1158,3,0,-0.05139100827190968,0.03988711400176324,25,0.9877096779513083,42,64,largest,0.5
1161,group-1159,2,0,-0.0008271401076753726,0.08543199962462539,18,1.002795484959529,42,64,largest,0.5
1162,group-1160,0,0,-0.08395376787874997,0.023529815148450237,2,0.9201984130452799,42,64,largest,0.5
1163,group-1161,4,0,-0.028489463163216655,0.055464322383462356,31,0.9863494942464828,42,64,largest,0.5
1164,group-1162,3,0,-0.054856751636154444,0.0375979066962443,41,0.9840425116333633,42,64,largest,0.5
1165,group-1163,2,0,-0.06807336821104848,0.031120104625630494,41,0.9297119235211355,42,64,largest,0.5
1166,group-1164,1,0,-0.04421222504925959,0.05122973252787278,25,0.9758534306417179,42,64,largest,0.5
1167,group-1165,0,0,-0.01725265752124794,0.059615840527328316,7,1.0073752070561282,42,64,largest,0.5
1168,group-1166,4,0,-0.051123616167188524,0.03966671185232109,41,0.9434333130501525,42,64,largest,0.5
1169,group-1167,3,0,-0.06641918559196824,0.03084005583261391,9,0.9450810033085602,42,64,largest,0.5
1170,group-1168,2,0,-0.01892186657266781,0.06549821211116967,33,0.9816601520577757,42,64,largest,0.5
1171,group-1169,1,0,-0.058636646012711346,0.040008456465953725,61,0.9554286467456786,42,64,largest,0.5
1172,group-1170,4,0,-0.04230511096535927,0.04523054018148141,14,0.9667400692417268,42,64,largest,0.5
1173,group-1171,3,0,-0.04032525842052037,0.04812289043271581,2,0.9776566987173995,42,64,largest,0.5
1174,group-1172,2,0,-0.07423761718287913,0.028301080147159676,39,0.9454865827898216,42,64,largest,0.5
1175,group-1173,1,0,-0.02298744128349728,0.07325304681521583,16,0.9979313003478812,42,64,largest,0.5
1176,group-1174,0,0,-0.012898976422274777,0.06325544181804366,15,0.9878620243438464,42,64,largest,0.5
1177,group-1175,4,0,-0.03710073256036672,0.048855316428662116,55,0.9727338467193025,42,64,largest,0.5
1178,group-1176,3,0,-0.048806498141563015,0.041680602589709535,50,0.982265732064624,42,64,largest,0.5
1179,group-1177,2,0,-0.02905579458587959,0.05631295044870221,3,0.9816150112126865,42,64,largest,0.5
1180,group-1178,1,0,-0.08517942297703851,0.025224220138209245,43,0.9286557676537129,42,64,largest,0.5
1181,group-1179,0,0,-0.002667774568354986,0.07263804246850543,38,0.9984889416978664,42,64,largest,0.5
1182,group-1180,3,0,-0.05072389069927208,0.04034284274222998,53,0.9499779122806885,42,64,largest,0.5
1183,group-1181,2,0,-0.031574848909203035,0.05422509134861659,26,0.9650831309885666,42,64,largest,0.5
1184,group-1182,1,0,-0.07638625001560018,0.029411309306104687,43,0.9246347026605587,42,64,largest,0.5
1185,group-1183,0,0,-0.043367857471569904,0.04160285752438078,36,0.9494100849346089,42,64,largest,0.5
1186,group-1184,4,0,-0.03769983523350495,0.048424407579572885,36,0.9630980522960717,42,64,largest,0.5
1187,group-1185,3,0,-0.06485206027356516,0.03168197598104766,6,0.9405837595626487,42,64,largest,0.5
1188,group-1186,2,0,-0.04292708609314411,0.04569121363318696,7,0.9732158821323671,42,64,largest,0.5
1189,group-1187,1,0,-0.019246389639855033,0.0779457472461919,31,0.9747591860984991,42,64,largest,0.5
1190,group-1188,0,0,-0.07216541267557952,0.027794757461969303,21,0.9200441677514478,42,64,largest,0.5
1191,group-1189,4,0,-0.07657808291372059,0.027055933823766073,21,0.9335636002970154,42,64,largest,0.5
1192,group-1190,2,0,-0.02623239292805213,0.0587428101963062,9,0.9941115484686824,42,64,largest,0.5
1193,group-1191,1,1,0.0027504050840205796,0.11148674559796592,7,0.9987283250978729,42,64,largest,0.5
1194,group-1192,0,0,-0.032567927814954656,0.048315952168570916,32,0.9939416706925657,42,64,largest,0.5
1195,group-1193,4,0,-0.03383694739458232,0.051267383657282554,10,0.9729752836283181,42,64,largest,0.5
1196,group-1194,3,0,-0.032498181101515256,0.05489798037683397,29,0.960509491651823,42,64,largest,0.5
1197,group-1195,2,0,-0.016615812089400883,0.06777496648114778,20,0.9887604731260813,42,64,largest,0.5
1198,group-1196,1,0,-0.025624838814699236,0.07010258837149133,54,0.9902968469481689,42,64,largest,0.5
1199,group-1197,0,0,-0.009604489712934927,0.06614620523776318,29,0.9769359559719833,42,64,largest,0.5
1200,group-1198,4,0,-0.02891957036853332,0.0551151274004546,2,0.975875539567043,42,64,largest,0.5
1201,group-1199,3,0,-0.039453692509240135,0.04883615723088115,22,0.9797585345839754,42,64,largest,0.5
1202,group-1200,0,0,-0.018140668248121106,0.05889795498685947,30,0.9960807966772325,42,64,largest,0.5
1203,group-1201,4,0,-0.04622433600253806,0.04267147469945871,26,0.9725485662358635,42,64,largest,0.5
1204,group-1202,3,0,-0.06614661285586865,0.030984920123634106,45,0.9518432257467732,42,64,largest,0.5
1205,group-1203,2,0,-0.04260303438024016,0.045916053705192646,26,0.9783993437602589,42,64,largest,0.5
1206,group-1204,1,0,-0.02611141971768327,0.06953520977179496,22,0.9769941758102398,42,64,largest,0.5
1207,group-1205,0,0,-0.02944479661987487,0.05044167494222252,31,0.986115006005783,42,64,largest,0.5
1208,group-1206,4,0,-0.00427506336055572,0.07881363818391883,22,0.9969332486055129,42,64,largest,0.5
1209,group-1207,3,0,-0.030970687576450606,0.056321097413724805,4,1.0026956345688578,42,64,largest,0.5
1210,group-1208,2,0,-0.05401749762327235,0.038599745829104685,59,0.9426488751663074,42,64,largest,0.5
1211,group-1209,1,0,-0.032800353318410136,0.062155246608112884,12,0.9672539361780207,42,64,largest,0.5
1212,group-1210,4,0,-0.013693681571169347,0.06881893262709833,23,0.9856121065272526,42,64,largest,0.5
1213,group-1211,3,0,-0.01832769347794072,0.06949872710498853,36,0.9881620091230713,42,64,largest,0.5
1214,group-1212,2,0,-0.0274411705257257,0.05769071074188733,45,0.9819414539756867,42,64,largest,0.5
1215,group-1213,1,0,-0.004703967044082047,0.09890193231072093,15,0.9820584439623,42,64,largest,0.5
1216,group-1214,0,0,-0.03880809524503037,0.044320847034746674,8,0.956299789556526,42,64,largest,0.5
1217,group-1215,4,0,-0.053922131952270136,0.038042479999832915,62,0.9566541188699974,42,64,largest,0.5
1218,group-1216,3,0,-0.06845660962350619,0.02977780985537182,17,0.9555247121431507,42,64,largest,0.5
1219,group-1217,2,0,-0.02320009716853766,0.061461726962705944,46,0.9822062822911123,42,64,largest,0.5
1220,group-1218,1,0,-0.04856445268869136,0.04756204859857677,28,0.9572831515647727,42,64,largest,0.5
1221,group-1219,0,0,-0.06701050808717146,0.029887770670361923,36,0.9422353418314247,42,64,largest,0.5
1222,group-1220,3,0,-0.01348750723179315,0.07526135632144229,48,0.9318620596622531,42,64,largest,0.5
1223,group-1221,2,0,-0.026380591435248957,0.058612859514341746,51,0.9864878245640528,42,64,largest,0.5
1224,group-1222,1,0,-0.025277400405681383,0.07051033592095622,23,0.9984914515073658,42,64,largest,0.5
1225,group-1223,0,0,-0.016920459670770716,0.05988649634252527,33,0.9694289172783426,42,64,largest,0.5
1226,group-1224,4,1,0.008608612914827285,0.09463433631593002,35,0.9931344697942455,42,64,largest,0.5
1227,group-1225,3,0,-0.02614417071610131,0.0610488773683586,14,0.9837969603945796,42,64,largest,0.5
1228,group-1226,2,0,-0.03174959917594522,0.05408299221331895,25,0.9477072381462632,42,64,largest,0.5
1229,group-1227,1,0,-0.02389270260871945,0.07215725268925091,11,0.9757453058539873,42,64,largest,0.5
1230,group-1228,0,0,-0.011841833990521966,0.06416996289013689,19,0.9931165895820844,42,64,largest,0.5
1231,group-1229,4,0,-0.03181202338505251,0.052820072607220395,33,0.9827748150569855,42,64,largest,0.5
1232,group-1230,2,1,0.011782020480644362,0.10242585043252792,47,0.980435318783841,42,64,largest,0.5
1233,group-1231,1,0,-0.04874250266596181,0.047417441135606676,1,0.9590145830978944,42,64,largest,0.5
1234,group-1232,0,0,-0.044313952916020805,0.04105922429494591,8,0.9643576892680639,42,64,largest,0.5
1235,group-1233,4,0,-0.056376575561185915,0.03667068806888371,15,0.9558636538476252,42,64,largest,0.5
1236,group-99,1,0,-0.03431655846867321,0.06058714624087472,54,0.9894416223331154,42,64,largest,0.5
1237,group-1234,3,0,-0.03609552390891768,0.051679200093792614,40,0.9949160808215537,42,64,largest,0.5
1238,group-1235,2,0,-0.05861860292075771,0.03597860073647969,39,0.9571158535056851,42,64,largest,0.5
1239,group-1236,1,0,-0.024696918148519154,0.07119647216759081,15,0.9726282073751803,42,64,largest,0.5
1240,group-1237,0,0,-0.026313997286491753,0.052661294548551923,52,0.9769330225952672,42,64,largest,0.5
1241,group-1238,4,0,-0.0636816249403761,0.03286392016085573,58,0.9472302189783698,42,64,largest,0.5
1242,group-1239,3,0,-0.09812920828584948,0.0178071286233641,23,0.9698549229272265,42,64,largest,0.5
1243,group-1240,1,0,-0.015650339207508357,0.08271442724713353,16,0.988278830209281,42,64,largest,0.5
1244,group-1241,0,0,-0.05571687931877689,0.03502025134106811,57,0.9486966633166917,42,64,largest,0.5
1245,group-1242,4,1,0.013553985615637365,0.10142869693325056,35,0.9866548063513817,42,64,largest,0.5
1246,group-1243,3,0,-0.034347434960652734,0.05322041347278182,4,0.9778064078873312,42,64,largest,0.5
1247,group-1244,2,0,-0.05511259065053231,0.037959743412342574,10,0.9473698574156193,42,64,largest,0.5
1248,group-1245,1,0,-0.07501410258881591,0.030122804936611014,11,0.9457028036536269,42,64,largest,0.5
1249,group-1246,0,0,-0.0363256809278103,0.04587095623764385,2,0.9602449848505338,42,64,largest,0.5
1250,group-1247,4,0,-0.1406203118722006,0.010172301821543307,54,0.8996701209192702,42,64,largest,0.5
1251,group-1248,3,0,-0.05972047901233879,0.03459721318737243,12,0.9729462778846808,42,64,largest,0.5
1252,group-1249,2,0,-0.030526812564595884,0.05508471811684563,25,0.976723098363073,42,64,largest,0.5
1253,group-1250,0,0,-0.01400227366680673,0.06231396386614303,38,0.9925047751743149,42,64,largest,0.5
1254,group-1251,4,0,-0.028688094927182273,0.05530279938927983,51,0.9914065227852901,42,64,largest,0.5
1255,group-1252,3,0,-0.03584621604569138,0.05189639573300971,17,0.9950381374257682,42,64,largest,0.5
1256,group-1253,2,0,-0.04977443117221558,0.04117864085906444,31,0.9603359833179125,42,64,largest,0.5
1257,group-1254,1,0,-0.03717351407969005,0.057732537240556575,42,0.9814818862969963,42,64,largest,0.5
1258,group-1255,0,0,-0.010544368002790128,0.06530921548114707,53,0.9896246161713667,42,64,largest,0.5
1259,group-1256,4,0,-0.05335968808649616,0.03836370414983003,58,0.9521177207203697,42,64,largest,0.5
1260,group-1257,3,0,-0.028978923372850796,0.058228897673308966,2,0.941119934677329,42,64,largest,0.5
1261,group-1258,2,0,-0.031107491476181526,0.05460685672603536,62,0.9746490028688761,42,64,largest,0.5
1262,group-1259,1,0,-0.05755200629448687,0.04076316357474772,36,0.9554304614020089,42,64,largest,0.5
1263,group-1260,4,0,-0.034816329847417005,0.05053198652221609,33,0.9891724896138853,42,64,largest,0.5
1264,group-1261,3,1,0.01572234964826702,0.12022230073953985,37,0.9753946411708526,42,64,largest,0.5
1265,group-1262,2,0,-0.08648575577003448,0.02341719021236161,11,0.9128923690667011,42,64,largest,0.5
1266,group-1263,1,0,-0.04447080005870707,0.0510045448469238,52,0.9720955234167519,42,64,largest,0.5
1267,group-1264,0,0,-0.03616444507828587,0.04597340336165219,14,0.9700805707906759,42,64,largest,0.5
1268,group-1265,4,0,-0.031991424640005706,0.05268073606387279,33,0.9838040480414483,42,64,largest,0.5
1269,group-1266,3,0,-0.04153801932513346,0.047146840825108144,2,0.9728427879204861,42,64,largest,0.5
1270,group-1267,2,0,-0.04373672884828206,0.04513402402959579,37,0.9593096779188389,42,64,largest,0.5
1271,group-1268,1,0,-0.10030300890194654,0.019342032140623848,6,0.9148872893693236,42,64,largest,0.5
1272,group-1269,0,0,-0.05101893337842367,0.0373970084902267,44,0.9560277231555392,42,64,largest,0.5
1273,group-1270,3,0,-0.04265415621251201,0.046265208181800355,18,0.9845567215405688,42,64,largest,0.5
1274,group-1271,2,0,-0.0071593282933288815,0.07789792483835775,27,0.9967394457404859,42,64,largest,0.5
1275,group-1272,1,0,-0.03318395598863466,0.06175496968413615,2,0.9785344565972707,42,64,largest,0.5
1276,group-1273,0,0,-0.06576646978811951,0.030415326641581506,2,0.949927027470092,42,64,largest,0.5
1277,group-1274,4,1,0.0008861898827076109,0.08483841264706996,35,0.9817917767822074,42,64,largest,0.5
1278,group-1275,3,0,-0.03588611714962231,0.0518615762040876,48,0.9438086436955194,42,64,largest,0.5
1279,group-1276,2,0,-0.03465803846841209,0.051768957952140954,50,0.973376977071182,42,64,largest,0.5
1280,group-1277,1,0,-0.02940361149440851,0.06580671288554443,10,0.9878906008002242,42,64,largest,0.5
1281,group-1278,0,0,-0.07220408748679208,0.027779605597696194,21,0.9324129091292063,42,64,largest,0.5
1282,group-1279,4,0,-0.08587557077001395,0.02350087952973281,11,0.921534162429242,42,64,largest,0.5
1283,group-1280,2,0,-0.023353163381828357,0.06132170509928613,10,0.9817971799901731,42,64,largest,0.5
1284,group-1281,4,0,-0.052497317580817215,0.03886128542156828,4,0.9548789872815626,42,64,largest,0.5
1285,group-1281,4,0,-0.052497317580817215,0.03886128542156828,4,0.9548789872815626,42,64,largest,0.5
1286,group-1282,1,1,0.014162135039307633,0.13345508297865435,7,0.9960547932667451,42,64,largest,0.5
1287,group-1283,0,0,-0.02280318436178319,0.05525993620998763,31,0.9811774041127733,42,64,largest,0.5
1288,group-1284,4,0,-0.010614312715203744,0.07195023876213023,31,0.9949846303353808,42,64,largest,0.5
1289,group-1285,3,0,-0.021966614309812615,0.06543806413465593,9,0.9603335461604046,42,64,largest,0.5
1290,group-1286,2,0,-0.020243656069299343,0.06422548035860787,31,0.9802095866507055,42,64,largest,0.5
1291,group-1287,1,0,-0.09132080651878793,0.02265033386117859,43,0.9238953602916867,42,64,largest,0.5
1292,group-1288,0,0,-0.050777569467121864,0.0375232179182678,21,0.9414762754640619,42,64,largest,0.5
1293,group-1289,4,0,-0.06374802528864765,0.0328311319658919,21,0.9522040735290364,42,64,largest,0.5
1294,group-1290,2,1,0.007492644746529553,0.09633284001307953,47,0.9963585408154163,42,64,largest,0.5
1295,group-1291,1,0,-0.09773328268727721,0.02023687564660297,29,0.9254363309217175,42,64,largest,0.5
1296,group-1292,0,0,-0.036391332171094026,0.0458293045948311,7,0.9842255842730385,42,64,largest,0.5
1297,group-1293,4,0,-0.078701310262147,0.0262006083244486,34,0.9363680864834749,42,64,largest,0.5
1298,group-1294,3,0,-0.019032445322028968,0.0686945054034625,42,0.9767727635984562,42,64,largest,0.5
1299,group-1295,2,0,-0.0715714496222779,0.029488589620494998,57,0.9323137315477448,42,64,largest,0.5
1300,group-1296,1,0,-0.009270802448222537,0.09183089998733564,4,0.9934882188974558,42,64,largest,0.5
1301,group-1297,0,0,-0.01543453950909901,0.06111127681928233,30,0.9878044876975723,42,64,largest,0.5
1302,group-1298,4,0,-0.024172227571665705,0.05908651790005464,55,0.987487763954299,42,64,largest,0.5
1303,group-1299,3,0,-0.04407727050313337,0.04516383381952858,49,0.9626670574352354,42,64,largest,0.5
1304,group-1300,0,0,-0.04104506022916998,0.04296690256606469,20,0.9695350563048265,42,64,largest,0.5
1305,group-1301,4,0,-0.09103398756084857,0.021729488074572357,54,0.9251153408365131,42,64,largest,0.5
1306,group-1302,3,0,-0.054623818639017885,0.037747724712869815,26,0.9752886439905689,42,64,largest,0.5
1307,group-1303,2,0,-0.020399912473583637,0.0640765547097322,54,0.9843570411987523,42,64,largest,0.5
1308,group-1304,1,0,-0.008595372514309974,0.09284730124632723,31,1.0058612893341186,42,64,largest,0.5
1309,group-1305,0,1,0.019646201327019996,0.09768155044320473,40,0.9863239868477258,42,64,largest,0.5
1310,group-1306,4,0,-0.06861288942550303,0.030513035363941888,21,0.9346354820435822,42,64,largest,0.5
1311,group-1307,3,0,-0.06209593937161928,0.03321688772174929,45,0.9557965379240622,42,64,largest,0.5
1312,group-1308,2,0,-0.001314875572161256,0.08482895501946253,22,0.9815366557994655,42,64,largest,0.5
1313,group-1309,1,0,-0.01227699319212483,0.08742753746490603,10,0.9937706654697883,42,64,largest,0.5
1314,group-1310,4,0,-0.019786514762872187,0.06299230182618179,31,0.9840750643954266,42,64,largest,0.5
1315,group-1311,3,1,0.0023024973206264843,0.09722803683895566,37,0.9751370639900343,42,64,largest,0.5
1316,group-1312,2,0,-0.03176410052995371,0.054071216146714195,35,0.9858418779596924,42,64,largest,0.5
1317,group-1313,1,0,-0.03811227205484591,0.05682243026809498,59,0.9595881091142917,42,64,largest,0.5
1318,group-1314,0,0,-0.0471755590919366,0.03945601736846174,47,0.9504447626921655,42,64,largest,0.5
1319,group-1315,4,0,-0.06363512420586614,0.03288690084635144,33,0.9400617017751396,42,64,largest,0.5
1320,group-1316,3,0,-0.04294858913645483,0.04603526413870592,10,0.9637154354330729,42,64,largest,0.5
1321,group-1317,2,0,-0.018104905652947312,0.0662965404933224,51,0.9766565038212814,42,64,largest,0.5
1322,group-1318,1,0,-0.03154724739558934,0.06347976243924044,37,0.978375625813851,42,64,largest,0.5
1323,group-1319,0,0,-0.04777941097166016,0.0391254635414044,11,0.97421881827265,42,64,largest,0.5
1324,group-1320,3,0,-0.07358239427426261,0.027259927336773,18,0.9900436285729746,42,64,largest,0.5
1325,group-1321,2,0,-0.03380587428509285,0.0524370929932702,46,0.976646656070917,42,64,largest,0.5
1326,group-1322,1,0,-0.09432693128519687,0.02148577695468712,6,0.9202924628362805,42,64,largest,0.5
1327,group-1323,0,0,-0.04535155577754635,0.04047082965972666,33,0.9744772794684671,42,64,largest,0.5
1328,group-1324,4,0,-0.04828521670570407,0.04138189460972962,32,0.9664084999638723,42,64,largest,0.5
1329,group-1325,3,0,-0.06591678323588113,0.0311075793978923,18,0.9876143746174009,42,64,largest,0.5
1330,group-1326,2,0,-0.047510573365669106,0.042621270970876396,10,0.9578700376159899,42,64,largest,0.5
1331,group-1327,1,1,0.0022191648956852994,0.11054540240869276,7,0.9963690557377392,42,64,largest,0.5
1332,group-1328,0,0,-0.03317597194122868,0.04791210100406975,45,0.9804683746515616,42,64,largest,0.5
1333,group-1329,4,0,-0.04966004454607731,0.040542430886783214,20,0.9663134977355272,42,64,largest,0.5
1334,group-1330,3,0,-0.06204016586292849,0.03324867836432503,15,0.9715601847787235,42,64,largest,0.5
1335,group-1330,3,0,-0.06204016586292849,0.03324867836432503,15,0.9715601847787235,42,64,largest,0.5
1336,group-1331,2,0,-0.037612331663046006,0.04951447695129884,4,0.9664592569761593,42,64,largest,0.5
1337,group-1332,1,0,-0.03499018675887522,0.05990240000541767,46,0.9657014576286503,42,64,largest,0.5
1338,group-1333,0,0,-0.029244818925049043,0.05058076337833235,32,0.9803955349732801,42,64,largest,0.5
1339,group-1334,4,0,-0.014608751235977602,0.06791302651586137,5,0.9874058746143974,42,64,largest,0.5
1340,group-1335,3,0,-0.05022966872665535,0.04068367326765379,13,0.9998794824473319,42,64,largest,0.5
1341,group-1336,2,0,-0.07009110244048433,0.03016865318018257,19,0.9538244021848293,42,64,largest,0.5
1342,group-1337,1,0,-0.039660190550075414,0.055351145241802256,16,0.9837654684602325,42,64,largest,0.5
1343,group-1338,0,0,-0.037117895775971355,0.04537074300611669,29,0.9722257898578014,42,64,largest,0.5
1344,group-1339,4,0,-0.019778661807519637,0.06299950686799338,1,0.9736522956989391,42,64,largest,0.5
1345,group-1340,2,0,-0.04094094763410305,0.047085921542380976,25,0.9686925406292964,42,64,largest,0.5
1346,group-1341,1,0,-0.01063152868611994,0.08981357845159425,52,0.9723374861174225,42,64,largest,0.5
1347,group-1342,0,0,-0.061049596901031844,0.032498708222922223,11,0.9561510190492095,42,64,largest,0.5
1348,group-1343,4,0,-0.003720125208932279,0.07944216093918022,55,0.992376639421876,42,64,largest,0.5
1349,group-1344,3,0,-0.06346653405702285,0.03244481711109867,23,0.9731314342152764,42,64,largest,0.5
1350,group-1345,2,0,-0.05673502833006239,0.03703025179923979,5,0.9303404330842294,42,64,largest,0.5
1351,group-1346,1,0,-0.010532121586624754,0.08995959003678283,10,0.9949403747254943,42,64,largest,0.5
1352,group-1347,0,0,-0.03295987734598527,0.048055258330512024,50,0.9666358549166882,42,64,largest,0.5
1353,group-1348,4,0,-0.016037978199574532,0.06652021055785501,7,0.9777672290627555,42,64,largest,0.5
1354,group-1349,3,0,-0.07521387557775994,0.02650282568489018,45,0.9419127279775595,42,64,largest,0.5
1355,group-1350,1,0,-0.01471267545243693,0.0840007916655393,36,0.985414922860272,42,64,largest,0.5
1356,group-1351,0,0,-0.012323116427329972,0.06375209406257294,9,0.9994398066027165,42,64,largest,0.5
1357,group-1352,4,0,-0.046800950994326684,0.04230684269681883,28,0.9607431507953309,42,64,largest,0.5
1358,group-1353,3,0,-0.08715561519917325,0.02155189008594495,45,0.941299298124207,42,64,largest,0.5
1359,group-1354,2,0,-0.04670062565156641,0.04314904172700244,7,0.9765169341260357,42,64,largest,0.5
1360,group-1355,1,0,-0.019941055424725906,0.07705404749797344,16,0.9866243949253615,42,64,largest,0.5
1361,group-1356,0,0,-0.046577610367114164,0.03978597762522129,31,0.9775232430683604,42,64,largest,0.5
1362,group-1357,4,0,-0.02680137436482588,0.05685506627880252,54,0.9623172130216731,42,64,largest,0.5
1363,group-1358,2,0,-0.03650294984742486,0.050349944022420996,3,0.9680244390628027,42,64,largest,0.5
1364,group-1358,2,0,-0.03650294984742486,0.050349944022420996,3,0.9680244390628027,42,64,largest,0.5
1365,group-1359,3,0,-0.047338113361368506,0.04273367576178576,28,0.9769271976932018,42,64,largest,0.5
1366,group-1360,1,0,-0.0238090280628247,0.07225790100199143,10,0.9827734152095506,42,64,largest,0.5
1367,group-1361,0,0,-0.01860077153527928,0.05852919283301364,2,0.9759069344693627,42,64,largest,0.5
1368,group-1362,4,0,-0.04970133121696618,0.04051747534812987,58,0.9587587069402793,42,64,largest,0.5
1369,group-1363,3,0,-0.05871582788344143,0.03519749291832638,19,0.9716261813574507,42,64,largest,0.5
1370,group-1364,2,0,-0.04425313833765088,0.04478202270345762,22,0.9640104075295207,42,64,largest,0.5
1371,group-1365,1,0,-0.026892594745918874,0.06863319972463057,31,0.9938369565642897,42,64,largest,0.5
1372,group-1366,0,0,-0.04203349900786313,0.04238130467611105,17,0.9748942294581039,42,64,largest,0.5
1373,group-1367,4,0,-0.03531740902672309,0.05015960958629422,4,0.9694568415849488,42,64,largest,0.5
1374,group-1368,3,0,-0.09974207279668534,0.01731351078448487,23,0.9403336871294183,42,64,largest,0.5
1375,group-1369,2,0,-0.019845303583493568,0.06460660382070992,26,0.9920028826754774,42,64,largest,0.5
1376,group-1370,0,0,-0.0023686827587954262,0.07293076427060018,31,0.9921576825770979,42,64,largest,0.5
1377,group-1371,4,0,-0.036112247086259375,0.04957425292377338,32,0.9784262303924907,42,64,largest,0.5
1378,group-1372,3,0,-0.07173707955011777,0.02814160381389241,35,0.9810266489505453,42,64,largest,0.5
1379,group-1373,2,0,-0.020547831668319305,0.06393587158529458,45,0.982789405776053,42,64,largest,0.5
1380,group-1374,1,0,-0.00642607389534855,0.0961803004165587,14,0.984633621095602,42,64,largest,0.5
1381,group-1375,0,0,-0.025821826925362834,0.053018510900431616,56,0.9768397949925024,42,64,largest,0.5
1382,group-1376,4,0,-0.09551918158948525,0.020295899284899614,8,0.9193496862026301,42,64,largest,0.5
1383,group-1377,3,0,-0.025936077927586343,0.06126084244086149,25,0.988359148117516,42,64,largest,0.5
1384,group-1378,2,0,-0.0077871426171179925,0.07718501956972841,27,0.9999682092922283,42,64,largest,0.5
1385,group-1379,1,0,-0.02221396731363867,0.07420143609613138,54,0.9910603423935932,42,64,largest,0.5
1386,group-1380,4,1,0.00018352252795594826,0.08399426080740924,35,0.9975977840741299,42,64,largest,0.5
1387,group-1381,3,0,-0.04513569336011247,0.04436094482642088,41,0.9805731873208542,42,64,largest,0.5
1388,group-1382,2,0,-0.001111882791299701,0.08507946820000457,61,0.9891897262687529,42,64,largest,0.5
1389,group-1383,1,0,-0.019532482350333336,0.07757736912751441,8,0.9697772284809175,42,64,largest,0.5
1390,group-1384,0,0,-0.07159664355449624,0.02801851685236186,57,0.9427497179941252,42,64,largest,0.5
1391,group-1385,4,0,-0.008584082032208284,0.07408607690679635,36,0.9951991645377327,42,64,largest,0.5
1392,group-1386,3,1,0.0012347120498580333,0.09557789125610934,37,0.9632650747774958,42,64,largest,0.5
1393,group-1387,2,0,-0.04274441470564805,0.045817829148310237,13,0.9632957779548709,42,64,largest,0.5
1394,group-1388,1,0,-0.05430413045663929,0.04310542539287177,31,0.9519006123961248,42,64,largest,0.5
1395,group-1389,0,0,-0.06032873384888704,0.032829021633770133,47,0.934193945323022,42,64,largest,0.5
1396,group-1390,3,1,0.018316931025940564,0.12517668017745595,37,0.9473485617010882,42,64,largest,0.5
1397,group-1391,2,0,-0.07330232240756263,0.028712277366215247,37,0.943431071991037,42,64,largest,0.5
1398,group-1392,1,0,-0.05487103569643825,0.042687530234686286,46,0.9574690222664782,42,64,largest,0.5
1399,group-1393,0,0,-0.03590330332963454,0.046139791496817496,54,0.9816435255465579,42,64,largest,0.5
1400,group-1394,4,0,-0.05984453870866935,0.034813303534772015,16,0.9535636276153566,42,64,largest,0.5
1401,group-1395,3,0,-0.0116461375907706,0.07756674317714328,9,0.9801507454663149,42,64,largest,0.5
1402,group-1396,2,0,-0.07611597131600001,0.027492474321580893,57,0.9340824397963168,42,64,largest,0.5
1403,group-1397,1,1,0.003952994468772286,0.11364362423339876,7,0.9959836389568788,42,64,largest,0.5
1404,group-1398,0,0,-0.0411784434900363,0.04288743123888501,26,0.9767178936279156,42,64,largest,0.5
1405,group-1399,4,0,-0.03647979987623573,0.04930576401481546,32,0.9782003059850354,42,64,largest,0.5
1406,group-1400,1,0,-0.08100724893460665,0.02713311196050977,29,0.926014922005581,42,64,largest,0.5
1407,group-1401,0,0,-0.10515072293321448,0.017411200047735064,2,0.9084849381061406,42,64,largest,0.5
1408,group-1402,4,0,-0.05206887493434331,0.039110790644682265,11,0.9531253030828161,42,64,largest,0.5
1409,group-1403,3,0,-0.032563027095265706,0.054838321018902327,27,1.002360059260749,42,64,largest,0.5
1410,group-1404,2,0,-0.02351182312684985,0.06117688112697626,18,0.9804338263422707,42,64,largest,0.5
1411,group-1405,1,0,-0.0021666615614912565,0.10303680208161435,53,0.9983746499897797,42,64,largest,0.5
1412,group-1406,0,0,-0.028446188431994757,0.05113985489878594,42,0.9858691242896124,42,64,largest,0.5
1413,group-1407,4,0,-0.02829781435580192,0.055620587822669675,51,0.9721410841843334,42,64,largest,0.5
1414,group-1408,3,0,-0.0535930651013643,0.038417596740296656,47,0.9762942908383321,42,64,largest,0.5
1415,group-1409,2,0,-0.01865174877238196,0.06576117508464943,44,0.9921373040548177,42,64,largest,0.5
1416,group-1410,0,0,-0.08766373602044919,0.022324821812222877,8,0.9357414080871714,42,64,largest,0.5
1417,group-1411,4,0,-0.0012538752551412014,0.08229116708813963,24,0.9953806960695764,42,64,largest,0.5
1418,group-1412,3,0,-0.02786024744448845,0.05932684404485547,36,0.9918857097264344,42,64,largest,0.5
1419,group-1413,2,0,-0.021875902101128886,0.06268560296489711,44,0.9840522659781025,42,64,largest,0.5
1420,group-1414,1,0,-0.04593437679725432,0.04974750436291939,12,0.9544050875901989,42,64,largest,0.5
1421,group-1415,0,0,-0.024861257906958034,0.053722288093761936,57,0.9771212270569978,42,64,largest,0.5
1422,group-1416,4,0,-0.039478351015506896,0.047166352603362105,51,0.9705876873848068,42,64,largest,0.5
1423,group-1417,3,0,-0.02020669889692983,0.06737364043498288,41,0.9581773121059496,42,64,largest,0.5
1424,group-1418,2,0,-0.058261992744376934,0.036175474763899325,55,0.9546830898967996,42,64,largest,0.5
1425,group-1419,1,0,-0.009017325974218227,0.09221115905643781,3,0.9947980332445562,42,64,largest,0.5
1426,group-1420,4,0,-0.012808923400035588,0.06970546020139448,55,0.9954217372955633,42,64,largest,0.5
1427,group-1421,3,0,-0.05829417292476213,0.035452411071658356,22,0.9960327062029688,42,64,largest,0.5
1428,group-1422,2,0,-0.014847151218877253,0.06957065560836202,18,1.0035705790705263,42,64,largest,0.5
1429,group-1423,1,0,-0.06171535900484526,0.03793852791698451,43,0.9393421789216377,42,64,largest,0.5
1430,group-1424,0,0,-0.0341747601284782,0.04725567536611205,22,0.9765591590312724,42,64,largest,0.5
1431,group-1425,4,0,-0.008265949409079987,0.0744259992715353,8,0.9932472831590322,42,64,largest,0.5
1432,group-1426,3,0,-0.02498072334062318,0.06224283082316594,41,0.9790726243901726,42,64,largest,0.5
1433,group-1427,2,0,-0.049125062827041655,0.04158759872100184,11,0.9525915600279145,42,64,largest,0.5
1434,group-1428,1,0,-0.006370722343769453,0.09626672785302372,0,0.9929992404644079,42,64,largest,0.5
1435,group-1429,0,0,-0.03759004872988703,0.04507509575012289,8,0.9743848101205812,42,64,largest,0.5
1436,group-1430,3,0,-0.1139622572658372,0.013505163964415206,14,0.9175546392043066,42,64,largest,0.5
1437,group-1431,2,0,-0.013769597826157387,0.07068615609250019,38,0.9809980259706605,42,64,largest,0.5
1438,group-1432,1,0,-0.021115282028827398,0.07556800275367341,10,1.00466590734136,42,64,largest,0.5
1439,group-1433,0,0,-0.04160962173095817,0.042631489608276896,57,0.9697908365002638,42,64,largest,0.5
1440,group-1434,4,0,-0.037515303633132824,0.04855674739199846,39,0.9636368541790392,42,64,largest,0.5
1441,group-1435,3,0,-0.08915925502012412,0.020814908737943647,46,0.9754854467124072,42,64,largest,0.5
1442,group-1436,2,0,-0.028210735629121908,0.05703013686231215,3,0.9775022992841298,42,64,largest,0.5
1443,group-1437,1,0,-0.06405587770782883,0.03643413845434626,28,0.9639470701735939,42,64,largest,0.5
1444,group-1438,0,0,-0.03197962049459169,0.04870976859388725,18,0.9758448350904874,42,64,largest,0.5
1445,group-1439,4,0,-0.001356335376536122,0.08217097561242448,44,0.9952110683533665,42,64,largest,0.5
1446,group-1440,2,0,-0.05131153861841309,0.04022588915764252,3,0.956267609076392,42,64,largest,0.5
1447,group-1441,1,0,-0.007646177088957207,0.09429273563844214,0,0.9982545996889199,42,64,largest,0.5
1448,group-1442,0,0,-0.06685669275819461,0.029952515134822392,54,0.9625061417247696,42,64,largest,0.5
1449,group-1443,4,0,-0.0390980210423425,0.04743274535438971,62,0.9576327203447604,42,64,largest,0.5
1450,group-1444,3,0,-0.03125842053138528,0.05605039990438218,34,1.0064643466534404,42,64,largest,0.5
1451,group-1445,2,0,-0.01772274186635414,0.06667308369987315,50,0.9961537191415859,42,64,largest,0.5
1452,group-1446,1,0,-0.1002383479101625,0.019364065666475295,12,0.8964398108226691,42,64,largest,0.5
1453,group-1447,0,0,-0.024208360649643157,0.05420566483892511,56,0.9804372103614064,42,64,largest,0.5
1454,group-1448,4,0,-0.028173476230676897,0.055722191396357416,47,0.984994101928587,42,64,largest,0.5
1455,group-1449,3,0,-0.051035857037747046,0.04012911125036371,27,0.9775133134241308,42,64,largest,0.5
1456,group-1450,1,0,-0.04930557561465765,0.046962873271725235,12,0.9418497798123027,42,64,largest,0.5
1457,group-1451,0,0,-0.031158307501839677,0.049264656679857126,22,0.9714777947599552,42,64,largest,0.5
1458,group-1452,4,0,-0.0709306817702946,0.02946513245164891,9,0.9384521983061926,42,64,largest,0.5
1459,group-1453,3,0,-0.07869289455840889,0.02495606867570308,10,0.9355505955706422,42,64,largest,0.5
1460,group-1454,2,0,-0.08171085427507385,0.025214798538489736,11,0.9234495605821554,42,64,largest,0.5
1461,group-1455,1,0,-0.012336931604552182,0.0873417136882263,10,0.9912595707414084,42,64,largest,0.5
1462,group-1456,0,0,-0.06347247321531557,0.03141187981414299,50,0.9410368047899622,42,64,largest,0.5
1463,group-1457,4,0,-0.013777857772643953,0.06873513418109556,50,0.9914014013564143,42,64,largest,0.5
1464,group-1458,3,0,-0.026115580972023045,0.06107795843782139,3,0.9566221434469268,42,64,largest,0.5
1465,group-1459,2,0,-0.013809592591455089,0.07064445916254676,35,0.9958680187734114,42,64,largest,0.5
1466,group-1460,0,0,-0.03561252819127525,0.04632573499700459,4,0.9854209897387839,42,64,largest,0.5
1467,group-1461,4,0,-0.02559423913205372,0.05786959984791817,2,0.9965386181553334,42,64,largest,0.5
1468,group-1462,3,0,-0.039086894903642144,0.049139323893215264,26,0.9953444233959293,42,64,largest,0.5
1469,group-1463,2,0,-0.029622314245223214,0.05583691276761571,17,0.9782743571400969,42,64,largest,0.5
1470,group-1464,1,0,-0.04471774087661462,0.05079036377847167,37,0.9758167443278043,42,64,largest,0.5
1471,group-1465,0,0,-0.04142898737563505,0.042738533634656656,7,0.9749097783335858,42,64,largest,0.5
1472,group-1466,4,0,-0.04133216594988576,0.04588813290453315,16,0.9626055853531656,42,64,largest,0.5
1473,group-1467,3,0,-0.027526001223640684,0.05965864248254873,35,1.0003360880029888,42,64,largest,0.5
1474,group-1468,2,0,-0.04888638319926264,0.04173888817378746,39,0.958795494254601,42,64,largest,0.5
1475,group-1469,1,0,-0.08504579856671823,0.02528327867135308,12,0.9290926564840546,42,64,largest,0.5
1476,group-1470,4,0,-0.051037622587746245,0.03971766030797076,12,0.9657629188042585,42,64,largest,0.5
1477,group-1471,3,0,-0.048631331676844414,0.041804909889936154,41,0.9898942039212378,42,64,largest,0.5
1478,group-1472,2,0,-0.011073119322947411,0.07355036282218373,9,0.9864369210877215,42,64,largest,0.5
1479,group-1473,1,0,-0.07027504253474426,0.032710609252071934,28,0.9249407485188608,42,64,largest,0.5
1480,group-1474,0,0,-0.03729898096085016,0.045257135469917754,54,0.9746468221513243,42,64,largest,0.5
1481,group-1475,4,0,-0.07303618351417851,0.028543516999845947,9,0.9318083794646944,42,64,largest,0.5
1482,group-1476,3,1,0.0033750189627097527,0.09891104561173585,37,0.983630560052705,42,64,largest,0.5
1483,group-1477,2,0,-0.03539716512441038,0.05119597479575682,18,0.9623844802246753,42,64,largest,0.5
1484,group-1478,1,0,-0.029431566404207854,0.06577586325286709,31,0.9813534450164673,42,64,largest,0.5
1485,group-1479,0,0,-0.010555030611498317,0.06529977685583105,39,0.984223189343951,42,64,largest,0.5
1486,group-1480,3,0,-0.030300623515930325,0.0569562615366565,33,0.9534081986490592,42,64,largest,0.5
1487,group-1481,2,0,-0.031060898478679655,0.05464505518955706,35,0.9798829099623102,42,64,largest,0.5
1488,group-1482,1,0,-0.031829681958377876,0.06317895492374864,46,0.9863700195457046,42,64,largest,0.5
1489,group-1483,0,0,-0.036573344988649836,0.04571401694855499,29,0.972146883020508,42,64,largest,0.5
1490,group-1484,4,0,-0.06495609626293186,0.03224008176492947,54,0.9482896370591625,42,64,largest,0.5
1491,group-1485,3,0,-0.04348880654390541,0.045616195153455316,10,0.9651876252419782,42,64,largest,0.5
1492,group-1486,2,0,-0.047713209152064784,0.04249019896355513,45,0.9586180030922274,42,64,largest,0.5
1493,group-1487,1,0,-0.05184831077045571,0.04496125887234943,28,0.9595072231662831,42,64,largest,0.5
1494,group-1488,0,0,-0.0428112833651868,0.04192587884843827,22,0.9782912190096933,42,64,largest,0.5
1495,group-1489,4,0,-0.028075316360347435,0.055802526604962106,18,0.9795279876383715,42,64,largest,0.5
1496,group-1490,2,0,-0.02491712173639149,0.05990802209169015,3,0.9616273651955508,42,64,largest,0.5
1497,group-1491,1,0,-0.0005599874663021476,0.10573358440834452,8,0.9860718003610631,42,64,largest,0.5
1498,group-1492,0,0,-0.05077567158686058,0.037524211941907165,45,0.9563309233970609,42,64,largest,0.5
1499,group-1493,4,0,-0.010518412366087193,0.07204983670763698,33,0.983372852931655,42,64,largest,0.5
1500,group-1494,3,0,-0.0460298220549441,0.04369330731982885,2,0.9760581029911929,42,64,largest,0.5
1501,group-1495,2,0,-0.06259183693497572,0.03385374741123049,41,0.9573343621887048,42,64,largest,0.5
1502,group-1496,1,0,-0.032611488841673864,0.062353209372793726,21,0.9877382126567061,42,64,largest,0.5
1503,group-1497,0,0,-0.00921155269710705,0.06649907354451268,7,1.004105499499433,42,64,largest,0.5
1504,group-1498,4,0,-0.013061089545169158,0.0694517188659823,51,0.9840305394816595,42,64,largest,0.5
1505,group-1499,3,0,-0.05244908667593018,0.039174412045184806,47,0.9624184533943796,42,64,largest,0.5
1506,group-1500,0,0,-0.04621206248964027,0.03998899546640457,38,0.960086375594305,42,64,largest,0.5
1507,group-1501,4,0,-0.04702626428415391,0.042165172871338245,32,0.9754316269885082,42,64,largest,0.5
1508,group-1502,3,0,-0.04836651737746123,0.04199350937520333,34,0.9884532142327518,42,64,largest,0.5
1509,group-1503,2,0,-0.010395627590166656,0.07428661314407085,39,0.9806078770505717,42,64,largest,0.5
1510,group-1504,1,0,-0.06120762277593417,0.03827267007497728,8,0.9459753567840934,42,64,largest,0.5
1511,group-1505,0,0,-0.01140076253869382,0.06455515792319357,62,0.9849342485510477,42,64,largest,0.5
1512,group-1506,4,0,-0.019590411318770484,0.06317245585851047,52,0.9974164614466127,42,64,largest,0.5
1513,group-1507,3,0,-0.04581645529865408,0.043851749896781166,28,0.9920084398781178,42,64,largest,0.5
1514,group-1508,2,0,-0.026634718284793024,0.05839065084072672,54,0.9837397707429476,42,64,largest,0.5
1515,group-1509,1,0,-0.017798001241002726,0.07983539930261427,31,0.9837034005689652,42,64,largest,0.5
1516,group-1510,4,0,-0.0031557337224275006,0.08008608493714511,39,0.9954413027136235,42,64,largest,0.5
1517,group-1511,3,0,-0.014765339557654356,0.07369868569063336,58,0.9983863524964971,42,64,largest,0.5
1518,group-1512,2,0,-0.06594079191081859,0.032157263507305654,28,0.9420784063875298,42,64,largest,0.5
1519,group-1513,1,0,-0.03258843280678769,0.06237741637410284,3,0.9790955731274346,42,64,largest,0.5
1520,group-1514,0,0,-0.0623914188442628,0.031892393686341745,13,0.9387725263678836,42,64,largest,0.5
1521,group-1515,4,0,-0.0046874171624976535,0.07834955466822732,22,0.9980575237429482,42,64,largest,0.5
1522,group-1516,3,1,0.0010250479696856107,0.09525683431553444,37,0.9594752812053933,42,64,largest,0.5
1523,group-1517,2,0,-0.0033127566113047013,0.0823988717230954,16,0.9782850674941057,42,64,largest,0.5
1524,group-1518,1,0,-0.036481408986407504,0.05841226386676988,10,0.983124446009937,42,64,largest,0.5
1525,group-1519,0,0,-0.0021954289638608238,0.07310082489230786,38,0.9906728497739742,42,64,largest,0.5
1526,group-1520,3,0,-0.04903530013685864,0.04151876514774265,25,0.9846343859380666,42,64,largest,0.5
1527,group-1521,2,0,-0.0289170870743809,0.056430084492140486,33,0.9734965809433138,42,64,largest,0.5
1528,group-1522,1,0,-0.048297914497350436,0.04777930712104959,47,0.9512724778549434,42,64,largest,0.5
1529,group-1523,0,0,-0.046250957391585246,0.03996734692002014,36,0.952807881436316,42,64,largest,0.5
1530,group-1524,4,0,-0.06650705749402008,0.03149633759087939,14,0.9543582183962622,42,64,largest,0.5
1531,group-1525,3,0,-0.03245485747847365,0.05493787286753367,40,0.9957697728147307,42,64,largest,0.5
1532,group-1526,2,0,-0.02919671859262729,0.05619417881295616,22,0.9736660306956423,42,64,largest,0.5
1533,group-1527,1,0,-0.020083319977162284,0.07687258835054685,9,0.9733307717913873,42,64,largest,0.5
1534,group-1528,0,0,-0.0033544963819066576,0.07197003971965867,15,0.9807660419075784,42,64,largest,0.5
1535,group-1529,4,0,-0.0018111115237147146,0.08163942471638178,63,0.9855084898793485,42,64,largest,0.5
1536,group-1530,2,0,-0.04814875631022841,0.042209774242506784,26,0.9525274136962593,42,64,largest,0.5
1537,group-1531,1,0,-0.0022388523061479537,0.10291707161819995,53,0.9876415662011938,42,64,largest,0.5
1538,group-1532,0,0,-0.07423562783052728,0.02699488170785771,5,0.92983751253992,42,64,largest,0.5
1539,group-1533,4,0,-0.0344836978932469,0.05078062577995219,4,0.9728512128298251,42,64,largest,0.5
1540,group-1534,3,0,-0.06557230425699434,0.03129230717334103,41,0.9664891318899166,42,64,largest,0.5
1541,group-1535,2,0,-0.03073586044631349,0.05491223319667514,35,0.984014104249844,42,64,largest,0.5
1542,group-1536,1,0,-0.025160224670334075,0.07064834481749627,53,0.9558917451393436,42,64,largest,0.5
1543,group-1537,0,0,-0.02090698151313919,0.05671323852831509,17,0.9660601692912478,42,64,largest,0.5
1544,group-1538,4,0,-0.013452506284293397,0.06905954972713521,55,0.9872052089671328,42,64,largest,0.5
1545,group-1539,3,0,-0.035717342913008654,0.05200900732790242,48,0.9523697461538988,42,64,largest,0.5
1546,group-1540,1,0,-0.008148028082024528,0.0935260226662681,53,0.9899049401895815,42,64,largest,0.5
1547,group-1541,0,0,-0.03334998267217315,0.04779711766529248,11,0.9676738012280376,42,64,largest,0.5
1548,group-1542,4,0,-0.01959881958062315,0.06316472160471183,63,0.9810410367402862,42,64,largest,0.5
1549,group-1543,3,0,-0.061691037524857495,0.033448348444909785,20,0.9225624973211672,42,64,largest,0.5
1550,group-1544,2,0,-0.07860175103864875,0.02645682382686726,1,0.9288816308749916,42,64,largest,0.5
1551,group-1545,1,0,-0.01729305736195541,0.08050395602842396,0,1.0024842398478186,42,64,largest,0.5
1552,group-1546,0,0,-0.07496289620412788,0.026719231652789922,11,0.9465929977776065,42,64,largest,0.5
1553,group-1547,4,0,-0.03698421954801645,0.04893954070318396,47,0.975741222184577,42,64,largest,0.5
1554,group-1548,3,0,-0.0018800854531915157,0.09090663006875077,29,0.9700954070594913,42,64,largest,0.5
1555,group-1549,2,0,-0.05667075425465695,0.037066654437044,11,0.9615147005069498,42,64,largest,0.5
1556,group-1550,0,0,-0.0156697682109046,0.06091583941981525,29,0.9902802145982472,42,64,largest,0.5
1557,group-1551,4,0,-0.030447028035112234,0.05389168055290196,23,0.9791979155234561,42,64,largest,0.5
1558,group-1552,3,0,-0.04544771088114974,0.04412686645273691,17,0.9863050549575303,42,64,largest,0.5
1559,group-1553,2,0,-0.04941114571352556,0.04140695340774127,13,0.9538240303180567,42,64,largest,0.5
1560,group-1554,1,0,-0.06843829445859861,0.03377029979696249,56,0.9250359512129211,42,64,largest,0.5
1561,group-1555,0,0,-0.056641128960792764,0.03457010468525745,29,0.9441651621378567,42,64,largest,0.5
1562,group-1556,4,0,-0.06493412678043498,0.03225073796922743,34,0.9445167490798073,42,64,largest,0.5
1563,group-1557,3,0,-0.03449502297558671,0.053088632424220294,21,0.9708202384547326,42,64,largest,0.5
1564,group-1558,2,0,-0.02449018068996811,0.06029088340502885,50,0.9664245921676895,42,64,largest,0.5
1565,group-1559,1,0,-0.020209113373620857,0.07671246466665409,15,0.9754877933829257,42,64,largest,0.5
1566,group-1560,4,0,-0.042198595986218446,0.04530209148799881,51,0.9702008024473335,42,64,largest,0.5
1567,group-1561,3,0,-0.031536149807040226,0.055790274905397196,26,0.975822541185489,42,64,largest,0.5
1568,group-1562,2,0,-0.012497608103730351,0.07202419715555962,22,0.9924758382075572,42,64,largest,0.5
1569,group-1563,1,0,-0.05139954006957714,0.04530852023554543,59,0.9680471796703817,42,64,largest,0.5
1570,group-1564,0,0,-0.033831031737018624,0.04748061093088616,21,0.9708735518037083,42,64,largest,0.5
1571,group-1565,4,0,-0.04926935500717822,0.04077931122493262,54,0.955852063095444,42,64,largest,0.5
1572,group-1566,3,0,-0.0646481103579456,0.031793167745374704,47,0.9619464183079568,42,64,largest,0.5
1573,group-1567,2,0,-0.03727191137977859,0.04976943763078341,48,0.9790475810126775,42,64,largest,0.5
1574,group-1568,1,0,-0.020340070333299876,0.07654609318971523,15,0.9750514784831076,42,64,largest,0.5
1575,group-1569,0,0,-0.03668245152778482,0.04564504085477769,13,0.9494516159335905,42,64,largest,0.5
1576,group-1570,3,0,-0.04889080069811513,0.04162090317403749,21,0.9835208855589722,42,64,largest,0.5
1577,group-1571,2,0,-0.1046751271158396,0.01764758287536896,11,0.8954179405931552,42,64,largest,0.5
1578,group-1572,1,0,-0.012223460307848932,0.08750425384058319,47,0.9825236550150468,42,64,largest,0.5
1579,group-1573,0,0,-0.03908510415638933,0.04415100269310102,2,0.9743975133989937,42,64,largest,0.5
1580,group-1574,4,0,-0.011555828028879334,0.07097914602752581,2,0.9823826347455652,42,64,largest,0.5
1581,group-1575,3,0,-0.015764670147333515,0.07249746559239094,48,0.9712465934622323,42,64,largest,0.5
1582,group-1576,2,0,-0.051560880367770845,0.040073342753582875,45,0.9598100805576025,42,64,largest,0.5
1583,group-1577,1,0,-0.07902903289800867,0.02808660175991401,28,0.9319763757367426,42,64,largest,0.5
1584,group-1578,0,0,-0.06015030214858896,0.03291128194144638,57,0.9496516039436067,42,64,largest,0.5
1585,group-1579,4,0,-0.048609340878596474,0.04118249983103749,26,0.9806273532569402,42,64,largest,0.5
1586,group-1580,2,0,-0.02007020441658225,0.06439117204721115,28,0.9652824540169977,42,64,largest,0.5
1587,group-1581,1,0,-0.028250900010164504,0.06709055579924293,22,0.9734198435000208,42,64,largest,0.5
1588,group-1582,0,0,-0.00015775969309539395,0.07512851706798729,15,0.9892216408478506,42,64,largest,0.5
1589,group-1583,4,0,-0.04026891981878611,0.04661716181131079,47,0.9689392903475745,42,64,largest,0.5
1590,group-1584,3,0,-0.02074044930747221,0.06678107011387,40,0.9654606938252823,42,64,largest,0.5
1591,group-1585,2,0,-0.057210283701338294,0.0367621483102992,57,0.9418010641755066,42,64,largest,0.5
1592,group-1586,1,0,-0.07469295113671903,0.030291724023244135,30,0.9515281663162461,42,64,largest,0.5
1593,group-1587,0,0,-0.033038466158277546,0.048003148251511724,8,0.9732939711401313,42,64,largest,0.5
1594,group-1588,4,0,-0.009097218593870138,0.07354080311583776,63,0.9888992606094841,42,64,largest,0.5
1595,group-1589,3,0,-0.02270375066888075,0.06464281753742634,3,0.9652641059731225,42,64,largest,0.5
1596,group-1590,1,0,-0.048754476213634046,0.047407731544545376,15,0.9666754044235244,42,64,largest,0.5
1597,group-1591,0,0,-0.0738057861146888,0.02715909872791126,13,0.9339241749108702,42,64,largest,0.5
1598,group-1592,4,0,-0.05677437183936884,0.03645288683351719,26,0.9701620918308856,42,64,largest,0.5
1599,group-1593,3,0,-0.04901635429865192,0.041532143158462126,46,1.0030807823967003,42,64,largest,0.5
1600,group-1594,2,0,-0.0014000080847009766,0.08472409240253402,23,0.9933745324522192,42,64,largest,0.5
1601,group-1595,1,0,-0.002606558282852056,0.10230913025684797,3,0.9924962895633044,42,64,largest,0.5
1602,group-1596,0,0,-0.01172114512057576,0.06427514922614845,58,0.9940017402766298,42,64,largest,0.5
1603,group-1597,4,0,-0.03144121601842065,0.053109173207076074,63,0.9769949626220235,42,64,largest,0.5
1604,group-1598,3,0,-0.061762138923912246,0.03340759117704669,47,0.9603671594395693,42,64,largest,0.5
1605,group-1599,2,0,-0.033695942764420006,0.052523875196849264,41,0.9772227836000221,42,64,largest,0.5
1606,group-1600,4,0,-0.04568062826222352,0.04301804626064007,9,0.9549730363301865,42,64,largest,0.5
1607,group-1601,3,0,-0.08645227603954209,0.021816597187335057,21,0.9467556997037845,42,64,largest,0.5
1608,group-1602,2,0,-0.04185567851789307,0.04643862082861632,26,0.9463264548227457,42,64,largest,0.5
1609,group-1603,1,0,-0.022635461070048213,0.07368323265275598,15,0.9836902171547107,42,64,largest,0.5
1610,group-1604,0,0,-0.038079378794696916,0.04477063015404671,31,0.9639422427561319,42,64,largest,0.5
1611,group-1605,4,0,-0.016991174822631128,0.06560609228055278,44,0.9952827692497198,42,64,largest,0.5
1612,group-1606,3,0,-0.05444173080592807,0.03786523936780953,0,0.9996175350573445,42,64,largest,0.5
1613,group-1607,2,0,-0.036636868413980284,0.05024838680660836,4,0.9667913470089712,42,64,largest,0.5
1614,group-1608,1,0,-0.030760084165929125,0.06432519167788091,54,0.9647670928082172,42,64,largest,0.5
1615,group-1609,0,0,-0.016779382011118393,0.06000178605655657,22,1.0003473223237145,42,64,largest,0.5
1616,group-1610,3,0,-0.0423239448049455,0.046524394258501654,5,0.9881761961997417,42,64,largest,0.5
1617,group-1611,2,0,-0.0658652168892182,0.03219462536689596,46,0.9550281634722335,42,64,largest,0.5
1618,group-1612,1,0,-0.04960503540487804,0.04672281041723378,29,0.958163600923678,42,64,largest,0.5
1619,group-1613,0,0,-0.016431492529051184,0.060286972424287245,19,1.0153440309918744,42,64,largest,0.5
1620,group-1614,4,0,-0.06839974593145026,0.03061119313213037,54,0.9446359908295106,42,64,largest,0.5
1621,group-1615,3,0,-0.023501776316333656,0.06379202929759878,2,0.9589027874339034,42,64,largest,0.5
1622,group-1616,2,0,-0.04746753794888958,0.04264915749801457,3,0.9582919547682018,42,64,largest,0.5
1623,group-1617,1,0,-0.04235860224505206,0.05287175405115692,44,0.9770949049972296,42,64,largest,0.5
1624,group-1618,0,0,-0.022660005305996433,0.05536843760624796,5,0.9767402311625161,42,64,largest,0.5
1625,group-1619,4,0,-0.022233752026388998,0.06078406949834307,33,0.9970812909961905,42,64,largest,0.5
1626,group-1620,2,0,-0.012669491239607145,0.07184203266147562,54,0.9852502981223128,42,64,largest,0.5
1627,group-1621,1,0,-0.014966911982118525,0.08365022439363558,1,0.9889824173693771,42,64,largest,0.5
1628,group-1622,0,0,-0.027595743383683757,0.05174164543354399,34,0.9706827301086552,42,64,largest,0.5
1629,group-1623,4,0,-0.05001144954195247,0.04033049551297995,18,0.9572264314643338,42,64,largest,0.5
1630,group-1624,3,0,-0.0468097649234307,0.04311877129719877,42,0.9973360180316633,42,64,largest,0.5
1631,group-1625,2,0,-0.026894398217437887,0.05816440299136294,50,0.9833645814920255,42,64,largest,0.5
1632,group-1626,1,0,-0.02074780682448718,0.07603021013109057,59,0.9920366637085541,42,64,largest,0.5
1633,group-1627,0,0,-0.05487095452766233,0.03543719769835403,2,0.9683741638758018,42,64,largest,0.5
1634,group-1628,4,0,-0.05576620746306671,0.03700731217422213,14,0.9547122077080212,42,64,largest,0.5
1635,group-1629,3,0,-0.03836791793902816,0.0497387596977037,35,1.0137372672013103,42,64,largest,0.5
1636,group-1630,1,0,-0.004394953459210482,0.09939749711372019,62,1.0045863322380681,42,64,largest,0.5
1637,group-1631,0,0,-0.06479079774899232,0.030835377663671653,3,0.9365713882255928,42,64,largest,0.5
1638,group-1632,4,0,-0.025956146778620792,0.05756366504606486,36,0.9662824570917525,42,64,largest,0.5
1639,group-1633,3,0,-0.07410140100142304,0.02701682572302087,55,0.9610567091464975,42,64,largest,0.5
1640,group-1634,2,0,-0.024747705505232975,0.06005967368306631,16,0.9798543918822535,42,64,largest,0.5
1641,group-1635,1,0,-0.03014302592742868,0.06499524396768738,46,0.9756688185003335,42,64,largest,0.5
1642,group-1636,0,0,-0.027989855828910892,0.051461936280489076,30,0.9785796619315541,42,64,largest,0.5
1643,group-1637,4,0,-0.009104933101184987,0.07353263371462707,32,0.9979115431332504,42,64,largest,0.5
1644,group-1638,3,0,-0.05726011558519706,0.036085116518122434,25,0.9941824087945228,42,64,largest,0.5
1645,group-1639,2,0,-0.042101459144729736,0.046266144421791805,29,0.972839405501942,42,64,largest,0.5
1646,group-1640,0,0,-0.07276998425813386,0.02755881639722377,34,0.9475990254963288,42,64,largest,0.5
1647,group-1641,4,0,-0.01648569167274383,0.06608938803309539,53,0.9847882990431285,42,64,largest,0.5
1648,group-1642,3,0,-0.005802779863037566,0.08531666365681623,48,0.9284314840269631,42,64,largest,0.5
1649,group-1643,2,0,-0.02847259343133335,0.05680699006591176,4,0.9901139666389179,42,64,largest,0.5
1650,group-1644,1,0,-0.03886190626998831,0.05610537453934915,31,0.9877253680287258,42,64,largest,0.5
1651,group-1645,0,0,-0.015801658897374726,0.0608065152468374,13,0.9854725941486046,42,64,largest,0.5
1652,group-1646,4,0,-0.009162202695201516,0.0734720132783718,49,0.999903420514027,42,64,largest,0.5
1653,group-1647,3,0,-0.01357574802429573,0.07515247473884823,19,1.0031235845524633,42,64,largest,0.5
1654,group-1648,2,0,-0.01158715077543726,0.07299623782959155,5,0.9853205311302121,42,64,largest,0.5
1655,group-1649,1,0,-0.03983794799283835,0.055184501825754725,31,0.9636450436282615,42,64,largest,0.5
1656,group-1650,4,0,-0.05006791898829244,0.04029653743204223,2,0.9544115363987171,42,64,largest,0.5
1657,group-1651,3,0,-0.08107129098859323,0.02394963548102722,46,0.9668616880582005,42,64,largest,0.5
1658,group-1652,2,0,-0.024703224395565604,0.06009955011781822,9,0.9865267622236138,42,64,largest,0.5
1659,group-1653,1,0,-0.01170969528503718,0.08824361518544187,5,0.9857797265855038,42,64,largest,0.5
1660,group-1654,0,0,-0.051003691601827494,0.03740496634681683,13,0.9475425153111372,42,64,largest,0.5
1661,group-1655,4,0,-0.10409090185240633,0.017809268485916675,34,0.9237871061135989,42,64,largest,0.5
1662,group-1656,3,0,-0.04691384066617843,0.043042652777080685,17,0.9823380958195476,42,64,largest,0.5
1663,group-1657,2,0,-0.0478919117431863,0.04237492751109196,46,0.9815003089397863,42,64,largest,0.5
1664,group-1658,1,0,-0.038564970632350204,0.05638838200450651,29,0.9709225307574968,42,64,largest,0.5
1665,group-1659,0,0,-0.014715095801620337,0.061712663269691055,32,0.9882452230636106,42,64,largest,0.5
1666,group-1660,3,0,-0.04653469035454938,0.0433205736096872,17,0.9531898214716823,42,64,largest,0.5
1667,group-1661,2,0,-0.02131246506940976,0.06321322175953444,27,0.9871297244279248,42,64,largest,0.5
1668,group-1662,1,0,-0.030713125969163646,0.06437595576449275,2,0.9755510321302715,42,64,largest,0.5
1669,group-1663,0,0,-0.011817890750886684,0.0641908178540444,22,0.9913680586984636,42,64,largest,0.5
1670,group-1664,4,1,0.00195457163589019,0.08613667017452932,35,0.9834274039162247,42,64,largest,0.5
1671,group-1665,3,0,-0.05860147569958973,0.035266451279145815,3,0.9358206535237885,42,64,largest,0.5
1672,group-1666,2,0,-0.012724580757465853,0.07178373791792515,20,0.9877251752289382,42,64,largest,0.5
1673,group-1667,1,0,-0.013384859111280512,0.08585348702314684,16,0.9789283928278134,42,64,largest,0.5
1674,group-1668,0,0,-0.05331946457701209,0.03621436725719114,33,0.9594568216900268,42,64,largest,0.5
1675,group-1669,4,0,-0.0769632778277548,0.02689877050442075,14,0.9402688809916776,42,64,largest,0.5
1676,group-1670,2,0,-0.06215648352601444,0.0340805321387336,19,0.967186003320464,42,64,largest,0.5
1677,group-1671,1,0,-0.06632396848303013,0.03503116663845191,13,0.9538279650703119,42,64,largest,0.5
1678,group-1672,0,0,-0.03302718527962922,0.048010624992110416,13,0.9697725751306011,42,64,largest,0.5
1679,group-1673,4,0,-0.08722736683551768,0.023023488393386648,14,0.9479630827555534,42,64,largest,0.5
1680,group-1674,3,0,-0.10348043010886465,0.01622050056727922,17,0.9376720049499826,42,64,largest,0.5
1681,group-1675,2,0,-0.04770124305577039,0.042497928345477394,13,0.9594429393637094,42,64,largest,0.5
1682,group-1676,1,0,-0.030348613682172232,0.06477128164693711,16,0.9791306256419097,42,64,largest,0.5
1683,group-1677,0,0,-0.07405767805851571,0.027062748330441113,12,0.9432703358794797,42,64,largest,0.5
1684,group-1678,4,0,-0.09167751234736443,0.021517872801764468,3,0.9140348067945366,42,64,largest,0.5
1685,group-1679,3,0,-0.054314014136619404,0.03794787393442433,18,0.9957902723438699,42,64,largest,0.5
1686,group-1680,1,0,-0.06657828486824358,0.03487713852537639,12,0.9253693349612537,42,64,largest,0.5
1687,group-1681,0,0,-0.014313535852794157,0.062050729066231484,38,0.9859082055797428,42,64,largest,0.5
1688,group-1682,4,0,-0.016026951436044712,0.06653085415518745,47,0.9661257534179529,42,64,largest,0.5
1689,group-1683,3,0,-0.04934849173425515,0.04129821121020058,42,0.9857634656906428,42,64,largest,0.5
1690,group-1684,2,0,-0.05594619594373662,0.03747940668615036,41,0.9396047003443165,42,64,largest,0.5
1691,group-1685,1,0,-0.061685820090625954,0.037957890525493226,25,0.9520680808228063,42,64,largest,0.5
1692,group-1686,0,0,-0.04822576488930175,0.0388828347336144,22,0.973225508148137,42,64,largest,0.5
1693,group-1687,4,0,-0.032549159052081666,0.05224977143952433,33,0.9724544450456398,42,64,largest,0.5
1694,group-1688,3,0,-0.057561696451624456,0.03589947476847142,6,0.961030821310156,42,64,largest,0.5
1695,group-1689,2,0,-0.007924113862249893,0.07703028038015472,18,0.9940606878067437,42,64,largest,0.5
1696,group-1690,0,0,-0.020269364973343862,0.05720994579948907,35,0.9861518328541743,42,64,largest,0.5
1697,group-1691,4,0,-0.01664942226166688,0.06593248299618236,9,0.992037805129244,42,64,largest,0.5
1698,group-1692,3,0,-0.02216066231051428,0.0652278408666735,23,0.9882375157973938,42,64,largest,0.5
1699,group-1693,2,0,-0.032819905331113564,0.05322030018607754,38,0.9742699205303698,42,64,largest,0.5
1700,group-1694,1,0,-0.0038484336687073517,0.1002793601940053,15,0.9883911403328186,42,64,largest,0.5
1701,group-1695,0,0,-0.023600911035318584,0.05465907344381813,54,0.9847872200123791,42,64,largest,0.5
1702,group-1696,4,0,-0.032994441593426904,0.05190809265793637,51,0.9683087142558673,42,64,largest,0.5
1703,group-1697,3,0,-0.03148373926624071,0.05583927622114252,48,0.9601018047873541,42,64,largest,0.5
1704,group-1698,2,0,-0.05049231687666311,0.040731012236312154,2,0.9389283790518227,42,64,largest,0.5
1705,group-1699,1,0,-0.0282305628041859,0.06711341391493121,57,1.0011507201090752,42,64,largest,0.5
1706,group-1700,3,0,-0.08300326236234323,0.023161349852952935,42,0.9734037229766642,42,64,largest,0.5
1707,group-1701,2,0,-0.044636999225711294,0.04452206771178348,5,0.9631561034718811,42,64,largest,0.5
1708,group-1702,1,0,-0.0351446509445823,0.059746410802280624,59,0.9782116617891927,42,64,largest,0.5
1709,group-1703,0,0,-0.07059124671131956,0.028418336331652954,54,0.9621922785537594,42,64,largest,0.5
1710,group-1704,4,0,-0.051359072215582446,0.039527532096798414,32,0.9710960440599842,42,64,largest,0.5
1711,group-1705,3,0,-0.03967579772607732,0.04865344552675344,47,0.9862678198761756,42,64,largest,0.5
1712,group-1706,2,0,-0.03739414595081614,0.04967774616569476,17,0.9829495673806331,42,64,largest,0.5
1713,group-1707,1,1,0.002085186077531831,0.11030909718114089,7,0.9833022014018629,42,64,largest,0.5
1714,group-1708,0,0,-0.05842576633635643,0.03371665222831667,59,0.968043005337151,42,64,largest,0.5
1715,group-1709,4,0,-0.06745983742305739,0.031047703016055608,34,0.9590547557658619,42,64,largest,0.5
1716,group-1710,2,0,-0.00036225812767543,0.08601040275808283,61,0.9927880402682357,42,64,largest,0.5
1717,group-1711,1,0,-0.026314557260947002,0.06929960031641182,1,0.9873275795557005,42,64,largest,0.5
1718,group-1712,0,0,-0.004781886125257984,0.0705996567815751,38,1.0024439500970779,42,64,largest,0.5
1719,group-1713,4,0,-0.09788981845437683,0.019576019552010677,47,0.9248542263896096,42,64,largest,0.5
1720,group-1714,3,0,-0.023852838889460992,0.06342106994251583,34,0.9978479303082215,42,64,largest,0.5
1721,group-1715,2,0,-0.06483344788029044,0.03270891436002353,59,0.9343017863743218,42,64,largest,0.5
1722,group-1716,1,0,-0.049750046706467876,0.046606981463820744,15,0.955271059148019,42,64,largest,0.5
1723,group-1717,0,0,-0.03417114483358741,0.04725803593358981,15,0.9697428827849933,42,64,largest,0.5
1724,group-1718,4,0,-0.037001484600603596,0.048927051551939396,5,0.9797982175685199,42,64,largest,0.5
1725,group-1719,3,0,-0.01950744647224545,0.06815733340607527,27,0.982205992930759,42,64,largest,0.5
1726,group-1720,1,0,-0.028048902007033027,0.06731791341283808,46,0.9835069067082959,42,64,largest,0.5
1727,group-1721,0,0,-0.060418164045170863,0.03278786742050043,20,0.9678741602214533,42,64,largest,0.5
1728,group-1722,4,0,-0.11289971773127427,0.015565865862763215,26,0.9058080122595769,42,64,largest,0.5
1729,group-1723,3,0,-0.027525949324185728,0.059658694136627624,41,0.9949480737737872,42,64,largest,0.5
1730,group-1724,2,0,-0.042179973150615835,0.046211175834145225,33,0.9547882464410714,42,64,largest,0.5
1731,group-1725,1,0,-0.0032368111310905334,0.10127451007169996,25,0.9926689296387059,42,64,largest,0.5
1732,group-1726,0,0,-0.057554278889043964,0.034130845660853386,2,0.9371554185647084,42,64,largest,0.5
1733,group-1727,4,0,-0.09150069926154547,0.021575813992357862,21,0.9149243880542863,42,64,largest,0.5
1734,group-1728,3,0,-0.03910375994293558,0.04912534548948727,9,0.9581545722712195,42,64,largest,0.5
1735,group-1729,2,0,-0.0668397008550975,0.0317160742428168,37,0.9583808493072358,42,64,largest,0.5
1736,group-1730,0,1,0.004004180553053516,0.07943141582985244,40,1.0009474745399314,42,64,largest,0.5
1737,group-1731,4,0,-0.05481345592717046,0.03753871000085079,27,0.9454762577844875,42,64,largest,0.5
1738,group-1732,3,0,-0.07461229384679735,0.026779583822448154,58,0.9521855475176556,42,64,largest,0.5
1739,group-1733,2,0,-0.026998008754096747,0.058074361386736696,51,0.9907201524681276,42,64,largest,0.5
1740,group-1734,1,0,-0.05210206229593828,0.04476602843226706,22,0.9435320258283696,42,64,largest,0.5
1741,group-1735,0,0,-0.006651584372971087,0.06884110409595474,27,0.9886395750457359,42,64,largest,0.5
1742,group-1736,4,0,-0.057495914884343025,0.036061000429305656,34,0.934133646753646,42,64,largest,0.5
1743,group-1737,3,0,-0.08898747098692361,0.0208771157309962,45,0.9502636339709443,42,64,largest,0.5
1744,group-1738,2,0,-0.06156363258778075,0.03439171862119373,2,0.9519782745546358,42,64,largest,0.5
1745,group-1739,1,0,-0.043594290712413164,0.05177169396535144,3,0.9711591289880417,42,64,largest,0.5
1746,group-1740,4,1,0.027305890848855263,0.1226364785639084,35,0.9675901565151218,42,64,largest,0.5
1747,group-1741,3,0,-0.0409341166969972,0.04763049653946331,6,0.969166470118288,42,64,largest,0.5
1748,group-1742,2,0,-0.05075848224064283,0.040566235061198365,24,0.9589486159842142,42,64,largest,0.5
1749,group-1743,1,0,-0.0615190438408324,0.03806738971937807,29,0.9449535009912697,42,64,largest,0.5
1750,group-1744,0,0,-0.03231373997177278,0.048485734842600076,30,0.9816951476199121,42,64,largest,0.5
1751,group-1745,4,1,0.003857381377747271,0.0884935152673353,35,0.9881890727395497,42,64,largest,0.5
1752,group-1746,3,0,-0.07456028963357264,0.0268036399619141,53,0.9397425045592283,42,64,largest,0.5
1753,group-1747,2,0,-0.08839273316594165,0.022734760368292285,11,0.9147252851700979,42,64,largest,0.5
1754,group-1748,1,0,-0.03512604431536803,0.059765180963695576,28,0.9600776388776279,42,64,largest,0.5
1755,group-1749,0,0,-0.02804534173690676,0.05142267188821782,21,0.982127414450214,42,64,largest,0.5
1756,group-1750,3,0,-0.016255016113993825,0.07191468052541974,42,0.9915562108139666,42,64,largest,0.5
1757,group-1751,2,0,-0.02197706084478801,0.06259131113398066,46,1.0043147120117586,42,64,largest,0.5
1758,group-1752,1,0,-0.040528029657274756,0.054542033506834585,16,0.9715264253805225,42,64,largest,0.5
1759,group-1753,0,0,-0.06260406363748205,0.03179731772577316,17,0.949421543438459,42,64,largest,0.5
1760,group-1754,4,0,-0.05717648378899087,0.036233987937346605,44,0.9628733663014785,42,64,largest,0.5
1761,group-1755,3,0,-0.058460818247144886,0.03535145116763764,45,0.9666442789948604,42,64,largest,0.5
1762,group-1756,2,0,-0.03590758436006658,0.05080379699554411,9,0.981315389661985,42,64,largest,0.5
1763,group-1757,1,0,-0.018973915780965966,0.0782980776563349,63,0.9792529968786747,42,64,largest,0.5
1764,group-1758,0,0,-0.056299960214007294,0.03473561424109445,13,0.9280747049672267,42,64,largest,0.5
1765,group-1759,4,0,-0.02875045386644981,0.05525218187118652,39,0.9785993574004914,42,64,largest,0.5
1766,group-1760,2,0,-0.05417922448684842,0.038504580453629866,57,0.9401369993822792,42,64,largest,0.5
1767,group-1761,1,0,-0.017665734495480145,0.08001003163552621,16,0.9862238610079025,42,64,largest,0.5
1768,group-1762,0,0,-0.026537626487444954,0.05249973695327389,32,0.9949816120597438,42,64,largest,0.5
1769,group-1763,4,0,-0.025110447862854324,0.05828095161421568,26,0.9847727033211156,42,64,largest,0.5
1770,group-1764,3,0,-0.06007374196623505,0.03438849313587811,17,0.9768787173732568,42,64,largest,0.5
1771,group-1765,2,0,-0.021173384517292893,0.06334409669475452,20,0.989365553039068,42,64,largest,0.5
1772,group-1766,1,0,-0.05081346635576833,0.04576587549301893,36,0.9675622512543013,42,64,largest,0.5
1773,group-1767,0,0,-0.055777822872343785,0.03499039622229789,55,0.959031854703684,42,64,largest,0.5
1774,group-1768,4,0,-0.008987843305700238,0.07365671776576926,44,0.9992950376391159,42,64,largest,0.5
1775,group-1769,3,0,-0.022157556425457137,0.06523120069664523,19,0.9861214365742884,42,64,largest,0.5
1776,group-1770,1,0,-0.03021676018995434,0.0649148368957675,24,0.9869074913526696,42,64,largest,0.5
1777,group-1771,0,0,-0.02473963638016108,0.053812022185436285,48,0.9689678278627686,42,64,largest,0.5
1778,group-1772,4,0,-0.011039567534584238,0.0715101161422406,32,1.0038959051761467,42,64,largest,0.5
1779,group-1773,3,0,-0.07188244859868687,0.02807115428360386,55,0.9519014393478844,42,64,largest,0.5
1780,group-1774,2,0,-0.03052725361979869,0.05508435366669317,33,0.9594172698796465,42,64,largest,0.5
1781,group-1775,1,0,-0.030434143718070183,0.06467831903237445,13,0.9785412847284483,42,64,largest,0.5
1782,group-1776,0,0,-0.016681032563326315,0.060082280838472626,38,0.996501037437257,42,64,largest,0.5
1783,group-1777,4,0,-0.019859398622072533,0.06292546796224961,24,0.9846830840645231,42,64,largest,0.5
1784,group-1778,3,0,-0.03660726147262383,0.051236067148964566,40,0.982828171196394,42,64,largest,0.5
1785,group-1779,2,0,-0.016648725064785652,0.06774196133398948,50,0.9950964884127426,42,64,largest,0.5
1786,group-1780,0,0,-0.021938541239151954,0.055918222206160745,57,0.9681714259351365,42,64,largest,0.5
1787,group-1781,4,0,-0.03373675441888935,0.051343184730206895,36,0.9556025125209067,42,64,largest,0.5
1788,group-1782,3,0,-0.05107802034553066,0.04010030807353057,27,0.9923942991416498,42,64,largest,0.5
1789,group-1783,2,0,-0.021193980722895134,0.0633246997213365,9,0.9886909593127686,42,64,largest,0.5
1790,group-1784,1,0,-0.045151405250897225,0.050416289154631595,31,0.970431270193177,42,64,largest,0.5
1791,group-1785,0,0,-0.02725451455237826,0.05198498247091939,38,0.9799155936917495,42,64,largest,0.5
1792,group-1786,4,0,-0.03132389492082521,0.05320095342605402,2,0.9691114691538054,42,64,largest,0.5
1793,group-1787,3,0,-0.10051377216819535,0.017082110584315538,45,0.9357755472149613,42,64,largest,0.5
1794,group-1788,2,1,0.021787131324321085,0.11797764388114665,47,0.9933428273566968,42,64,largest,0.5
1795,group-1789,1,0,-0.03171036502267488,0.06330587116850601,60,0.9762195457448992,42,64,largest,0.5
1796,group-1790,4,0,-0.07018350918069105,0.02979906973677832,9,0.9493746180096885,42,64,largest,0.5
1797,group-1791,3,0,-0.015340354173610016,0.0730052833586912,48,0.9620572589691961,42,64,largest,0.5
1798,group-1792,2,0,-0.03733044780275485,0.04972550787943943,33,0.9729910861409604,42,64,largest,0.5
1799,group-1793,1,0,-0.05655470377668714,0.04146911468770067,8,0.955118550400478,42,64,largest,0.5
1800,group-1794,0,0,-0.02011810504712941,0.057328376503909595,33,0.964354179202104,42,64,largest,0.5
1801,group-1795,4,0,-0.0036952164358179385,0.07947047973324914,6,0.9920959424170542,42,64,largest,0.5
1802,group-1796,3,0,-0.0014120488695550382,0.09159519018612262,18,1.004115632065219,42,64,largest,0.5
1803,group-1797,2,0,-0.02428990742358017,0.060471267321316864,16,0.9848081660386475,42,64,largest,0.5
1804,group-1798,1,0,-0.014133257095467866,0.08480474345721971,22,0.9845950557584112,42,64,largest,0.5
1805,group-1799,0,0,-0.03555129358736664,0.046364983790153746,7,0.9739049934523362,42,64,largest,0.5
1806,group-1800,2,0,-0.04535550161018431,0.04403935185647145,6,0.9624095633500598,42,64,largest,0.5
1807,group-1801,1,0,-0.056765435646269236,0.04131897781215292,59,0.9633827921210132,42,64,largest,0.5
1808,group-1802,0,0,-0.005993683325774879,0.0694552211567347,23,0.9937650877942908,42,64,largest,0.5
1809,group-1803,4,0,-0.04537378247821222,0.043214821723761364,22,0.96288540768489,42,64,largest,0.5
1810,group-1804,3,0,-0.09511770380918383,0.01876605671374604,50,0.9481123334824447,42,64,largest,0.5
1811,group-1805,2,0,-0.04094579529136111,0.047082468641413903,52,0.9561612630114817,42,64,largest,0.5
1812,group-1806,1,0,-0.061599263377317026,0.03801468268596784,53,0.9576507865921968,42,64,largest,0.5
1813,group-1807,0,0,-0.06689302883102832,0.02993720818184771,50,0.9415238838316959,42,64,largest,0.5
1814,group-1808,4,0,-0.039099307665540595,0.04743184176540003,11,0.9544248145838778,42,64,largest,0.5
1815,group-1809,3,0,-0.06070556422419604,0.034018215094012455,42,0.9849471116356827,42,64,largest,0.5
1816,group-1810,1,0,-0.03637451671151104,0.05851791127539045,63,0.9481859160989686,42,64,largest,0.5
1817,group-1811,0,0,-0.0929824724595979,0.020701884092701607,17,0.9056705835148425,42,64,largest,0.5
1818,group-1812,4,0,-0.0013431322106831622,0.08218645469164536,52,0.9934792873407292,42,64,largest,0.5
1819,group-1813,3,0,-0.044243789084561724,0.04503660613447453,20,0.981010279108774,42,64,largest,0.5
1820,group-1814,2,0,-0.005795382987907605,0.07946754609826595,61,0.9856137021779551,42,64,largest,0.5
1821,group-1815,1,1,0.008157272674657712,0.12147190947904732,7,0.9999417351951783,42,64,largest,0.5
1822,group-1816,0,0,-0.01842501871330382,0.058669798379789376,52,0.9957280541987293,42,64,largest,0.5
1823,group-1817,4,0,-0.028332554110234165,0.055592231220293116,8,0.9827020970865883,42,64,largest,0.5
1824,group-1818,3,0,-0.031398758936898696,0.055918814776870544,42,0.9856026500302741,42,64,largest,0.5
1825,group-1819,2,0,-0.011602960388993111,0.07297925620559219,26,0.9844778698118434,42,64,largest,0.5
1826,group-1820,0,0,-0.016158062960808794,0.06051200923474249,60,0.9863489896793284,42,64,largest,0.5
1827,group-1821,4,0,-0.05663044077160617,0.03653154782901226,33,0.9483405485732853,42,64,largest,0.5
1828,group-1822,3,0,-0.021906262172882607,0.06550357540301077,42,0.9952175443940755,42,64,largest,0.5
1829,group-1823,2,0,-0.04221993849308625,0.04618321949581165,41,0.9539458231704975,42,64,largest,0.5
1830,group-1824,1,0,-0.08695764104156756,0.024450975434397906,28,0.9198348113942474,42,64,largest,0.5
1831,group-1825,0,0,-0.03602872840568805,0.04605980470621946,3,0.9623093484415026,42,64,largest,0.5
1832,group-1826,4,0,-0.06557619206706744,0.0319407070124167,62,0.9421832811196584,42,64,largest,0.5
1833,group-1827,3,0,-0.06880752085777819,0.029598471544906493,6,0.9310970094800222,42,64,largest,0.5
1834,group-1828,2,0,-0.1028653403125217,0.018152631213680485,11,0.9027426120547986,42,64,largest,0.5
1835,group-1829,1,0,-0.059457998082834806,0.03944587654625856,11,0.9500820310323012,42,64,largest,0.5
1836,group-1830,4,0,-0.09435266554896926,0.020659584359952472,20,0.9386845301218583,42,64,largest,0.5
1837,group-1831,3,0,-0.04780178854173067,0.04239842742355259,60,0.9786146985441705,42,64,largest,0.5
1838,group-1832,2,0,-0.05123173795068392,0.04027482834161264,3,0.9391110629304437,42,64,largest,0.5
1839,group-1833,1,0,-0.033636796098054256,0.061285545388429716,60,0.9612734577727976,42,64,largest,0.5
1840,group-1834,0,0,-0.021353468670163966,0.05636783806320585,52,1.0009666638684305,42,64,largest,0.5
1841,group-1835,4,0,-0.021031251364410086,0.06185993355297644,63,0.9855632108685849,42,64,largest,0.5
1842,group-1836,3,0,-0.05822474294302027,0.0354945562365972,59,0.9751278835385644,42,64,largest,0.5
1843,group-1837,2,0,-0.03342399629045689,0.05273913856715986,33,0.9657947019047064,42,64,largest,0.5
1844,group-1838,1,0,-0.012524672443399498,0.08707338681226441,52,0.9843351393136143,42,64,largest,0.5
1845,group-1839,0,0,-0.03587891146290423,0.04615536216184126,7,0.9699855859418315,42,64,largest,0.5
1846,group-1840,3,0,-0.04558919235936709,0.04402111440510445,42,0.9936987239082345,42,64,largest,0.5
1847,group-1841,2,0,-0.018791031709150086,0.06562545911521447,22,0.9924258523565003,42,64,largest,0.5
1848,group-1842,1,0,-0.015465554211955057,0.08296650436280906,56,0.9837005850553262,42,64,largest,0.5
1849,group-1843,0,0,-0.03879658534445707,0.044327917643519746,53,0.956942863121278,42,64,largest,0.5
1850,group-1844,4,0,-0.029941140863895543,0.054294017308477084,28,0.9678776497256762,42,64,largest,0.5
1851,group-1845,3,0,-0.03392067250710562,0.05360320786765597,18,0.9713038285359091,42,64,largest,0.5
1852,group-1846,2,0,-0.015854637091107238,0.0685424447001684,54,0.9932078955301291,42,64,largest,0.5
1853,group-1847,1,0,-0.014105421563279208,0.08484354090531429,62,0.9939661485005997,42,64,largest,0.5
1854,group-1848,0,0,-0.038741783636502714,0.044361597454356055,57,0.96827086963605,42,64,largest,0.5
1855,group-1849,4,0,-0.019593320350513976,0.06316977991545432,52,0.9841215487392946,42,64,largest,0.5
1856,group-1850,2,0,-0.010720238025300088,0.07393300730099701,34,0.9933278014004644,42,64,largest,0.5
1857,group-1851,1,0,-0.04183828882617535,0.053341531178629734,46,0.9708546628389346,42,64,largest,0.5
1858,group-1852,0,0,-0.0725553256062339,0.02764236576778412,36,0.9474666126467761,42,64,largest,0.5
1859,group-1853,4,0,-0.02816017213801769,0.055733073245626236,53,0.9856009876364574,42,64,largest,0.5
1860,group-1854,3,0,-0.018665291962756125,0.06911239802722441,48,0.9747885266378046,42,64,largest,0.5
1861,group-1855,2,0,-0.02978889661616324,0.055697658052395065,27,0.9880679068769147,42,64,largest,0.5
1862,group-1856,1,0,-0.077296730703595,0.028948222805335152,30,0.931061532392661,42,64,largest,0.5
1863,group-1857,0,0,-0.01883464798198997,0.05834257733753387,30,0.9944838580814647,42,64,largest,0.5
1864,group-1858,4,0,-0.038406931254416854,0.047920464965415174,32,0.980445797816184,42,64,largest,0.5
1865,group-1859,3,0,-0.08500525228843325,0.02237123043947872,10,0.9449980023622035,42,64,largest,0.5
1866,group-1860,1,0,-0.06221677803338688,0.03761129428517548,22,0.9651090139522795,42,64,largest,0.5
1867,group-1861,0,0,-0.008940131072205704,0.06674383777981892,54,0.9889286373652119,42,64,largest,0.5
1868,group-1862,4,0,-0.07499351929563924,0.027711891782762184,18,0.9362325735971948,42,64,largest,0.5
1869,group-1863,3,0,-0.04367839131224904,0.045469989330217196,6,0.954759108272764,42,64,largest,0.5
1870,group-1864,2,0,-0.07408346020164391,0.028368458731111393,46,0.948600264743168,42,64,largest,0.5
1871,group-1865,1,0,-0.061295231560827945,0.03821481351833187,46,0.9414996122260504,42,64,largest,0.5
1872,group-1866,0,0,-0.023420913206756988,0.0547941111159657,58,0.9837788832009599,42,64,largest,0.5
1873,group-1867,4,0,-0.020421348325729283,0.06241238214968964,2,0.9855696957315537,42,64,largest,0.5
1874,group-1868,3,0,-0.02190557536833504,0.06550432126908824,56,0.9998968721623478,42,64,largest,0.5
1875,group-1869,2,0,-0.049006525764906717,0.041662668932674445,37,0.9385906331691648,42,64,largest,0.5
1876,group-1870,0,0,-0.03531269746668175,0.046518215803814954,55,0.9821615796754037,42,64,largest,0.5
1877,group-1871,4,0,-0.08973391943053954,0.022163225572804496,27,0.9192021121943716,42,64,largest,0.5
1878,group-1872,3,0,-0.019092201320439317,0.06862671318547432,3,0.9862108663284321,42,64,largest,0.5
1879,group-1873,2,0,-0.029428269087214853,0.055999538045199214,32,0.9855027946976146,42,64,largest,0.5
1880,group-1874,1,1,0.008373735133396676,0.12188727701059797,7,0.9930424869500182,42,64,largest,0.5
1881,group-1875,0,0,-0.0175222426422339,0.05939704053839012,54,1.000171249827485,42,64,largest,0.5
1882,group-1876,4,0,-0.015075492274076563,0.06745522847479472,4,0.9893423886855033,42,64,largest,0.5
1883,group-1877,3,0,-0.06458192725153256,0.031829331257925066,6,0.9329647284724755,42,64,largest,0.5
1884,group-1878,2,0,-0.037950975093228534,0.049262075802539954,9,0.970670901533121,42,64,largest,0.5
1885,group-1879,1,0,-0.008872509866837075,0.09242904302791713,16,0.991478416350957,42,64,largest,0.5
1886,group-1880,4,0,-0.019846828833796293,0.06293698962639692,19,1.001176719106737,42,64,largest,0.5
1887,group-1881,3,0,-0.06174412942271135,0.033417910179540766,6,0.9236161978323818,42,64,largest,0.5
1888,group-1882,2,0,-0.10229717471675415,0.018314092983370316,5,0.9151269322513592,42,64,largest,0.5
1889,group-1883,1,0,-0.06922601911591664,0.03331183311075904,37,0.9399630162614923,42,64,largest,0.5
1890,group-1884,0,0,-0.04100824633527689,0.042988861475613406,33,0.9639631759788511,42,64,largest,0.5
1891,group-1885,4,0,-2.5873729876391138e-05,0.08374418120054175,40,0.9856260137355464,42,64,largest,0.5
1892,group-1886,3,0,-0.018137598828379953,0.06971713938055162,42,0.9851831850042195,42,64,largest,0.5
1893,group-1887,2,0,-0.06027227391517653,0.035079062882443605,11,0.9342368385454545,42,64,largest,0.5
1894,group-1888,1,0,-0.0409413148974449,0.054160644757082266,43,0.9822238219444261,42,64,largest,0.5
1895,group-1889,0,0,-0.012163966569117557,0.06388999299749905,30,0.9965175131719037,42,64,largest,0.5
1896,group-1890,3,0,-0.06888619794736994,0.02955840640595533,45,0.9516977242168624,42,64,largest,0.5
1897,group-1891,2,0,-0.04141696520810867,0.04674800894366669,54,0.9827736562892977,42,64,largest,0.5
1898,group-1892,1,0,-0.036292793402742385,0.05859880368552248,44,0.9794485215647304,42,64,largest,0.5
1899,group-1893,0,0,-0.015574333275692576,0.06099506001487204,42,0.9969599120835444,42,64,largest,0.5
1900,group-1894,4,0,-0.031063275937495916,0.05340537137101944,4,0.9606317145393224,42,64,largest,0.5
1901,group-1895,3,0,-0.09050315505512962,0.02033447331054591,45,0.928719669139418,42,64,largest,0.5
1902,group-1896,2,0,-0.014082225976490115,0.07036082758134295,34,0.9774084066194443,42,64,largest,0.5
1903,group-1897,1,0,-0.06197564175845005,0.03776832354048525,12,0.9405104076761983,42,64,largest,0.5
1904,group-1898,0,0,-0.04283676818150195,0.041911035861441244,31,0.9513268595261939,42,64,largest,0.5
1905,group-1899,4,0,-0.05860397208012591,0.03546707489698748,41,0.9464056299781249,42,64,largest,0.5
1906,group-1900,1,0,-0.06004576486289559,0.039047954148036405,28,0.930804988792364,42,64,largest,0.5
1907,group-1901,0,0,-0.026746509563119525,0.052349255457324335,52,0.9835554480107199,42,64,largest,0.5
1908,group-1902,4,0,-0.05184976013940479,0.03923898621449121,14,0.9631618508180142,42,64,largest,0.5
1909,group-1903,3,0,-0.03767502660728228,0.05032299905284768,3,0.9681012236508062,42,64,largest,0.5
1910,group-1904,2,0,-0.016568301894042237,0.06782263602621957,44,0.9870307288041308,42,64,largest,0.5
1911,group-1905,1,0,-0.05702430612102316,0.04113525624267087,15,0.964826777551,42,64,largest,0.5
1912,group-1906,0,0,-0.030203277008319263,0.049917421963066845,15,0.9703698816498149,42,64,largest,0.5
1913,group-1907,4,0,-0.07219928006679377,0.0289064456827971,9,0.9349866594477251,42,64,largest,0.5
1914,group-1908,3,0,-0.0941201258395914,0.01909474064232846,14,0.9252995689930279,42,64,largest,0.5
1915,group-1909,2,0,-0.040376217789684477,0.04748982001730647,25,0.9505963089740551,42,64,largest,0.5
1916,group-1910,0,0,-0.01709430874508422,0.05974471086232735,60,0.9831370497847997,42,64,largest,0.5
1917,group-1911,4,0,-0.08302524829213798,0.024539348362082648,34,0.9372920556642664,42,64,largest,0.5
1918,group-1912,3,0,-0.037990703960126604,0.050056021273551674,42,1.008766955243848,42,64,largest,0.5
1919,group-1913,2,0,-0.05949008556386215,0.03550181178889944,25,0.9613089298084608,42,64,largest,0.5
1920,group-1914,1,0,-0.0134027525809155,0.08582827601982765,12,0.9763869211432468,42,64,largest,0.5
1921,group-1915,0,0,-0.03426804202606948,0.04719480670070886,34,0.9621415655168021,42,64,largest,0.5
1922,group-1916,4,0,-0.025510400488432672,0.057940689362416004,31,0.9950575825456857,42,64,largest,0.5
1923,group-1917,3,0,-0.07111023049187948,0.02844736196591855,10,0.976737600104007,42,64,largest,0.5
1924,group-1918,2,0,-0.0605821418271737,0.034912933727747425,17,0.9415562964472248,42,64,largest,0.5
1925,group-1919,1,0,-0.07139766757638089,0.03207881831541215,19,0.9589527992324646,42,64,largest,0.5
1926,group-1920,4,0,-0.03208060383684441,0.052611602004135415,41,0.9754391225324479,42,64,largest,0.5
1927,group-1921,3,0,-0.0526042367157189,0.03907093813047008,3,0.9791774600594134,42,64,largest,0.5
1928,group-1922,2,0,-0.05797550339094981,0.03633438783031817,13,0.9604094762809136,42,64,largest,0.5
1929,group-1923,1,0,-0.07944176539393744,0.02788501735748093,6,0.9355588404321542,42,64,largest,0.5
1930,group-1924,0,0,-0.042840917868644746,0.04190861945684188,53,0.9656455824823119,42,64,largest,0.5
1931,group-1925,4,0,-0.017562192642935792,0.06506409219821711,12,0.9916620388510816,42,64,largest,0.5
1932,group-1926,3,0,-0.01572971165048931,0.07253918023951522,3,0.9720825441521859,42,64,largest,0.5
1933,group-1927,2,0,-0.022489016023065078,0.06211613575463171,50,0.9878538521788327,42,64,largest,0.5
1934,group-1928,1,0,-0.053918794392494473,0.04339170378380063,6,0.9371838700310516,42,64,largest,0.5
1935,group-1929,0,0,-0.012224234044391324,0.06383774023786777,50,0.9756036356474169,42,64,largest,0.5
1936,group-1930,3,0,-0.012480937104569656,0.07651366914003768,48,0.9767654630324143,42,64,largest,0.5
1937,group-1931,2,0,-0.043650200610953815,0.0451932617373349,13,0.9437145258433008,42,64,largest,0.5
1938,group-1932,1,0,-0.06254497665976078,0.03739857729315479,17,0.954071986300663,42,64,largest,0.5
1939,group-1933,0,0,-0.03716773519152761,0.04533944815368514,33,0.9619087253596492,42,64,largest,0.5
1940,group-1934,4,0,-0.0698194594993915,0.02996310246998873,37,0.9535211243327202,42,64,largest,0.5
1941,group-1935,3,0,-0.035441799547342834,0.05225055716846357,3,0.9742695154242438,42,64,largest,0.5
1942,group-1936,2,0,-0.016734329318443653,0.06765618713483315,3,0.987483278433021,42,64,largest,0.5
1943,group-1937,1,1,0.00015128761092553233,0.10694720623053787,7,0.9734151230797568,42,64,largest,0.5
1944,group-1938,0,0,-0.015517837723684202,0.06104200238844792,60,0.9929395646550325,42,64,largest,0.5
1945,group-1939,4,0,-0.045935607591147676,0.04285518321553531,54,0.9639290829345917,42,64,largest,0.5
1946,group-1940,2,0,-0.01700529620736324,0.0673853459218953,39,0.9911482547130077,42,64,largest,0.5
1947,group-1941,1,0,-0.04678934830336123,0.049026825653754394,25,0.9671720139880464,42,64,largest,0.5
1948,group-1942,0,0,-0.07785612056206404,0.025649501756645484,11,0.928473461556695,42,64,largest,0.5
1949,group-1943,4,0,-0.02398450221571924,0.059248949076554126,52,0.9834900788903713,42,64,largest,0.5
1950,group-1944,3,0,-0.04790765537730468,0.04232223635829782,6,0.9758071339878523,42,64,largest,0.5
1951,group-1945,2,0,-0.05625237858296306,0.03730445034059158,51,0.960911146185378,42,64,largest,0.5
1952,group-1946,1,0,-0.03932771900767584,0.05566410182363369,44,0.9708097518522064,42,64,largest,0.5
1953,group-1947,0,0,-0.038053554895247976,0.044786648909672315,8,0.9494617357868138,42,64,largest,0.5
1954,group-1948,4,0,-0.003203848678910104,0.08003100447997985,33,0.9838104567764276,42,64,largest,0.5
1955,group-1949,3,0,-0.08012088136201778,0.024346968290078447,27,0.9803306490015653,42,64,largest,0.5
1956,group-1950,1,0,-0.02574007969172465,0.06996782590160547,54,0.9785694372631735,42,64,largest,0.5
1957,group-1951,0,0,-0.057136653636851276,0.034331066789465736,17,0.9429428634279028,42,64,largest,0.5
1958,group-1952,4,0,-0.04955190818020494,0.04060786320691552,9,0.955498777152967,42,64,largest,0.5
1959,group-1953,3,0,-0.032287959419607826,0.05509180830457139,39,0.9713954689024381,42,64,largest,0.5
1960,group-1954,2,0,-0.06786227020354929,0.031221309216430657,41,0.9343282834972276,42,64,largest,0.5
1961,group-1955,1,0,-0.01920060587646899,0.07800484768064965,42,0.9943910291986185,42,64,largest,0.5
1962,group-1956,0,0,-0.08518685713931384,0.023122427484451234,12,0.9199201950228219,42,64,largest,0.5
1963,group-1957,4,0,-0.0466164146546626,0.042423212072253566,23,0.9694167365244104,42,64,largest,0.5
1964,group-1958,3,0,-0.07789668222166468,0.025302110683835012,47,0.9676534773457564,42,64,largest,0.5
1965,group-1959,2,0,-0.04958685424216558,0.04129637573425777,11,0.9524365767366061,42,64,largest,0.5
1966,group-1960,0,0,-0.016353231338419816,0.06035130248408997,11,0.9873306187731321,42,64,largest,0.5
1967,group-1961,4,0,-0.02874479577815159,0.05525677281112881,50,0.9794190464661282,42,64,largest,0.5
1968,group-1962,3,1,0.016491333889282145,0.1216727662601855,37,0.961904985233472,42,64,largest,0.5
1969,group-1963,2,1,0.0008288615938480959,0.08750860453005356,47,0.9962843709538844,42,64,largest,0.5
1970,group-1964,1,0,-0.06132861670097611,0.038192788188106494,52,0.96044331768192,42,64,largest,0.5
1971,group-1965,0,0,-0.013029479925274923,0.0631433911830365,48,0.9933654087693619,42,64,largest,0.5
1972,group-1966,4,0,-0.06361294276590523,0.032897868392452505,10,0.9572755940838372,42,64,largest,0.5
1973,group-1967,3,0,-0.039997126781396,0.04839025642193999,35,0.998075420269179,42,64,largest,0.5
1974,group-1968,2,0,-0.041978682494226316,0.046352226538892934,10,0.9495983738168529,42,64,largest,0.5
1975,group-1969,1,0,-0.028240552858829537,0.06710218463446009,31,0.9777399537848547,42,64,largest,0.5
1976,group-1970,4,0,-0.012424502854614383,0.07009393262900734,55,0.9916161784046689,42,64,largest,0.5
1977,group-1971,3,0,-0.06953519709969458,0.029229913165470366,63,0.9648918328481318,42,64,largest,0.5
1978,group-1972,2,0,-0.027142709047470737,0.05794883004929472,10,0.9894713108386395,42,64,largest,0.5
1979,group-1973,1,0,-0.024023538589320603,0.0720001351398626,56,0.9827086668571332,42,64,largest,0.5
1980,group-1974,0,0,-0.00840452205654263,0.06722929813160115,32,0.9919820691719473,42,64,largest,0.5
1981,group-1975,4,0,-0.03859020186893192,0.047790664146149534,33,0.9484413868050351,42,64,largest,0.5
1982,group-1976,3,0,-0.06143919741308712,0.033593096558608176,45,0.9516593062781654,42,64,largest,0.5
1983,group-1977,2,0,-0.010258170106142939,0.07443681714339968,22,0.9819309915294289,42,64,largest,0.5
1984,group-1978,1,0,-0.020337842211162305,0.07654892109077638,41,0.9786633887581397,42,64,largest,0.5
1985,group-1979,0,0,-0.0697021243571998,0.02877652705221455,5,0.9523647029292517,42,64,largest,0.5
1986,group-1980,3,0,-0.036310490733399425,0.05149261248453439,17,0.9882256441041085,42,64,largest,0.5
1987,group-1981,2,0,-0.0457555814706031,0.04377273180370881,33,0.9638565860811353,42,64,largest,0.5
1988,group-1982,1,0,-0.017457731719221825,0.08028536414806445,60,0.9764515968788222,42,64,largest,0.5
1989,group-1983,0,1,0.010634767980323256,0.08675312083971828,40,0.9955612675101181,42,64,largest,0.5
1990,group-1984,4,1,0.003464258291784983,0.08800186383028784,35,0.9960502097529621,42,64,largest,0.5
1991,group-1985,3,0,-0.05564153855045528,0.03709734143820506,3,0.9523816397750452,42,64,largest,0.5
1992,group-1986,2,0,-0.021614103361216275,0.06293024586821776,23,0.9872901573003443,42,64,largest,0.5
1993,group-1987,1,0,-0.027060615362064278,0.06844061046845605,60,0.976978218396023,42,64,largest,0.5
1994,group-1988,0,0,-0.11276545211591815,0.015619276744975269,21,0.9010705616018232,42,64,largest,0.5
1995,group-1989,4,0,-0.0811187825571712,0.025258766858431196,20,0.9325919850814567,42,64,largest,0.5
1996,group-1990,2,0,-0.047973199156040924,0.04232259231485915,51,0.9723912359915433,42,64,largest,0.5
1997,group-1991,1,0,-0.07768569494747068,0.028752552256607253,2,0.9416703107108686,42,64,largest,0.5
1998,group-1992,0,0,-0.06610946508149163,0.03026897948337029,36,0.9452707304682649,42,64,largest,0.5
1999,group-1993,4,0,-0.06447785310843213,0.0324728227272994,21,0.9244503693262536,42,64,largest,0.5
2000,group-1994,3,0,-0.05456620528138256,0.03778486890037974,41,0.9713974226511578,42,64,largest,0.5
2001,group-97,2,0,-0.020564578126905597,0.06391996249449702,34,0.9953200793012801,42,64,largest,0.5
2002,group-1995,2,0,-0.08956544116219955,0.022324781921129754,12,0.9023939557932102,42,64,largest,0.5
2003,group-1996,1,0,-0.015081586682559767,0.08349253469662062,3,0.9826964976278296,42,64,largest,0.5
2004,group-1997,0,0,-0.03577620660851011,0.04622097916718627,62,0.9549211611369789,42,64,largest,0.5
2005,group-1998,4,0,-0.0060807979345369745,0.07679982016844246,44,0.9956379615426836,42,64,largest,0.5
2006,group-1999,3,0,-0.060009573267190586,0.03442631577037228,40,0.9543946529020304,42,64,largest,0.5
2007,group-2000,4,1,0.021823092419916312,0.11375777303002622,35,0.9836988664464148,42,64,largest,0.5
2008,group-2001,3,0,-0.035010010705540995,0.05263120965033623,20,0.971785378036356,42,64,largest,0.5
2009,group-2002,2,0,-0.019583547591342843,0.06485818388091805,59,0.9784636779356577,42,64,largest,0.5
2010,group-2003,1,0,-0.04611802218803196,0.049591862908692774,36,0.9789978158496362,42,64,largest,0.5
2011,group-2004,0,0,-0.04466445205881364,0.04085955620943653,47,0.9526484388692261,42,64,largest,0.5
2012,group-2005,4,0,-0.025901819187922448,0.05760949323978266,52,0.9910443318935865,42,64,largest,0.5
2013,group-2006,3,0,-0.02537546239285826,0.061835317859408365,15,0.9983173688249064,42,64,largest,0.5
2014,group-2007,2,0,-0.014547728473559673,0.06987897829601816,58,0.9827257611176236,42,64,largest,0.5
2015,group-2008,1,0,-0.035683451921856735,0.05920526326819889,19,0.9806894603752441,42,64,largest,0.5
2016,group-2009,0,0,-0.031377048641284766,0.049116289882920466,34,0.9695315779536595,42,64,largest,0.5
2017,group-2010,3,0,-0.026037521332342828,0.0611574255314814,29,0.9769082727524611,42,64,largest,0.5
2018,group-2011,2,0,-0.041370647196084964,0.04678078736499988,44,0.9734836637026122,42,64,largest,0.5
2019,group-2012,1,0,-0.01953787204881574,0.07757044458125338,14,1.0005196090562296,42,64,largest,0.5
2020,group-2013,0,0,-0.08476712377866846,0.02326031985469031,2,0.9336813124278449,42,64,largest,0.5
2021,group-2014,4,0,-0.09015427003585275,0.02202206764857267,26,0.9230790005599624,42,64,largest,0.5
2022,group-2015,3,0,-0.03385675358288598,0.05366076459552881,6,0.9438979904743604,42,64,largest,0.5
2023,group-2016,2,0,-0.008915360489209823,0.07591889878836255,50,0.9819743033192714,42,64,largest,0.5
2024,group-2017,1,0,-0.05379356258182011,0.04348513264252005,46,0.9545285021011433,42,64,largest,0.5
2025,group-2018,0,0,-0.01284055250257965,0.06330566480194792,38,0.9923744892044395,42,64,largest,0.5
2026,group-2019,4,0,-0.04597630801962371,0.04282924118493308,10,0.9638829035574398,42,64,largest,0.5
2027,group-2020,2,0,-0.07036879161896503,0.030039936643624688,44,0.9490815077065335,42,64,largest,0.5
2028,group-2021,1,0,-0.017561709006389092,0.08014762186399836,14,0.9880647411951209,42,64,largest,0.5
2029,group-2022,0,0,-0.06289676358973584,0.03166689642117334,2,0.9470094689268559,42,64,largest,0.5
2030,group-2023,4,0,-0.03758703810695929,0.048505261128950906,44,0.9885352736172873,42,64,largest,0.5
2031,group-2024,3,0,-0.03049295870261981,0.05677325849121446,42,0.9915793110361394,42,64,largest,0.5
2032,group-2025,2,0,-0.016692519284731144,0.06769806758058727,15,0.9835318340493853,42,64,largest,0.5
2033,group-2026,1,0,-0.021164469101699668,0.07550633179307586,10,0.9900482168730991,42,64,largest,0.5
2034,group-2027,0,0,-0.042209641152571975,0.04227775359324804,7,0.979804413724393,42,64,largest,0.5
2035,group-2028,4,0,-0.056009997742054174,0.03687250447600395,5,0.9635352282335704,42,64,largest,0.5
2036,group-2029,3,0,-0.04088180963159127,0.04767260952295841,14,0.9753125360828045,42,64,largest,0.5
2037,group-2030,1,0,-0.010689645460811414,0.08972831408333909,13,0.9789850152674139,42,64,largest,0.5
2038,group-2031,0,0,-0.03730713037532918,0.04525202914332887,11,0.9625650707846642,42,64,largest,0.5
2039,group-2032,4,0,-0.03370796823507183,0.05136498253641309,14,0.9678475404508398,42,64,largest,0.5
2040,group-2033,3,1,0.006904678205631232,0.10463412340997269,37,0.9986674671559117,42,64,largest,0.5
2041,group-2034,2,0,-0.051756569256105056,0.03995400938762012,57,0.9535387371694135,42,64,largest,0.5
2042,group-2035,1,0,-3.602771410771144e-05,0.10662641287481157,62,0.9974358064448193,42,64,largest,0.5
2043,group-2036,0,0,-0.06509927865712561,0.030701965367709572,37,0.9305683576768211,42,64,largest,0.5
2044,group-2037,4,0,-0.04236302147529736,0.04519168405688075,34,0.9737926230090753,42,64,largest,0.5
2045,group-2038,3,0,-0.023789072469721506,0.06348830058005576,27,0.9926354106026826,42,64,largest,0.5
2046,group-2039,2,0,-0.07760168392958977,0.026868838648576338,11,0.9335276394525202,42,64,largest,0.5
2047,group-2040,0,0,-0.02693305985600558,0.052215207288410455,33,0.9497440807478478,42,64,largest,0.5
2048,group-2041,4,0,-0.04806900939723413,0.04151541432628412,28,0.9595949438283323,42,64,largest,0.5
2049,group-2042,3,0,-0.04736895052171752,0.04271130135588665,6,0.9682516365203563,42,64,largest,0.5
2050,group-2043,2,0,-0.05341490224961987,0.03895632409712731,48,0.9586826898094806,42,64,largest,0.5
2051,group-2044,1,0,-0.0436072430990192,0.05176027861021368,61,0.9534437877321315,42,64,largest,0.5
2052,group-2045,0,0,-0.01837149139713745,0.05871268411727828,15,0.9847187290509688,42,64,largest,0.5
2053,group-2046,4,1,0.00406933495663564,0.08875961860461393,35,0.9837645430727734,42,64,largest,0.5
2054,group-2047,3,0,-0.08884908187788587,0.020927361941807575,23,0.9650833347605868,42,64,largest,0.5
2055,group-2048,2,0,-0.06851945448233587,0.03090728538342624,11,0.9302230210275567,42,64,largest,0.5
2056,group-2049,1,0,-0.06705629300881899,0.03458939505732183,29,0.9461395570783095,42,64,largest,0.5
2057,group-2050,4,0,-0.023107357968636277,0.0600134654787157,5,0.9790271143877296,42,64,largest,0.5
2058,group-2051,3,0,-0.05434520905312423,0.03792767439012921,14,0.9633432025437956,42,64,largest,0.5
2059,group-2052,2,0,-0.04267430797130445,0.04586651105964432,35,0.9850410652631297,42,64,largest,0.5
2060,group-2053,1,0,-0.05426297256156387,0.0431359166569325,12,0.954197302627931,42,64,largest,0.5
2061,group-2054,0,0,-0.02956159882061582,0.0503606043181426,47,0.9780882127822751,42,64,largest,0.5
2062,group-2055,4,0,-0.012291964855085769,0.0702283310430096,10,0.971999065073655,42,64,largest,0.5
2063,group-2056,3,0,-0.05758662335226994,0.03588417191893024,29,0.9836384044100877,42,64,largest,0.5
2064,group-2057,2,0,-0.05359351816643887,0.038850302070220326,10,0.954391219248534,42,64,largest,0.5
2065,group-2058,1,0,-0.028403243467073014,0.06691955817984674,0,0.9856514771377817,42,64,largest,0.5
2066,group-2059,1,1,0.024200135945640078,0.15570758791391673,7,0.9820908807621709,42,64,largest,0.5
2067,group-2060,4,0,-0.000522891640123202,0.08315330498988073,32,0.9950372532349028,42,64,largest,0.5
2068,group-2061,0,0,-0.003131319543287381,0.0721865091531844,0,1.000576687689715,42,64,largest,0.5
2069,group-2062,4,0,-0.03176690062150245,0.05285517307933386,10,0.9671271707103152,42,64,largest,0.5
2070,group-2063,3,0,-0.04019364449112195,0.04822996232252161,19,1.001241867600203,42,64,largest,0.5
2071,group-2064,2,0,-0.014332690617265609,0.07010118707059196,28,1.0019969188834985,42,64,largest,0.5
2072,group-2065,1,0,-0.020852687373129397,0.07589802828938974,11,0.9820395963419666,42,64,largest,0.5
2073,group-2066,0,1,0.003979998972710619,0.07940577682766997,40,0.9769531315907247,42,64,largest,0.5
2074,group-2067,4,0,-0.02131801814907819,0.06160176252296599,5,1.0007377242978004,42,64,largest,0.5
2075,group-2068,3,0,-0.042254361071225155,0.04657918711269589,18,1.0111721925159507,42,64,largest,0.5
2076,group-2069,2,0,-0.025680951968849897,0.05922872785487682,9,0.9880982494061579,42,64,largest,0.5
2077,group-2070,3,1,0.031040704341202985,0.15205662343816842,37,0.9423258335352211,42,64,largest,0.5
2078,group-2070,3,1,0.031040704341202985,0.15205662343816842,37,0.9423258335352211,42,64,largest,0.5
2079,group-2071,0,0,-0.012844553261048941,0.06330222444237592,22,0.9752693618952423,42,64,largest,0.5
2080,group-2072,4,0,-0.042427450496280605,0.04514849158842312,34,0.9513975963075155,42,64,largest,0.5
2081,group-2073,3,0,-0.03760196908824209,0.0503849778633047,38,0.9849145719108507,42,64,largest,0.5
2082,group-2074,2,0,-0.01533086233091241,0.06907522496775788,38,0.9921461440225215,42,64,largest,0.5
2083,group-2075,1,0,-0.016708118787487014,0.08128481132172015,0,0.9907347669626042,42,64,largest,0.5
2084,group-2076,0,0,-0.005015780095939615,0.07037741588858118,27,1.0074828972903171,42,64,largest,0.5
2085,group-2077,4,0,-0.008477141301067248,0.07420018262565307,12,0.9948377489367041,42,64,largest,0.5
2086,group-2078,3,0,-0.019177633334396926,0.06852989957294285,54,0.9886938493617428,42,64,largest,0.5
2087,group-2079,2,0,-0.027241240579977122,0.057863497119970575,20,0.9847429966062182,42,64,largest,0.5
2088,group-2080,0,0,-0.021552358504361324,0.056214615375366594,53,0.9770386939273179,42,64,largest,0.5
2089,group-2081,4,0,-0.04675540202730777,0.04233553767114939,4,0.9846398468791469,42,64,largest,0.5
2090,group-2082,3,0,-0.04885989996896012,0.041642776228867286,53,0.9011796433152869,42,64,largest,0.5
2091,group-2083,2,0,-0.06013960763983728,0.035150421772206106,29,0.9442151603141127,42,64,largest,0.5
2092,group-2084,1,0,-0.038593794025969075,0.056360851895533796,31,0.975625759278782,42,64,largest,0.5
2093,group-2085,0,0,-0.05113265776623699,0.037337683400954065,21,0.9350554644467621,42,64,largest,0.5
2094,group-2086,4,0,-0.06491857977017379,0.03225828103778484,11,0.9487765565069274,42,64,largest,0.5
2095,group-2087,3,0,-0.03648705770308902,0.05133983204251266,2,0.9586877910478138,42,64,largest,0.5
2096,group-2088,2,0,-0.0951568318279874,0.020467336811861345,57,0.9178368174007072,42,64,largest,0.5
2097,group-2089,1,0,-0.03722166072978261,0.057685528947027755,12,0.9662079298926678,42,64,largest,0.5
2098,group-2090,4,0,-0.060104396721198716,0.03467783874952518,19,0.957526856880109,42,64,largest,0.5
2099,group-2091,3,1,0.005467249629067195,0.1022689512915047,37,0.9810148198754817,42,64,largest,0.5
2100,group-2092,2,0,-0.0605190466704727,0.03494669926997533,24,0.9467329114068143,42,64,largest,0.5
2101,group-2093,1,0,-0.03478071000267313,0.06011455417150181,52,0.9611141240282876,42,64,largest,0.5
2102,group-2094,0,0,-0.017936664185008278,0.059062155532123135,33,0.9684661393103768,42,64,largest,0.5
2103,group-2095,4,0,-0.026841985200943386,0.05682122727036277,2,0.9785619401902694,42,64,largest,0.5
2104,group-2096,3,0,-0.048226044389368616,0.04209388354328646,53,0.9878905938338755,42,64,largest,0.5
2105,group-2097,2,0,-0.043717484515302996,0.04514719240581559,3,0.9572857190293007,42,64,largest,0.5
2106,group-2098,1,0,-0.0624463028220692,0.03746240939959316,37,0.9453573898561025,42,64,largest,0.5
2107,group-2099,0,0,-0.08905671092349954,0.021888132434610522,55,0.9148938651980466,42,64,largest,0.5
2108,group-2100,2,0,-0.053200406600140915,0.039084010323134154,2,0.9494042389745548,42,64,largest,0.5
2109,group-2101,1,0,-0.0017078994283822313,0.10380055709374272,13,0.9818033221022585,42,64,largest,0.5
2110,group-2102,0,0,-0.06911293938217211,0.02901629478988814,37,0.9249143049870486,42,64,largest,0.5
2111,group-2103,4,0,-0.052058909528365005,0.03911661228656178,34,0.9491605127047338,42,64,largest,0.5
2112,group-2104,3,0,-0.027735798736966077,0.059450178865572856,15,0.9846794720951734,42,64,largest,0.5
2113,group-2105,2,0,-0.06598870678493385,0.03213359765116628,32,0.9345913554506133,42,64,largest,0.5
2114,group-2106,1,0,-0.0804576714940829,0.02739480318916385,12,0.9361256509129828,42,64,largest,0.5
2115,group-2107,0,0,-0.030234246620585048,0.04989612618460974,23,0.9765509374574891,42,64,largest,0.5
2116,group-2108,4,1,0.01842819083178815,0.1085452384043496,35,0.9827696291430618,42,64,largest,0.5
2117,group-2109,3,1,0.0328295141313516,0.15619380409565614,37,0.9460706620228488,42,64,largest,0.5
2118,group-2110,1,0,-0.051216926352319114,0.045450557887637855,12,0.9620376139825061,42,64,largest,0.5
2119,group-2111,0,0,-0.06674157941924985,0.03000105793222535,21,0.9317322736526058,42,64,largest,0.5
2120,group-2112,4,0,-0.03964626660898429,0.047049193309235585,50,0.9713289247343699,42,64,largest,0.5
2121,group-2113,3,0,-0.009137282644042788,0.08081192715451527,48,0.9798467207386623,42,64,largest,0.5
2122,group-2114,2,0,-0.04325275073725632,0.045466310799324235,18,0.960761933875906,42,64,largest,0.5
2123,group-2115,1,0,-0.022849270499559093,0.0734216409609179,3,0.9817534294652019,42,64,largest,0.5
2124,group-2116,0,0,-0.021399378833114047,0.0563324345214106,34,0.966771324739633,42,64,largest,0.5
2125,group-2117,4,0,-0.046211516086141935,0.04267961561025418,47,0.9565929295126968,42,64,largest,0.5
2126,group-2118,3,1,0.041399930982787936,0.17729599188987585,37,0.9102929102395754,42,64,largest,0.5
2127,group-2119,2,0,-0.037304518368266426,0.04974496257225586,29,0.9649339776507674,42,64,largest,0.5
2128,group-2120,0,0,-0.03300240502033658,0.04802705273469469,27,0.9727141226000777,42,64,largest,0.5
2129,group-2121,4,0,-0.048853225072675754,0.041033073663907405,34,0.9569417474608878,42,64,largest,0.5
2130,group-2122,3,0,-0.03133572344463498,0.055977882588872506,54,0.9669499997169433,42,64,largest,0.5
2131,group-2123,2,0,-0.04730350013264284,0.042755612336945095,28,0.9575700365323135,42,64,largest,0.5
2132,group-2124,1,0,-0.005234809798592144,0.09805575388070381,4,0.9935977854187846,42,64,largest,0.5
2133,group-2125,0,0,-0.02414849410851927,0.054250192069213304,6,0.9945168429224922,42,64,largest,0.5
2134,group-2126,4,0,-0.020260714846787264,0.0625586479504559,37,0.984991568551888,42,64,largest,0.5
2135,group-2127,3,0,-0.04937892087050888,0.041276842436176624,46,1.000351327777056,42,64,largest,0.5
2136,group-2128,2,0,-0.050833250247688255,0.040520062791892776,39,0.9674476891391952,42,64,largest,0.5
2137,group-2129,1,0,-0.005924163548357897,0.09696653847009552,51,0.9903751263842338,42,64,largest,0.5
2138,group-2130,4,0,-0.027351923259473443,0.05639792902203319,40,0.9976376079119358,42,64,largest,0.5
2139,group-2131,3,0,-0.04345426511052697,0.045642881317486055,6,0.9567083876820708,42,64,largest,0.5
2140,group-2132,2,0,-0.02202160714973045,0.06254983073667673,38,0.9837327268192736,42,64,largest,0.5
2141,group-2133,1,0,-0.03268506213934874,0.06227602189591488,61,0.9745177036099041,42,64,largest,0.5
2142,group-2134,0,0,-0.012129974845535796,0.0639194818803171,38,0.9877864019604331,42,64,largest,0.5
2143,group-2135,4,0,-0.0289261402911426,0.05510980950483875,4,0.9723907985406609,42,64,largest,0.5
2144,group-2136,3,0,-0.016464752143502515,0.07166672744325141,48,0.9545320018053971,42,64,largest,0.5
2145,group-2137,2,0,-0.0669982209978579,0.031638881333295406,25,0.9430968978900256,42,64,largest,0.5
2146,group-2138,1,0,-0.0011261127710513463,0.10477632126925972,62,1.006689932348332,42,64,largest,0.5
2147,group-2139,0,0,-0.021668878314210938,0.05612503174938943,52,0.958591057525145,42,64,largest,0.5
2148,group-2140,3,0,-0.05700079197550012,0.03624548490269862,35,0.9834047675191974,42,64,largest,0.5
2149,group-2141,2,0,-0.024533186650435468,0.06025221414156356,9,0.9848831566527296,42,64,largest,0.5
2150,group-2142,1,0,-0.032367131402173954,0.06261021181993606,25,0.9734318952663293,42,64,largest,0.5
2151,group-2143,0,0,-0.013195487516316495,0.06300112414537472,7,0.9862262595478,42,64,largest,0.5
2152,group-2144,4,0,-0.05361099101198108,0.03821985889948696,62,0.9587629017531165,42,64,largest,0.5
2153,group-2145,3,0,-0.031186099185762428,0.056118324045728474,46,0.9900346849108179,42,64,largest,0.5
2154,group-2146,2,0,-0.05131103520137492,0.04022619770847682,13,0.9528835458314541,42,64,largest,0.5
2155,group-2147,1,0,-0.03641046278083715,0.0584823638500664,16,0.9739465120856216,42,64,largest,0.5
2156,group-2148,0,0,-0.03172754559165003,0.048879439482353196,7,0.9812839342127911,42,64,largest,0.5
2157,group-2149,4,0,-0.052067638260102744,0.039111513046196436,54,0.9446062616542262,42,64,largest,0.5
2158,group-2150,2,0,-0.011108563537591931,0.07351203004215737,27,0.9942718164109691,42,64,largest,0.5
2159,group-2151,1,0,-0.007630022242737899,0.09431750983787178,18,1.003028771375774,42,64,largest,0.5
2160,group-2152,0,0,-0.014077952381178815,0.06224986652735572,42,0.9785358424907025,42,64,largest,0.5
2161,group-2153,4,0,-0.02738472248492052,0.05637080419439656,5,0.9879815562387132,42,64,largest,0.5
2162,group-2154,3,0,-0.05250857021256006,0.0391347097712676,48,0.9685417174425923,42,64,largest,0.5
2163,group-2155,2,0,-0.030285534491840238,0.0552844303252809,5,0.9673488240487631,42,64,largest,0.5
2164,group-2156,1,0,-0.05492280215691214,0.04264956393830081,22,0.9560012747193336,42,64,largest,0.5
2165,group-2157,0,0,-0.03192976172150974,0.04874328399701682,13,0.9761390850627252,42,64,largest,0.5
2166,group-2158,4,0,-0.04303982461186329,0.04473992202971934,42,0.9655297010006929,42,64,largest,0.5
2167,group-2159,3,0,-0.004801905737447432,0.08671259822029659,23,0.9739828554851031,42,64,largest,0.5
2168,group-2160,1,0,-0.016776571862690437,0.08119307541183957,62,0.9920825053057132,42,64,largest,0.5
2169,group-2161,0,0,-0.016093922265245753,0.06056491171761645,14,0.9793337013128961,42,64,largest,0.5
2170,group-2162,4,0,-0.027137590022520586,0.05657548407505123,51,0.9758471617777711,42,64,largest,0.5
2171,group-2163,3,0,-0.05608481953340094,0.036817439024459823,15,0.9788394685867225,42,64,largest,0.5
2172,group-2164,2,0,-0.04366633311788448,0.045182211719679725,57,0.9564963438044277,42,64,largest,0.5
2173,group-2165,1,0,-0.028947006804730613,0.06631250628012539,13,0.987317487675996,42,64,largest,0.5
2174,group-2166,0,0,-0.00878778401931779,0.0668815884985786,34,0.9813947675913183,42,64,largest,0.5
2175,group-2167,4,0,-0.040027807400779825,0.0467840095653278,39,0.9631984207606421,42,64,largest,0.5
2176,group-2168,3,0,-0.03093740046015092,0.05635249296160074,53,0.9515678070641894,42,64,largest,0.5
2177,group-2169,2,0,-0.025429800984223316,0.059451282773450034,48,0.9672270990721243,42,64,largest,0.5
2178,group-2170,0,0,-0.023416876649000273,0.05479714301568305,49,0.989562397685909,42,64,largest,0.5
2179,group-2171,4,0,-0.0173410310701807,0.06527351880220672,53,1.0027386035085082,42,64,largest,0.5
2180,group-2172,3,0,-0.04286916433773125,0.04609718537986163,46,0.9836632684490738,42,64,largest,0.5
2181,group-2173,2,1,0.00029805491854895116,0.08683805800348607,47,1.000788554393507,42,64,largest,0.5
2182,group-2174,1,0,-0.04133454139621284,0.05380010190778252,14,0.9604004614317069,42,64,largest,0.5
2183,group-2175,0,0,-0.01921374316248403,0.05804127359617914,17,0.9899128691987816,42,64,largest,0.5
2184,group-2176,4,0,-0.05977038246445787,0.034852054876598496,34,0.951355692799012,42,64,largest,0.5
2185,group-2177,3,0,-0.07924275275290515,0.024719791130629817,6,0.9205391728515281,42,64,largest,0.5
2186,group-2178,2,0,-0.039632994018354406,0.048026397172050504,57,0.9581267901554962,42,64,largest,0.5
2187,group-2179,1,0,-0.026338983427617424,0.06927131939724906,31,0.982895460480464,42,64,largest,0.5
2188,group-2180,4,0,-0.02525842214482088,0.058154843623637036,31,0.9881333562512913,42,64,largest,0.5
2189,group-2181,3,0,-0.06073903787875612,0.03399870559324798,48,0.9467366354189463,42,64,largest,0.5
2190,group-2182,2,0,-0.0899383557088913,0.02219593144791094,32,0.911589630733362,42,64,largest,0.5
2191,group-2183,1,0,-0.044823090031695156,0.05069924977316275,17,0.9573496429095952,42,64,largest,0.5
2192,group-2184,0,0,-0.03887439937612924,0.044280136902910015,24,0.9544571949366526,42,64,largest,0.5
2193,group-2185,4,0,-0.0236143422216869,0.05957046015513192,2,0.991007944143144,42,64,largest,0.5
2194,group-2186,3,0,-0.04212122256658091,0.04668419650063941,36,0.9655040721008622,42,64,largest,0.5
2195,group-2187,2,0,-0.025702421276352805,0.05920973930582436,22,0.9838523330010098,42,64,largest,0.5
2196,group-2188,1,0,-0.07074947442321622,0.03244215478404283,27,0.9610802185183749,42,64,largest,0.5
2197,group-2189,0,0,-0.05653327397220376,0.034622345495308716,47,0.9653343156952618,42,64,largest,0.5
2198,group-2190,3,0,-0.02603708492869472,0.06115787007528704,40,0.9875256267898161,42,64,largest,0.5
2199,group-2191,2,0,-0.01963925609119821,0.06480456482877363,22,0.9711679028478059,42,64,largest,0.5
2200,group-2192,1,0,-0.0431001515105488,0.052208976237369004,11,0.960142234697586,42,64,largest,0.5
2201,group-2193,0,0,-0.0013685162967855824,0.07391753936593652,29,0.9863535086119156,42,64,largest,0.5
2202,group-2194,4,0,-0.020030628864906475,0.06276871149597721,7,0.9936538290911529,42,64,largest,0.5
2203,group-2195,3,0,-0.051372365771337636,0.039899781997640826,35,0.9898214943735593,42,64,largest,0.5
2204,group-2196,2,0,-0.023850050613958396,0.06086921520159513,7,0.9902601649364368,42,64,largest,0.5
2205,group-2197,1,1,0.0006033920641170809,0.10772497489639336,7,0.9875334095707338,42,64,largest,0.5
2206,group-2198,0,0,-0.10338688781435734,0.017854258472302938,1,0.9163544055726243,42,64,largest,0.5
2207,group-2199,4,0,-0.03216581552081699,0.05254562372619813,37,0.9776520767204256,42,64,largest,0.5
2208,group-2200,1,0,-0.08033303128811065,0.027454493236454422,6,0.9284257473457876,42,64,largest,0.5
2209,group-2201,0,0,-0.030108129245684845,0.049982902744248006,53,0.975893882875382,42,64,largest,0.5
2210,group-2202,4,0,-0.07321866475410177,0.028464972103202445,3,0.9354862876554668,42,64,largest,0.5
2211,group-2203,3,0,-0.02822644309625466,0.05896531531304421,3,0.9768075914493486,42,64,largest,0.5
2212,group-2204,2,0,-0.024891304675377035,0.059931108852362074,46,0.9698219433352523,42,64,largest,0.5
2213,group-2205,1,0,-0.05716266446715612,0.04103738355150622,6,0.9537857446713764,42,64,largest,0.5
2214,group-2206,0,0,-0.05867322784931217,0.03359992771966563,17,0.9516572802142226,42,64,largest,0.5
2215,group-2207,4,0,-0.06773791118003147,0.03091793687711589,34,0.9454305538480897,42,64,largest,0.5
2216,group-2208,3,0,-0.02211953699708158,0.0652723417369733,53,0.9659160906014581,42,64,largest,0.5
2217,group-2209,2,0,-0.02353036626498084,0.06115997590898344,3,0.970541458506644,42,64,largest,0.5
2218,group-2210,0,0,-0.019355509905931934,0.057928973372504626,17,0.9660277260877533,42,64,largest,0.5
2219,group-2211,4,0,-0.030764936200537996,0.05364028554172048,44,0.9713463307547554,42,64,largest,0.5
2220,group-2212,3,0,-0.021685077787733986,0.06574418913125256,15,0.9804230178054463,42,64,largest,0.5
2221,group-2213,2,0,-0.041244572156242,0.046870119137339426,37,0.9574269605213778,42,64,largest,0.5
2222,group-2214,1,0,-0.0013329742939472977,0.1044284516583581,4,0.9912659057350772,42,64,largest,0.5
2223,group-2215,0,1,0.0011058278771495234,0.07641175100830554,40,0.9922459632137868,42,64,largest,0.5
2224,group-2216,4,0,-0.013463143719353643,0.0690489205120754,15,0.9875764818186731,42,64,largest,0.5
2225,group-2217,3,0,-0.029158161553753392,0.058054762231557484,15,0.9876410866023503,42,64,largest,0.5
2226,group-2218,2,0,-0.01568011619515164,0.06871954194766006,17,0.9868619591680532,42,64,largest,0.5
2227,group-2219,1,0,-0.06222481833569826,0.03760606921903206,35,0.9523578168512007,42,64,largest,0.5
2228,group-2220,4,0,-0.04011213828246962,0.04672558883469232,14,0.9818939620184921,42,64,largest,0.5
2229,group-2221,3,0,-0.0327848124467609,0.05463473626283023,29,0.9449437682536377,42,64,largest,0.5
2230,group-2222,2,1,0.0011401404498244672,0.08790400480990458,47,0.9688301030381754,42,64,largest,0.5
2231,group-2223,1,0,-0.07033529705594688,0.032676395967881855,11,0.934902022334564,42,64,largest,0.5
2232,group-2224,0,0,-0.053281685676665025,0.03623349453017344,54,0.956228091351257,42,64,largest,0.5
2233,group-2225,4,0,-0.0415917550666437,0.045711797256879114,52,0.9859685900560194,42,64,largest,0.5
2234,group-2226,3,0,-0.07199426977231749,0.02801707947625167,49,0.987549342956201,42,64,largest,0.5
2235,group-2227,2,0,-0.07080257549945679,0.029839930269897556,11,0.9241256435757902,42,64,largest,0.5
2236,group-2067,4,0,-0.02131801814907819,0.06160176252296599,5,1.0007377242978004,42,64,largest,0.5
2237,group-2228,1,0,-0.022323301028425946,0.07406669517119067,37,0.9632671358465357,42,64,largest,0.5
2238,group-2229,0,0,-0.006189870297212741,0.06927156207112073,54,1.0073012262523597,42,64,largest,0.5
2239,group-2230,3,0,-0.05206939226694396,0.039428750830077866,22,0.9692048948689977,42,64,largest,0.5
2240,group-2231,2,0,-0.047289455004109526,0.04276473892589046,15,0.9730084837524077,42,64,largest,0.5
2241,group-2232,2,0,-0.013535497987672729,0.0709306755334278,16,0.9983780966867215,42,64,largest,0.5
2242,group-2233,1,0,-0.03170927792056377,0.0633070286003745,10,0.9845654976301742,42,64,largest,0.5
2243,group-2234,0,0,-0.03398250656986379,0.04738136082669203,63,0.9731196552494099,42,64,largest,0.5
2244,group-2235,4,0,-0.00946548407670078,0.07315175331258779,39,0.9981886701866127,42,64,largest,0.5
2245,group-2236,3,0,-0.007278394458929638,0.08329575603401565,19,0.9928301513963782,42,64,largest,0.5
2246,group-2237,2,0,-0.011738134184111626,0.07283421013250625,18,1.006860099584416,42,64,largest,0.5
2247,group-2238,1,1,0.005281301955393669,0.11606817458193455,7,1.001038951482233,42,64,largest,0.5
2248,group-2239,0,0,-0.027066160341501666,0.05211976451013476,32,0.9834179417825024,42,64,largest,0.5
2249,group-2240,3,0,-0.06027785046834566,0.03426845276632592,26,0.977841104347998,42,64,largest,0.5
2250,group-2241,2,0,-0.025507959337834896,0.059381939701890055,6,0.9698455694293504,42,64,largest,0.5
2251,group-2242,1,0,-0.010517125838277908,0.0899816347190026,22,0.9882486753163683,42,64,largest,0.5
2252,group-2243,0,0,-0.00044355841082477365,0.07484103299073108,7,0.9938175330478113,42,64,largest,0.5
2253,group-2244,4,0,-0.00035006268987325395,0.08335834029119521,36,0.994139755523435,42,64,largest,0.5
2254,group-2245,3,0,-0.04711293231189795,0.042897399298496806,9,0.966365172970409,42,64,largest,0.5
2255,group-2246,2,0,-0.018117595817766508,0.06628407091731484,22,0.9721688337538988,42,64,largest,0.5
2256,group-2247,1,0,-0.017835828831571532,0.07978551942524321,0,0.9841252863180655,42,64,largest,0.5
2257,group-2248,0,0,-0.02484922818838431,0.053731157497631445,22,0.9692096708267991,42,64,largest,0.5
2258,group-2249,4,0,-0.03140148097180262,0.05314024115885337,22,0.9859886557591022,42,64,largest,0.5
2259,group-2250,2,0,-0.03142197081672926,0.054349693566061494,16,0.992442867407031,42,64,largest,0.5
2260,group-2251,1,0,-0.054672292804392786,0.04283359140783374,41,0.9500200695305858,42,64,largest,0.5
2261,group-2252,0,0,-0.11384939643864511,0.015379415619455829,25,0.8972968167585809,42,64,largest,0.5
2262,group-2253,4,0,-0.04703531282844242,0.042159492917137206,5,0.9547967546401945,42,64,largest,0.5
2263,group-2254,3,0,-0.07871286614892126,0.02494744837024681,17,0.9604465120319713,42,64,largest,0.5
2264,group-2255,2,0,-0.04345690088273335,0.04532586345567581,10,0.958272317287784,42,64,largest,0.5
2265,group-2256,1,0,-0.07981732363693206,0.02770281103548657,37,0.9198330959952229,42,64,largest,0.5
2266,group-2257,0,0,-0.04996940762971558,0.037948792919142715,47,0.9699811607515426,42,64,largest,0.5
2267,group-2258,4,0,-0.011149627166349263,0.07139661402805787,11,0.9905781155559449,42,64,largest,0.5
2268,group-2259,3,0,-0.025036857851834737,0.062184727216711075,6,0.9730336003854818,42,64,largest,0.5
2269,group-2260,1,0,-0.06951506088873483,0.03314511852043497,61,0.9477537545551044,42,64,largest,0.5
2270,group-2261,0,0,-0.04321478800469003,0.04169145701994318,33,0.9560915320299374,42,64,largest,0.5
2271,group-2262,4,0,-0.05324534331881181,0.038429326776521174,14,0.9715346090804651,42,64,largest,0.5
2272,group-2263,3,0,-0.03696858957130711,0.05092534702175477,56,0.9816078551546797,42,64,largest,0.5
2273,group-2264,2,1,0.018897415594256284,0.11328695215988903,47,0.9753419602982168,42,64,largest,0.5
2274,group-2265,1,0,-0.047537894630017896,0.048403995698775654,6,0.9637626048209146,42,64,largest,0.5
2275,group-2266,0,0,-0.03851843092884821,0.04449911720587099,47,0.9649964795130299,42,64,largest,0.5
2276,group-2267,4,0,-0.10918340271995908,0.01647624865597313,62,0.9044154711567342,42,64,largest,0.5
2277,group-2268,3,0,-0.04496737485768032,0.044487710091114005,36,0.9577736230467618,42,64,largest,0.5
2278,group-2269,2,0,-0.0262141626353537,0.05875881442190519,3,0.9773409183110705,42,64,largest,0.5
2279,group-2270,0,0,-0.025108073140453935,0.053540617988631606,50,0.9823351759363709,42,64,largest,0.5
2280,group-2271,4,0,-0.017301860262232682,0.06531067648541983,15,0.971777956904587,42,64,largest,0.5
2281,group-2272,3,0,-0.061806619616804115,0.033382118010965495,53,0.9314119044357673,42,64,largest,0.5
2282,group-2273,2,0,-0.017289851301406256,0.06710200588303353,5,0.9641059013264762,42,64,largest,0.5
2283,group-2274,1,0,-0.05727524755958324,0.040957908421904894,6,0.9472222279220837,42,64,largest,0.5
2284,group-2275,0,0,-0.04279145848763144,0.04193742882313521,32,0.9753338537299201,42,64,largest,0.5
2285,group-2276,4,0,-0.015462522649595356,0.06707778665873386,58,0.9892955238243265,42,64,largest,0.5
2286,group-2277,3,0,-0.00616368337404094,0.08481832404440343,48,0.9752251763952456,42,64,largest,0.5
2287,group-2278,2,0,-0.09985702200913116,0.019023707543712937,37,0.9108314198973108,42,64,largest,0.5
2288,group-2279,1,0,-0.1187261370369963,0.013970669159609614,11,0.8958641879301772,42,64,largest,0.5
2289,group-2280,4,0,-0.050958599991583586,0.03976453398396692,10,0.9625682470359767,42,64,largest,0.5
2290,group-2281,3,0,-0.06828175719293827,0.029867563476714057,6,0.948998362588274,42,64,largest,0.5
2291,group-2282,2,0,-0.06870466050874946,0.030819341639727098,57,0.9217118661233336,42,64,largest,0.5
2292,group-2283,1,0,-0.03906436243112088,0.05591318139030706,12,0.972715774113112,42,64,largest,0.5
2293,group-2284,0,0,-0.07688092203084917,0.026005325732957066,21,0.9273335975166676,42,64,largest,0.5
2294,group-2285,4,0,-0.036059158375856826,0.04961314736587774,11,0.9817382316657223,42,64,largest,0.5
2295,group-2286,3,0,-0.045331548529293,0.04421387452313413,36,0.9853545181059479,42,64,largest,0.5
2296,group-2287,2,0,-0.07306284002745855,0.028818493373203063,12,0.9230694711789195,42,64,largest,0.5
2297,group-2288,1,0,-0.07721397101028271,0.02899002189129379,12,0.9384386858695465,42,64,largest,0.5
2298,group-2289,0,0,-0.04666337217533578,0.03973849054381721,34,0.9518660971097581,42,64,largest,0.5
2299,group-2290,3,1,0.014670645916467606,0.11826275663599638,37,0.9383554763490313,42,64,largest,0.5
2300,group-2291,2,0,-0.055449976066379025,0.037764628311401906,28,0.9611427818333856,42,64,largest,0.5
2301,group-2292,1,0,-0.016937065779030536,0.08097836291484066,22,0.9754998471744384,42,64,largest,0.5
2302,group-2293,0,0,-0.04197920643459585,0.04241327123504682,37,0.9544213725149518,42,64,largest,0.5
2303,group-2294,4,0,-0.03577408970567697,0.04982249261830546,15,0.9681729875222477,42,64,largest,0.5
2304,group-2295,3,0,-0.025410842201489703,0.06179891508701159,11,0.9608500146467006,42,64,largest,0.5
2305,group-2296,2,0,-0.013977434636105901,0.07046972151999951,46,0.9982024410330461,42,64,largest,0.5
2306,group-2297,1,0,-0.036877773140014725,0.0580220755125524,62,0.9739572973490582,42,64,largest,0.5
2307,group-2298,0,0,-0.07462870495184848,0.026845555597275587,17,0.9263279525968343,42,64,largest,0.5
2308,group-2299,4,0,-0.06234223115577253,0.03353209984100296,34,0.9467456861646214,42,64,largest,0.5
2309,group-2300,1,0,-0.018190477033707464,0.07931925903041474,3,0.9906725063415222,42,64,largest,0.5
2310,group-2301,0,0,-0.01598958109236981,0.06065106352860725,22,0.9794982135677407,42,64,largest,0.5
2311,group-2302,4,0,-0.05819411749527881,0.03568565340679438,37,0.9611216847809326,42,64,largest,0.5
2312,group-2303,3,0,-0.0867666676631268,0.02169788286929653,6,0.8885393410590362,42,64,largest,0.5
2313,group-2304,2,0,-0.11355670100876702,0.015362423471599045,57,0.8873744797009615,42,64,largest,0.5
2314,group-2305,1,0,-0.018372434684352124,0.07908100471286442,18,0.9788748185617062,42,64,largest,0.5
2315,group-2306,0,0,-0.06995525338377262,0.02867410807196289,37,0.9364123466427772,42,64,largest,0.5
2316,group-2307,4,0,-0.08841585024281406,0.022611603591814872,8,0.9293798397980939,42,64,largest,0.5
2317,group-2308,3,0,-0.00012997599219355394,0.09350540333185862,31,0.9588876214124767,42,64,largest,0.5
2318,group-2309,2,0,-0.08162216857742044,0.025249426815628376,5,0.9199386204514283,42,64,largest,0.5
2319,group-2310,0,0,-0.035878555670591505,0.04615558932056575,55,0.9592428760447553,42,64,largest,0.5
2320,group-2311,4,0,-0.032427119697439166,0.05234378633378268,8,0.9705724204296292,42,64,largest,0.5
2321,group-2312,3,0,-0.012928924915927342,0.07595396712552104,53,0.9512958404229097,42,64,largest,0.5
2322,group-2313,2,0,-0.0526259930952192,0.03942793071069498,41,0.9474632442040479,42,64,largest,0.5
2323,group-2314,1,0,-0.046476520417363165,0.04928936078603753,43,0.954824514032566,42,64,largest,0.5
2324,group-2315,0,0,-0.04263895721515032,0.042026377847164585,21,0.9728106722314561,42,64,largest,0.5
2325,group-2316,4,1,0.012210645403114895,0.09954142720497436,35,0.9935313621359912,42,64,largest,0.5
2326,group-2317,3,0,-0.06220946949666473,0.033152266734813154,26,0.9866856172987687,42,64,largest,0.5
2327,group-2318,2,0,-0.05334793863791021,0.038996143557355395,48,0.9649863788492067,42,64,largest,0.5
2328,group-2319,1,0,-0.055346648883464966,0.042339919728484,47,0.9453319454623351,42,64,largest,0.5
2329,group-2320,4,0,-0.048635417050897245,0.041166498308391586,3,0.9521904661906008,42,64,largest,0.5
2330,group-2321,3,0,-0.04335794081778177,0.04571737848799201,31,0.9482488172876948,42,64,largest,0.5
2331,group-2322,2,0,-0.058128270272691185,0.036249565996119476,2,0.9515516382506676,42,64,largest,0.5
2332,group-2323,1,0,-0.01986898491591349,0.07714612353382284,61,0.9782670391774491,42,64,largest,0.5
2333,group-2324,0,0,-0.028909332688806688,0.050814916492228336,50,0.9755007735140039,42,64,largest,0.5
2334,group-2325,4,0,-0.08001300875534223,0.025685410041812046,47,0.9271592637917901,42,64,largest,0.5
2335,group-2326,3,0,-0.028354575842857277,0.05883930393649933,29,0.974008333962438,42,64,largest,0.5
2336,group-2327,2,0,-0.05355255901773004,0.038874589922999137,22,0.955719950205857,42,64,largest,0.5
2337,group-2328,1,0,-0.04572139964526223,0.049928584493385914,12,0.9550361156325003,42,64,largest,0.5
2338,group-2329,0,0,-0.05709567201483756,0.034350775442232695,36,0.9434968332388581,42,64,largest,0.5
2339,group-2330,3,0,-0.045370123214539815,0.044184963133297096,28,0.9648433530200629,42,64,largest,0.5
2340,group-2331,2,0,-0.052491210813358835,0.039509048726320196,46,0.9540164553746631,42,64,largest,0.5
2341,group-2332,1,0,-0.04255347129092346,0.05269681948147314,17,0.9770248330563327,42,64,largest,0.5
2342,group-2333,0,0,-0.026606703241885632,0.05244992819129472,30,0.9681763653257353,42,64,largest,0.5
2343,group-2334,4,0,-0.037742691550833984,0.04839372150080105,39,0.9592672732134224,42,64,largest,0.5
2344,group-2335,3,0,-0.06302256952208662,0.032692988758263,31,0.9406657023088753,42,64,largest,0.5
2345,group-2336,2,0,-0.015569274760249163,0.06883223963906711,28,0.9770783866816856,42,64,largest,0.5
2346,group-2337,1,0,-0.019378007464349922,0.07777607528843544,10,0.9796081239602045,42,64,largest,0.5
2347,group-2338,0,0,-0.016991841157917076,0.05982824191098626,33,0.9819338301219922,42,64,largest,0.5
2348,group-2339,4,0,-0.03498207152998978,0.05040852682775246,0,0.9830393085986284,42,64,largest,0.5
2349,group-2340,2,0,-0.0028118158121435144,0.08300216230454016,18,1.0037906755769346,42,64,largest,0.5
2350,group-2341,1,0,-0.04131882036390777,0.05381447272155989,29,0.954659722836769,42,64,largest,0.5
2351,group-2342,0,0,-0.03923081263888373,0.044061912799491766,3,0.978164951735022,42,64,largest,0.5
2352,group-2343,4,0,-0.008644794125017397,0.07402136898702096,55,0.9997625499903273,42,64,largest,0.5
2353,group-2344,3,0,-0.031783053269115125,0.055559975947524654,18,0.9942137556099534,42,64,largest,0.5
2354,group-2345,2,0,-0.03229979301165675,0.053637888703491156,4,0.962599124637346,42,64,largest,0.5
2355,group-2346,1,0,-0.07790239319158498,0.028644098352755835,56,0.9288947484907724,42,64,largest,0.5
2356,group-2347,0,0,-0.05110262837637514,0.03735333963816795,30,0.9653836117158723,42,64,largest,0.5
2357,group-2348,4,0,-0.12772144093115323,0.012402607097007586,34,0.8779107047913478,42,64,largest,0.5
2358,group-2349,3,0,-0.10419018316033102,0.01602078644779609,6,0.9051542202590094,42,64,largest,0.5
2359,group-2350,1,0,-0.010813921660487447,0.08954623060697961,16,0.9887711368328876,42,64,largest,0.5
2360,group-2351,0,0,-0.029428932652041828,0.05045269540726926,57,0.9810180988853954,42,64,largest,0.5
2361,group-2352,4,0,-0.06522827777559093,0.032108343261585175,58,0.9559001104087218,42,64,largest,0.5
2362,group-2353,3,0,-0.022641546710216343,0.06470957613324439,20,0.9761974710020795,42,64,largest,0.5
2363,group-2354,2,0,-0.011344172605444625,0.07325768692638741,61,0.9939850409278412,42,64,largest,0.5
2364,group-2355,1,0,-0.007547000302913109,0.09444491980674417,0,0.9879560496676175,42,64,largest,0.5
2365,group-2356,0,0,-0.02435613211480392,0.054095903565875236,22,0.9885741727951348,42,64,largest,0.5
2366,group-2357,4,0,-0.11004899312539951,0.01625963664138975,21,0.9131231177758411,42,64,largest,0.5
2367,group-2358,3,0,-0.025074140220892938,0.06214616504207416,27,1.000448111215689,42,64,largest,0.5
2368,group-2359,2,0,-0.015891700605107806,0.068504888509413,4,0.9936315789673671,42,64,largest,0.5
2369,group-2360,0,0,-0.02004672150336384,0.05738434701159183,30,0.9884812883070023,42,64,largest,0.5
2370,group-2361,4,0,-0.0033401649114136456,0.07987514179199758,31,0.9937985844237551,42,64,largest,0.5
2371,group-2362,3,0,-0.03819741733907145,0.04988192513953963,36,0.9941896018971607,42,64,largest,0.5
2372,group-2363,2,0,-0.036876505039657226,0.050067142266939764,28,0.9753091594802378,42,64,largest,0.5
2373,group-2364,1,0,-0.010357590250496318,0.09021646347993534,13,0.995956677773464,42,64,largest,0.5
2374,group-2365,0,0,-0.028584620961278118,0.05104252627796648,53,0.963472485662298,42,64,largest,0.5
2375,group-2366,4,0,-0.016749986490686708,0.06583628275849411,53,0.9961042811839197,42,64,largest,0.5
2376,group-2367,3,0,-0.03786794357094614,0.05015968359753992,58,1.0032995906720672,42,64,largest,0.5
2377,group-2368,2,0,-0.03628541669115881,0.050515324812498104,48,0.9733939789014938,42,64,largest,0.5
2378,group-2369,1,0,-0.02624364741925156,0.06938176116333662,47,0.9668133137908609,42,64,largest,0.5
2379,group-2370,4,0,-0.030461497327953224,0.05388021444841794,10,0.9843267006116617,42,64,largest,0.5
2380,group-2371,3,0,-0.08242371178294616,0.023395121290596402,53,0.9311299330902089,42,64,largest,0.5
2381,group-2372,2,0,-0.036866841481975166,0.05007443911443686,32,0.9726999775153534,42,64,largest,0.5
2382,group-2373,1,0,-0.03223487677622716,0.06274972234383547,53,0.9790101183933043,42,64,largest,0.5
2383,group-2374,1,0,-0.03866129436748478,0.0562964296915082,4,0.9701116452502879,42,64,largest,0.5
2384,group-2375,0,0,-0.05619688696173064,0.03478576775267613,22,0.960261092293651,42,64,largest,0.5
2385,group-2376,4,0,-0.017544664378237873,0.06508066756604701,36,0.9769952200126336,42,64,largest,0.5
2386,group-2377,0,0,-0.03456519166410055,0.04700140588664909,7,0.9928927270547441,42,64,largest,0.5
2387,group-2378,3,0,-0.07172950123166033,0.02814528116403256,63,0.9792239401823941,42,64,largest,0.5
2388,group-2379,2,0,-0.08796244388862451,0.022887026176829854,48,0.9168061269053512,42,64,largest,0.5
2389,group-2380,0,0,-0.013585073568812556,0.06266842574217049,7,0.9872845427359551,42,64,largest,0.5
2390,group-2381,4,0,-0.04337283289075233,0.04451922408718019,19,0.985757436929924,42,64,largest,0.5
2391,group-2382,3,0,-0.06823971553178654,0.029889182980800358,48,0.9163170476232928,42,64,largest,0.5
2392,group-2383,2,0,-0.05285313136625647,0.039291589968480034,37,0.9219284026786614,42,64,largest,0.5
2393,group-2384,1,0,-0.02833249815504202,0.06699891574605486,11,0.9683366649544274,42,64,largest,0.5
2394,group-2385,0,0,-0.06690447927697984,0.029932386132123404,44,0.9383880228559317,42,64,largest,0.5
2395,group-2386,4,0,-0.06300695963608793,0.03319886524754524,1,0.959317655818387,42,64,largest,0.5
2396,group-2387,3,0,-0.045130329062571084,0.04436497950658398,27,1.0027026628377773,42,64,largest,0.5
2397,group-2388,2,0,-0.015545815474726221,0.06885611373236428,54,0.9928046298631207,42,64,largest,0.5
2398,group-2389,1,1,0.010086539793698224,0.1252172527503038,7,0.9848052865690144,42,64,largest,0.5
2399,group-2390,4,0,-0.004742123047894342,0.07828817413107468,5,1.003026110610814,42,64,largest,0.5
2400,group-2391,3,0,-0.04246337659528221,0.04641478487348372,35,0.9992799528930421,42,64,largest,0.5
2401,group-2392,2,1,5.557516678700303e-05,0.08653329291777362,47,0.9988953218531876,42,64,largest,0.5
2402,group-2393,1,0,-0.005935080266167514,0.09694937665893318,0,1.0039397055700534,42,64,largest,0.5
2403,group-2394,0,0,-0.00314930751569098,0.07216903957145678,42,0.9902074965155264,42,64,largest,0.5
2404,group-2395,4,0,-0.0320200176400689,0.052658560679133146,9,0.9732373231322828,42,64,largest,0.5
2405,group-2396,3,0,-0.039416359980348536,0.04886693213780014,3,0.9748032912915101,42,64,largest,0.5
2406,group-2397,2,0,-0.052122730729283195,0.03973163410083306,25,0.9571331551027352,42,64,largest,0.5
2407,group-2398,1,0,-0.006603718249509005,0.09590338982558776,59,0.9997838225169605,42,64,largest,0.5
2408,group-2399,0,0,-0.08802797156674214,0.022209820835636055,5,0.9108225395601578,42,64,largest,0.5
2409,group-2400,2,0,-0.006037529718760926,0.07918679076938483,16,0.993577356788327,42,64,largest,0.5
2410,group-2401,1,1,0.013005382664285414,0.1310714630048767,7,0.9945656315617514,42,64,largest,0.5
2411,group-2402,0,0,-0.024790982042831256,0.053774121396254884,60,0.9790451510113515,42,64,largest,0.5
2412,group-2403,4,0,-0.03137796667897108,0.05315863454161364,22,1.0083100968161351,42,64,largest,0.5
2413,group-2404,3,0,-0.018189798566442983,0.06965710049905333,31,0.9922433680166884,42,64,largest,0.5
2414,group-2405,2,1,0.00654432600045507,0.09503021235640856,47,0.997280897479034,42,64,largest,0.5
2415,group-2406,1,1,0.001343335549407021,0.10900865305357005,7,1.0044311706113016,42,64,largest,0.5
2416,group-2407,0,1,0.0006164939045721907,0.07591244058537538,40,0.9985118768991761,42,64,largest,0.5
2417,group-2408,4,0,-0.020738648295741346,0.06212440032496828,57,0.9854622587626026,42,64,largest,0.5
2418,group-2409,3,0,-0.031870225831037824,0.055478879749895876,40,0.9750903934063543,42,64,largest,0.5
2419,group-2410,1,0,-0.02613953498829058,0.0695025560854417,4,0.984722460101409,42,64,largest,0.5
2420,group-2411,0,0,-0.023529267053903125,0.054712784468053985,53,0.9974333585392883,42,64,largest,0.5
2421,group-2412,4,0,-0.03913354685365478,0.04740780176446701,31,0.9819011843614079,42,64,largest,0.5
2422,group-2413,3,0,-0.018824167868034314,0.06893127796271528,41,0.9811198030741528,42,64,largest,0.5
2423,group-2414,2,0,-0.01850516945553715,0.06590428231385424,4,0.9814223272168151,42,64,largest,0.5
2424,group-2415,1,0,-0.018105551515133933,0.07943068440690661,50,0.9886883500070501,42,64,largest,0.5
2425,group-2063,3,0,-0.04019364449112195,0.04822996232252161,19,1.001241867600203,42,64,largest,0.5
2426,group-2416,0,1,0.006615164519459427,0.0822446356630288,40,0.9819803612827781,42,64,largest,0.5
2427,group-2417,4,0,-0.02653029205110058,0.05708143134394711,28,0.977257251338038,42,64,largest,0.5
2428,group-2418,3,0,-0.05556707038102571,0.0371445634203983,12,0.978555613037647,42,64,largest,0.5
2429,group-2419,2,0,-0.007103910784935885,0.07796114210259729,61,0.9914351539554666,42,64,largest,0.5
2430,group-2420,0,0,-0.049766882442668914,0.03805616631525598,54,0.9610858399051228,42,64,largest,0.5
2431,group-2421,4,0,-0.027631030008451574,0.056167500472676,2,0.9753760088961375,42,64,largest,0.5
2432,group-2422,3,0,-0.03444159829434934,0.053136299610994246,38,1.0038208430875875,42,64,largest,0.5
2433,group-2423,2,0,-0.026652230049192593,0.0583753676792582,19,0.9860889522617465,42,64,largest,0.5
2434,group-2424,4,0,-0.028353850065326203,0.05557485495392487,52,1.004323535763185,42,64,largest,0.5
2435,group-2425,1,0,-0.04346110639278444,0.05188921173310741,61,0.9825881534105988,42,64,largest,0.5
2436,group-2426,0,0,-0.0252597371677018,0.05342927226185248,38,0.9892410010168696,42,64,largest,0.5
2437,group-2427,3,0,-0.038317494866374924,0.04978105819636866,46,0.993621817240701,42,64,largest,0.5
2438,group-2428,2,1,0.006917237738782167,0.09554055933955166,47,0.9883855589701203,42,64,largest,0.5
2439,group-2429,1,0,-0.020634207473270827,0.07617361866260614,23,0.9983182157288384,42,64,largest,0.5
2440,group-2430,3,0,-0.030501347989028704,0.05676528884500701,42,0.9999334554213236,42,64,largest,0.5
2441,group-2431,2,0,-0.0065360966447927105,0.07861158408617772,27,1.0017656776234716,42,64,largest,0.5
2442,group-2432,1,0,-0.043946080155888634,0.05146249470302402,63,0.9779792110341552,42,64,largest,0.5
2443,group-2433,0,0,-0.005833637142727555,0.06960538091023273,58,0.9881468500662375,42,64,largest,0.5
2444,group-2434,4,0,-0.022799586585813936,0.060283900167017054,63,0.9926651193211571,42,64,largest,0.5
2445,group-2435,3,0,-0.04327755445798054,0.04577963787309723,25,0.9844106980276489,42,64,largest,0.5
2446,group-2436,2,0,-0.011766968472247896,0.07280330435574035,50,0.9823707712764306,42,64,largest,0.5
2447,group-2437,1,0,-0.011621660480069629,0.08837087133455672,61,0.9799796441362377,42,64,largest,0.5
2448,group-2438,0,0,-0.05636379189089191,0.0347045899033717,7,0.974536453011954,42,64,largest,0.5
2449,group-2439,4,0,-0.03210810828996713,0.052590297123205273,38,0.9740239339057574,42,64,largest,0.5
2450,group-2440,2,1,0.0086969709578113,0.09801010228693485,47,0.9684432636485591,42,64,largest,0.5
2451,group-2441,1,0,-0.03257898138500548,0.062387342149559585,8,0.9709696698787085,42,64,largest,0.5
2452,group-2442,0,0,-0.029310221068159614,0.05053523498669822,22,0.981900961767535,42,64,largest,0.5
2453,group-2443,4,0,-0.062124811988354844,0.03364179320084388,36,0.9453098180732356,42,64,largest,0.5
2454,group-2444,3,0,-0.06431974646099081,0.03197298238428224,17,0.9385995858883729,42,64,largest,0.5
2455,group-2445,0,0,-0.026742387066633455,0.052352221400135596,29,0.9868599171925068,42,64,largest,0.5
2456,group-2446,0,0,-0.014763196449720795,0.06167228382563875,3,0.9834383012389273,42,64,largest,0.5
2457,group-2447,2,0,-0.0020839082601888936,0.08388595300742101,35,1.008447213301929,42,64,largest,0.5
2458,group-2448,1,0,-0.05715777164176994,0.04104084086033892,54,0.9684983711171495,42,64,largest,0.5
2459,group-2449,0,0,-0.02633753001472816,0.05264427159832066,7,0.968898144201993,42,64,largest,0.5
2460,group-2450,3,0,-0.04686287437320358,0.04307991226240954,3,0.9447469800155953,42,64,largest,0.5
2461,group-2451,2,0,-0.09024819452428312,0.02208942811200238,57,0.9348780765923662,42,64,largest,0.5
2462,group-2452,1,0,-0.035096968268323314,0.05979452361501759,31,0.9685950996891883,42,64,largest,0.5
2463,group-2453,0,0,-0.026619968457346488,0.05244036823245736,19,0.9847465331587146,42,64,largest,0.5
2464,group-2454,4,0,-0.01089632759564596,0.07165808581084582,52,1.0044696740287267,42,64,largest,0.5
2465,group-2455,3,0,-0.04473708481797034,0.04466170743539301,35,0.9982578437864663,42,64,largest,0.5
2466,group-2456,2,0,-0.027125297822546024,0.05796392126033667,21,0.9846904829246415,42,64,largest,0.5
2467,group-2457,1,0,-0.020483005686624534,0.07636488176582161,60,0.9931159573471655,42,64,largest,0.5
2468,group-2458,0,0,-0.05158402046292365,0.037103117844639814,47,0.9628994306460532,42,64,largest,0.5
2469,group-2459,4,0,-0.016015600779302752,0.0665418120428565,1,0.9772756340081992,42,64,largest,0.5
2470,group-2460,2,0,-0.07586458343537994,0.027599378042422584,24,0.9321167872529332,42,64,largest,0.5
2471,group-2461,1,0,-0.032234430006353954,0.06275019411609088,18,0.987161303099706,42,64,largest,0.5
2472,group-2462,0,0,-0.033141692367388065,0.04793478331612468,8,0.9772121076700876,42,64,largest,0.5
2473,group-2463,4,0,-0.06841654954068799,0.0306034435700395,34,0.9470995703237542,42,64,largest,0.5
2474,group-2464,3,1,0.027163032599284875,0.14339726565531075,37,0.9365673213431454,42,64,largest,0.5
2475,group-2465,2,0,-0.02391997559703296,0.060805789250868984,57,0.96148637054449,42,64,largest,0.5
2476,group-2466,1,0,-0.013602871077863066,0.08554677580497211,11,0.9877825738105219,42,64,largest,0.5
2477,group-2467,0,0,-0.013744226408041516,0.06253298475251551,59,0.9847195687202277,42,64,largest,0.5
2478,group-2468,4,0,-0.048387497679817315,0.04131887382593571,47,0.9591610861509461,42,64,largest,0.5
2479,group-2469,3,0,-0.02555260090109146,0.06165325832134061,48,0.9589582221516475,42,64,largest,0.5
2480,group-2470,1,0,-0.030666624830413713,0.06442626250974827,23,0.9885625365733615,42,64,largest,0.5
2481,group-2471,0,1,0.005066868991736473,0.08056564766583298,40,0.9864637088219532,42,64,largest,0.5
2482,group-2472,4,0,-0.06855904782072553,0.03053780191898952,34,0.9464586868967498,42,64,largest,0.5
2483,group-2473,3,0,-0.000257519787597138,0.09331378169770235,48,0.9910461556112488,42,64,largest,0.5
2484,group-2474,2,0,-0.05965904744131323,0.03541007951275422,46,0.9511694987483477,42,64,largest,0.5
2485,group-2475,1,0,-0.09956057921742323,0.019596503967239737,43,0.9069017142078151,42,64,largest,0.5
2486,group-2476,0,0,-0.0648178021620538,0.030823676371813772,24,0.9357889589463171,42,64,largest,0.5
2487,group-2477,4,0,-0.05990745785603524,0.034780456861087786,62,0.9507295450670958,42,64,largest,0.5
2488,group-2478,3,0,-0.05562532927164254,0.037107615198366466,9,0.9984237531818559,42,64,largest,0.5
2489,group-2479,2,0,-0.03823713672531248,0.049049742388978905,37,0.9643892214939869,42,64,largest,0.5
2490,group-2480,0,0,-0.03295429691031815,0.048058960605593726,34,0.9644209038182519,42,64,largest,0.5
2491,group-2481,4,0,-0.02872604261581424,0.055271991585996494,14,0.9685296152486552,42,64,largest,0.5
2492,group-2482,3,0,-0.05987340882882719,0.03450670741707535,60,0.9900552659874905,42,64,largest,0.5
2493,group-2483,2,0,-0.016752978477727165,0.06763751431889303,35,0.9911072448150935,42,64,largest,0.5
2494,group-2484,1,0,-0.011693930509140138,0.08826639132580981,14,0.9773797032723761,42,64,largest,0.5
2495,group-2485,0,0,-0.03389569813448989,0.04743821574604899,42,0.9771780088607186,42,64,largest,0.5
2496,group-2486,4,0,-0.01329499565134662,0.06921711602271459,49,0.9985541417779347,42,64,largest,0.5
2497,group-2487,3,0,-0.0855122319288002,0.0221753583924545,21,0.9348877098323185,42,64,largest,0.5
2498,group-2488,2,0,-0.0212480683213917,0.06327378778616265,6,0.9657130687870946,42,64,largest,0.5
2499,group-2489,1,0,-0.023478044222655536,0.07265729642759283,14,0.9832754331725951,42,64,largest,0.5
2500,group-2490,4,0,-0.024191879028688357,0.05906953843794619,63,0.9870001001539062,42,64,largest,0.5
2501,group-2491,3,0,-0.03648769428653198,0.0513392819940035,17,0.9792725949174188,42,64,largest,0.5
2502,group-2492,2,0,-0.030749911176452982,0.05490065823506848,51,0.9888671378263983,42,64,largest,0.5
2503,group-2493,1,0,-0.0749637381294892,0.03014923513862761,19,0.9322530406008005,42,64,largest,0.5
2504,group-2494,0,0,-0.031904183411600395,0.04876048639940843,58,0.9835858982397857,42,64,largest,0.5
2505,group-2495,4,0,-0.08967503017409673,0.022183071662175407,10,0.9088738910037368,42,64,largest,0.5
2506,group-2496,3,1,0.006459199663240711,0.1038960046653012,37,0.9773888543175847,42,64,largest,0.5
2507,group-2497,2,0,-0.04239186617253554,0.04606313702234258,20,0.9733886584771332,42,64,largest,0.5
2508,group-2498,1,0,-0.023195624558972838,0.0729996975810636,36,0.9654732997430554,42,64,largest,0.5
2509,group-2499,0,0,-0.03371734865198317,0.04755522866171288,55,0.980486255653816,42,64,largest,0.5
2510,group-2500,2,0,-0.008626026945225074,0.0762417685251748,58,0.9844275672259779,42,64,largest,0.5
2511,group-2501,1,0,-0.04397176668446978,0.05143998651535824,21,0.9691915620268975,42,64,largest,0.5
2512,group-2502,0,0,-0.030415514913020747,0.049771652373511756,48,0.96888561669506,42,64,largest,0.5
2513,group-2503,4,0,-0.04747349372049203,0.04188531166098628,26,0.9461125481923808,42,64,largest,0.5
2514,group-2504,3,0,-0.04976740088541698,0.04100496165234347,4,0.9772866210935696,42,64,largest,0.5
2515,group-2505,2,1,0.0055581562681851215,0.09369233474192218,47,0.9878414224459854,42,64,largest,0.5
2516,group-2506,1,0,-0.03286164211030984,0.062091131530551825,56,0.971457582981426,42,64,largest,0.5
2517,group-2507,0,0,-0.019794113237158406,0.05758282482379731,34,0.9727690656411981,42,64,largest,0.5
2518,group-2508,4,0,-0.11274647685726147,0.015602407276609474,62,0.8874984392266867,42,64,largest,0.5
2519,group-2509,3,0,-0.0420927857658302,0.046706654418294045,53,0.8882970471768568,42,64,largest,0.5
2520,group-2510,1,0,-0.05035769662169287,0.046124579890486093,47,0.961341658952635,42,64,largest,0.5
2521,group-2511,0,0,-0.06227262661281274,0.03194562670432257,17,0.949488823735887,42,64,largest,0.5
2522,group-2512,4,0,-0.08161272913998674,0.025070424141965426,34,0.9366398233451919,42,64,largest,0.5
2523,group-2513,3,0,-0.037787131038844346,0.050228034925545596,49,0.9675582570996056,42,64,largest,0.5
2524,group-2514,2,0,-0.02486783163161632,0.059952106718283035,35,0.9884103936036975,42,64,largest,0.5
2525,group-2515,1,0,-0.01291158758478328,0.08652274286791671,61,0.9679793668568163,42,64,largest,0.5
2526,group-2516,0,0,-0.0507570968344252,0.037533941891056986,30,0.96229269073045,42,64,largest,0.5
2527,group-2517,4,0,-0.10542995740416583,0.01744882461761944,34,0.9136563509824124,42,64,largest,0.5
2528,group-2518,3,0,-0.034692698298100066,0.05291261102044248,2,0.9643099328532513,42,64,largest,0.5
2529,group-2519,2,0,-0.08494621836949079,0.02398267785356322,57,0.91463604480126,42,64,largest,0.5
2530,group-2520,0,0,-0.10532330598262851,0.01736843329990662,37,0.9039217777242007,42,64,largest,0.5
2531,group-2521,4,0,-0.053509344657063695,0.03827797857060826,8,0.9605870167210989,42,64,largest,0.5
2532,group-2522,3,0,-0.002638852542935166,0.08980025172501904,53,0.9640051848836465,42,64,largest,0.5
2533,group-2523,2,0,-0.024185486485457597,0.060565518265926356,3,0.9709265340228719,42,64,largest,0.5
2534,group-2524,1,0,-0.08071700673704474,0.02727101178763598,31,0.9396233190348079,42,64,largest,0.5
2535,group-2525,0,0,-0.062318683892084836,0.03192497738623501,24,0.9420347887579412,42,64,largest,0.5
2536,group-2526,4,0,-0.011076393035987175,0.07147212027293762,55,0.9946966521315481,42,64,largest,0.5
2537,group-2527,3,0,-0.04674707280344981,0.04316468484090127,48,0.9471234001696691,42,64,largest,0.5
2538,group-2528,2,0,-0.03949609197392068,0.04812586073923145,5,0.964339871221382,42,64,largest,0.5
2539,group-2529,1,0,-0.021567070295679613,0.07500328370548635,28,0.9876062925264146,42,64,largest,0.5
2540,group-2530,4,0,-0.03725941548854472,0.048740829742613956,19,0.9793518358633283,42,64,largest,0.5
2541,group-2531,3,0,-0.056324404754532376,0.0366670035990969,10,0.9828757395269747,42,64,largest,0.5
2542,group-2532,2,0,-0.008622665933002316,0.07624552649882047,22,0.9925314002538358,42,64,largest,0.5
2543,group-2533,1,0,-0.04670816108776921,0.04909483284052104,36,0.961222389827806,42,64,largest,0.5
2544,group-2534,0,0,-0.020620791046282005,0.056935679363667835,62,0.9796419631459651,42,64,largest,0.5
2545,group-2535,4,0,-0.03805767186009257,0.048168754272246275,37,0.9768932373472538,42,64,largest,0.5
2546,group-2536,3,0,-0.0660723914075324,0.03102448058253717,53,0.9248050736635088,42,64,largest,0.5
2547,group-2537,2,0,-0.02904458171252422,0.056322410860274626,19,0.9890199896202969,42,64,largest,0.5
2548,group-2538,1,0,-0.06199462880574358,0.03775593626024832,43,0.9489733000927831,42,64,largest,0.5
2549,group-2539,0,0,-0.007001239711567631,0.06851676863399175,53,0.9929876109780023,42,64,largest,0.5
2550,group-2540,4,0,-0.042927301329878986,0.04481473116778769,14,0.9663906404400855,42,64,largest,0.5
2551,group-2541,3,0,-0.04312967567617498,0.04589438114648182,48,0.9771286141675863,42,64,largest,0.5
2552,group-2542,2,0,-0.08617059930156856,0.023531880990466377,2,0.9206976137071204,42,64,largest,0.5
2553,group-2543,1,0,-0.01703654982920666,0.08084553090381842,18,0.9899553615024153,42,64,largest,0.5
2554,group-2544,0,0,-0.09017667378959848,0.021543096784298513,35,0.905644664047659,42,64,largest,0.5
2555,group-2545,4,0,-0.10883672417281698,0.016563797762256017,11,0.9137818510088869,42,64,largest,0.5
2556,group-2546,3,1,0.010947760522693306,0.11154720842469536,37,0.9442752099969899,42,64,largest,0.5
2557,group-2547,2,0,-0.013370762289699023,0.071103211573992,35,0.9831576548005422,42,64,largest,0.5
2558,group-2548,1,0,-0.06252657121596306,0.03741047583863222,19,0.9621181237831791,42,64,largest,0.5
2559,group-2549,0,1,0.014981426235948225,0.09187909337374897,40,0.9873460509609993,42,64,largest,0.5
2560,group-2550,3,0,-0.028738792911167543,0.058462959935243954,46,0.9977189287385211,42,64,largest,0.5
2561,group-2551,2,0,-0.018319543647466463,0.06608592650310918,34,0.9909106555561454,42,64,largest,0.5
2562,group-2552,1,0,-0.026245697723027983,0.06937938428028495,53,0.9810579876073172,42,64,largest,0.5
2563,group-2553,0,0,-0.07402129758979192,0.02707664355044708,17,0.9414244141727289,42,64,largest,0.5
2564,group-2554,4,0,-0.036010396489616237,0.0496488973230021,10,0.9524828470599046,42,64,largest,0.5
2565,group-2555,3,0,-0.035548195628471224,0.052157161698048154,35,0.9678828983683189,42,64,largest,0.5
2566,group-2556,2,0,-0.0796472774469601,0.026032653381445177,5,0.919346258505723,42,64,largest,0.5
2567,group-2557,1,0,-0.056621436776524536,0.04142151407505069,31,0.9444236454786914,42,64,largest,0.5
2568,group-2558,0,0,-0.030403988994275766,0.0497795582553086,3,0.9840584943839814,42,64,largest,0.5
2569,group-2559,4,0,-0.06097875509367001,0.0342257550304218,55,0.9308475167169953,42,64,largest,0.5
2570,group-2560,2,0,-0.037028994556144834,0.04995213236173631,18,0.9828961230172841,42,64,largest,0.5
2571,group-2561,1,0,-0.07492120962266613,0.030171570694930986,12,0.9105929651318361,42,64,largest,0.5
2572,group-2562,0,0,-0.04250797479999979,0.04210291959666489,34,0.9707683471893277,42,64,largest,0.5
2573,group-2563,4,0,-0.058101961092248744,0.03573497944571021,7,0.9536653178781157,42,64,largest,0.5
2574,group-2564,3,0,-0.028337428556283517,0.05885615268877102,3,0.9618487311650317,42,64,largest,0.5
2575,group-2565,2,0,-0.11133544151698527,0.01590504669798967,57,0.9038704655392317,42,64,largest,0.5
2576,group-2566,1,0,-0.04263803148776735,0.05262107969609352,5,0.9655336189361418,42,64,largest,0.5
2577,group-2567,0,0,-0.020699883631047133,0.05687412300402657,16,0.976337042896859,42,64,largest,0.5
2578,group-2568,4,0,-0.06765622091557322,0.030956003962804873,17,0.9373649741043762,42,64,largest,0.5
2579,group-2569,3,0,-0.034079690403697516,0.053460270456353334,58,0.997862529496421,42,64,largest,0.5
2580,group-2570,1,0,-0.02786841681723229,0.06752166192505372,35,0.9858050283262836,42,64,largest,0.5
2581,group-2571,0,0,-0.027410137361627895,0.05187387089003327,32,0.9922784512566137,42,64,largest,0.5
2582,group-2572,4,0,-0.01278281041559548,0.06973178525140708,11,0.9907938847453254,42,64,largest,0.5
2583,group-2573,3,0,-0.04014611262151324,0.048268686486417904,18,0.9866958789766174,42,64,largest,0.5
2584,group-2574,2,0,-0.08102838739458984,0.025482471222531687,39,0.9385020587531518,42,64,largest,0.5
2585,group-2575,1,0,-0.08061627756487577,0.027319029263584798,12,0.9194039360138684,42,64,largest,0.5
2586,group-2576,0,0,-0.008185507317019947,0.06742874896889844,32,0.9924005964133952,42,64,largest,0.5
2587,group-2577,4,0,-0.09827165315078867,0.019462433384639318,11,0.9100053542046048,42,64,largest,0.5
2588,group-2578,3,0,-0.014338223237195469,0.07421765781386909,19,0.964982131267625,42,64,largest,0.5
2589,group-2579,2,0,-0.024154002378311668,0.06059396295828517,52,0.9636721432998718,42,64,largest,0.5
2590,group-2580,0,0,-0.039205301730070974,0.044077498428661765,44,0.9761390332372682,42,64,largest,0.5
2591,group-2581,4,0,-0.008281124670786899,0.07440975209166675,28,0.9951715874786665,42,64,largest,0.5
2592,group-2582,3,0,-0.04241925530014823,0.04644944267808525,9,0.9647923721945385,42,64,largest,0.5
2593,group-2583,2,0,-0.021919298063912795,0.06264513660695553,61,0.9778818034748795,42,64,largest,0.5
2594,group-2584,1,1,0.01720640067161161,0.13990371313392563,7,0.9830212800792258,42,64,largest,0.5
2595,group-2585,0,0,-0.00021018084877066912,0.0750757109111246,60,1.0043183884519515,42,64,largest,0.5
2596,group-2586,4,0,-0.028750751001981545,0.05525194078706919,47,0.9595312522076807,42,64,largest,0.5
2597,group-2587,3,0,-0.028403069111393897,0.058791679408842785,48,0.9514337445876412,42,64,largest,0.5
2598,group-2588,2,0,-0.025750082633502425,0.05916760556108873,16,0.9861804124657818,42,64,largest,0.5
2599,group-2589,1,0,-0.07482816516445201,0.030220492655780206,28,0.9376144383978275,42,64,largest,0.5
2600,group-2590,4,0,-0.03611426330860501,0.04957277634630296,22,0.9762195423617682,42,64,largest,0.5
2601,group-2591,3,0,-0.04813847814673766,0.04215656951576442,50,0.9773042917253839,42,64,largest,0.5
2602,group-2592,2,0,-0.03243908555104036,0.05352575122758495,39,0.9847076284406209,42,64,largest,0.5
2603,group-2593,1,0,-0.005889205184835711,0.09702151360463825,60,0.9982660160586215,42,64,largest,0.5
2604,group-2594,0,0,-0.024799509278106924,0.05376782945782914,34,0.9833594724097033,42,64,largest,0.5
2605,group-2595,4,0,-0.05675266613806507,0.03646473895787062,2,0.9647524923825566,42,64,largest,0.5
2607,group-2596,3,0,-0.04359676830748138,0.045532881363117166,40,0.9918800680159103,42,64,largest,0.5
2608,group-2597,2,0,-0.008259140966090373,0.07665299108529125,54,1.0043514043495716,42,64,largest,0.5
2609,group-2598,1,0,-0.00654528516292141,0.09599439610425232,10,0.9954597318993951,42,64,largest,0.5
2610,group-2599,0,0,-0.0549052496151311,0.03542020143340424,34,0.9527378325178121,42,64,largest,0.5
2611,group-2600,2,0,-0.07745783011338692,0.026928615566425847,51,0.9441860143191757,42,64,largest,0.5
2612,group-2601,1,0,-0.2004344065154734,0.003256701439037368,34,0.8124377906604338,42,64,largest,0.5
2613,group-2602,0,0,-0.050891815127801054,0.03746342780916778,18,0.9588423159636181,42,64,largest,0.5
2614,group-2603,4,0,-0.018501111406165838,0.06418193664257729,28,0.9836543417109819,42,64,largest,0.5
2615,group-2604,3,0,-0.12926370032174672,0.010327623372385296,56,0.9112362412052368,42,64,largest,0.5
2616,group-2605,2,0,-0.02780568486240398,0.05737693083811621,18,0.9764979724654677,42,64,largest,0.5
2617,group-2606,1,0,-0.039924337486353045,0.055103684394408874,8,0.9837584402120488,42,64,largest,0.5
2618,group-2607,0,0,-0.023633492129974232,0.054634664046752185,22,0.9963326570332701,42,64,largest,0.5
2619,group-2608,4,0,-0.020539520262072064,0.062304983827883735,44,0.9893077218715022,42,64,largest,0.5
2620,group-2609,3,0,-0.049294032055946846,0.04133648179316215,11,0.9713100258281787,42,64,largest,0.5
2621,group-2610,1,0,-0.009797500860340813,0.09104526498211535,54,0.9906107046178558,42,64,largest,0.5
2622,group-2611,0,0,-0.03609273308803984,0.046019038148345084,34,0.9628398664712855,42,64,largest,0.5
2623,group-2612,4,0,-0.06446898245910859,0.03247715500408206,39,0.9443510028388603,42,64,largest,0.5
2624,group-2613,3,0,-0.034988335994487474,0.052650386320493875,58,0.9698218630938306,42,64,largest,0.5
2625,group-2614,2,0,-0.02912851053646115,0.0562516355426307,39,0.9991357708040753,42,64,largest,0.5
2626,group-2615,1,0,-0.00884409478162218,0.09247184935072399,15,0.9940956566895922,42,64,largest,0.5
2627,group-2616,0,0,-0.018054318171072503,0.058967404883451265,3,0.9724528479290132,42,64,largest,0.5
2628,group-2617,4,0,-0.06518917559210435,0.032127237036369334,34,0.9503716174865926,42,64,largest,0.5
2629,group-2618,3,0,-0.042480574795077386,0.04640128214667318,19,1.0031509658659956,42,64,largest,0.5
2630,group-2619,2,0,-0.0030109352626930264,0.08276188016939699,19,1.0159150969151847,42,64,largest,0.5
2631,group-2620,0,0,-0.04600155870774014,0.04010635506571243,47,0.949715977052408,42,64,largest,0.5
2632,group-2621,4,0,-0.038330941525924644,0.04797438257536193,33,0.9652882970737974,42,64,largest,0.5
2633,group-2622,3,0,-0.03083524074156585,0.05644895014863221,23,0.9774740235839653,42,64,largest,0.5
2634,group-2623,2,0,-0.08045113803409332,0.025711034672847036,48,0.9183062026635882,42,64,largest,0.5
2635,group-2624,1,0,-0.11247042053992562,0.015605456597171618,63,0.903635022939199,42,64,largest,0.5
2636,group-2625,0,0,-0.049708100550332035,0.03808738548729073,6,0.958466201000071,42,64,largest,0.5
2637,group-2626,4,0,-0.025973432153535314,0.05754909109820962,53,0.9811588865245259,42,64,largest,0.5
2638,group-2627,3,0,-0.028433072979187735,0.05876223115039335,35,1.000153322439554,42,64,largest,0.5
2639,group-2628,2,0,-0.031808562325966294,0.0540351252708094,22,0.966963478435968,42,64,largest,0.5
2640,group-2629,1,0,-0.01185061826737921,0.0880402525899154,10,1.0011643905566923,42,64,largest,0.5
2641,group-2630,4,0,-0.0723211479551803,0.028853319683004894,47,0.9410867577695027,42,64,largest,0.5
2642,group-2631,3,0,-0.03167789334004678,0.055657954177809346,31,0.9743235207207059,42,64,largest,0.5
2643,group-2632,2,0,-0.09329950173876067,0.021066913097473237,32,0.9013893663882679,42,64,largest,0.5
2644,group-2633,1,1,0.013972299502514773,0.13306140542484554,7,0.9911875596401735,42,64,largest,0.5
2645,group-2634,0,0,-0.014080364934423217,0.06224782418825096,33,0.9744426810580367,42,64,largest,0.5
2646,group-2635,4,0,-0.04420478239490078,0.0439723849793656,26,0.9599941643308363,42,64,largest,0.5
2647,group-2636,3,0,-0.04437471033500351,0.044936816282499216,46,0.9976109621077335,42,64,largest,0.5
2648,group-2637,2,0,-0.014003034142524129,0.07044310542038622,39,0.9912474731829879,42,64,largest,0.5
2649,group-2638,1,0,-0.06603897698868966,0.03520455221167683,31,0.9411014396917444,42,64,largest,0.5
2650,group-2639,0,0,-0.01545283663493524,0.06109605383436669,53,0.9866715199885719,42,64,largest,0.5
2651,group-2640,3,0,-0.07031455341605808,0.028840116525504344,14,0.9718983360175997,42,64,largest,0.5
2652,group-2641,2,0,-0.03316592583923228,0.05294418837536716,34,0.9727253587742386,42,64,largest,0.5
2653,group-2642,1,0,-0.024555599170742237,0.07136444342462987,44,0.9832522721043855,42,64,largest,0.5
2654,group-2643,0,0,-0.028069472606594315,0.05140560461199719,26,0.9865627501335864,42,64,largest,0.5
2655,group-2644,4,1,0.0014197269704653293,0.08548451279898174,35,0.9923657116106139,42,64,largest,0.5
2656,group-2645,3,0,-0.03508126041051873,0.05256821804759339,0,0.9790338639991515,42,64,largest,0.5
2657,group-2646,2,0,-0.06028697437380515,0.035071164357174396,42,0.9497234935119804,42,64,largest,0.5
2658,group-2647,1,0,-0.0353240566340437,0.05956571136046154,23,0.9823988983542159,42,64,largest,0.5
2659,group-2648,0,0,-0.02732466306201764,0.05193487001627204,18,0.9523288368866599,42,64,largest,0.5
2660,group-2649,4,0,-0.043282740403986386,0.04457882936460488,37,0.967249780879309,42,64,largest,0.5
2661,group-2650,2,0,-0.011291795004432892,0.07331415909177214,54,0.9862566278149403,42,64,largest,0.5
2662,group-2651,1,0,-0.042791065355784474,0.052484270015090706,63,0.9669879886223139,42,64,largest,0.5
2663,group-2652,0,0,-0.020695842687599275,0.056877266482297385,47,0.9961653459005669,42,64,largest,0.5
2664,group-2653,4,0,-0.021937682907978817,0.06104732402434904,38,0.9953865831526582,42,64,largest,0.5
2665,group-2654,3,0,-0.06000033977771224,0.03443176152030104,18,1.0022909702069986,42,64,largest,0.5
2666,group-2655,2,0,-0.02730254889977246,0.05781046077637459,27,0.985637303337574,42,64,largest,0.5
2667,group-2656,1,0,-0.011784368026007463,0.08813580394260478,4,1.0003349009283662,42,64,largest,0.5
2668,group-2657,0,0,-0.012002032960267806,0.06403058919454502,29,0.9984795888793428,42,64,largest,0.5
2669,group-2658,4,0,-0.01060316007171802,0.07196181488483962,4,1.0027900612586125,42,64,largest,0.5
2670,group-2659,3,0,-0.054488620949855515,0.0378349441578125,40,0.9968188314021184,42,64,largest,0.5
2671,group-2660,1,0,-0.03243628527897424,0.06253737924213255,10,0.982387358190926,42,64,largest,0.5
2672,group-2661,0,1,0.015521890385789439,0.09253516087405968,40,0.9911403124690106,42,64,largest,0.5
2673,group-2662,4,0,-0.028992262140054237,0.0550563153609647,40,1.0004392083241276,42,64,largest,0.5
2674,group-2663,3,0,-0.08875079185534773,0.020963120864668085,8,0.9261436078194892,42,64,largest,0.5
2675,group-2664,2,0,-0.1918386427516936,0.0044824180155079,53,0.8222304657652997,42,64,largest,0.5
2676,group-2665,1,0,-0.0639479748385895,0.03650221422841823,50,0.9325476611664338,42,64,largest,0.5
2677,group-2666,0,0,-0.08654181037799413,0.022682718383393044,23,0.9085482308810975,42,64,largest,0.5
2678,group-2667,4,1,0.007451972501592907,0.09310516719027775,35,0.9890810138361692,42,64,largest,0.5
2679,group-2668,3,0,-0.028611850089874546,0.058587051136970804,25,0.9968302689479894,42,64,largest,0.5
2680,group-2669,2,0,-0.006384460250440482,0.07878612443577122,25,0.9889813587889442,42,64,largest,0.5
2681,group-2670,0,0,-0.007312325800115538,0.06822940008724261,54,0.9767475411998523,42,64,largest,0.5
2682,group-2671,4,0,-0.08639117237465788,0.02331766404776463,41,0.9350718906769723,42,64,largest,0.5
2683,group-2672,3,1,0.00581476156072025,0.10283637487828157,37,0.9590860308095533,42,64,largest,0.5
2684,group-2673,2,0,-0.06914603012827014,0.03061073607120359,5,0.9381165723997148,42,64,largest,0.5
2685,group-2674,1,0,-0.04564901478821659,0.04999027053205589,37,0.955035344583223,42,64,largest,0.5
2686,group-2675,0,0,-0.10202523439490752,0.018203846701364976,17,0.9093672541839801,42,64,largest,0.5
2687,group-2676,4,0,-0.016425644809284545,0.06614701859162034,31,0.9834403457575257,42,64,largest,0.5
2688,group-2677,3,0,-0.04855333054578126,0.04186037760378776,27,0.9786854424462976,42,64,largest,0.5
2689,group-2678,2,0,-0.0545701070624689,0.03827550152891238,10,0.9564116162167482,42,64,largest,0.5
2690,group-2679,1,1,0.0027473893727358867,0.11148138210912548,7,0.9925771596601268,42,64,largest,0.5
2691,group-2680,4,0,-0.01698274496391139,0.06561412511391346,36,0.9747732905606964,42,64,largest,0.5
2692,group-2681,3,0,-0.0646212993420956,0.03180781292426849,10,0.9798599577476246,42,64,largest,0.5
2693,group-2682,2,0,-0.02323632589009783,0.061428558697735926,10,0.9725474836404742,42,64,largest,0.5
2694,group-2683,1,0,-0.02622999236084045,0.06939759316768283,23,1.0051837203012015,42,64,largest,0.5
2695,group-2684,0,0,-0.02595032056228863,0.05292503041303137,33,0.9724257470381092,42,64,largest,0.5
2696,group-2685,4,0,-0.0369913198517513,0.04893440413690216,28,0.979676850771499,42,64,largest,0.5
2697,group-2686,3,0,-0.047545874939730504,0.042583147116453925,23,0.9398184985938222,42,64,largest,0.5
2698,group-2687,2,0,-0.03216176827490935,0.05374922410599454,9,0.9875788795338409,42,64,largest,0.5
2699,group-2688,1,0,-0.00421172619744925,0.09969238072752072,15,0.9882706201971955,42,64,largest,0.5
2700,group-2689,0,0,-0.025352129923984834,0.05336154828694218,56,0.986816174260207,42,64,largest,0.5
2701,group-2690,3,0,-0.046644476320445216,0.04323992369016783,45,0.9606189071017774,42,64,largest,0.5
2702,group-2691,2,0,-0.027529275780156293,0.05761472098768353,51,0.9925556885806072,42,64,largest,0.5
2703,group-2692,1,0,-0.06368463914493239,0.03666886650363844,25,0.9443478331480339,42,64,largest,0.5
2704,group-2693,0,0,-0.005032306143620158,0.07036173768479168,50,0.9854495861966929,42,64,largest,0.5
2705,group-2694,4,0,-0.03060103516753543,0.05376975653860435,23,0.9855129004970671,42,64,largest,0.5
2706,group-2695,3,0,-0.05004119329439194,0.04081437658350814,20,0.9620577045672768,42,64,largest,0.5
2707,group-2696,2,0,-0.026852776376065313,0.05820061086280071,18,0.9834672943746674,42,64,largest,0.5
2708,group-2697,1,0,-0.03158661104705329,0.063437758167457,15,0.9672183103191208,42,64,largest,0.5
2709,group-2698,0,0,-0.012281143663289806,0.06378843534487288,30,0.9894671185842524,42,64,largest,0.5
2710,group-2699,4,0,-0.03296544249187838,0.05193028010559418,18,0.9762890607794878,42,64,largest,0.5
2711,group-2700,1,0,-0.06089753715771473,0.03847812601065934,15,0.9512404793791049,42,64,largest,0.5
2712,group-2701,0,0,-0.017732611927038233,0.05922682398356304,18,0.9873901618992904,42,64,largest,0.5
2713,group-2702,4,0,-0.01953683714094523,0.06322175626303124,63,0.9859786039977432,42,64,largest,0.5
2714,group-2703,3,0,-0.023962850677718417,0.06330523758946041,41,0.9627953615168399,42,64,largest,0.5
2715,group-2704,2,0,-0.04174006163511357,0.046519966291130505,33,0.9662515111061165,42,64,largest,0.5
2716,group-2705,1,0,-0.03603240135187413,0.058857248129544903,24,0.9773955289016677,42,64,largest,0.5
2717,group-2706,3,0,-0.04847074941878948,0.041919178915787315,10,0.9696269119080494,42,64,largest,0.5
2718,group-2707,0,0,-0.017405138053169567,0.05949199209379301,18,0.9812679151130884,42,64,largest,0.5
2719,group-2708,4,0,-0.02334392184538392,0.059806372298413214,4,0.996308295962345,42,64,largest,0.5
2720,group-2709,3,0,-0.05101746420059172,0.04014168222654475,27,0.9907764837048149,42,64,largest,0.5
2721,group-2710,1,1,0.0003031519385296999,0.10720791004407323,7,0.9969211779607318,42,64,largest,0.5
2722,group-2711,0,0,-0.01338770295078373,0.06283677075403563,6,0.9783565798820774,42,64,largest,0.5
2723,group-2712,4,0,-0.0818963922910727,0.02496288210730393,30,0.9236328165771508,42,64,largest,0.5
2724,group-2713,3,0,-0.05147852364759964,0.039827696855482854,38,0.9916976430384932,42,64,largest,0.5
2725,group-2714,2,0,-0.03215947141535791,0.0537510786728336,4,0.9832166934835913,42,64,largest,0.5
2726,group-2715,1,0,-0.03603363861126807,0.05885601760135892,19,0.981085409008863,42,64,largest,0.5
2727,group-2716,0,1,0.0006532808834770476,0.07594987322883848,40,0.9994600353372384,42,64,largest,0.5
2728,group-2717,4,0,-0.03918678030593603,0.04737044851312906,44,0.9763457281743038,42,64,largest,0.5
2729,group-2718,3,0,-0.036299562913993055,0.051502082259552946,19,0.9762617467515518,42,64,largest,0.5
2730,group-2719,2,0,-0.010452512472481357,0.07422453488322224,38,0.992330568577687,42,64,largest,0.5
2731,group-2720,0,0,-0.003996288811759174,0.07135086883393793,57,0.9895740218008261,42,64,largest,0.5
2732,group-2721,4,0,-0.050157725127175756,0.040242588640452354,54,0.9439077551019954,42,64,largest,0.5
2733,group-2722,3,0,-0.035698000895895365,0.052025928640450816,17,0.9950848545644817,42,64,largest,0.5
2734,group-2723,2,0,-0.058718335064270044,0.03592372636068835,7,0.9672443503404454,42,64,largest,0.5
2735,group-2724,1,0,-0.04530585159738176,0.05028369633795082,46,0.9654640598694338,42,64,largest,0.5
2736,group-2725,0,0,-0.0034307178630019752,0.07189624629150783,8,0.9955536225164444,42,64,largest,0.5
2737,group-2726,4,1,0.010676813215500958,0.09742478266061913,35,0.9826841197976447,42,64,largest,0.5
2738,group-2727,3,0,-0.008241133347742458,0.08200080660493113,58,0.9947886627705084,42,64,largest,0.5
2739,group-2728,2,0,-0.037516753198785,0.049585935988618775,24,0.9697365835557352,42,64,largest,0.5
2740,group-2729,1,0,-0.05161177923264226,0.045143971070154054,22,0.9540399460574882,42,64,largest,0.5
2741,group-2730,4,0,-0.019994657184451037,0.0628016122965094,2,0.9783100129304745,42,64,largest,0.5
2742,group-2731,3,1,0.01413659270809764,0.11727833019564653,37,0.9625024330312727,42,64,largest,0.5
2743,group-2732,2,0,-0.02581311261322905,0.05911192874451413,31,0.9705089694272538,42,64,largest,0.5
2744,group-2733,1,0,-0.030711821451965715,0.06437736654324937,56,0.9765380337915044,42,64,largest,0.5
2746,group-2734,0,0,-0.024045813072274158,0.054326643938273925,63,0.9932722212442627,42,64,largest,0.5
2747,group-2735,4,0,-0.010704092171817114,0.07185711282956804,12,1.0089568417259525,42,64,largest,0.5
2748,group-2736,3,0,-0.04379203828514977,0.045382560012871734,40,0.9877188551333997,42,64,largest,0.5
2749,group-2737,2,1,0.016693795690880475,0.10982004212213566,47,0.9879050616514297,42,64,largest,0.5
2750,group-2738,1,0,-0.0463678035187044,0.04938091120083994,8,0.9742459022620998,42,64,largest,0.5
2751,group-2739,0,0,-0.004423399302453057,0.07094154195391951,50,0.9966261432922939,42,64,largest,0.5
2752,group-2740,3,0,-0.007437726107121678,0.08308016764811262,48,0.9870692747080505,42,64,largest,0.5
2753,group-2741,2,0,-0.010019721328403897,0.07469803999893106,9,1.004615311738147,42,64,largest,0.5
2754,group-2742,1,0,-0.044468576418494554,0.05100647737103341,46,0.9709070793675941,42,64,largest,0.5
2755,group-2743,0,0,-0.02862030726986009,0.0510174645119502,57,0.9799854445599481,42,64,largest,0.5
2756,group-2744,4,0,-0.034308532066674724,0.05091202561956268,16,0.9770738137899015,42,64,largest,0.5
2757,group-2745,3,1,0.005431732641620335,0.10221111504865132,37,0.953868675175738,42,64,largest,0.5
2758,group-2746,2,0,-0.07528190266090351,0.027848720700623962,46,0.9344202369073866,42,64,largest,0.5
2759,group-2747,1,0,-0.005113247905374818,0.09824895553223452,61,0.9977357216644409,42,64,largest,0.5
2760,group-2748,0,0,-0.010790308800119774,0.06509182937906642,32,0.9987699341181544,42,64,largest,0.5
2761,group-2749,4,0,-0.03325550347357742,0.05170875516123472,5,0.9771934404821095,42,64,largest,0.5
2762,group-2750,2,0,-0.005189462768575459,0.08017406516393692,9,0.9825370609056626,42,64,largest,0.5
2763,group-2751,1,0,-0.00933118915980291,0.09174051748668427,41,1.0038578893062,42,64,largest,0.5
2764,group-2752,0,0,-0.015366044166494008,0.06116829559683523,54,0.987991763849358,42,64,largest,0.5
2765,group-2753,4,0,-0.05359493865008791,0.03822903173149856,54,0.9728415612213343,42,64,largest,0.5
2766,group-2754,3,0,-0.03331581023983776,0.05415020428021335,45,0.9768355473840927,42,64,largest,0.5
2767,group-2755,2,0,-0.00671806869729874,0.07840259295191646,9,0.9986553039873376,42,64,largest,0.5
2768,group-2756,1,1,0.013490636448488025,0.13206695140706015,7,0.9909469751537833,42,64,largest,0.5
2769,group-2757,0,0,-0.037575876008473785,0.04508394347836165,38,0.9559778993828018,42,64,largest,0.5
2770,group-2758,4,0,-0.06451568758981807,0.03245435126956239,1,0.9384799793945373,42,64,largest,0.5
2771,group-2759,3,0,-0.07543004075644166,0.02640405980995685,19,0.988539693616594,42,64,largest,0.5
2772,group-2760,1,0,-0.003343329429378983,0.10110056991668527,51,0.9942057380218393,42,64,largest,0.5
2773,group-2761,0,0,-0.01760086897668145,0.05933336787235643,62,0.9900531110720082,42,64,largest,0.5
2774,group-2762,4,0,-0.0035459345046247037,0.07964039177643788,51,0.99377619149201,42,64,largest,0.5
2775,group-2763,3,0,-0.02748908969179753,0.05969539008022778,55,0.9962639622671939,42,64,largest,0.5
2776,group-2764,2,1,9.677473912672596e-05,0.08658500697888614,47,0.9966336159982191,42,64,largest,0.5
2777,group-2765,1,0,-0.04434678015190596,0.05111243411874934,5,0.9695622646453854,42,64,largest,0.5
2778,group-2766,0,0,-0.016017252977991836,0.06062820440422453,27,1.0009566239997576,42,64,largest,0.5
2779,group-2767,4,0,-0.02407406895068287,0.059171398468769384,40,0.9814810662523101,42,64,largest,0.5
2780,group-2768,3,0,-0.038447236349336666,0.04967229063492618,18,1.007910745370802,42,64,largest,0.5
2781,group-2769,2,0,-0.032149345537827556,0.0537592553893618,18,0.9778489646060341,42,64,largest,0.5
2782,group-2770,0,0,-0.020428626946444095,0.057085498193516965,15,0.9776883313481466,42,64,largest,0.5
2783,group-2771,4,0,-0.023496902933060504,0.0596728058034991,63,0.9926208828310146,42,64,largest,0.5
2784,group-2772,3,0,-0.014860820085350501,0.0735831287670859,22,0.9927989192576298,42,64,largest,0.5
2785,group-2773,2,0,-0.010498027546426925,0.07417489881984377,61,0.9982761116670934,42,64,largest,0.5
2787,group-2774,1,1,0.003986054434123143,0.11370342889639291,7,0.9961235433325283,42,64,largest,0.5
2788,group-2775,0,0,-0.040454772832361874,0.043320294275688516,44,0.9449058868600602,42,64,largest,0.5
2789,group-2776,4,0,-0.012375865743316727,0.07014322480666078,31,0.9915308241423909,42,64,largest,0.5
2790,group-2777,3,0,-0.024989461514193456,0.06223378280074779,35,0.9972503666249544,42,64,largest,0.5
2791,group-2778,2,0,-0.015603637547222382,0.06879728308635139,34,0.9813788393436,42,64,largest,0.5
2792,group-2779,1,0,-0.04908807709931284,0.04713796629923286,16,0.9876102922497269,42,64,largest,0.5
2793,group-2780,4,0,-0.019680147828319505,0.0630899582129442,19,0.9929817741155971,42,64,largest,0.5
2794,group-2781,3,0,-0.050631433630782485,0.04040639528633959,12,0.9928364373889984,42,64,largest,0.5
2795,group-2782,2,0,-0.006002905897067201,0.07922687949742388,48,0.9918303405162757,42,64,largest,0.5
2796,group-2783,1,0,-0.015722180901635574,0.08261661162018794,14,0.9892109048559027,42,64,largest,0.5
2797,group-2784,0,0,-0.03295509988170531,0.04805842786689346,30,0.9911167448591832,42,64,largest,0.5
2798,group-2785,4,0,-0.03456333129593825,0.0507209953395027,2,0.962535628334896,42,64,largest,0.5
2799,group-2786,3,0,-0.05756094032332548,0.03589993906063592,35,0.9871728494540677,42,64,largest,0.5
2800,group-2787,2,1,0.018750693278499764,0.11305318123957249,47,0.9930385704410931,42,64,largest,0.5
2801,group-2788,1,0,-0.023031041759004167,0.07319992014350375,23,0.9937880907358064,42,64,largest,0.5
2802,group-2789,0,0,-0.004097717801879952,0.07125346607897248,62,1.0058220418818131,42,64,largest,0.5
2803,group-2790,3,0,-0.03463670060941759,0.05296241854966584,18,0.9934485669213765,42,64,largest,0.5
2804,group-2791,2,0,-0.02145375708299324,0.06308052407046587,39,0.9903636358103761,42,64,largest,0.5
2805,group-2792,1,0,-0.0227953991772043,0.07348747078259667,10,0.9821982598965473,42,64,largest,0.5
2806,group-2793,0,0,-0.013521371475543886,0.06272271366679644,6,0.9935340494888639,42,64,largest,0.5
2807,group-2794,4,0,-0.006898320670741809,0.07590369135174727,19,0.9967166204607931,42,64,largest,0.5
2808,group-2795,3,0,-0.039787024223349565,0.04856219054380767,35,0.9987576411997441,42,64,largest,0.5
2809,group-2796,2,0,-0.010490880204402253,0.07418269126937559,4,0.9898634624349981,42,64,largest,0.5
2810,group-2797,1,0,-0.0151937532552614,0.08333855536735905,0,0.9912951187394333,42,64,largest,0.5
2811,group-2798,0,0,-0.0255401398437497,0.053223986900745854,57,0.9771670430863543,42,64,largest,0.5
2812,group-2799,4,0,-0.07259917164830765,0.028732474879455485,21,0.9430071110896976,42,64,largest,0.5
2813,group-2800,1,0,-0.11798517629869754,0.014155125112295707,30,0.8905953396012566,42,64,largest,0.5
2814,group-2801,0,0,-0.029706396470340346,0.05026027376980819,19,0.9909847858657312,42,64,largest,0.5
2815,group-2802,4,0,-0.016969311601038095,0.06562692768859374,51,0.9835109801570354,42,64,largest,0.5
2816,group-2803,3,0,-0.06949415070039411,0.02925058364786391,27,0.9805303687821758,42,64,largest,0.5
2817,group-2804,2,0,-0.027022259891954503,0.05805330509799011,11,0.9671520877934424,42,64,largest,0.5
2818,group-2805,1,0,-0.03421680674080796,0.0606891647179856,28,0.961998257351693,42,64,largest,0.5
2819,group-2806,0,0,-0.022216577060935272,0.055705742122888945,2,0.9776476368280339,42,64,largest,0.5
2820,group-2807,4,0,-0.08811282341360971,0.02271593282719473,20,0.9439600302085869,42,64,largest,0.5
2821,group-2808,3,0,-0.06383209553912295,0.03224183965753423,35,0.979768392688142,42,64,largest,0.5
2822,group-2809,2,0,-0.045620553289534516,0.04386254424450554,7,0.963832110847246,42,64,largest,0.5
2823,group-2810,0,0,-0.024425722602432365,0.054044285946226234,62,0.9756626047668432,42,64,largest,0.5
2825,group-2811,4,0,-0.059379721735961954,0.035056887283161815,21,0.9628738283368625,42,64,largest,0.5
2826,group-2812,3,0,-0.018094278236666872,0.06976700202705984,2,0.988666425059644,42,64,largest,0.5
2827,group-2813,2,0,-0.034303078187565395,0.05204627915583881,15,0.9763642865451138,42,64,largest,0.5
2828,group-2814,1,0,-0.01613413842677236,0.08205774312408459,31,1.0018039478022687,42,64,largest,0.5
2829,group-2815,0,0,-0.015582139071616208,0.06098857680338858,18,0.9873583742433163,42,64,largest,0.5
2830,group-2816,4,0,-0.05104247243040494,0.039714785262268376,32,0.9784371299965816,42,64,largest,0.5
2831,group-2817,3,0,-0.03240349729684078,0.05498520080979674,35,0.9946804480829428,42,64,largest,0.5
2832,group-2818,2,0,-0.006180547593097163,0.07902139583346691,54,1.0001558635973502,42,64,largest,0.5
2833,group-2819,1,1,0.004524062414786867,0.11468053379104624,7,0.996837890090462,42,64,largest,0.5
2834,group-2820,4,0,-0.1345696224868027,0.011164230343989293,21,0.879402962697946,42,64,largest,0.5
2835,group-2821,3,0,-0.04827278887769626,0.04206045709892288,45,0.9633473013669688,42,64,largest,0.5
2836,group-2822,2,1,0.003508902973098582,0.09096613861234665,47,1.0032882619089123,42,64,largest,0.5
2837,group-2823,1,0,-0.023723250446297972,0.07236121336562987,23,0.9901802436281627,42,64,largest,0.5
2838,group-2824,0,0,-0.04517635245714691,0.04056961256555627,57,0.9485621774635439,42,64,largest,0.5
2839,group-2825,4,0,-0.0655171472035534,0.031969096970337986,51,0.9569354160300867,42,64,largest,0.5
2840,group-2826,3,0,-0.06991765384993653,0.02903799226425065,10,0.9617830298131037,42,64,largest,0.5
2841,group-2827,2,0,-0.00441190673252545,0.08108911499627434,41,0.9657609110335007,42,64,largest,0.5
2842,group-2828,1,1,0.006257928808735325,0.11787935898786138,7,0.9916601278567901,42,64,largest,0.5
2843,group-2829,0,0,-0.023585124553187176,0.054670904197306316,3,0.9866014564414488,42,64,largest,0.5
2844,group-2830,3,0,-0.039828726665808833,0.04852801795646642,58,0.9776577609330945,42,64,largest,0.5
2845,group-2831,2,0,-0.02083645405609269,0.06366219659232684,45,0.9850668709856333,42,64,largest,0.5
2846,group-2832,1,0,-0.07065344748369307,0.03249631862565218,61,0.9263415321653734,42,64,largest,0.5
2847,group-2833,0,0,-0.039846058587654554,0.043687623083832144,53,0.9556258740887502,42,64,largest,0.5
2848,group-2834,4,0,-0.06649080705312016,0.03150404356313066,62,0.9479894047054337,42,64,largest,0.5
2849,group-2835,3,0,-0.054300479502064514,0.03795664118695047,15,0.9662331802510982,42,64,largest,0.5
2850,group-2836,2,0,-0.05716777498235115,0.03678605231944958,2,0.9387780874909842,42,64,largest,0.5
2851,group-2837,1,0,-0.05575150555324848,0.04204615610887667,22,0.9564819946223724,42,64,largest,0.5
2852,group-2838,0,0,-0.062180007679860316,0.03198719057904012,43,0.9388426245624965,42,64,largest,0.5
2853,group-2839,4,0,-0.04420469016795714,0.04397244524339032,51,0.9799325626200828,42,64,largest,0.5
2854,group-2840,2,0,-0.0579011674206118,0.0363757309656794,41,0.9382293814803956,42,64,largest,0.5
2855,group-2841,1,0,-0.042729097135314364,0.05253962802555552,2,0.9628544080060039,42,64,largest,0.5
2856,group-2842,0,0,-0.013581877328809444,0.06267114858301356,42,0.9907304894624636,42,64,largest,0.5
2857,group-2843,4,0,-0.06965135229209884,0.030039142874714802,0,0.9483290047941401,42,64,largest,0.5
2858,group-2844,3,0,-0.04926239904757079,0.041358726912727975,15,0.9832468930036723,42,64,largest,0.5
2859,group-2845,2,0,-0.053068058284844066,0.039162995594521355,12,0.9509446158180276,42,64,largest,0.5
2860,group-2846,1,0,-0.0008216643298460946,0.10529015931201142,10,0.9832104736723705,42,64,largest,0.5
2861,group-2847,0,0,-0.004533686048986629,0.0708362000869379,7,0.9903315263775277,42,64,largest,0.5
2862,group-2848,4,0,-0.00372921554301775,0.07943182843140739,44,1.0018196613792876,42,64,largest,0.5
2863,group-2849,3,0,-0.04536667312714204,0.04418754820928315,27,1.0002609973045986,42,64,largest,0.5
2864,group-2850,1,0,-0.012138225500184285,0.08762652689655859,53,0.9902368402534509,42,64,largest,0.5
2865,group-2851,0,0,-0.00946053280885606,0.06627528012094465,6,0.9998143923336317,42,64,largest,0.5
2866,group-2852,4,0,-0.017989907507373948,0.0646608448046178,0,0.9953401742770807,42,64,largest,0.5
2867,group-2853,3,0,-0.04109197998185743,0.04750361328571025,28,0.9895745058244962,42,64,largest,0.5
2868,group-2854,2,0,-0.0022600215407513335,0.08367134388287703,27,0.9907578369690083,42,64,largest,0.5
2869,group-2855,1,0,-0.013587783311309498,0.08556797007507498,54,0.9877829362706146,42,64,largest,0.5
2870,group-2856,0,1,0.0017787431763239825,0.07710330562242014,40,0.9888055273484051,42,64,largest,0.5
2871,group-2857,4,0,-0.022083292334579063,0.06091772015454678,0,0.988541488795776,42,64,largest,0.5
2872,group-2858,3,0,-0.06519024210579372,0.03149843061311955,18,0.9696336059168198,42,64,largest,0.5
2873,group-2859,2,0,-0.037104088704122185,0.04989558723888409,34,0.9783502605778706,42,64,largest,0.5
2874,group-2860,0,0,-0.025519427826616314,0.0532391248612138,32,0.9735506353955019,42,64,largest,0.5
2875,group-2861,4,0,-0.021231448584611012,0.0616795932936809,2,0.9928191966149729,42,64,largest,0.5
2876,group-2862,3,0,-0.05422533212431424,0.03800535437328489,40,0.9692925302509159,42,64,largest,0.5
2877,group-2863,2,0,-0.03860800290518207,0.048775849023669014,13,0.9615218111579604,42,64,largest,0.5
2878,group-2864,1,0,-0.062426106018179994,0.03747548761559937,46,0.9485073120736959,42,64,largest,0.5
2879,group-2865,0,0,-0.046715338664321204,0.039709742674250884,34,0.9614175795127461,42,64,largest,0.5
2880,group-2866,4,0,-0.022460973843192678,0.06058275214937151,51,0.990947023365369,42,64,largest,0.5
2881,group-2867,3,0,-0.07145803810159923,0.028277315761955402,18,0.9907367420149908,42,64,largest,0.5
2882,group-2868,2,0,-0.03460076502450793,0.05181360949063868,9,0.9883868429769844,42,64,largest,0.5
2883,group-2869,1,0,-0.03732850980002678,0.057581334495283576,54,0.9793779753753428,42,64,largest,0.5
2884,group-2870,4,0,-0.0838952911910642,0.02421770624615162,2,0.9377972992668238,42,64,largest,0.5
2885,group-2871,3,0,-0.044229920709367265,0.04504718914728986,48,0.9643695750623862,42,64,largest,0.5
2886,group-2872,2,0,-0.021923197721295806,0.06264150140430266,31,0.9529968763143934,42,64,largest,0.5
2887,group-2873,1,0,-0.018743043733063458,0.07859775352300395,10,0.9903196694491311,42,64,largest,0.5
2888,group-2874,0,1,0.005196338700472314,0.08070483921316439,40,0.9932671457332742,42,64,largest,0.5
2889,group-2875,4,0,-0.05017766213690433,0.04023062137008227,33,0.9689868970448829,42,64,largest,0.5
2890,group-2876,3,0,-0.02696964854483197,0.06021477717854816,46,0.9888393863274111,42,64,largest,0.5
2891,group-2877,2,0,-0.016380738357608116,0.06801113243613338,18,0.9813176751322388,42,64,largest,0.5
2892,group-2878,1,0,-0.04471024126534895,0.05079685592168591,13,0.9600707971066796,42,64,largest,0.5
2893,group-2879,0,0,-0.015633703559294387,0.06094576539174279,19,1.0020388429294134,42,64,largest,0.5
2894,group-2880,3,0,-0.05038671877732537,0.04057506894896623,17,0.987554883885518,42,64,largest,0.5
2895,group-2881,2,0,-0.013564696644710827,0.07090013467403726,9,0.9894183219550138,42,64,largest,0.5
2896,group-2882,1,1,0.007304556311573895,0.11984749204483285,7,0.994719736465655,42,64,largest,0.5
2897,group-2883,0,0,-0.04532966688303919,0.04048315842284199,8,0.9497477465335962,42,64,largest,0.5
2898,group-2706,3,0,-0.04847074941878948,0.041919178915787315,10,0.9696269119080494,42,64,largest,0.5
2899,group-2884,4,0,-0.07918723481999068,0.026008588597845803,4,0.924413152510392,42,64,largest,0.5
2900,group-2885,3,0,-0.03970556716210727,0.0486290054717405,12,0.9786919423397787,42,64,largest,0.5
2901,group-2886,2,0,-0.04452230260437684,0.044599590495824785,23,0.9686215707348313,42,64,largest,0.5
2902,group-2887,1,0,-0.04523571692914863,0.05034386625303375,13,0.9484226017759995,42,64,largest,0.5
2903,group-2888,2,0,-0.0045822246930081745,0.08088786909667306,4,0.998980688125307,42,64,largest,0.5
2904,group-2889,0,0,-0.011135043123469468,0.06478825309233384,52,0.9799450053734253,42,64,largest,0.5
2905,group-2890,3,0,-0.0748037031829697,0.026691222310492403,12,0.9604841066036841,42,64,largest,0.5
2906,group-2891,2,0,-0.03255708289628967,0.05343093053005959,8,0.9827642712593722,42,64,largest,0.5
2907,group-2892,1,0,-0.01717739341587954,0.08065781508143466,3,0.9832575352601592,42,64,largest,0.5
2908,group-2893,0,0,-0.017278225217331356,0.05959505697900461,19,0.990609927317951,42,64,largest,0.5
2909,group-2894,4,0,-0.019523592192556727,0.06323395015233489,32,1.0071212572255535,42,64,largest,0.5
2910,group-2895,3,0,-0.05907586373947038,0.03498122619054924,0,0.9891531240668943,42,64,largest,0.5
2911,group-2896,2,0,-0.032351005132351784,0.053596634641586476,9,0.9835850536146139,42,64,largest,0.5
2912,group-2897,1,0,-0.00292595099445192,0.10178365134086523,60,0.9935217193684059,42,64,largest,0.5
2913,group-2898,0,0,-0.026262851451969826,0.05269831001476826,13,0.9690422986132662,42,64,largest,0.5
2914,group-2899,4,0,-0.06267264662608973,0.033366057829583635,34,0.9459330458516261,42,64,largest,0.5
2915,group-2900,1,0,-0.007310369366527625,0.09480891270521936,22,0.981586107225837,42,64,largest,0.5
2916,group-2901,0,0,-0.032919791755488315,0.04808185866410918,17,0.9523298396698743,42,64,largest,0.5
2917,group-2902,4,0,-0.031072532721699186,0.05339809808307033,13,0.9783002486657864,42,64,largest,0.5
2918,group-2903,3,0,-0.13701710642658582,0.00901234815801931,10,0.9232866693890575,42,64,largest,0.5
2919,group-2904,2,0,-0.013623856961430314,0.07083829211344804,19,0.997385429426301,42,64,largest,0.5
2920,group-2905,1,0,-0.02569151725627139,0.07002458549338082,54,0.9796932309446432,42,64,largest,0.5
2921,group-2906,0,0,-0.034817967891449975,0.04683747895964269,58,0.9735522625720392,42,64,largest,0.5
2922,group-2907,4,0,-0.01450676342299273,0.06801344296585811,24,1.0095401843257792,42,64,largest,0.5
2923,group-2908,3,0,-0.047379518916637275,0.042703635859597515,18,1.0009911601405408,42,64,largest,0.5
2924,group-2909,2,0,-0.11597735195193049,0.014791833025682379,8,0.8939031548525491,42,64,largest,0.5
2925,group-2910,0,0,-0.048309285639542066,0.038837595198725705,4,0.9634171514040447,42,64,largest,0.5
2926,group-2911,4,0,-0.03971004352534535,0.04700476694671394,20,0.9680494226929998,42,64,largest,0.5
2927,group-2912,3,0,-0.05544704707398018,0.037220794620837945,43,0.9654717457967418,42,64,largest,0.5
2928,group-2913,2,0,-0.014963094484458983,0.0694516044853269,14,0.979396801423236,42,64,largest,0.5
2929,group-2914,1,0,-0.01239833007014024,0.08725387831112127,15,1.0006505371462155,42,64,largest,0.5
2930,group-2915,0,0,-0.014433563469840371,0.061949499259795426,12,0.9896151677682706,42,64,largest,0.5
2931,group-2916,4,0,-0.021231064210153416,0.061679939072107615,53,0.9900546679865361,42,64,largest,0.5
2932,group-2917,3,1,0.0028675100751357485,0.09811145004654473,37,0.9920551177142333,42,64,largest,0.5
2933,group-2918,2,0,-0.035665277498455716,0.050989616352284564,10,0.9717863420824578,42,64,largest,0.5
2934,group-2919,1,0,-0.06151713290641958,0.0380686461254256,29,0.9515555932024625,42,64,largest,0.5
2935,group-2920,4,0,-0.056610930342580246,0.03654222320074965,33,0.9429659679185334,42,64,largest,0.5
2936,group-2921,3,0,-0.03560397831980189,0.05210825818987256,26,0.9905790914249604,42,64,largest,0.5
2937,group-2922,2,0,-0.024227040955884904,0.06052799450789833,54,0.9979497748912192,42,64,largest,0.5
2938,group-2923,1,1,0.017701074313878462,0.14097588165107725,7,0.9940350273331987,42,64,largest,0.5
2939,group-2924,0,0,-0.06551011797504702,0.0305251525969668,25,0.9373509682746175,42,64,largest,0.5
2940,group-2925,4,0,-0.04398689321098792,0.044114980721300275,63,0.9770643084233457,42,64,largest,0.5
2941,group-2926,3,0,-0.04194113576312941,0.046826593356246796,35,1.0024764135582778,42,64,largest,0.5
2942,group-2927,2,0,-0.053181020024048675,0.03909557064156483,41,0.9641977702180625,42,64,largest,0.5
2943,group-2928,1,0,-0.04792496434823601,0.04808488600589738,61,0.9510890585100401,42,64,largest,0.5
2944,group-2929,0,0,-0.0071927943245756465,0.06833968597379972,32,0.9956349779412109,42,64,largest,0.5
2945,group-2930,3,0,-0.06830719134739416,0.029854491575983102,18,0.9839252766759584,42,64,largest,0.5
2946,group-2931,2,0,-0.04804114749484023,0.042278892612094734,11,0.9708275020009737,42,64,largest,0.5
2947,group-2932,1,0,-0.02108178123270077,0.07561003266976409,22,0.9634458723489757,42,64,largest,0.5
2948,group-2933,0,0,-0.043014409506205276,0.04180771266884875,27,0.9639326049370776,42,64,largest,0.5
2949,group-2934,4,1,0.009244327532127228,0.09548434634777433,35,0.9915471705763477,42,64,largest,0.5
2950,group-2935,3,0,-0.03227047590574661,0.05510795739408491,40,0.9834073370183982,42,64,largest,0.5
2951,group-2936,2,0,-0.028602687281734873,0.056696433595455745,33,0.954937278739359,42,64,largest,0.5
2952,group-2937,1,0,-0.05746973459587201,0.040820962323203175,60,0.9645437136867648,42,64,largest,0.5
2953,group-2938,0,0,-0.045875740163711876,0.04017665865048955,62,0.972061679819379,42,64,largest,0.5
2954,group-2939,4,0,-0.07009221003630828,0.02984012515575085,26,0.9578152168610651,42,64,largest,0.5
2955,group-2940,2,0,-0.02898922435803064,0.056369138310291576,37,0.9556163343431323,42,64,largest,0.5
2956,group-2941,1,0,-0.021378345037509905,0.07523871032675805,0,0.9805795927118216,42,64,largest,0.5
2957,group-2942,0,0,-0.029159820868930653,0.05063999110175703,34,0.977498688804653,42,64,largest,0.5
2958,group-2943,4,0,-0.0318974740001976,0.05275366186837623,51,0.9922931800505803,42,64,largest,0.5
2959,group-2944,3,0,-0.04876458596838784,0.041710313448273535,40,0.9983411072230366,42,64,largest,0.5
2960,group-2945,2,0,-0.00144127916585024,0.08467329878168839,54,1.0037727144718949,42,64,largest,0.5
2961,group-2946,1,1,0.004381936541899556,0.11442170331189455,7,0.9963143042903033,42,64,largest,0.5
2962,group-2947,0,0,-0.024436097016999003,0.05403659487051982,33,0.986060220812905,42,64,largest,0.5
2963,group-2948,4,0,-0.029062832093096125,0.05499927654292486,52,0.9773143449559745,42,64,largest,0.5
2964,group-2949,3,0,-0.021179289514671518,0.0662974976763707,35,0.9931204434076327,42,64,largest,0.5
2965,group-2950,1,0,-0.0061274496511609655,0.09664740368012135,5,0.9996046776290792,42,64,largest,0.5
2966,group-2951,0,0,-0.046465573150621275,0.03984809558662314,30,0.9609379470983882,42,64,largest,0.5
2967,group-2952,4,0,-0.029749859750625718,0.05444688135475987,41,0.9868609424857927,42,64,largest,0.5
2968,group-2953,3,0,-0.00687653064891991,0.08384177041756734,48,0.9856231877642062,42,64,largest,0.5
2969,group-2954,2,0,-0.05289124668382661,0.03926875543155894,24,0.9446385976547039,42,64,largest,0.5
2970,group-2955,1,0,-0.10358344138823605,0.01825589653647924,43,0.9093842097601509,42,64,largest,0.5
2971,group-2956,0,0,-0.017586606244673675,0.05934491327503011,42,0.9884686364709365,42,64,largest,0.5
2972,group-2957,4,0,-0.012640914046787799,0.06987499480162261,10,0.9817275373912103,42,64,largest,0.5
2973,group-2958,3,0,-0.035875696947593405,0.05187066721799475,3,0.9617318434614014,42,64,largest,0.5
2974,group-2959,2,0,-0.05267205413742104,0.03940024574587611,5,0.9455531343098362,42,64,largest,0.5
2975,group-2960,0,0,-0.07399970815290391,0.02708489273684612,37,0.9184080368359048,42,64,largest,0.5
2976,group-2961,4,0,-0.055567276129597665,0.037117665427950176,44,0.9514019590722665,42,64,largest,0.5
2977,group-2962,3,0,-0.042465680351985835,0.04641297592101438,49,0.9766826863378173,42,64,largest,0.5
2978,group-2963,2,0,-0.059436490239574535,0.035530957390185317,46,0.9440098636342884,42,64,largest,0.5
2979,group-2964,1,0,-0.06543071191912941,0.03557738351922163,6,0.9354496750089091,42,64,largest,0.5
2980,group-2965,0,0,-0.010505491537223355,0.06534363998397326,27,0.9890360922000285,42,64,largest,0.5
2981,group-2966,4,0,-0.036773042311855075,0.049092546464234034,34,0.9708579767662306,42,64,largest,0.5
2982,group-2967,3,0,-0.032026514967701925,0.05533376363064736,29,0.9696714506535811,42,64,largest,0.5
2983,group-2968,2,0,-0.05045760385070397,0.04075254950055461,28,0.9676859898188735,42,64,largest,0.5
2984,group-2062,4,0,-0.03176690062150245,0.05285517307933386,10,0.9671271707103152,42,64,largest,0.5
2985,group-2969,1,0,-0.02848902188687996,0.0668234544736762,31,0.9659332095816917,42,64,largest,0.5
2986,group-2970,4,0,-0.03536310869904691,0.05012577750846878,39,0.9758292886692783,42,64,largest,0.5
2987,group-2971,3,0,-0.047847091252655294,0.04236580758453038,35,0.9857454536516307,42,64,largest,0.5
2988,group-2972,2,0,-0.028984496107203772,0.05637313114228656,16,0.9798856481668871,42,64,largest,0.5
2989,group-2973,1,0,-0.008286711474673747,0.09331513445331893,56,0.9862570088872827,42,64,largest,0.5
2990,group-2974,0,0,-0.047259538452266825,0.03940988651105302,53,0.9667251801501856,42,64,largest,0.5
2991,group-2975,4,0,-0.025517803408243056,0.0579344088882766,36,0.9796600241733069,42,64,largest,0.5
2992,group-2976,3,0,-0.06003357969724177,0.034412161086281215,26,0.9770955478188017,42,64,largest,0.5
2993,group-2977,2,0,-0.05990241812041075,0.03527835062685814,48,0.9613669364022165,42,64,largest,0.5
2994,group-2978,1,0,-0.014880422787537873,0.0837693350570042,3,0.9751099595762355,42,64,largest,0.5
2995,group-2979,0,0,-0.038835397993640663,0.044304079075238846,30,0.9817692400256732,42,64,largest,0.5
2997,group-2980,3,0,-0.08993128105678416,0.02053757277715582,43,0.9093514704167157,42,64,largest,0.5
2998,group-2981,2,0,-0.021299878710790976,0.06322505515064045,26,0.9695299380161589,42,64,largest,0.5
2999,group-2982,1,0,-0.030278648404681197,0.06484741938082737,33,0.9895519725862864,42,64,largest,0.5
3000,group-2983,0,0,-0.022860603359058707,0.055216480232321286,32,0.988949501994406,42,64,largest,0.5
3001,group-2984,4,0,-0.027788848572115388,0.05603759875665028,39,0.9739100995807621,42,64,largest,0.5
3002,group-2985,3,0,-0.03882196235673907,0.04935940594706491,23,0.9667906645781082,42,64,largest,0.5
3003,group-2986,2,0,-0.009912372696930682,0.07481591630579497,39,0.9773812287585716,42,64,largest,0.5
3004,group-2987,1,0,-0.01769388643340508,0.07997283332271406,59,0.9830851129008997,42,64,largest,0.5
3005,group-2988,0,1,0.014761835881376584,0.09161372984576482,40,0.9599430826136175,42,64,largest,0.5
3006,group-2989,4,0,-0.00040964826213529815,0.08328759920014552,63,0.9991521523604969,42,64,largest,0.5
3007,group-2990,2,0,-0.07307672480214733,0.028812324754262493,13,0.9232501242589545,42,64,largest,0.5
3008,group-2991,1,0,-0.04672894778934411,0.04907741216079288,6,0.9784466629236216,42,64,largest,0.5
3009,group-2992,0,0,-0.016933489805951996,0.059875858488229176,62,0.9871784242263958,42,64,largest,0.5
3010,group-2993,4,0,-0.016247656451663484,0.0663181190862978,33,0.9916241746676543,42,64,largest,0.5
3012,group-2994,3,0,-0.07064322095620434,0.028677248972831276,13,0.9941354728177921,42,64,largest,0.5
3013,group-2995,2,0,-0.03730679281862048,0.04974325577779193,4,0.9739581418086084,42,64,largest,0.5
3014,group-2996,1,0,-0.02256654262657065,0.07376773570047739,36,0.9639343500991153,42,64,largest,0.5
3015,group-2997,0,0,-0.03564242147996144,0.04630658614675222,37,0.9670158662652449,42,64,largest,0.5
3016,group-2998,4,0,-0.009627148560820031,0.07298156420384573,23,0.990556743503694,42,64,largest,0.5
3017,group-2999,3,0,-0.02241305713515629,0.06495534710262438,2,0.9740277553199898,42,64,largest,0.5
3018,group-3000,4,1,0.006169894478959215,0.09143610252915764,35,0.9872852577786068,42,64,largest,0.5
3019,group-3001,3,0,-0.041160670914715425,0.04744850299959585,40,0.9764276169564583,42,64,largest,0.5
3020,group-3002,2,0,-0.011284266881387839,0.07332227901224533,27,0.9993586919037164,42,64,largest,0.5
3021,group-3003,1,0,-0.08617437093493963,0.024788685102187957,11,0.9345209633835256,42,64,largest,0.5
3022,group-3004,0,0,-0.015420991381046134,0.06112255098104166,48,0.9882841240937212,42,64,largest,0.5
3023,group-3005,4,0,-0.0157121378134083,0.0668353963332598,4,0.9866809618659781,42,64,largest,0.5
3024,group-3006,3,0,-0.06930716022161043,0.029344929382888248,23,0.9750697040105445,42,64,largest,0.5
3025,group-3007,2,0,-0.028214209599526363,0.05702717107319691,3,0.959876000496198,42,64,largest,0.5
3026,group-3008,1,0,-0.001887852054013539,0.10350037403614186,22,1.005658147289997,42,64,largest,0.5
3027,group-3009,0,0,-0.016633725560676438,0.060121035575483484,30,0.9935870635461942,42,64,largest,0.5
3028,group-3010,3,0,-0.022041664260408433,0.06535668362440228,34,0.9795015027637453,42,64,largest,0.5
3029,group-3011,2,0,-0.04641680452221164,0.043335455017388315,11,0.9612509374433392,42,64,largest,0.5
3031,group-3012,1,0,-0.017756116693513846,0.07989066194998458,57,0.9846272328185754,42,64,largest,0.5
3032,group-3013,0,0,-0.04232729916580047,0.04220871914355582,33,0.9837638651349178,42,64,largest,0.5
3033,group-3014,4,0,-0.020687628794163193,0.0621706218256791,23,0.9853157887050114,42,64,largest,0.5
3034,group-3015,3,0,-0.013600737544391284,0.07512166611605309,49,0.9946068579634467,42,64,largest,0.5
3035,group-3016,2,0,-0.03006419958839035,0.055468234374795734,26,0.9732747482260886,42,64,largest,0.5
3036,group-3017,1,0,-0.06420975730197653,0.036337267317562864,12,0.940470412834529,42,64,largest,0.5
3037,group-3018,0,0,-0.047617807869664186,0.03921366526015459,37,0.9481757435480591,42,64,largest,0.5
3038,group-3019,4,0,-0.03616784847149368,0.04953354860402186,44,0.9803535999662035,42,64,largest,0.5
3039,group-3020,2,0,-0.029090820865090183,0.05628340805552178,54,0.9883549438809258,42,64,largest,0.5
3040,group-3021,1,0,-0.0235542345090769,0.07256517835841571,11,0.9858342117883838,42,64,largest,0.5
3041,group-3022,0,0,-0.006706152123419851,0.06879039433830458,62,0.9999187973392628,42,64,largest,0.5
3042,group-3023,4,0,-0.005732068121414358,0.07718502441280159,32,1.0019167162560092,42,64,largest,0.5
3043,group-3024,3,0,-0.04948440586089087,0.04120284778919741,42,0.9905081825181526,42,64,largest,0.5
3044,group-3025,2,0,-0.002821271415896165,0.08299073766956783,54,0.9901914407018765,42,64,largest,0.5
3045,group-3026,1,0,-0.02543549066832984,0.07032453294659531,52,0.9843739345692046,42,64,largest,0.5
3046,group-3027,0,0,-0.057221650324897344,0.0342902254166127,25,0.9495836026662495,42,64,largest,0.5
3047,group-3028,4,0,-0.028356181642144596,0.05557295283272185,28,0.9783025292635347,42,64,largest,0.5
3048,group-3029,3,0,-0.0005862107089458224,0.09282157977719913,36,0.9628905452149377,42,64,largest,0.5
3049,group-3030,1,0,-0.05500821121957267,0.04258699417264902,31,0.9554719105444078,42,64,largest,0.5
3050,group-3031,0,0,-0.012495747649281852,0.06360282754122568,62,0.9911057603507621,42,64,largest,0.5
3051,group-3032,4,0,-0.005932922892562975,0.07696294609872466,33,0.9813623577175148,42,64,largest,0.5
3052,group-3033,3,0,-0.05288335589671411,0.038885445538256666,50,0.9687595715631065,42,64,largest,0.5
3053,group-3034,2,0,-0.011936983010307323,0.07262132134862438,62,0.97621202806634,42,64,largest,0.5
3054,group-3035,1,0,-0.028504936202770947,0.06680563862296021,60,0.9729033349456859,42,64,largest,0.5
3055,group-3036,0,0,-0.07761730162682623,0.025736199656459728,56,0.938047149549712,42,64,largest,0.5
3056,group-3037,4,0,-0.0432061653949396,0.044629551272126956,37,0.959645355910326,42,64,largest,0.5
3057,group-3038,3,0,-0.0006867838429498452,0.09267144169342298,22,1.0043531918975466,42,64,largest,0.5
3058,group-3039,2,0,-0.27040620200313614,0.0012918524063848086,43,0.7278986513800395,42,64,largest,0.5
3059,group-3040,0,0,-0.019216131917572654,0.058039379657900646,22,0.9750792973552955,42,64,largest,0.5
3060,group-3041,4,0,-0.02500490950231604,0.05837105116346888,20,0.9785768249089405,42,64,largest,0.5
3061,group-3042,3,0,-0.02843839193563802,0.058757012133304566,18,0.9947004760960204,42,64,largest,0.5
3062,group-3043,2,0,-0.01453389041275266,0.06989325818442566,34,0.9776981368787728,42,64,largest,0.5
3063,group-3044,1,0,-0.01913314837698321,0.0780920006230824,10,0.9900248371705151,42,64,largest,0.5
3064,group-3045,0,0,-0.01877197375221451,0.058392531758697686,32,0.9904538596454464,42,64,largest,0.5
3065,group-3046,4,0,-0.027940881526632433,0.05591272651051565,53,0.9764729915756836,42,64,largest,0.5
3066,group-3047,3,0,-0.03584866997401337,0.0518942536853026,9,0.976168023284984,42,64,largest,0.5
3067,group-3048,2,0,-0.11069768664549584,0.016064296303309394,57,0.9257310451401479,42,64,largest,0.5
3068,group-3049,1,0,-0.010888601861997138,0.08943697310241586,10,1.0045116697377892,42,64,largest,0.5
3069,group-3050,4,0,-0.006506472774278849,0.07633201211931538,10,0.9936910834667242,42,64,largest,0.5
3070,group-3051,3,0,-0.049668916668596075,0.04107372396423133,27,0.9757951480841577,42,64,largest,0.5
3071,group-3052,2,1,0.005936989661303738,0.09420426608705498,47,0.998794325275336,42,64,largest,0.5
3072,group-3053,1,0,-0.03952818088791887,0.05547520761497186,29,0.9628706573905979,42,64,largest,0.5
3073,group-3054,0,1,0.0009599782832135917,0.07626261355534332,40,0.9977451921648762,42,64,largest,0.5
3074,group-3055,4,0,-0.05790692301165068,0.03583958874309463,14,0.9538270916958025,42,64,largest,0.5
3075,group-3056,3,1,0.030439271896066877,0.15068596794623773,37,0.963815484846955,42,64,largest,0.5
3076,group-3057,2,0,-0.02946662394360733,0.05596735833425466,51,0.9783676890891878,42,64,largest,0.5
3077,group-3058,1,0,-0.031476205808874225,0.06355563531441505,52,0.9692201494583081,42,64,largest,0.5
3078,group-3059,0,0,-0.03523875070727489,0.04656580384675627,8,0.9607781791983311,42,64,largest,0.5
3079,group-3060,3,0,-0.05849334887917024,0.03533177524309222,15,0.9558534580406987,42,64,largest,0.5
3080,group-3061,2,0,-0.030183372650233853,0.05536919763861063,46,0.9724421878152536,42,64,largest,0.5
3081,group-3062,1,0,-0.055396111450183305,0.04230392481262954,59,0.9631422970823011,42,64,largest,0.5
3082,group-3063,0,0,-0.043674921642315234,0.04142566576346127,33,0.9687396518036556,42,64,largest,0.5
3083,group-3064,4,0,-0.020804626707853546,0.06206467426556155,36,0.9767423408512257,42,64,largest,0.5
3084,group-3065,3,1,0.0035028474095986084,0.09911335579512329,37,0.978898281035413,42,64,largest,0.5
3085,group-3066,2,0,-0.02227838264407689,0.06231122763367786,5,0.9844232860694817,42,64,largest,0.5
3086,group-3067,1,0,-0.041070506553841035,0.0540419405304805,16,0.9767900441409121,42,64,largest,0.5
3087,group-3068,0,0,-0.029567035487603865,0.05035683381740555,21,0.9674551516936131,42,64,largest,0.5
3088,group-3069,4,0,-0.0396540611389854,0.04704376157719166,14,0.9690781662510092,42,64,largest,0.5
3089,group-3070,2,1,0.0021808202169676383,0.08923766695775273,47,0.991659841025768,42,64,largest,0.5
3090,group-3071,1,0,-0.007135452841807721,0.09507878141504042,12,0.9879627546049431,42,64,largest,0.5
3091,group-3072,0,1,0.0011993074243228374,0.07650747847864565,40,0.989344164645962,42,64,largest,0.5
3092,group-3073,4,0,-0.005010660072774065,0.07798751066841639,55,0.9967630826902057,42,64,largest,0.5
3093,group-3074,3,0,-0.03531622463726003,0.052360991304186234,20,0.981233438191951,42,64,largest,0.5
3094,group-3075,2,0,-0.05075815207058276,0.04056643906627331,45,0.9555762420647277,42,64,largest,0.5
3095,group-3076,1,0,-0.04893417665837674,0.04726223560220201,41,0.9694025711989517,42,64,largest,0.5
3096,group-3077,0,0,-0.032733735718398105,0.048205506432008764,11,0.9696708314893372,42,64,largest,0.5
3097,group-3078,4,0,-0.0018303992280002124,0.08161695028002533,55,1.0051264798411796,42,64,largest,0.5
3098,group-3079,3,0,-0.034247176463171214,0.053310110121610514,58,0.99603320285304,42,64,largest,0.5
3099,group-3080,1,0,-0.00302529689394615,0.10162069170488343,62,1.0007814632125687,42,64,largest,0.5
3100,group-3081,0,0,-0.01496753188935207,0.06150102370100987,0,0.9979010855097723,42,64,largest,0.5
3101,group-3082,4,0,-0.01546364975027692,0.06707669034930352,51,1.0014606908967174,42,64,largest,0.5
3102,group-3083,3,0,-0.05348225305501242,0.03849028772568104,41,0.9672903257953357,42,64,largest,0.5
3103,group-3084,2,0,-0.049239832872044254,0.041515037488435526,26,0.9608728048546722,42,64,largest,0.5
3104,group-3085,1,0,-0.032542878412036846,0.062425270653934266,46,0.9921038748808472,42,64,largest,0.5
3105,group-3086,0,0,-0.054259166073023724,0.0357417164719481,62,0.982952346318204,42,64,largest,0.5
3106,group-3087,4,0,-0.009606673369638385,0.07300309886780072,54,0.9954994635004787,42,64,largest,0.5
3107,group-3088,3,0,-0.06516772042660879,0.031510622026472694,46,0.9941302315599412,42,64,largest,0.5
3108,group-3089,2,0,-0.008098373634810807,0.07683382657028016,35,1.0000469822314602,42,64,largest,0.5
3109,group-3090,0,0,-0.02878415418180813,0.050902547557018084,53,0.9858758292103695,42,64,largest,0.5
3110,group-3091,4,1,7.257804426685777e-05,0.08386167667833268,35,0.9882943046715302,42,64,largest,0.5
3111,group-3092,3,1,0.010966904601969474,0.11158087256966266,37,0.9666572366894771,42,64,largest,0.5
3112,group-3093,2,0,-0.028576768592821433,0.056718443694697564,27,0.9869367385877507,42,64,largest,0.5
3113,group-3094,1,0,-0.001486994603298708,0.10417010572575466,62,0.9939944851762075,42,64,largest,0.5
3114,group-3095,0,0,-0.016393137564225335,0.06031849186997223,53,0.9777965471110348,42,64,largest,0.5
3115,group-3096,4,0,-0.03164525664752316,0.05294990825493463,18,0.9687573776267504,42,64,largest,0.5
3116,group-3097,3,0,-0.08649634304265619,0.021799919293191434,45,0.9439688645881537,42,64,largest,0.5
3117,group-3098,2,0,-0.027456744239208297,0.057677271753281106,27,0.9901635835354591,42,64,largest,0.5
3118,group-3099,1,0,-0.04329680915985201,0.05203452998736589,12,0.9469634857571191,42,64,largest,0.5
3119,group-3100,3,0,-0.0241401748762895,0.0631189465801382,2,0.9726833649256366,42,64,largest,0.5
3120,group-3101,2,0,-0.03354231734229185,0.05264537754238713,26,0.9628993645984346,42,64,largest,0.5
3121,group-3102,1,0,-0.004117074309366142,0.09984501681663956,59,0.9871239275960829,42,64,largest,0.5
3122,group-3103,0,0,-0.022428947636945917,0.055543956661006456,24,0.9560510204675388,42,64,largest,0.5
3123,group-3104,4,0,-0.06575454457788221,0.03185509950620436,34,0.9502179313439831,42,64,largest,0.5
3124,group-3105,3,0,-0.04198455630699016,0.046792222458203366,2,0.9627577679335869,42,64,largest,0.5
3125,group-3106,2,0,-0.03473313575979431,0.05171046570133074,37,0.9559451347098408,42,64,largest,0.5
3126,group-3107,1,0,-0.034763354804254964,0.06013216270857061,56,0.9700555908124364,42,64,largest,0.5
3127,group-3108,0,0,-0.0996245133511553,0.018836637670984046,47,0.9195413412861975,42,64,largest,0.5
3128,group-3109,4,0,-0.07058417595736044,0.029619544292247762,26,0.9467844800356886,42,64,largest,0.5
3129,group-3110,2,0,-0.012910406199894253,0.07158742252202058,19,0.9765403717620916,42,64,largest,0.5
3130,group-3111,1,0,-0.0065468137957044314,0.09599201436088531,42,0.9941508257073289,42,64,largest,0.5
3131,group-3112,0,0,-0.08904149902646608,0.021892855875216735,17,0.927189199536335,42,64,largest,0.5
3132,group-3113,4,0,-0.1275231698242696,0.012440412570635242,34,0.890941754613684,42,64,largest,0.5
3133,group-3114,3,0,-0.07425174358698128,0.02694680016038469,6,0.9302476847730147,42,64,largest,0.5
3134,group-3115,2,0,-0.07393742602471598,0.028432430640270408,41,0.9397434851341301,42,64,largest,0.5
3135,group-3116,1,0,-0.06047524494361789,0.038759630989320275,63,0.9529506970811135,42,64,largest,0.5
3136,group-3117,0,0,-0.004051869632023752,0.07129747908696807,7,0.9812082252540418,42,64,largest,0.5
3137,group-3118,4,0,-0.04587798883004668,0.04289193448227848,34,0.9638211540311881,42,64,largest,0.5
3138,group-3119,3,0,-0.022857658784495083,0.06447791558478498,34,0.9941847300546995,42,64,largest,0.5
3139,group-3120,1,0,-0.08699127894172443,0.024436573227597375,12,0.9208289984617051,42,64,largest,0.5
3140,group-3121,0,0,-0.04779280781459172,0.0391181601967172,4,0.9629276930593196,42,64,largest,0.5
3141,group-3122,4,0,-0.016376977315462393,0.06619376194606477,13,0.9787355336862981,42,64,largest,0.5
3142,group-3123,3,0,-0.01662945513183567,0.07147256636248125,2,0.9646025765017217,42,64,largest,0.5
3143,group-3124,2,0,-0.04527718390855873,0.04409172511800466,41,0.9634288102232306,42,64,largest,0.5
3144,group-3125,1,0,-0.037607934484697014,0.057309686706519945,11,0.9703734523985822,42,64,largest,0.5
3145,group-3126,0,0,-0.025448113807047368,0.05329127780589496,34,0.96801687988971,42,64,largest,0.5
3146,group-3127,4,0,-0.08748507834541464,0.02293355746714581,2,0.9303882307398621,42,64,largest,0.5
3147,group-3128,3,0,-0.0011213776316471025,0.09202517345684992,48,0.9751067650136962,42,64,largest,0.5
3148,group-3129,2,0,-0.04031320487433643,0.047535090889105465,37,0.969738532363174,42,64,largest,0.5
3149,group-3130,0,0,-0.05126213525120038,0.037270250727144405,55,0.9425234176667344,42,64,largest,0.5
3150,group-3131,4,0,-0.07948885809384254,0.025890087733177542,34,0.9200090405353044,42,64,largest,0.5
3151,group-3132,3,0,-0.03705353793740507,0.050852555929576916,15,0.9904726129751162,42,64,largest,0.5
3152,group-3133,2,0,-0.03769504523419753,0.04945271512595051,37,0.9642642965094512,42,64,largest,0.5
3153,group-3134,1,1,0.01794014631630314,0.1414965097989133,7,0.9793787148948769,42,64,largest,0.5
3154,group-3135,0,0,-0.053065956454689145,0.036342903591170185,47,0.9687692209417971,42,64,largest,0.5
3155,group-3136,4,0,-0.044514903811433526,0.04377018676213405,3,0.9722438379043833,42,64,largest,0.5
3156,group-3137,3,0,-0.007581300137318947,0.08288633533887169,22,0.9801023994734421,42,64,largest,0.5
3157,group-3138,2,0,-0.06033876683958661,0.03504335002862691,27,0.9665342882987568,42,64,largest,0.5
3158,group-3139,1,0,-0.04652297797635818,0.04925028801022117,28,0.9535731161222275,42,64,largest,0.5
3159,group-3140,4,0,-0.04575638066285048,0.042969599278097736,24,0.9711508624971077,42,64,largest,0.5
3160,group-3141,3,0,-0.012348184019219444,0.0766802518971398,35,0.9882186085445572,42,64,largest,0.5
3161,group-3142,2,0,-0.06733060997739315,0.03147761095632053,54,0.9486505157371745,42,64,largest,0.5
3162,group-3143,1,0,-0.06512482848409917,0.03576630659465912,24,0.9595336147698773,42,64,largest,0.5
3163,group-3144,0,0,-0.08066584968044888,0.024650611980922797,5,0.9410399586528579,42,64,largest,0.5
3164,group-3145,4,0,-0.028002001619413353,0.05586259934214176,20,0.9767183823348091,42,64,largest,0.5
3165,group-3146,3,0,-0.024905295120597026,0.06232098474073816,3,0.9528446762262888,42,64,largest,0.5
3166,group-3147,2,0,-0.04177137937168118,0.046497918454489695,39,0.9579382353527208,42,64,largest,0.5
3167,group-3148,1,0,-0.054570135434902856,0.04290885508819559,12,0.9422024881413891,42,64,largest,0.5
3168,group-3149,0,0,-0.022320341651065445,0.05562663817076393,34,0.9658209413934009,42,64,largest,0.5
3169,group-3150,3,1,0.010791347908282178,0.1112724952965538,37,0.9544122368397755,42,64,largest,0.5
3170,group-3151,2,0,-0.03531014087908546,0.051263124550467956,19,0.9780927511949911,42,64,largest,0.5
3171,group-3152,1,0,-0.035549461017507666,0.059339407099106414,3,0.9755623873922831,42,64,largest,0.5
3172,group-3153,0,0,-0.0683191764058182,0.029342381376803117,37,0.9309325155333987,42,64,largest,0.5
3173,group-3154,4,0,-0.05996963455138682,0.03474802713013176,14,0.9624799832503877,42,64,largest,0.5
3174,group-3155,3,0,-0.03935818945135394,0.048914921427168745,11,1.0027354551951149,42,64,largest,0.5
3175,group-3156,2,0,-0.012172805587710611,0.07236959171305855,32,0.983304881960072,42,64,largest,0.5
3176,group-3157,1,0,-0.030926123762662128,0.06414599363119983,5,0.9927699010424005,42,64,largest,0.5
3177,group-3158,0,0,-0.04712421479034168,0.03948424690352734,62,0.9744750915799285,42,64,largest,0.5
3178,group-3159,4,0,-0.06029669203125787,0.03457792192230266,18,0.9482244952288265,42,64,largest,0.5
3179,group-3160,2,0,-0.047705739998230245,0.0424950234322521,26,0.975116338097474,42,64,largest,0.5
3180,group-3161,1,0,-0.061163955980139795,0.03830153888454219,15,0.9641815763809563,42,64,largest,0.5
3181,group-3162,0,0,-0.043423574869477344,0.04157065197724648,2,0.9500790076137362,42,64,largest,0.5
3182,group-3163,4,0,-0.02880291727988815,0.055209630462380914,36,0.9722682231945986,42,64,largest,0.5
3183,group-3164,3,0,-0.053543535973281875,0.03845007077744824,41,0.9618838052803473,42,64,largest,0.5
3184,group-3165,2,0,-0.016257102025062475,0.06813564914482595,54,0.984401838375191,42,64,largest,0.5
3185,group-3166,1,0,-0.04137758950745174,0.05376076955459624,0,0.9680520452623522,42,64,largest,0.5
3186,group-3167,0,0,-0.04452662966929688,0.04093795804854067,32,0.9749778696384698,42,64,largest,0.5
3187,group-3168,4,0,-0.0106044210722116,0.07196050591650602,33,0.990572811461069,42,64,largest,0.5
3188,group-3169,3,0,-0.04799279792903144,0.04226105527031,46,0.9878183313524488,42,64,largest,0.5
3189,group-3170,1,0,-0.05956401802826872,0.039373813946120766,42,0.9474551400461043,42,64,largest,0.5
3190,group-3171,0,0,-0.03596266148500393,0.046101920814918526,24,0.9387117510729727,42,64,largest,0.5
3191,group-3172,4,0,-0.01603312393344125,0.06652489594946444,38,0.9860976386217961,42,64,largest,0.5
3192,group-3173,3,0,-0.07030136966497869,0.028846668275917725,18,0.9639005945480589,42,64,largest,0.5
3193,group-3174,2,0,-0.04665069121007048,0.04318178299330897,27,0.9748578817514327,42,64,largest,0.5
3194,group-3175,1,0,-0.026514402695339556,0.06906853043043897,6,0.9729475910379298,42,64,largest,0.5
3195,group-3176,0,0,-0.0718186633731076,0.027930964653367255,29,0.9263449379938518,42,64,largest,0.5
3196,group-3177,4,0,-0.06187496754900135,0.03376827360603235,62,0.9386720179678523,42,64,largest,0.5
3197,group-3178,3,0,-0.025242090312068255,0.06197272637411326,2,0.9582169950689123,42,64,largest,0.5
3198,group-3179,2,0,-0.03243126966469856,0.05353203754641423,16,0.9701620319322618,42,64,largest,0.5
3199,group-3180,0,0,-0.03227042028166116,0.04851472628731001,33,0.9627234890089028,42,64,largest,0.5
3200,group-3181,4,0,-0.03717550166318773,0.04880134020903098,26,0.975156747920047,42,64,largest,0.5
3201,group-3182,3,0,-0.034256640386356785,0.053301637092512205,33,0.971182268569846,42,64,largest,0.5
3202,group-3183,2,0,-0.0810558236458897,0.025471657163213694,57,0.9446531352183928,42,64,largest,0.5
3203,group-3184,1,0,-0.02269881161383136,0.07360563518291599,43,0.9855614360359901,42,64,largest,0.5
3204,group-3185,0,0,-0.02729966632560521,0.05195272186151075,34,0.971444194517289,42,64,largest,0.5
3205,group-3186,4,0,-0.02807535786170179,0.055802492616742486,2,0.9762020888108026,42,64,largest,0.5
3206,group-3187,3,0,-0.05114998789690306,0.040051190372383895,12,0.9699498248238725,42,64,largest,0.5
3207,group-3188,2,0,-0.013836467789507534,0.07061645293259923,3,0.9922923773000614,42,64,largest,0.5
3208,group-3189,1,0,-0.07261040803837004,0.03140957148238305,37,0.9378986081807734,42,64,largest,0.5
3209,group-3190,4,0,-0.03888794669587725,0.04758049905894811,39,0.968502530078971,42,64,largest,0.5
3210,group-3191,3,0,-0.030954751853722984,0.05633612552285019,15,0.9690058892331669,42,64,largest,0.5
3211,group-3192,2,0,-0.04044105172662227,0.047443283613933455,41,0.9578304391054739,42,64,largest,0.5
3212,group-3193,1,0,-0.07925808800471312,0.02797455387147257,61,0.9326888765870194,42,64,largest,0.5
3213,group-3194,0,0,-0.036563547979400535,0.04572021537593313,8,0.9673390296619014,42,64,largest,0.5
3214,group-3195,4,0,-0.06401918970896381,0.03269755994508133,6,0.9540473889133257,42,64,largest,0.5
3215,group-3196,3,0,-0.035644165241285775,0.05207305402073811,35,0.9998273129783177,42,64,largest,0.5
3216,group-3197,2,0,-0.04093642785222762,0.04708914112032422,50,0.9722941638886528,42,64,largest,0.5
3217,group-3198,1,0,-0.04953181270878537,0.04678140160503328,35,0.9707683813927492,42,64,largest,0.5
3218,group-3199,0,0,-0.01369638541279361,0.0625736692742674,22,1.0004095367862609,42,64,largest,0.5
3219,group-3200,2,0,-0.04485740983759168,0.04437345396934801,37,0.9597782695365858,42,64,largest,0.5
3220,group-3201,1,0,-0.04462169256122339,0.050873568750740124,52,0.9668381182872726,42,64,largest,0.5
3221,group-3202,0,0,-0.015189543677137318,0.061315452261662726,44,0.985464142406291,42,64,largest,0.5
3222,group-3203,4,0,-0.000855886843017517,0.08275954932682064,52,1.0033195120179752,42,64,largest,0.5
3223,group-3204,3,0,-0.059784572661002566,0.034559253940501106,43,0.9589446314615803,42,64,largest,0.5
3225,group-3205,2,0,-0.021574826125951296,0.06296702598931374,16,0.9958854774046871,42,64,largest,0.5
3226,group-3206,1,0,-0.02857052117790182,0.06673226369998118,16,0.9901419842881763,42,64,largest,0.5
3227,group-3207,0,0,-0.019438777166136623,0.057863108483443705,22,0.9712867966872453,42,64,largest,0.5
3228,group-3208,4,0,-0.04267889247842105,0.04498030376913628,33,0.9505097006149485,42,64,largest,0.5
3229,group-3209,3,0,-0.013001100291095358,0.07586414567703156,53,0.9359084130967246,42,64,largest,0.5
3230,group-3210,1,0,-0.022866756789802545,0.07340028469278358,8,0.9732700731741938,42,64,largest,0.5
3231,group-3211,0,0,-0.039534668608591006,0.04387667886643107,34,0.9726529288738813,42,64,largest,0.5
3232,group-3212,4,0,-0.019780377161287888,0.06299793297506665,13,0.9670470024142586,42,64,largest,0.5
3233,group-3213,3,0,-0.048945060548883035,0.04158252197413628,15,0.9754653597023797,42,64,largest,0.5
3234,group-3214,2,0,-0.0687912537203238,0.030778306644360272,41,0.9396002719563213,42,64,largest,0.5
3235,group-3215,1,0,-0.03815725524353131,0.05677916019118448,22,0.968946082865673,42,64,largest,0.5
3236,group-3216,0,0,-0.010292626537951932,0.06553242797270727,52,1.0032121159100575,42,64,largest,0.5
3238,group-3217,4,0,-0.05893595951473651,0.03529096941211811,33,0.9662526614775051,42,64,largest,0.5
3239,group-3218,3,0,-0.0667337100823765,0.030673710265356386,10,0.9604336664794414,42,64,largest,0.5
3240,group-3219,2,1,0.002023493254417308,0.08903488308611933,47,0.9886243478742982,42,64,largest,0.5
3241,group-3220,0,0,-0.017571260841423908,0.059357337429445246,45,0.9826200363606535,42,64,largest,0.5
3242,group-3221,4,0,-0.04035002022992973,0.0465611683145169,47,0.9515877550965888,42,64,largest,0.5
3243,group-3222,3,0,-0.024334198303459176,0.06291569774301005,4,0.9749186914988751,42,64,largest,0.5
3244,group-3223,2,0,-0.022472283408403237,0.06213161288198784,33,0.9761509437511859,42,64,largest,0.5
3245,group-3224,1,0,-0.015340159921655383,0.08313796053980195,41,0.9918365485085783,42,64,largest,0.5
3246,group-3225,0,0,-0.006155752197349207,0.06930346917572927,27,0.9901062015572405,42,64,largest,0.5
3247,group-3226,4,0,-0.046922144580825,0.04223058357504554,42,0.9496234049983965,42,64,largest,0.5
3248,group-3227,3,0,-0.01704289248870272,0.07098732065269994,2,0.9994308323615033,42,64,largest,0.5
3249,group-3228,2,0,-0.021617951102694266,0.06292664383117606,34,0.990444294683997,42,64,largest,0.5
3250,group-3229,1,0,-0.019909720722491864,0.07709406778946493,10,0.9959820589110804,42,64,largest,0.5
3251,group-3230,4,0,-0.0309491411790217,0.05349512676959216,63,0.9804924995431752,42,64,largest,0.5
3252,group-3231,3,0,-0.05802452257587365,0.03561636376990652,20,0.967841941305477,42,64,largest,0.5
3253,group-3232,2,0,-0.04418945264379792,0.04482529107017443,7,0.9784908409333707,42,64,largest,0.5
3254,group-3233,1,0,-0.036450261729225164,0.05844302989970953,54,0.9739314763583783,42,64,largest,0.5
3255,group-3234,0,0,-0.04689213938714121,0.03961208571683138,54,0.9493250428138381,42,64,largest,0.5
3256,group-3235,4,0,-0.026995251644152063,0.05669368833272688,8,0.9736266618573874,42,64,largest,0.5
3257,group-3236,3,0,-0.044363547240142465,0.04494531671266905,31,0.9494346827426501,42,64,largest,0.5
3258,group-3237,2,0,-0.029504454192890828,0.05593563580936813,25,0.9873121291783797,42,64,largest,0.5
3259,group-3238,1,1,0.006957480300372465,0.11919170616066814,7,0.995000849557742,42,64,largest,0.5
3260,group-3239,0,0,-0.016217102405407968,0.060463352418084565,44,0.9875069510866593,42,64,largest,0.5
3261,group-3240,3,0,-0.027705745050922492,0.059479999541008674,40,0.999501640063977,42,64,largest,0.5
3262,group-3241,2,0,-0.02663824212833177,0.05838757515114447,51,0.9852389329949756,42,64,largest,0.5
3263,group-3242,1,0,-0.05714181465377599,0.04105211813077059,29,0.9510454593731769,42,64,largest,0.5
3264,group-3243,0,1,0.009431363767978485,0.08538039106791313,40,0.9975065002471618,42,64,largest,0.5
3265,group-3244,4,0,-0.015489412663332258,0.06705163578690772,44,1.0016436250197962,42,64,largest,0.5
3266,group-3245,3,0,-0.04254676185410666,0.04634935192695847,35,1.0137551967942218,42,64,largest,0.5
3267,group-3246,2,0,-0.06282040332741579,0.033735266034113545,57,0.9281640008224368,42,64,largest,0.5
3268,group-3247,1,0,-0.010066985659062833,0.09064563860391404,14,0.9883310126722085,42,64,largest,0.5
3269,group-3248,0,0,-0.010604612868949759,0.06525590291626515,56,0.9900667065903436,42,64,largest,0.5
3270,group-3249,4,0,-0.03254320068354255,0.0522543578533456,40,0.9688910775703189,42,64,largest,0.5
3271,group-3250,2,0,-0.01788715747796865,0.06651084339870447,3,0.9883933002409504,42,64,largest,0.5
3272,group-3251,1,0,-0.02786300175341061,0.06752778378406094,62,0.9896874630581672,42,64,largest,0.5
3273,group-3252,0,0,-0.043408628643817115,0.04157928879324347,32,0.9867416144546768,42,64,largest,0.5
3274,group-3253,4,0,-0.0314488648930461,0.05310319468976503,55,0.9748018085785722,42,64,largest,0.5
3275,group-3254,3,0,-0.04667529840332396,0.04321730725131834,38,0.9697803682481448,42,64,largest,0.5
3276,group-3255,2,0,-0.03725633577087162,0.049781132830612966,50,0.9827074798281091,42,64,largest,0.5
3277,group-3256,1,0,-0.08297597090076236,0.026215469762793837,46,0.9457344361256795,42,64,largest,0.5
3278,group-3257,0,0,-0.03770566813132481,0.045002978794695156,25,0.975382427729407,42,64,largest,0.5
3279,group-3258,4,0,-0.00026506044427832,0.08345935106462382,31,0.9968434676037556,42,64,largest,0.5
3280,group-3259,3,0,-0.051476209567999365,0.03982926686978994,23,0.9571094088430988,42,64,largest,0.5
3281,group-3260,1,1,2.3261273772501312e-05,0.10672785852049214,7,0.9913834677190952,42,64,largest,0.5
3282,group-3261,0,0,-0.01524588057004661,0.0612684456569359,27,0.9778002016534703,42,64,largest,0.5
3283,group-3262,4,0,-0.030402830404903103,0.05392671895138404,12,0.9778266633968578,42,64,largest,0.5
3284,group-3263,3,0,-0.06958472689765549,0.029204989405255875,18,0.9763761032363836,42,64,largest,0.5
3285,group-3264,2,0,-0.046604897064616346,0.04321183038213577,16,0.965068306361366,42,64,largest,0.5
3286,group-3265,1,0,-0.01685089920051175,0.08109357412246927,9,0.9813363426084183,42,64,largest,0.5
3287,group-3266,0,0,-0.02119005247312611,0.05649402601342124,29,0.978260129617775,42,64,largest,0.5
3288,group-3267,4,0,-0.08288158243907573,0.024592858624697733,34,0.9396719598998532,42,64,largest,0.5
3289,group-3268,3,0,-0.04999779327220988,0.04084453038544682,15,0.9655129087564344,42,64,largest,0.5
3290,group-3269,2,0,-0.03502229736974516,0.05148582471157694,20,1.0030903602492738,42,64,largest,0.5
3291,group-3270,0,0,-0.012583570801951716,0.06352701584679821,15,0.9831529643507593,42,64,largest,0.5
3292,group-3271,4,0,-0.013155189127344591,0.06935725065392309,36,0.9863235151138573,42,64,largest,0.5
3293,group-3272,3,0,-0.03370433068663348,0.05379825135967429,27,0.9959474783915468,42,64,largest,0.5
3294,group-3273,2,0,-0.010638892413225798,0.0740214733039995,16,0.993571604748322,42,64,largest,0.5
3295,group-3274,1,1,0.006348286566303374,0.11804816193464714,7,0.9978047122052338,42,64,largest,0.5
3296,group-2888,2,0,-0.0045822246930081745,0.08088786909667306,4,0.998980688125307,42,64,largest,0.5
3297,group-3275,0,0,-0.025740160904223153,0.05307800479029741,54,0.9956544337405631,42,64,largest,0.5
3298,group-3276,1,0,-0.014705041637180782,0.08401133855739669,52,0.9804399692401097,42,64,largest,0.5
3299,group-3277,0,0,-0.027485270538307627,0.051820307689937,4,0.9888878002472631,42,64,largest,0.5
3300,group-2374,1,0,-0.03866129436748478,0.0562964296915082,4,0.9701116452502879,42,64,largest,0.5
3301,group-3278,4,0,-0.004124213262203136,0.07898403950485317,44,0.9862742138261473,42,64,largest,0.5
3302,group-3279,3,0,-0.04158127739863504,0.04711237588221368,41,0.9851706165665042,42,64,largest,0.5
3303,group-2446,0,0,-0.014763196449720795,0.06167228382563875,3,0.9834383012389273,42,64,largest,0.5
3305,group-3280,2,0,-0.04806701863378626,0.04226226541272493,28,0.9652628523654802,42,64,largest,0.5
3306,group-2445,0,0,-0.026742387066633455,0.052352221400135596,29,0.9868599171925068,42,64,largest,0.5
3307,group-3281,3,0,-0.05766591580168001,0.035835535320509315,22,0.9627263364882049,42,64,largest,0.5
3308,group-3282,2,0,-0.027260591894603947,0.057846751835518455,27,0.9925159512757272,42,64,largest,0.5
3309,group-3283,1,0,-0.01937904216918096,0.07777474276429265,19,0.9779014942005404,42,64,largest,0.5
3310,group-3284,0,1,0.004385013847497232,0.07983620066053122,40,0.9908979930664449,42,64,largest,0.5
3311,group-3285,4,1,0.0024914852332278414,0.08679587956736498,35,1.0037877346939272,42,64,largest,0.5
3312,group-3286,3,0,-0.01600540192051758,0.07221080947469781,36,0.9903367975524697,42,64,largest,0.5
3313,group-3287,2,0,-0.02246863791825382,0.06213498532014879,13,0.972235263456636,42,64,largest,0.5
3314,group-3288,1,0,-0.09287952120016918,0.022038998675639344,46,0.9275301053184717,42,64,largest,0.5
3315,group-3289,0,0,-0.09103103810163038,0.021283468206779024,5,0.9136459330374429,42,64,largest,0.5
3316,group-3290,3,0,-0.03312530847242823,0.054323568122543804,31,0.948490757026402,42,64,largest,0.5
3317,group-3291,2,0,-0.013203239292165825,0.07127906427812462,59,0.9876910186373032,42,64,largest,0.5
3318,group-3292,1,0,-0.06349423946301158,0.036789816796273425,60,0.9493814347148966,42,64,largest,0.5
3319,group-3293,0,0,-0.0027242410883725476,0.07258290021809759,26,0.9881187005127625,42,64,largest,0.5
3320,group-3294,4,0,-0.06671029131802042,0.03140011783520828,15,0.958495522833521,42,64,largest,0.5
3321,group-3295,3,0,-0.06864586073280299,0.029680959859312336,6,0.9079512495453091,42,64,largest,0.5
3322,group-3296,2,0,-0.01925371138882126,0.06517649572517918,50,0.9788991620065454,42,64,largest,0.5
3323,group-3297,1,0,-0.05746161750001744,0.04082666911808582,28,0.9591180970549008,42,64,largest,0.5
3324,group-3298,0,0,-0.015653106435476682,0.06092966343305078,39,0.9813632080870458,42,64,largest,0.5
3325,group-3299,4,0,-0.04825963084450291,0.04139767380399583,36,0.9496303053553703,42,64,largest,0.5
3326,group-3300,1,0,-0.04600778868857136,0.04968523153204906,63,0.9479670142641933,42,64,largest,0.5
3327,group-3301,0,0,-0.02918834265520065,0.050620109443995656,27,0.9822657829817492,42,64,largest,0.5
3328,group-3302,4,0,-0.0049285853374787525,0.07807929208220203,4,1.0030124219558956,42,64,largest,0.5
3329,group-3303,3,0,-0.006056830987606343,0.08496559116357781,9,0.9565864841370083,42,64,largest,0.5
3330,group-3304,2,0,-0.08215069008470299,0.025043742504649958,12,0.9446025412430316,42,64,largest,0.5
3331,group-3305,1,0,-0.049262947207906915,0.04699714166820367,46,0.9597370396251355,42,64,largest,0.5
3332,group-3306,0,0,-0.016387634428233655,0.06032301551665933,53,0.9781627410221712,42,64,largest,0.5
3333,group-3307,4,0,-0.007425493505107683,0.07533092999752548,24,1.0005426821082675,42,64,largest,0.5
3334,group-3308,3,0,-0.04937311409885303,0.04128091940791988,19,0.9641153648514685,42,64,largest,0.5
3335,group-3309,2,0,-0.040016709144933826,0.04774865555784232,27,0.9644617597360493,42,64,largest,0.5
3336,group-3310,0,1,0.006296216009616162,0.08189617963817199,40,0.9882107898245563,42,64,largest,0.5
3337,group-3311,4,0,-0.03889872063619704,0.04757291068879599,30,0.967812343541469,42,64,largest,0.5
3338,group-3312,3,0,-0.028641338730631904,0.058558202917371016,31,1.0001885769378271,42,64,largest,0.5
3339,group-3313,2,0,-0.031143427619301667,0.054577412287581506,5,0.9706558083614147,42,64,largest,0.5
3340,group-3314,1,0,-0.008840984314654854,0.09247653624043135,22,0.9907263147917598,42,64,largest,0.5
3342,group-3315,0,0,-0.006665564270026958,0.06882810929376783,15,0.9882578963634384,42,64,largest,0.5
3343,group-3316,4,0,-0.05650146671413758,0.03660217325207741,47,0.9553037015062614,42,64,largest,0.5
3344,group-3317,3,0,-0.04923084781310716,0.04138092593687385,3,0.9598051704044481,42,64,largest,0.5
3345,group-3318,2,0,-0.07131826546297626,0.029603838106021314,39,0.9365285960550445,42,64,largest,0.5
3346,group-3319,1,0,-0.10803664611588382,0.016876729665855978,12,0.8891126335437111,42,64,largest,0.5
3347,group-3320,4,0,-0.045038646904813295,0.04343072086224179,18,0.9707852044375161,42,64,largest,0.5
3348,group-3321,3,0,-0.05088073958089123,0.04023524792510618,2,0.9752731340999785,42,64,largest,0.5
3349,group-3322,2,0,-0.06662864553323966,0.03181913243869758,28,0.9430467082265717,42,64,largest,0.5
3350,group-3323,1,0,-0.04172274616600313,0.0534463847493901,22,0.9477391301246393,42,64,largest,0.5
3351,group-3324,0,0,-0.014223933708325975,0.062126399084522,27,0.981382416473011,42,64,largest,0.5
3352,group-3325,4,0,-0.028520225351993278,0.05543927821741575,2,0.9707017421906488,42,64,largest,0.5
3353,group-3326,3,0,-0.11693071749150685,0.012821214530274105,14,0.8983451670173852,42,64,largest,0.5
3354,group-3327,2,0,-0.03466903707333169,0.05176038738147645,61,0.9790254488827,42,64,largest,0.5
3355,group-3328,1,0,-0.019637071688950236,0.07744309648916796,44,0.9947779058145247,42,64,largest,0.5
3356,group-3329,0,0,-0.013262973152893931,0.0629433750720496,56,1.0069802838652775,42,64,largest,0.5
3357,group-3330,3,0,-0.029271605022814784,0.057944801028625106,26,0.976544117275528,42,64,largest,0.5
3358,group-3331,2,1,0.0010777395523341449,0.08782461124777817,47,0.9859325231869658,42,64,largest,0.5
3359,group-3332,1,0,-0.001425360825376365,0.10427341927584839,10,0.9913201855516934,42,64,largest,0.5
3360,group-3333,0,0,-0.01914478748122328,0.0580959705130055,53,0.9667135141761095,42,64,largest,0.5
3361,group-3334,4,0,-0.06064340893813136,0.03439846851732982,41,0.9384700141911806,42,64,largest,0.5
3362,group-3335,3,0,-0.13606350096345243,0.009164707749566813,54,0.8510985209703829,42,64,largest,0.5
3363,group-3336,2,0,-0.03516164664664745,0.05137789826460639,54,0.9902934467379144,42,64,largest,0.5
3365,group-3337,1,0,-0.033243533196207986,0.06169301925048935,18,0.9850297553849792,42,64,largest,0.5
3366,group-3338,0,0,-0.03194536920664781,0.048732790188571296,55,0.9935085638338987,42,64,largest,0.5
3367,group-3339,4,1,0.005606790676938922,0.09071156950806829,35,0.9959365480201409,42,64,largest,0.5
3368,group-3340,2,0,-0.033715592273054984,0.052508353519731675,23,0.9726169036494805,42,64,largest,0.5
3369,group-3341,1,1,0.0020803294398014094,0.11030053959973585,7,0.9809117124991762,42,64,largest,0.5
3370,group-3342,0,0,-0.018876750877701687,0.05830904178731392,58,1.0036904570368816,42,64,largest,0.5
3371,group-3343,4,0,-0.011410208692745005,0.07112854465211037,12,0.9907425086551136,42,64,largest,0.5
3372,group-3344,3,0,-0.050285953998206234,0.04064471852672529,27,0.9942840012066824,42,64,largest,0.5
3373,group-3345,2,0,-0.009555212381972322,0.07520933499181809,9,0.9929503830652279,42,64,largest,0.5
3374,group-3346,1,0,-0.011173316691531987,0.08902153596467326,10,1.0012788036110858,42,64,largest,0.5
3375,group-3347,0,0,-0.010919077577347225,0.06497827984819805,20,0.9928479929455779,42,64,largest,0.5
3376,group-3348,4,0,-0.030048166924457442,0.05420866304199624,37,0.9855164636427676,42,64,largest,0.5
3377,group-3349,3,0,-0.01833941137106787,0.06948528438256008,35,0.9775849154592972,42,64,largest,0.5
3378,group-3350,1,1,0.005223248253079071,0.1159612770569206,7,0.9785808534749846,42,64,largest,0.5
3379,group-3351,0,0,-0.009832460928471232,0.06594227905226707,52,0.9923538370195999,42,64,largest,0.5
3380,group-3352,4,0,-0.004654601823976812,0.0783863949239366,0,1.003168576465591,42,64,largest,0.5
3381,group-3353,3,0,-0.043619862969089485,0.045515078101026445,56,0.9952536909599782,42,64,largest,0.5
3382,group-3354,2,0,-0.022483537656661112,0.06212120266993424,50,0.9926223510011892,42,64,largest,0.5
3383,group-3355,1,0,-0.03860182440526594,0.05635318408479139,53,0.9830260753647582,42,64,largest,0.5
3384,group-3356,0,0,-0.0026394848648301217,0.07266568322899876,38,0.9907390413737734,42,64,largest,0.5
3385,group-3357,4,0,-0.027709393618236877,0.056102963400601245,63,0.9749468129626289,42,64,largest,0.5
3386,group-3358,3,0,-0.05014169206096197,0.040744633078091085,18,0.9882262355609893,42,64,largest,0.5
3387,group-3359,2,0,-0.006913346142917942,0.07817888640428289,11,0.9943383438850509,42,64,largest,0.5
3388,group-3360,0,0,-0.022804476825619147,0.05525895769038496,22,0.9919591063624554,42,64,largest,0.5
3389,group-3361,4,0,-0.06379010831637122,0.03281036791863972,9,0.9367543250133066,42,64,largest,0.5
3390,group-3362,3,0,-0.037011102011650365,0.05088890637638986,18,1.0029834792247936,42,64,largest,0.5
3391,group-3363,2,0,-0.04743161044527866,0.04267245151824575,33,0.9632107735166525,42,64,largest,0.5
3392,group-3364,1,0,-0.02587234007390804,0.06981345613253671,60,0.992891455807321,42,64,largest,0.5
3393,group-3365,0,0,-0.06108639613112943,0.032481932545206975,11,0.9483789836073329,42,64,largest,0.5
3394,group-3366,4,0,-0.05458102621139427,0.037669456352724874,9,0.9613301686981236,42,64,largest,0.5
3395,group-3367,3,0,-0.040717094194094194,0.04780545487845125,23,0.968325661073665,42,64,largest,0.5
3396,group-3368,2,0,-0.08041708524696323,0.02572458013707724,13,0.9230445064852479,42,64,largest,0.5
3397,group-3369,1,0,-0.056054340878991527,0.041827694118149024,46,0.9518990102931038,42,64,largest,0.5
3398,group-3370,4,0,-0.028236038017576237,0.05567104688100966,63,0.9693224788275641,42,64,largest,0.5
3399,group-3371,3,0,-0.07214761635772993,0.02794308815495717,14,0.9500190657924956,42,64,largest,0.5
3400,group-3372,2,0,-0.03978128140434278,0.04791888203395646,16,0.9787686900449746,42,64,largest,0.5
3401,group-3373,1,0,-0.014263046254824219,0.0846240544464774,0,0.9895887530160242,42,64,largest,0.5
3402,group-3374,0,0,-0.008103725240396376,0.0675033663689307,15,1.0080835132682366,42,64,largest,0.5
3403,group-3375,4,0,-0.010995708892558298,0.07155539299980353,18,1.001754417811881,42,64,largest,0.5
3404,group-3376,3,0,-0.03666207009088085,0.05118881995213438,27,0.9924109229854405,42,64,largest,0.5
3405,group-3377,2,0,-0.010349146796415076,0.07433737290897902,23,0.9942621685072016,42,64,largest,0.5
3406,group-3378,1,0,-0.02332027313325491,0.07284839273196958,0,0.9875110002467613,42,64,largest,0.5
3407,group-3379,0,0,-0.0024716294352855606,0.07282988767711315,22,0.9832877324793833,42,64,largest,0.5
3408,group-3380,3,0,-0.033091491735578016,0.05435439726335328,48,0.9773844182107081,42,64,largest,0.5
3409,group-3381,2,0,-0.047075980325054,0.04290368506682662,35,0.9917545192001946,42,64,largest,0.5
3410,group-3382,1,0,-0.020554670523223684,0.07627417428344377,61,0.997314146197528,42,64,largest,0.5
3411,group-3383,0,0,-0.006913350129206131,0.06859816035011705,32,0.9978585270460242,42,64,largest,0.5
3412,group-3384,4,1,0.004430782896002627,0.0892150753412976,35,1.0005804362595179,42,64,largest,0.5
3413,group-3385,3,0,-0.01654041285083163,0.07157747400865948,22,0.9916261986364271,42,64,largest,0.5
3414,group-3386,2,0,-0.006302099001381123,0.07888107441114996,38,0.9842464064025865,42,64,largest,0.5
3415,group-3387,1,0,-0.02677635237957332,0.06876673317345003,60,0.9767467174263244,42,64,largest,0.5
3416,group-3388,0,0,-0.051046753398166,0.037382487625210396,47,0.9642180531167999,42,64,largest,0.5
3417,group-3389,4,0,-0.037928186618587656,0.048261115604563594,6,0.9652212631623378,42,64,largest,0.5
3418,group-3390,2,0,-0.05576779136411569,0.03758171248809153,14,0.9599431186606899,42,64,largest,0.5
3419,group-3391,1,0,-0.019758298705790822,0.07728773067218599,10,0.9860890501946401,42,64,largest,0.5
3420,group-3392,0,0,-0.01965073687873331,0.05769576417227086,19,0.9890742341863323,42,64,largest,0.5
3421,group-3393,4,0,-0.015212137247000324,0.06732174436342751,24,0.9887084140709953,42,64,largest,0.5
3422,group-3394,3,0,-0.13267630514068307,0.009726804457444118,55,0.9008695892754858,42,64,largest,0.5
3423,group-3395,2,0,-0.06709429477571538,0.03159218576582979,5,0.9575043868779942,42,64,largest,0.5
3424,group-3396,1,0,-0.02669201397828691,0.06886376751283776,5,0.9932017616689965,42,64,largest,0.5
3425,group-3397,0,0,-0.012963517753433629,0.0632000033144097,13,0.9846410589615574,42,64,largest,0.5
3426,group-3398,4,0,-0.02706438945343903,0.05663624419023374,41,0.974969919517688,42,64,largest,0.5
3427,group-3399,3,0,-0.025026305615365896,0.062195645739633126,12,0.982616526865417,42,64,largest,0.5
3428,group-3400,0,0,-0.018475889118154454,0.05862906856591211,56,0.9853866584112871,42,64,largest,0.5
3429,group-3401,4,0,-0.03353108355880319,0.05149911744963362,42,0.9821963253724026,42,64,largest,0.5
3430,group-3402,3,0,-0.04162352236050637,0.04707874122915246,11,0.9554468304525379,42,64,largest,0.5
3431,group-3403,2,0,-0.04847995496144086,0.041997718795480095,46,0.9548022714567618,42,64,largest,0.5
3432,group-3404,1,0,-0.06592958654345671,0.03527132347208018,11,0.9409065615600184,42,64,largest,0.5
3433,group-3405,0,0,-0.040696110374237926,0.043175476842767034,29,0.9622302891858724,42,64,largest,0.5
3434,group-3406,4,1,0.00014133753047218534,0.08394382523624276,35,0.9861227208218698,42,64,largest,0.5
3435,group-3407,3,0,-0.05740107369251679,0.035998233314773594,36,0.9636957667215011,42,64,largest,0.5
3436,group-3408,2,0,-0.02701505890391398,0.05805955667871627,16,0.9634631961823193,42,64,largest,0.5
3437,group-3409,1,0,-0.08733863773705075,0.024288332983420976,47,0.9174312994244628,42,64,largest,0.5
3438,group-3410,4,0,-0.02935988561365832,0.05475978995149513,42,0.9831473039896965,42,64,largest,0.5
3439,group-3411,3,0,-0.03644669523566857,0.05137471916044805,63,0.981518241956516,42,64,largest,0.5
3440,group-3412,2,0,-0.03366077454762517,0.05255166634061813,3,0.9666024232527439,42,64,largest,0.5
3441,group-3413,1,0,-0.04399282544121674,0.05142154042473243,47,0.9763950744004632,42,64,largest,0.5
3442,group-3414,0,0,-0.06060038745271357,0.03270416558601512,8,0.9480537240937245,42,64,largest,0.5
3443,group-3415,4,0,-0.05878491827810339,0.03537098579478687,14,0.9583212860563891,42,64,largest,0.5
3444,group-3416,3,0,-0.08079067157274511,0.02406628990366023,6,0.9301861124359896,42,64,largest,0.5
3445,group-3417,2,0,-0.014664383859659624,0.06975870549926794,12,0.9820598621588117,42,64,largest,0.5
3446,group-3418,1,0,-0.08004140206978261,0.027594648341465314,12,0.9154786466338303,42,64,largest,0.5
3447,group-3419,0,0,-0.016856827932384744,0.059938470972953795,47,0.9796177342756043,42,64,largest,0.5
3448,group-3420,3,0,-0.03501652970992275,0.05262544326086587,27,0.9880975573282149,42,64,largest,0.5
3449,group-3421,2,0,-0.03800730652019524,0.049220208810215035,20,0.968782610820433,42,64,largest,0.5
3451,group-3422,1,0,-0.016725416305885643,0.0812616215095599,4,0.9915771561497377,42,64,largest,0.5
3452,group-3423,0,0,-0.031128400671885048,0.049284974748389714,10,0.9864322996187969,42,64,largest,0.5
3453,group-3424,4,0,-0.009485685134292487,0.07313046707793948,37,0.9885503626173587,42,64,largest,0.5
3454,group-3425,3,0,-0.015907486336776966,0.07232727806823554,33,0.9756154607972232,42,64,largest,0.5
3455,group-3426,2,0,-0.09800273030708417,0.019580913123319707,1,0.9193845993645277,42,64,largest,0.5
3456,group-3427,1,0,-0.033565024644574004,0.061359722248364265,31,0.9853962305179069,42,64,largest,0.5
3457,group-3428,0,0,-0.05389783793108771,0.03592275016917736,17,0.952891018154713,42,64,largest,0.5
3458,group-3429,4,0,-0.03842860907313517,0.047905094279343856,17,0.9616535104962354,42,64,largest,0.5
3459,group-3430,2,0,-0.04706521954423126,0.042910700435094415,26,0.9545837325940684,42,64,largest,0.5
3460,group-3431,1,0,-0.016750947263022842,0.0812274046077301,42,0.9774815801743325,42,64,largest,0.5
3461,group-3432,0,0,-0.032841233269153225,0.04813402971747189,24,0.9750121729469132,42,64,largest,0.5
3462,group-3433,4,0,-0.03077824746882918,0.053629783439828896,53,0.9878255743087723,42,64,largest,0.5
3463,group-3434,3,0,-0.03965792112039224,0.04866812742886626,58,0.9794136127561273,42,64,largest,0.5
3464,group-3435,2,0,-0.02797839342623154,0.05722882070225203,61,0.99424817505382,42,64,largest,0.5
3465,group-3436,1,0,-0.050278704244353434,0.04618702069029023,31,0.958234931993576,42,64,largest,0.5
3466,group-3437,0,0,-0.010690489269997938,0.06517997818259162,7,0.9979956909416128,42,64,largest,0.5
3468,group-3438,4,0,-0.050171669230366644,0.04023421827790405,10,0.9680457698555869,42,64,largest,0.5
3469,group-3439,3,0,-0.015017727763891542,0.07339359082871395,53,0.9835165153670753,42,64,largest,0.5
3470,group-3440,1,0,-0.03633093727563819,0.058561034588202145,11,0.9794074382580464,42,64,largest,0.5
3471,group-3441,0,0,-0.0184921018073243,0.058616093313812206,19,0.9880893699197648,42,64,largest,0.5
3472,group-3442,4,0,-0.0016680240670290392,0.08180632935679819,44,1.0042272610552323,42,64,largest,0.5
3473,group-3443,3,0,-0.05190959237676995,0.039536265809613336,46,0.993620672580254,42,64,largest,0.5
3474,group-3444,2,0,-0.048263490785753205,0.04213619796712629,2,0.9599918642851747,42,64,largest,0.5
3475,group-3445,1,0,-0.043987259763920705,0.05142641498493265,22,0.9704892460327458,42,64,largest,0.5
3476,group-3446,0,0,-0.03169493111164723,0.048901433114222105,34,0.9710021245206844,42,64,largest,0.5
3477,group-3447,4,0,-0.06070178875476262,0.034368340824633324,34,0.9507983040308593,42,64,largest,0.5
3478,group-3448,3,0,-0.05006107368332713,0.04080057105256565,6,0.972214768451295,42,64,largest,0.5
3479,group-3449,2,0,-0.06225229374508767,0.03403049713825453,41,0.9488419364001014,42,64,largest,0.5
3480,group-3450,0,0,-0.0078030025505730904,0.06777840277033517,32,1.0031261095100257,42,64,largest,0.5
3481,group-3451,4,0,-0.05515539434021255,0.03734715526349696,23,0.9498715536466309,42,64,largest,0.5
3482,group-3452,3,0,-0.03293327985003125,0.05449885082089437,48,0.9601253526195109,42,64,largest,0.5
3483,group-3453,2,0,-0.012643692917038485,0.07186934699883085,16,0.9706994252216629,42,64,largest,0.5
3484,group-3454,1,0,-0.06465928857813441,0.03605569350506488,11,0.9526473022329641,42,64,largest,0.5
3485,group-3455,0,0,-0.04148423837291115,0.04270576463064887,13,0.9436954286868674,42,64,largest,0.5
3486,group-3456,4,0,-0.0269827525756533,0.056704079206708544,39,0.9784223162044375,42,64,largest,0.5
3487,group-2377,0,0,-0.03456519166410055,0.04700140588664909,7,0.9928927270547441,42,64,largest,0.5
3490,group-3457,3,0,-0.054924330463913984,0.037554548333889506,36,0.9760582004582192,42,64,largest,0.5
3493,group-3458,2,1,0.008356182748926022,0.09753286422868905,47,0.9950093988499307,42,64,largest,0.5
3494,group-3459,1,0,-0.023763956228125105,0.07231216949785438,18,0.9861538144006348,42,64,largest,0.5
3495,group-3460,0,0,-0.029256548463021392,0.05057259523876815,29,0.9815128905002728,42,64,largest,0.5
3496,group-3461,4,0,-0.02696380194734227,0.05671983688230655,23,0.977072101103105,42,64,largest,0.5
3497,group-2066,0,1,0.003979998972710619,0.07940577682766997,40,0.9769531315907247,42,64,largest,0.5
3498,group-3462,0,0,-0.03487092401223779,0.0468032055325305,50,0.9762713730309582,42,64,largest,0.5
3499,group-3463,4,0,-0.03429390191113513,0.05092301491164084,7,0.9813002932092972,42,64,largest,0.5
3500,group-3464,3,0,-0.009974432152941692,0.07971554429868648,24,0.9583876237251595,42,64,largest,0.5
3501,group-3465,2,0,-0.04302652718505584,0.04562242786652064,2,0.9564876259040181,42,64,largest,0.5
3502,group-3466,1,0,-0.07678573438556835,0.029207246575231983,56,0.9390207978880768,42,64,largest,0.5
3503,group-3467,0,0,-0.0812728332465944,0.02443985562699787,24,0.9325470323692286,42,64,largest,0.5
3504,group-3468,4,0,-0.07753327896370987,0.02666783200782792,58,0.921280818208405,42,64,largest,0.5
3505,group-3469,3,0,-0.06727172077826704,0.030391179652438857,9,0.9658232330219049,42,64,largest,0.5
3506,group-3470,1,0,-0.06743602867004106,0.034362440752265654,52,0.9262159076346639,42,64,largest,0.5
3507,group-3471,0,0,-0.053282622294313686,0.036233020207713414,47,0.962787889528248,42,64,largest,0.5
3508,group-3472,4,0,-0.053988662313034896,0.038004654323024765,58,0.9673655186939935,42,64,largest,0.5
3509,group-3473,3,0,-0.02356421550084531,0.06372590381256167,43,1.0054295866981784,42,64,largest,0.5
3510,group-3474,2,0,-0.03670912749400412,0.05019366970642999,16,0.9625294913703736,42,64,largest,0.5
3511,group-3475,1,0,-0.01553564551403408,0.08287080615592277,16,1.0112457683741511,42,64,largest,0.5
3512,group-3476,0,0,-0.015325195811116021,0.06120232337880955,57,0.9821485473311511,42,64,largest,0.5
3513,group-3477,4,0,-0.06414901104827841,0.03263379766925456,42,0.9735848806328061,42,64,largest,0.5
3514,group-3478,3,0,-0.04218872702559773,0.046630926080499555,47,0.9780580950124954,42,64,largest,0.5
3515,group-3479,2,0,-0.08315916604118956,0.024655794646257497,39,0.9192463698500927,42,64,largest,0.5
3516,group-3480,0,0,-0.0017236165233535106,0.07356579487488127,52,0.9909376654940724,42,64,largest,0.5
3517,group-3481,4,1,0.008386215238252115,0.09433857320679584,35,0.994724784583948,42,64,largest,0.5
3518,group-3482,3,0,-0.027322691065992166,0.05986131300655921,24,0.9652336765180907,42,64,largest,0.5
3519,group-3483,2,0,-0.04332643829700844,0.04541556889333558,14,0.9651840777764382,42,64,largest,0.5
3520,group-3484,1,0,-0.0598712732127592,0.03916568262836903,47,0.9481376327769325,42,64,largest,0.5
3521,group-3485,0,0,-0.013296771831475596,0.06291447129584588,47,0.9798774073373839,42,64,largest,0.5
3522,group-3486,4,0,-0.03276023810926898,0.05208753997090531,7,0.970278871341376,42,64,largest,0.5
3523,group-3487,3,0,-0.022229151019756088,0.06515379325144452,9,0.9928549674770004,42,64,largest,0.5
3524,group-3488,2,0,-0.06220041195398818,0.03405758257799573,37,0.9458277765591535,42,64,largest,0.5
3525,group-3489,1,0,-0.041368566637719706,0.053769011355466856,23,0.9831204950634642,42,64,largest,0.5
3526,group-3490,4,0,-0.016420062902017918,0.06615237825263326,55,0.9917185507593083,42,64,largest,0.5
3527,group-3491,3,0,-0.09287192916923881,0.01951395720548478,6,0.9095128880481325,42,64,largest,0.5
3528,group-3492,2,0,-0.0641294542704407,0.033064368904731085,57,0.9527492834249702,42,64,largest,0.5
3529,group-3493,1,0,-0.02898036326838438,0.06627543447001329,18,0.9826316592345802,42,64,largest,0.5
3530,group-3494,3,0,-0.09143944922210512,0.020006189633705766,6,0.90687693912001,42,64,largest,0.5
3531,group-3494,3,0,-0.09143944922210512,0.020006189633705766,6,0.90687693912001,42,64,largest,0.5
3532,group-3495,0,0,-0.03928350765122135,0.044029735962696034,16,0.9618423344888808,42,64,largest,0.5
3533,group-3496,4,0,-0.040929061330822525,0.04616324081214075,47,0.9580683044156257,42,64,largest,0.5
3534,group-3497,3,1,0.02376686059819455,0.13615404522676341,37,0.9358293069761217,42,64,largest,0.5
3535,group-3498,2,0,-0.039600448210256545,0.048050025007039004,14,0.966727527982902,42,64,largest,0.5
3536,group-3499,1,0,-0.026732099921300767,0.06881763140466043,31,0.9930807948123892,42,64,largest,0.5
3537,group-3500,3,0,-0.07151210171520939,0.028250972360500195,6,0.9137749666128586,42,64,largest,0.5
3538,group-3501,2,0,-0.014059668927217772,0.0703842545985483,61,0.9860460411973689,42,64,largest,0.5
3539,group-3502,1,0,-0.000604069479977154,0.10565876997629844,8,1.0059817693853326,42,64,largest,0.5
3540,group-3503,0,0,-0.027032733879196802,0.05214371821303291,27,0.9726502822435216,42,64,largest,0.5
3541,group-3504,4,0,-0.0013563073416147375,0.08217100847709068,44,0.9956768037372863,42,64,largest,0.5
3542,group-3505,3,0,-0.05369872442944512,0.03834840861659082,15,0.9645173625082326,42,64,largest,0.5
3543,group-3506,2,0,-0.05362672492227971,0.03883062190036214,32,0.9616029921678144,42,64,largest,0.5
3544,group-3507,1,0,-0.023821638340178808,0.07224272439135489,11,0.9957528425488298,42,64,largest,0.5
3545,group-3508,0,0,-0.015292855864918353,0.061229275976184806,22,0.988435570820845,42,64,largest,0.5
3546,group-3509,4,0,-0.04593981754565768,0.04285249913839687,39,0.9653717204784834,42,64,largest,0.5
3547,group-3510,2,0,-0.0037392558243475316,0.08188838072908056,58,0.9812039831506386,42,64,largest,0.5
3548,group-3511,1,0,-0.0834706604100316,0.025989678969177425,12,0.9102732886511462,42,64,largest,0.5
3549,group-3512,0,0,-0.05392668940003009,0.03590826254892513,17,0.9596987517449027,42,64,largest,0.5
3550,group-3513,4,0,-0.07862267080763852,0.02623181320152846,34,0.9305901252967299,42,64,largest,0.5
3551,group-3514,3,0,-0.021984194161638437,0.06541899295204429,35,0.9891945526824159,42,64,largest,0.5
3552,group-3515,2,0,-0.0442579344452515,0.04477876581718343,11,0.9714774740707305,42,64,largest,0.5
3553,group-3516,1,1,0.012418276861604682,0.1298755530392979,7,0.9975431218059155,42,64,largest,0.5
3554,group-3517,0,1,0.01265273641561715,0.08909990173190001,40,0.990052420363375,42,64,largest,0.5
3555,group-3518,4,0,-0.03869481193405655,0.04771672418236942,58,0.9797410070024889,42,64,largest,0.5
3556,group-3519,3,0,-0.02110899767646235,0.06637473517515027,48,0.9430548549145197,42,64,largest,0.5
3557,group-3520,1,0,-0.005865736448345649,0.09705843588454148,62,1.0075624009560802,42,64,largest,0.5
3558,group-3521,0,0,-0.047549483124948,0.03925101371225694,47,0.9499340028051891,42,64,largest,0.5
3559,group-3522,4,0,-0.038940013810093155,0.04754383746495736,14,0.9563136293624479,42,64,largest,0.5
3560,group-3523,3,0,-0.012429804908119069,0.07657779209620477,48,0.9526985127662644,42,64,largest,0.5
3561,group-3524,2,0,-0.03914305468923185,0.04838325643608023,59,0.975676575536044,42,64,largest,0.5
3562,group-3525,1,0,-0.014660907638132326,0.08407233774495591,10,0.9945606475023727,42,64,largest,0.5
3563,group-3526,0,0,-0.016670018408643128,0.06009130174067453,7,0.9778262359047123,42,64,largest,0.5
3564,group-3527,4,0,-0.05395917210460699,0.038021416450758475,36,0.9661126815081543,42,64,largest,0.5
3565,group-3528,3,0,-0.07749071001350438,0.02548034500182999,38,0.9887710101240229,42,64,largest,0.5
3566,group-3529,2,0,-0.016986800791979895,0.06740380072809136,15,0.9737164058760408,42,64,largest,0.5
3567,group-3530,0,1,0.012118875213341873,0.08847353770533814,40,1.000443971008352,42,64,largest,0.5
3568,group-3531,4,0,-0.02156025870267253,0.06138446241651067,1,0.9775247428792941,42,64,largest,0.5
3569,group-3532,3,0,-0.06071085171746293,0.034015132658157206,22,0.995739260190979,42,64,largest,0.5
3571,group-3533,2,0,-0.019771721914539908,0.06467723301775195,54,1.0015308955830329,42,64,largest,0.5
3572,group-3534,1,1,0.009831851437846595,0.1247172082544268,7,0.9974301659380274,42,64,largest,0.5
3573,group-3535,0,0,-0.030862960860576383,0.049465657465760336,42,0.9651554736140022,42,64,largest,0.5
3574,group-3536,4,0,-0.031163685628970095,0.05332652685507019,63,0.9740834105579257,42,64,largest,0.5
3575,group-3537,3,0,-0.03814645221076418,0.04992479513246448,42,1.0025260494473363,42,64,largest,0.5
3576,group-3538,2,0,-0.022024946603507067,0.06254672215537206,18,0.9978209224892914,42,64,largest,0.5
3577,group-3539,1,0,-0.026315579383199394,0.0692984166763713,54,0.9865961829873174,42,64,largest,0.5
3578,group-3540,4,0,-0.017785797906212264,0.06485298727611266,24,0.9876837858627915,42,64,largest,0.5
3579,group-3541,3,0,-0.03671492677753696,0.051143294442399685,40,0.9947118378714993,42,64,largest,0.5
3580,group-3542,2,0,-0.0067311135263831146,0.07838763077859515,54,0.9897007466327622,42,64,largest,0.5
3581,group-3543,1,1,0.01468233575473643,0.13453891746776084,7,0.9865450702951423,42,64,largest,0.5
3582,group-3544,0,0,-0.011999818727545075,0.06403251366184626,3,0.9806119266793102,42,64,largest,0.5
3583,group-3545,4,0,-0.006802023298350668,0.07600874710332367,19,0.9957740955336231,42,64,largest,0.5
3584,group-3546,3,0,-0.03280602842213609,0.05461529871670416,43,0.999599587564006,42,64,largest,0.5
3585,group-3547,2,0,-0.016460843860317653,0.0679305691746697,16,0.9825832730747983,42,64,largest,0.5
3586,group-3548,1,0,-0.055613934278912036,0.0421457584553067,51,0.9535244964049104,42,64,largest,0.5
3587,group-3549,0,0,-0.04634284636180597,0.03991624696379537,10,0.9573163208333916,42,64,largest,0.5
3588,group-3550,3,0,-0.08725270601025181,0.021515596810855502,12,0.9568119605368438,42,64,largest,0.5
3589,group-3551,2,0,-0.084541480647081,0.024133539998048837,20,0.9286773697253377,42,64,largest,0.5
3590,group-3552,1,0,-0.014751483164288204,0.08394719346154735,15,0.97879358661262,42,64,largest,0.5
3591,group-3553,0,0,-0.004137123666710041,0.07121565755743464,7,1.0001523941992985,42,64,largest,0.5
3592,group-3554,4,1,0.00010548802918075584,0.08390098588664703,35,0.9998254432446001,42,64,largest,0.5
3593,group-3555,3,0,-0.04978978937840217,0.040989345242429746,17,0.9773122357918528,42,64,largest,0.5
3594,group-3556,2,0,-0.064514454482825,0.032869518063315735,13,0.9393175438794358,42,64,largest,0.5
3595,group-3557,1,1,0.003875552984901831,0.11350364184196594,7,0.9890300858917129,42,64,largest,0.5
3596,group-3558,0,0,-0.0013436201084106036,0.07394225825056916,35,0.999020818709684,42,64,largest,0.5
3597,group-3559,4,1,0.014841724842338921,0.10326758326839774,35,0.9974502608876314,42,64,largest,0.5
3598,group-3560,2,0,-0.020636297334645892,0.06385187115290747,38,1.0018092529396876,42,64,largest,0.5
3599,group-3561,1,0,-0.001855928604214574,0.10355357018046916,4,1.0104628405455949,42,64,largest,0.5
3600,group-3562,0,1,0.00605204968568307,0.08163033353458118,40,1.0032018520409183,42,64,largest,0.5
3601,group-3563,4,0,-0.013490413836421689,0.06902167838605261,32,0.9990051489541413,42,64,largest,0.5
3602,group-3564,3,0,-0.03931015833729967,0.04895457963402564,43,0.9986642310626501,42,64,largest,0.5
3603,group-3565,2,0,-0.0214896460650863,0.06304685949619283,20,0.9808684581803696,42,64,largest,0.5
3604,group-3566,1,0,-0.011287189225190453,0.08885586863845267,10,1.0013364997449026,42,64,largest,0.5
3605,group-3567,0,1,0.0009815126906699279,0.07628461659295845,40,0.9907960682469296,42,64,largest,0.5
3606,group-3568,4,0,-0.009988849658404075,0.07260211083179154,31,0.9793953827768836,42,64,largest,0.5
3607,group-3569,3,0,-0.043714611445919815,0.04544210755707283,40,0.9965259062285529,42,64,largest,0.5
3608,group-3570,1,1,0.010214165129817987,0.12546847253102952,7,0.9938888536806751,42,64,largest,0.5
3609,group-3571,0,0,-0.025308695386484503,0.053393375747454445,0,0.9916998287400858,42,64,largest,0.5
3610,group-3572,4,1,0.00597298329173146,0.09118215144810159,35,0.9913627065322229,42,64,largest,0.5
3611,group-3573,3,0,-0.05575238142651462,0.03702716029974734,28,0.9813023847445084,42,64,largest,0.5
3612,group-3574,2,0,-0.037138695542148326,0.04986954906414394,6,0.9721993009712958,42,64,largest,0.5
3613,group-3575,1,1,0.0046485437325466394,0.11490764966982343,7,0.9933162636507712,42,64,largest,0.5
3614,group-3576,0,0,-0.04580796842155421,0.04021457635961881,11,0.9526004978173932,42,64,largest,0.5
3615,group-3577,4,0,-0.02712869563745457,0.0565828635856547,55,0.9772772668102108,42,64,largest,0.5
3616,group-3578,3,0,-0.032779245989071115,0.05463983719148924,17,0.9643644462986174,42,64,largest,0.5
3617,group-3579,2,0,-0.025785262746534476,0.059136523550786885,38,0.9915218872405893,42,64,largest,0.5
3618,group-3580,0,0,-0.03260880253402276,0.048288702961196174,62,0.9731276782800451,42,64,largest,0.5
3619,group-3581,4,0,-0.03950201039528789,0.04714982804026953,54,0.9607104919444802,42,64,largest,0.5
3620,group-3582,3,0,-0.025083660807352803,0.06213632121854185,40,0.9749797114744287,42,64,largest,0.5
3621,group-3583,2,0,-0.053774864356535224,0.0387429427109115,44,0.9485747361697763,42,64,largest,0.5
3622,group-3584,1,0,-0.07880696631959538,0.02819564705489018,46,0.9526190626452771,42,64,largest,0.5
3623,group-3585,0,0,-0.07207777481243016,0.027829121589637393,1,0.921310295728632,42,64,largest,0.5
3624,group-3586,4,0,-0.06685868191222577,0.031330042965499405,33,0.9538868026920063,42,64,largest,0.5
3625,group-3587,3,0,-0.013826742729729946,0.07484355960745549,60,0.9984677367422868,42,64,largest,0.5
3626,group-3588,2,0,-0.04015745184480701,0.047647165768675344,27,0.9678202990486221,42,64,largest,0.5
3627,group-2429,1,0,-0.020634207473270827,0.07617361866260614,23,0.9983182157288384,42,64,largest,0.5
3628,group-3589,1,0,-0.013214857504585398,0.08609334567443631,62,0.9972143769126331,42,64,largest,0.5
3629,group-3590,4,0,-0.004786040378393919,0.0782389303025122,52,1.0005652244089092,42,64,largest,0.5
3630,group-3591,3,0,-0.04464299485904655,0.04473298431113086,22,0.9929597153205576,42,64,largest,0.5
3631,group-3592,2,0,-0.031078339894411444,0.054630753199071465,51,0.9760191255877386,42,64,largest,0.5
3632,group-3593,1,0,-0.01912513930289106,0.0781023540089461,9,0.9764303987923629,42,64,largest,0.5
3633,group-3594,0,1,0.005876833522053482,0.08144004455875628,40,0.9964205629068249,42,64,largest,0.5
3634,group-3595,4,0,-0.01243932494087474,0.07007891728095259,55,0.9833183750773826,42,64,largest,0.5
3635,group-3596,3,0,-0.0455502622963867,0.04405018901923567,35,0.9883872845393874,42,64,largest,0.5
3636,group-3597,2,0,-0.02882769405896035,0.05650569537439242,16,0.9821053154099811,42,64,largest,0.5
3637,group-3598,1,0,-0.03645071536969369,0.058442581702486215,19,0.983162909058659,42,64,largest,0.5
3638,group-3599,0,0,-0.022047986475923542,0.05583449130183084,25,1.0002811148362956,42,64,largest,0.5
3639,group-3600,2,0,-0.0028674464589187876,0.08293496769652617,35,0.9995300119798157,42,64,largest,0.5
3640,group-3601,1,0,-0.01830233203764753,0.07917271915415677,0,0.9848260760055522,42,64,largest,0.5
3641,group-3602,0,0,-0.006540185728431069,0.06894473423602722,63,1.0044537029052456,42,64,largest,0.5
3642,group-3603,4,0,-0.024778005586139407,0.05856520474389947,24,0.9969478150661547,42,64,largest,0.5
3643,group-3604,3,0,-0.06276823131038067,0.03283598654159294,55,0.991561726413796,42,64,largest,0.5
3644,group-3605,2,0,-0.02159177339086704,0.06295115371557287,9,0.9925232076382593,42,64,largest,0.5
3645,group-3606,1,0,-0.011294143112731136,0.08884576080271792,14,1.0038172772978866,42,64,largest,0.5
3646,group-3607,0,1,0.007831322270019259,0.08358572221774893,40,0.9942847172909492,42,64,largest,0.5
3647,group-3608,4,0,-0.045900255320936556,0.042877728565822,51,0.9744061771025966,42,64,largest,0.5
3648,group-3609,3,0,-0.012383767573327153,0.07663556793619761,35,0.9972932210471264,42,64,largest,0.5
3649,group-3610,1,0,-0.043783262950392476,0.05160538237827479,30,0.9627831867090126,42,64,largest,0.5
3650,group-3611,0,0,-0.03743600519340817,0.04517135064117288,19,0.9886107351496447,42,64,largest,0.5
3651,group-3612,4,0,-0.011637405041291293,0.07089557853832419,32,0.9975351039020364,42,64,largest,0.5
3652,group-3613,3,0,-0.0403036583775459,0.04814044722426211,48,0.9919474361673842,42,64,largest,0.5
3653,group-3614,2,0,-0.014114259955188224,0.07032757051911258,2,0.988541807886274,42,64,largest,0.5
3654,group-3615,1,0,-0.02372903212555655,0.07235424551129609,54,0.9879443712751419,42,64,largest,0.5
3655,group-3616,0,0,-0.02732124576625361,0.05193731019407688,52,0.9829843205016723,42,64,largest,0.5
3656,group-3617,4,0,-0.10426934805543875,0.01776081577697336,46,0.9038051556110357,42,64,largest,0.5
3657,group-3618,3,0,-0.052795026798552636,0.03894405430968607,42,0.9871765618119481,42,64,largest,0.5
3658,group-3619,2,0,-0.029962275386825388,0.055553069003630016,16,0.9848196603301491,42,64,largest,0.5
3659,group-3620,0,1,0.02111080247128516,0.09956969132044452,40,0.9819183471674047,42,64,largest,0.5
3660,group-3621,4,0,-0.005412819436830585,0.07753921550366774,22,1.0039936874023228,42,64,largest,0.5
3661,group-3622,3,0,-0.07081579307595942,0.028592090503986704,55,0.9786672596071695,42,64,largest,0.5
3662,group-3623,2,1,5.993967040363035e-05,0.08653876995621265,47,0.997490155739368,42,64,largest,0.5
3663,group-3624,1,0,-0.0019542913755710156,0.10338973932390998,41,1.0050420392454589,42,64,largest,0.5
3664,group-3625,0,0,-0.030617166358405723,0.04963352756859253,26,0.9882141487163841,42,64,largest,0.5
3665,group-3626,4,0,-0.06313987812469224,0.033132616669135674,20,0.9468509989414512,42,64,largest,0.5
3666,group-3627,3,0,-0.040739980906556394,0.0477869754062425,12,0.9843811391220972,42,64,largest,0.5
3667,group-3628,2,0,-0.028760530299114295,0.05656256683947359,27,0.9785745625744255,42,64,largest,0.5
3668,group-3629,1,0,-0.0302071048493483,0.06492536075668255,5,0.9799164451802341,42,64,largest,0.5
3669,group-3630,4,0,-0.056602465468454044,0.03654685579446345,53,0.9503141519930063,42,64,largest,0.5
3670,group-3631,3,0,-0.061428309868594266,0.03359936792067887,28,0.9657968564519056,42,64,largest,0.5
3671,group-3632,2,0,-0.023336119061335814,0.06133728213358903,27,0.9741017488100316,42,64,largest,0.5
3672,group-3633,1,0,-0.02056914602580251,0.07625586438096182,15,0.9754684516188017,42,64,largest,0.5
3673,group-3634,0,0,-0.018544364471961172,0.05857428506819968,56,0.9785291523300077,42,64,largest,0.5
3674,group-3635,4,0,-0.01851343496610469,0.06417043251362917,12,0.9778883052280499,42,64,largest,0.5
3675,group-3636,3,0,-0.04268954172532491,0.04623751539380751,25,0.9826366158647978,42,64,largest,0.5
3676,group-3637,2,0,-0.060413620514688904,0.03500318860102816,22,0.9433791550097573,42,64,largest,0.5
3677,group-3638,1,0,-0.04484906303591196,0.05067681011918263,46,0.9568044681952579,42,64,largest,0.5
3678,group-3639,0,0,-0.05798800215855138,0.03392409926995594,4,0.9565143727100484,42,64,largest,0.5
3679,group-3640,3,0,-0.031115626198670032,0.05618458668106298,12,0.9755395791404535,42,64,largest,0.5
3680,group-3641,2,0,-0.000295086018306856,0.08609427060330847,34,1.0038426903880333,42,64,largest,0.5
3681,group-3642,1,0,-0.019205565686534642,0.07799844327896391,5,0.9960853737203483,42,64,largest,0.5
3682,group-3643,0,0,-0.02268029109831249,0.05535305280369643,58,0.9915134562578133,42,64,largest,0.5
3683,group-3644,4,0,-0.0400727641457741,0.04675285686809276,31,0.9799205418489205,42,64,largest,0.5
3684,group-3645,3,0,-0.03304551677477663,0.05439633693927936,17,0.9965853433231396,42,64,largest,0.5
3685,group-3646,2,0,-0.02219132727989981,0.06239202660109997,55,0.9745484473848044,42,64,largest,0.5
3686,group-3647,1,0,-0.049343202097077654,0.04693264559355653,19,0.9724176400357636,42,64,largest,0.5
3687,group-3648,0,0,-0.030668931182683212,0.04959812895889238,56,0.9894821305658,42,64,largest,0.5
3688,group-3649,4,0,-0.07747592941250103,0.026690979910012222,22,0.9160536380067835,42,64,largest,0.5
3689,group-3650,2,0,-0.07190797054515785,0.029336079758053715,16,0.9472909740470593,42,64,largest,0.5
3690,group-3651,1,0,-0.04992566305697543,0.04646707212354834,23,0.9808499695388745,42,64,largest,0.5
3691,group-3652,0,0,-0.030885975579970748,0.04944996670444648,52,0.9638518605689377,42,64,largest,0.5
3692,group-3653,4,0,-0.030893410390016807,0.05353900507279713,53,0.9864203818068608,42,64,largest,0.5
3693,group-3654,3,0,-0.0720956464009107,0.027968142913790513,4,0.9708722849340928,42,64,largest,0.5
3694,group-3655,2,1,0.004730274054020156,0.09258226159729945,47,0.9878708766991975,42,64,largest,0.5
3695,group-3656,1,0,-0.036494303192910804,0.05839953192448066,54,0.9742966497825878,42,64,largest,0.5
3696,group-3657,0,0,-0.009074266578505963,0.06662277188127591,19,0.9834233165687071,42,64,largest,0.5
3697,group-3658,4,0,-0.02888436737388489,0.055143630009626035,51,0.9857100232663375,42,64,largest,0.5
3698,group-3659,3,0,-0.06536600262772319,0.031403444748310076,28,0.9568965543533123,42,64,largest,0.5
3699,group-3660,1,0,-0.026599787954969645,0.06897002197004444,20,0.9877732913307941,42,64,largest,0.5
3700,group-3661,0,0,-0.01620916449574794,0.06046989224286832,31,0.9785296913256518,42,64,largest,0.5
3701,group-3662,4,0,-0.045658542842053285,0.0430321806744212,9,0.9753581784478562,42,64,largest,0.5
3702,group-3663,3,0,-0.04722803292918787,0.04281363778448679,40,0.9816233258902172,42,64,largest,0.5
3703,group-3664,2,0,-0.023985924170930928,0.060746026773613536,6,0.9563532556941002,42,64,largest,0.5
3704,group-3665,1,0,-0.03329140252164564,0.061643285147963245,8,0.9665100676025606,42,64,largest,0.5
3705,group-3666,0,0,-0.0735103341764497,0.027272536098975207,3,0.9502577752598972,42,64,largest,0.5
3706,group-3667,4,0,-0.04133019080603284,0.04588947707405783,5,0.9740307174694214,42,64,largest,0.5
3707,group-3668,3,0,-0.032978082509274365,0.05445790758538664,27,0.981022493205815,42,64,largest,0.5
3708,group-3669,2,0,-0.024719185354492024,0.06008523858383781,26,0.9766072687667168,42,64,largest,0.5
3709,group-3670,0,0,-0.011418509458491766,0.064539617763171,54,0.9850279029202472,42,64,largest,0.5
3710,group-3671,4,0,-0.03195912827634184,0.052705794209437495,40,0.9767301039927323,42,64,largest,0.5
3711,group-3672,3,0,-0.052190822310463236,0.03934723900278161,12,0.9803482625571318,42,64,largest,0.5
3712,group-3673,2,0,-0.04096066635410789,0.04707187774677799,26,0.9626592519880813,42,64,largest,0.5
3713,group-3674,1,0,-0.05507403107098641,0.04253883510548949,41,0.9475776715584282,42,64,largest,0.5
3714,group-3675,0,0,-0.02686529796791748,0.052263860934424256,3,0.9877748575909383,42,64,largest,0.5
3715,group-3676,4,0,-0.010211292955319307,0.072369653895325,63,1.0012860862300286,42,64,largest,0.5
3716,group-3677,3,0,-0.0349466977548043,0.052687244210661614,17,0.9646042748209233,42,64,largest,0.5
3717,group-3678,2,0,-0.08306981753047638,0.024689928051182176,45,0.9200186799975748,42,64,largest,0.5
3718,group-3679,1,0,-0.10240793447788998,0.018638041673214655,19,0.9114438808875386,42,64,largest,0.5
3719,group-3680,4,0,-0.08114363322961504,0.025249258412026406,5,0.934885825113612,42,64,largest,0.5
3720,group-3681,3,0,-0.10668516629510805,0.015337748025424229,17,0.9245887138270283,42,64,largest,0.5
3721,group-3682,2,0,-0.004867832436880493,0.08055142016279988,26,0.9824147459236061,42,64,largest,0.5
3722,group-3683,1,0,-0.028864091406209713,0.0664047405242226,10,0.982502286020335,42,64,largest,0.5
3723,group-3684,0,1,0.006968167257290214,0.08263186963999443,40,0.9988834464981938,42,64,largest,0.5
3724,group-3685,4,0,-0.023709051689512206,0.059488042810413644,31,0.9958957152926391,42,64,largest,0.5
3725,group-3686,3,0,-0.026736923120857292,0.06044884782746185,58,0.9890913053585281,42,64,largest,0.5
3726,group-3687,2,0,-0.06492967905699953,0.032660613858677856,44,0.9530015213406846,42,64,largest,0.5
3727,group-3688,1,0,-0.038346877164664894,0.05659709990208554,59,0.9624388050251329,42,64,largest,0.5
3728,group-3689,0,0,-0.03655645952178499,0.045724700640422264,63,0.9598546736283902,42,64,largest,0.5
3729,group-3690,3,0,-0.028111915451864755,0.0590781608879029,15,1.000060447529779,42,64,largest,0.5
3730,group-3691,2,0,-0.016377475148982357,0.06801441616904637,16,0.9932590298481768,42,64,largest,0.5
3731,group-3692,1,0,-0.011658669868883087,0.08831735331169863,13,0.9859398816250365,42,64,largest,0.5
3732,group-3693,0,0,-0.0672623645583379,0.029782051170569753,55,0.9391555424686902,42,64,largest,0.5
3733,group-3694,4,0,-0.04704532285005192,0.04215321027635013,32,0.9777556840359048,42,64,largest,0.5
3734,group-3695,3,0,-0.0017163088084966027,0.09114704143239803,48,0.982404340520319,42,64,largest,0.5
3735,group-3696,2,1,0.012451597294588224,0.1034072322716045,47,0.9844945215805584,42,64,largest,0.5
3736,group-3697,1,0,-0.05328056089235855,0.043869864233486766,11,0.9554335028259182,42,64,largest,0.5
3737,group-3698,0,0,-0.019480352183035232,0.05783024871693358,30,0.9933539402720527,42,64,largest,0.5
3738,group-3699,4,0,-0.06219989033761786,0.03360387521823873,10,0.9678279116588852,42,64,largest,0.5
3739,group-3700,1,0,-0.025181544584560456,0.07062321578594959,22,0.9738357993237903,42,64,largest,0.5
3740,group-3701,0,0,-0.03337724843891021,0.04777912467691082,36,0.9737800648919624,42,64,largest,0.5
3741,group-3702,4,0,-0.03331192503754565,0.05166576888931811,8,0.9775225488790454,42,64,largest,0.5
3742,group-3703,3,0,-0.052966679670677586,0.038830235519423294,48,0.9514654865666776,42,64,largest,0.5
3743,group-3704,2,0,-0.03882712451722181,0.04861470512489942,3,0.9691447287798189,42,64,largest,0.5
3744,group-3705,1,0,-0.025860975479449655,0.06982670811532678,2,0.97451032340429,42,64,largest,0.5
3745,group-3706,0,0,-0.01847645170554124,0.05862861827389921,55,0.9684587133257405,42,64,largest,0.5
3746,group-3707,4,0,-0.024891608869266557,0.05846792288484191,19,0.9771512094002552,42,64,largest,0.5
3747,group-3708,3,0,-0.040951209573534375,0.047616742542845696,2,0.9694866275428907,42,64,largest,0.5
3748,group-3709,2,0,-0.05657455798675137,0.03712120100500162,19,0.9559998038556152,42,64,largest,0.5
3749,group-3710,0,0,-0.004859787079577793,0.07052556508144821,60,0.998074931051009,42,64,largest,0.5
3750,group-3711,4,0,-0.06671320617053922,0.03139873988784334,8,0.9432552488441787,42,64,largest,0.5
3751,group-3712,3,0,-0.08915473873875679,0.020816541864019714,6,0.916101563283962,42,64,largest,0.5
3752,group-3713,2,1,0.008275240190543931,0.09741981769959943,47,0.9930684186946177,42,64,largest,0.5
3753,group-3714,1,0,-0.013219200760574257,0.0860872101393858,21,0.998471397097568,42,64,largest,0.5
3754,group-3715,0,0,-0.007633010025017817,0.06793433473043803,57,0.9763828985805535,42,64,largest,0.5
3755,group-3716,4,0,-0.0058969312095170645,0.07700269776435237,53,0.9907291702993896,42,64,largest,0.5
3756,group-3717,3,0,-0.021929733574255428,0.06547809033254204,58,0.9897913697408764,42,64,largest,0.5
3757,group-3718,2,0,-0.047132303171258494,0.04286698389965889,18,0.9644978278500045,42,64,largest,0.5
3758,group-3719,1,0,-0.05662195354615429,0.04142114566761332,2,0.9424806404646031,42,64,largest,0.5
3759,group-3720,4,0,-0.021041100945249802,0.06185104941439256,22,0.98498889857125,42,64,largest,0.5
3760,group-3721,3,0,-0.03790433387645753,0.050128933414228784,3,0.9508847261208508,42,64,largest,0.5
3761,group-3722,2,0,-0.06374656083815422,0.033259259697260284,19,0.9414024011869184,42,64,largest,0.5
3762,group-3723,1,0,-0.06413699268330197,0.03638304357574875,11,0.9513361832587182,42,64,largest,0.5
3763,group-3724,0,0,-0.017764462115409496,0.05920109284540921,55,0.9795737603158321,42,64,largest,0.5
3764,group-3725,4,0,-0.00465891563036136,0.07838155110932012,53,0.995391458892986,42,64,largest,0.5
3765,group-3726,3,0,-0.033658659255748735,0.05383951203090596,27,0.992984922717374,42,64,largest,0.5
3766,group-3727,2,0,-0.02757380101214535,0.057576354249213646,24,0.9695088761586692,42,64,largest,0.5
3767,group-3728,1,0,-0.01987926439567722,0.07713298448584928,18,0.9836103731544464,42,64,largest,0.5
3768,group-3729,0,0,-0.004921679142359969,0.07046675068973984,29,0.9872580061415108,42,64,largest,0.5
3769,group-3730,3,0,-0.03283511721806265,0.05458865888039676,53,0.9352267567727098,42,64,largest,0.5
3770,group-3731,2,0,-0.05707019952254655,0.036840978669014625,3,0.9512099705222422,42,64,largest,0.5
3771,group-3732,1,0,-0.058442283839077125,0.040142704466497856,31,0.9620184017187151,42,64,largest,0.5
3772,group-3733,0,0,-0.025322348606459655,0.0533833691681665,35,0.97208903975393,42,64,largest,0.5
3773,group-3734,4,0,-0.03804318104581317,0.04817908217011025,28,0.9860671315821742,42,64,largest,0.5
3774,group-3735,3,0,-0.01834195370080549,0.06948236814920121,20,0.959167441300391,42,64,largest,0.5
3775,group-3736,2,0,-0.02939060705530594,0.056031153412136894,36,0.9677784516403587,42,64,largest,0.5
3776,group-3737,1,0,-0.07749095037592102,0.02885035859945253,8,0.9457780480100458,42,64,largest,0.5
3777,group-3738,0,0,-0.0426762462527418,0.042004611719578464,33,0.9592766465848842,42,64,largest,0.5
3778,group-3739,4,0,-0.00996295526227553,0.07262921558273071,8,1.0017226467501108,42,64,largest,0.5
3779,group-3740,2,0,-0.009088165206955212,0.07572666360129746,9,1.0064611597406488,42,64,largest,0.5
3780,group-3741,1,0,-0.00854559983378711,0.09292259836182142,3,0.9844631626474215,42,64,largest,0.5
3781,group-3742,0,0,-0.012810139188381475,0.06333182372762726,7,1.0026719242921682,42,64,largest,0.5
3782,group-3743,4,0,-0.0032043545989652866,0.08003042550273701,32,0.9961117894606565,42,64,largest,0.5
3783,group-3744,3,0,-0.023847106034955656,0.06342711152760235,3,0.9448743064854646,42,64,largest,0.5
3784,group-3745,2,0,-0.022383151713578187,0.06221411751117308,50,0.9919498875397648,42,64,largest,0.5
3785,group-3746,1,0,-0.027805048732075455,0.0675933333054425,56,0.988761468183433,42,64,largest,0.5
3786,group-3747,0,0,-0.005779714701616534,0.06965604004385383,52,1.0056105115548946,42,64,largest,0.5
3787,group-3748,4,0,-0.023455162463786094,0.05970922131614029,19,0.9985217589145595,42,64,largest,0.5
3788,group-3749,3,0,-0.03855780770316486,0.04957977197595611,19,0.986912854649885,42,64,largest,0.5
3789,group-3750,1,1,0.009617807693088287,0.12429828885258361,7,0.9958863457489741,42,64,largest,0.5
3790,group-3751,0,0,-0.00874622780612988,0.06691920901071154,26,0.9906312554608382,42,64,largest,0.5
3791,group-3752,4,0,-0.05500968615382984,0.03742866619741605,9,0.9703800470338682,42,64,largest,0.5
3792,group-3753,3,0,-0.026106321265251586,0.06108738005252687,47,0.9784273027867162,42,64,largest,0.5
3793,group-3754,2,0,-0.005987423135140779,0.07924481200699063,4,0.9949853074465073,42,64,largest,0.5
3794,group-3755,1,0,-0.0009635987827273373,0.10505033093434367,52,0.9903714331969348,42,64,largest,0.5
3795,group-3756,0,0,-0.008542053201312072,0.06710433217369191,8,0.9829925895209803,42,64,largest,0.5
3796,group-3757,4,0,-0.02677067376495479,0.05688066014419761,22,0.9837844514061403,42,64,largest,0.5
3797,group-3758,3,0,-0.044187354813666535,0.045079686152744214,15,0.9319254143544664,42,64,largest,0.5
3798,group-3759,2,0,-0.029886846006420886,0.055615929794010796,41,0.9659366112906673,42,64,largest,0.5
3799,group-3760,0,0,-0.0412512144455609,0.04284413265689536,34,0.9633109899429503,42,64,largest,0.5
3800,group-3761,4,0,-0.009737847689194168,0.07286523835646329,53,0.9958703919266113,42,64,largest,0.5
3801,group-3762,3,0,-0.023241438945914905,0.06406842615272182,22,0.9558223942095978,42,64,largest,0.5
3802,group-3763,2,0,-0.043363313536755044,0.04539019652989439,3,0.9583003420668283,42,64,largest,0.5
3803,group-3764,1,1,0.020976186354582982,0.14824857244272194,7,1.0013770740060715,42,64,largest,0.5
3804,group-3765,0,0,-0.01360440132138363,0.062651962999441,7,1.0080418807800695,42,64,largest,0.5
3805,group-3766,4,0,-0.02213200025327311,0.060874423726808305,44,0.989459507014624,42,64,largest,0.5
3806,group-3767,3,0,-0.04612314643661275,0.04362417806187864,20,0.9982885278647362,42,64,largest,0.5
3807,group-3768,2,0,-0.021286019541496004,0.06323808759724107,25,0.9910602956216589,42,64,largest,0.5
3808,group-3769,1,1,0.002919139960846806,0.11178720290094002,7,0.9898437157606048,42,64,largest,0.5
3809,group-3770,4,0,-0.004283058111928528,0.07880461664389,63,0.9943421901434657,42,64,largest,0.5
3810,group-3771,3,0,-0.04927987709042625,0.041346434501900835,33,0.9360157390853747,42,64,largest,0.5
3811,group-3772,2,0,-0.06451182286603585,0.03287084616726319,59,0.9367706914038806,42,64,largest,0.5
3812,group-3773,1,0,-0.0503931425249855,0.04609658722259575,15,0.9577839364032878,42,64,largest,0.5
3813,group-3774,0,0,-0.012047117412271602,0.06399141643241632,50,0.9844916648186068,42,64,largest,0.5
3814,group-3775,4,0,-0.038500960350953184,0.047853827394995406,4,0.9678154171902207,42,64,largest,0.5
3815,group-3776,3,0,-0.012340958846163708,0.07668932780794538,36,0.9911864622376604,42,64,largest,0.5
3816,group-3777,2,0,-0.03552345410129887,0.05109867552870031,44,0.9884286123866434,42,64,largest,0.5
3817,group-3778,1,1,0.009018394012011877,0.12313155732102485,7,1.0025355404945406,42,64,largest,0.5
3819,group-3779,0,0,-0.03971192584912109,0.04376896427863767,53,0.9598814478900232,42,64,largest,0.5
3820,group-3780,3,0,-0.09861523724762455,0.017656942117889384,6,0.9094690725200212,42,64,largest,0.5
3821,group-3781,2,0,-0.052958015536200054,0.039228785498925986,52,0.9527443639472265,42,64,largest,0.5
3822,group-3782,1,0,-0.018537080582419985,0.07886598228833627,23,0.9891697058103618,42,64,largest,0.5
3823,group-3783,0,0,-0.03294630738899018,0.04806426163196081,8,0.9777867575223262,42,64,largest,0.5
3824,group-3784,4,0,-0.04091943358073591,0.046169830642326146,6,0.9594946007625784,42,64,largest,0.5
3825,group-3785,3,0,-0.05615132594690797,0.036775620266724755,11,0.9404767322587916,42,64,largest,0.5
3826,group-3786,2,0,-0.02763335356030938,0.05752507619089993,3,0.9586610902678632,42,64,largest,0.5
3827,group-3787,1,0,-0.024137977751106154,0.07186296689344297,31,0.9865866660284976,42,64,largest,0.5
3828,group-3788,0,0,-0.03007879190933238,0.050003109135868216,27,0.9914477545685412,42,64,largest,0.5
3829,group-3789,4,0,-0.04076739330687962,0.0462740152081258,58,0.9613818930027701,42,64,largest,0.5
3830,group-3790,2,0,-0.053723639361555775,0.038773239703195926,32,0.9280810332426214,42,64,largest,0.5
3831,group-3791,1,0,-0.030698513673857453,0.0643917599728929,52,0.9733235945362629,42,64,largest,0.5
3832,group-3792,0,0,-0.04498618341499172,0.04067709476140075,32,0.9676313803861049,42,64,largest,0.5
3833,group-3793,4,0,-0.04098007864245401,0.0461283363301782,4,0.9813416646236567,42,64,largest,0.5
3834,group-3794,3,0,-0.08121309556991751,0.023890896812695565,6,0.9189428939904543,42,64,largest,0.5
3835,group-3795,2,0,-0.0832107624782239,0.024636104448742917,57,0.91690795078328,42,64,largest,0.5
3836,group-3796,1,0,-0.02760237169280233,0.0678230416799757,44,0.9832539684188716,42,64,largest,0.5
3837,group-3797,0,0,-0.027834397838438885,0.051572096597708915,3,0.9816933466168242,42,64,largest,0.5
3838,group-3798,4,0,-0.03768192124419134,0.048437239867725246,4,0.9576736668271081,42,64,largest,0.5
3839,group-3799,3,0,-0.06814763602742768,0.029936586945496464,6,0.8908038978445506,42,64,largest,0.5
3840,group-3800,0,0,-0.027931537781726412,0.051503235386433435,47,0.9785101553273665,42,64,largest,0.5
3841,group-3801,4,0,-0.04857984669822324,0.04120060597274697,4,0.9569006417538581,42,64,largest,0.5
3842,group-3802,3,0,-0.018999989573253884,0.0687313519170085,9,0.9371739169395675,42,64,largest,0.5
3843,group-3803,2,0,-0.0677556313465072,0.0312725550306396,5,0.9371517329455733,42,64,largest,0.5
3844,group-3804,1,0,-0.012114530810286017,0.08766054539002169,23,0.9875369998670481,42,64,largest,0.5
3845,group-3805,0,0,-0.04561097807339609,0.04032498553386494,8,0.9715262024148107,42,64,largest,0.5
3846,group-3806,4,0,-0.039575699186193525,0.047098396387360866,2,0.9768283736295469,42,64,largest,0.5
3847,group-3807,3,0,-0.03533221578444179,0.052346915993123286,33,0.9836308192929497,42,64,largest,0.5
3848,group-3808,2,0,-0.07163702496571933,0.029458810967769297,33,0.9444106310812531,42,64,largest,0.5
3849,group-3809,1,0,-0.020446028239482605,0.07641172348263675,8,0.9813576397206073,42,64,largest,0.5
3850,group-3810,4,0,-0.09550991731632075,0.020298762764876535,34,0.9150102939070404,42,64,largest,0.5
3851,group-3811,3,0,-0.08715714766209115,0.021551316775001782,6,0.9283684522999904,42,64,largest,0.5
3852,group-3812,2,0,-0.03677487512963207,0.05014393233906026,42,0.9698749937207419,42,64,largest,0.5
3853,group-3813,1,0,-0.027862846310236833,0.06752795952388355,63,0.9830640864754601,42,64,largest,0.5
3854,group-3814,0,0,-0.059877538645018435,0.033037415895344764,21,0.9562989988015317,42,64,largest,0.5
3855,group-3815,4,0,-0.02283203676862844,0.06025533291864321,8,0.9680161446014516,42,64,largest,0.5
3856,group-3816,3,0,-0.06106488443225855,0.03380935512475027,49,0.9654742569628132,42,64,largest,0.5
3857,group-3817,2,0,-0.056545712104495105,0.03713757264041216,17,0.9596355319945183,42,64,largest,0.5
3858,group-3818,1,0,-0.018164709501813814,0.07935305186815522,22,1.00165971423395,42,64,largest,0.5
3859,group-3819,0,0,-0.026634401645107553,0.052429968410638815,29,0.9880593076666061,42,64,largest,0.5
3860,group-3820,3,0,-0.016296496017842,0.07186557966186685,29,0.9957851989888566,42,64,largest,0.5
3861,group-3821,2,0,-0.029523419513725946,0.05591973882127817,37,0.9522702325196463,42,64,largest,0.5
3862,group-3822,1,0,-0.03485691522087031,0.06003729367498598,63,0.9676101256189579,42,64,largest,0.5
3863,group-3823,0,0,-0.04365740650948735,0.04143575344479475,21,0.9538324993958281,42,64,largest,0.5
3864,group-3824,4,0,-0.024780990494033373,0.05856264673809899,1,0.9814481684711976,42,64,largest,0.5
3865,group-3825,3,0,-0.029220402542848856,0.05799440757216365,48,0.9707747161742415,42,64,largest,0.5
3866,group-3826,2,0,-0.022358807742310582,0.06223666925228255,59,0.9790393117907651,42,64,largest,0.5
3867,group-3827,1,0,-0.04575226654072839,0.04990230180784128,12,0.9566179798216075,42,64,largest,0.5
3868,group-3828,0,0,-0.07425113997693122,0.026988973520276155,13,0.9335354478516129,42,64,largest,0.5
3869,group-3829,4,0,-0.03850073750785332,0.04785398521779735,38,0.9879632968857369,42,64,largest,0.5
3870,group-3830,2,0,-0.01336144838066966,0.07111297806934531,14,0.9903360195433009,42,64,largest,0.5
3871,group-3831,1,0,-0.05316498156113447,0.043956991523582005,8,0.9462513772730752,42,64,largest,0.5
3872,group-3832,0,0,-0.07481862975338882,0.026773693150337726,24,0.9438584353996402,42,64,largest,0.5
3873,group-3833,4,0,-0.029458164970612377,0.05468077296353373,8,0.9779760524946305,42,64,largest,0.5
3874,group-3834,3,0,-0.03137673374659189,0.05593944695490372,1,0.9794299609102278,42,64,largest,0.5
3875,group-3835,2,0,-0.024822385708288874,0.05999278005288004,48,0.9548538444181079,42,64,largest,0.5
3876,group-3836,1,0,-0.03508317047627574,0.059808452641096216,31,0.9733637177363579,42,64,largest,0.5
3877,group-3837,0,0,-0.03487421457677797,0.046801076652289,12,0.9505861558069701,42,64,largest,0.5
3878,group-3838,4,0,-0.02990953423476994,0.05431924810520401,19,0.9814347698664769,42,64,largest,0.5
3879,group-3839,3,0,-0.014713162847102557,0.07376190399544784,48,0.9757445279430587,42,64,largest,0.5
3880,group-3840,1,0,-0.03625445997116317,0.058636783491714806,54,0.9758171708573296,42,64,largest,0.5
3881,group-3841,0,0,-0.03752773304400159,0.04511401046475301,55,0.9770622068725978,42,64,largest,0.5
3882,group-3842,4,0,-0.026949239610760234,0.056731948436835516,14,0.9729323188004944,42,64,largest,0.5
3883,group-3843,3,0,-0.041599294181591584,0.04709802846207979,9,0.9652520208805803,42,64,largest,0.5
3884,group-3844,2,0,-0.005992618912111891,0.079238793718838,39,0.9887744089400091,42,64,largest,0.5
3885,group-3845,1,0,-0.0464886800376032,0.04927913119139881,11,0.9848847680182484,42,64,largest,0.5
3886,group-3846,0,0,-0.05146767354425641,0.03716344548510659,47,0.9541301345481578,42,64,largest,0.5
3887,group-3847,4,0,-0.053809130511428216,0.03810680957566823,2,0.9451669488894872,42,64,largest,0.5
3888,group-3848,3,0,-0.009828357779581576,0.07990586889544565,48,0.9803837133934006,42,64,largest,0.5
3889,group-3849,2,0,-0.025260553132260277,0.05960170165015046,58,0.9872281871530466,42,64,largest,0.5
3890,group-3849,2,0,-0.025331430630066598,0.05953866600460167,58,0.9871462586673351,42,64,largest,0.5
3891,group-3850,1,0,-0.05972961934520726,0.03926150597557123,37,0.9491044241250501,42,64,largest,0.5
3892,group-3851,0,0,-0.035171673176960905,0.04660901128327583,47,0.9721485815219739,42,64,largest,0.5
3893,group-3852,4,0,-0.02374499521295803,0.059456792283745646,23,0.9831943841681003,42,64,largest,0.5
3894,group-3853,3,0,-0.033692678628025496,0.05380877527560428,31,0.9704697240336192,42,64,largest,0.5
3895,group-3854,2,0,-0.04632584707530052,0.04339535824675347,3,0.9559132361407989,42,64,largest,0.5
3896,group-3855,1,0,-0.06882419463788192,0.03354494465247028,61,0.9463031618012846,42,64,largest,0.5
3897,group-3856,0,0,-0.06026239647974374,0.03285958116413855,7,0.9567177510401965,42,64,largest,0.5
3898,group-3857,4,0,-0.06866839748512232,0.03048752262439921,4,0.9489819580118442,42,64,largest,0.5
3899,group-3858,3,0,-0.042473333784109446,0.04640696678574887,31,0.9853116113561118,42,64,largest,0.5
3900,group-3859,2,0,-0.03381926198740881,0.05242653372240219,22,0.981924370098077,42,64,largest,0.5
3901,group-3860,0,0,-0.02517308551795938,0.05349286169148638,32,0.9917784007772829,42,64,largest,0.5
3902,group-3861,4,0,-0.0408928247659226,0.04618804802411945,0,0.9910020742574388,42,64,largest,0.5
3903,group-3862,3,1,0.002957284930631965,0.09825247241774311,37,0.9760448345814846,42,64,largest,0.5
3904,group-3863,2,0,-0.04814515786468021,0.042212083818510486,28,0.9584138039588176,42,64,largest,0.5
3905,group-3864,1,0,-0.01126939514037828,0.08888173798804394,23,0.9787904168951463,42,64,largest,0.5
3906,group-3865,0,0,-0.06569683031864648,0.030445123583343753,43,0.9521474706043993,42,64,largest,0.5
3907,group-3866,4,0,-0.030005234766612654,0.05424288662832511,52,0.9842406422470755,42,64,largest,0.5
3908,group-3867,3,0,-0.01792871226992243,0.06995787502086015,3,0.9692266012784558,42,64,largest,0.5
3909,group-3868,2,0,-0.014690822680321403,0.0697314734567591,4,0.9798109612137167,42,64,largest,0.5
3910,group-3869,1,1,0.0019223486203346907,0.11002248835394816,7,0.9851967292526783,42,64,largest,0.5
3911,group-3870,4,0,-0.037557648166839375,0.04852634901709406,6,0.9614157291697824,42,64,largest,0.5
3912,group-3871,3,0,-0.05679176401780117,0.036375248985374475,46,0.9686457483655518,42,64,largest,0.5
3913,group-3872,2,0,-0.024019877524522393,0.06071527973416985,51,0.9718945373042062,42,64,largest,0.5
3914,group-3873,1,0,-0.041196328846865304,0.05392656797350887,9,0.9712415583947405,42,64,largest,0.5
3915,group-3874,0,0,-0.05740500023368833,0.03420228429682469,37,0.9287441276688239,42,64,largest,0.5
3916,group-3875,4,0,-0.013516476314317849,0.06899565195978803,2,0.9866894759759466,42,64,largest,0.5
3917,group-3876,3,0,-0.016772108561758925,0.07130479103517864,28,0.9823169144712116,42,64,largest,0.5
3918,group-3877,2,0,-0.02709010419771629,0.05799443666188036,16,0.9712859930677165,42,64,largest,0.5
3919,group-3878,1,0,-0.06502571814014935,0.035827727157968496,50,0.9562136584806863,42,64,largest,0.5
3920,group-3879,0,0,-0.013883985892862327,0.062414273077476545,15,1.0002612036579512,42,64,largest,0.5
3921,group-3880,3,0,-0.03057502644280219,0.05669534101157267,63,1.0001528526637806,42,64,largest,0.5
3922,group-3881,2,0,-0.02795174820883839,0.0572516474604827,9,0.9929659196420973,42,64,largest,0.5
3923,group-3882,1,0,-0.026949990038377503,0.06856735547893963,10,0.9947365779541965,42,64,largest,0.5
3924,group-3883,0,1,0.004658317433809067,0.08012785312005112,40,1.000257235942964,42,64,largest,0.5
3925,group-3884,4,1,0.012678847629412293,0.10019563581694578,35,0.989980358173791,42,64,largest,0.5
3926,group-3885,3,0,-0.0368543446547176,0.05102339741241234,35,1.006192689638806,42,64,largest,0.5
3927,group-3886,2,0,-0.013743963358832323,0.07071289351151033,9,0.9874952735860454,42,64,largest,0.5
3928,group-3887,1,0,-0.01070503285338853,0.08970575112940428,63,0.9820849851876452,42,64,largest,0.5
3929,group-3888,0,0,-0.009206830051801118,0.06650332522489924,7,1.001171403441275,42,64,largest,0.5
3930,group-3889,4,0,-0.03554880427691276,0.049988526832476156,15,0.9632336439956919,42,64,largest,0.5
3931,group-3890,2,0,-0.037539414179091235,0.04956898471914131,46,0.9764579326353511,42,64,largest,0.5
3932,group-3891,1,0,-0.028332838849380426,0.06699853336770333,56,0.9766110896966165,42,64,largest,0.5
3933,group-3892,0,0,-0.0037558975259675,0.07158220882511417,22,1.0028493425580443,42,64,largest,0.5
3934,group-3893,4,0,-0.017736171870543105,0.06489978393098819,44,0.9942508442004641,42,64,largest,0.5
3935,group-3894,3,0,-0.06471535605236667,0.03175646431977456,7,0.9438380939769843,42,64,largest,0.5
3936,group-3895,2,0,-0.022725228701595657,0.06189803047394043,5,0.9750366827588557,42,64,largest,0.5
3937,group-3896,1,0,-0.040938409951569166,0.054163316710963784,13,0.9706782100751735,42,64,largest,0.5
3938,group-3897,0,0,-0.022026432516709327,0.05585097179055759,15,0.9890031673660317,42,64,largest,0.5
3939,group-3898,4,0,-0.040428715534231996,0.04650689651401383,52,0.9854486537225433,42,64,largest,0.5
3940,group-3899,3,0,-0.021717223909941796,0.06570916825884753,19,0.993484270048158,42,64,largest,0.5
3941,group-3900,0,0,-0.022135008783154442,0.05576799922508838,7,0.957449568860194,42,64,largest,0.5
3942,group-3901,4,0,-0.059701308045696067,0.03488818804090899,4,0.9462775973797151,42,64,largest,0.5
3943,group-3902,3,0,-0.07054254132839388,0.02872704458200787,3,0.9474842636302742,42,64,largest,0.5
3944,group-3903,2,0,-0.009165062767078958,0.075641263298903,34,0.9916004970553529,42,64,largest,0.5
3945,group-3904,1,0,-0.021510929501303844,0.07507324610268937,22,0.9803458079521243,42,64,largest,0.5
3946,group-3905,0,0,-0.013528229590865193,0.06271686696603981,15,0.9814295268420972,42,64,largest,0.5
3947,group-3906,4,0,-0.03913304371082793,0.0474081549470143,19,0.9800874704176046,42,64,largest,0.5
3948,group-3907,3,0,-0.039790250219034484,0.04855954622398795,3,0.9905729663053658,42,64,largest,0.5
3949,group-3908,2,0,-0.04367368200873789,0.04517717892427006,37,0.9559789495682668,42,64,largest,0.5
3950,group-3909,1,0,-0.012035837979693209,0.08777361045077166,52,0.9961469412338317,42,64,largest,0.5
3951,group-3910,4,0,-0.01711910037909492,0.06548430387302918,39,0.9809015891571713,42,64,largest,0.5
3952,group-3911,3,0,-0.039398914454892076,0.04888131958673759,34,0.9871863545350203,42,64,largest,0.5
3953,group-3912,2,0,-0.04352606806791881,0.04527837292010046,41,0.9659727356356451,42,64,largest,0.5
3954,group-3913,1,0,-0.0049566433967622725,0.09849835128485872,0,0.9773891291857281,42,64,largest,0.5
3955,group-3914,0,0,-0.052739455589490336,0.03650909639119047,55,0.9485091752469795,42,64,largest,0.5
3956,group-3915,4,0,-0.02616908989330291,0.05738436610817188,38,0.9944903392822568,42,64,largest,0.5
3957,group-3916,3,0,-0.035461437475097224,0.0522333069293835,19,0.991754901658906,42,64,largest,0.5
3958,group-3917,2,0,-0.017420352455273624,0.0669724321207207,16,0.9926847577360725,42,64,largest,0.5
3959,group-3918,1,0,-0.004602694570711496,0.09906410010039139,0,0.9987864194205046,42,64,largest,0.5
3960,group-3919,0,0,-0.015040611602902376,0.06143988119980735,50,0.9929090389680085,42,64,largest,0.5
3961,group-3920,3,0,-0.033760669160733725,0.05374739490874622,42,0.9985454669670495,42,64,largest,0.5
3962,group-3921,2,0,-0.03950259387434618,0.048121132487054276,18,0.9888277980276695,42,64,largest,0.5
3963,group-3922,1,0,-0.02644413570741766,0.06914969472035629,3,0.9810037617668477,42,64,largest,0.5
3964,group-3923,0,0,-0.013756048089398565,0.06252293526603464,34,0.9801468696332313,42,64,largest,0.5
3965,group-3924,4,0,-0.04112730387952723,0.0460277500971171,7,0.9769750295547306,42,64,largest,0.5
3966,group-3925,3,0,-0.01344040623377174,0.07531953422192209,4,0.9880573735741113,42,64,largest,0.5
3967,group-3926,2,0,-0.02625919539788535,0.05871928794760574,35,0.9863445560691056,42,64,largest,0.5
3968,group-3927,1,0,-0.02089142109186115,0.07584926521246964,31,0.9922036512743613,42,64,largest,0.5
3969,group-3928,0,0,-0.05894776849236305,0.03347088672581664,8,0.971744261126643,42,64,largest,0.5
3970,group-3929,4,0,-0.05002663512260852,0.04032136092194034,51,0.9719196254973698,42,64,largest,0.5
3971,group-3930,2,0,-0.0013359666405382553,0.08480296496845074,9,0.9912665452772933,42,64,largest,0.5
3972,group-3931,1,0,-0.029449511715164967,0.06575606679569765,0,0.9884228562408188,42,64,largest,0.5
3973,group-3932,0,0,-0.014753709576501572,0.06168024589398681,19,0.9863047071125652,42,64,largest,0.5
3974,group-3933,4,0,-0.046939289943550455,0.04221980574533271,14,0.9840649513583716,42,64,largest,0.5
3975,group-3934,3,0,-0.00037635209909636647,0.09313556526982764,11,0.9993831198798248,42,64,largest,0.5
3976,group-3935,2,0,-0.034030738456496734,0.052260002325471594,61,0.9826488967228318,42,64,largest,0.5
3977,group-3936,1,0,-0.028334700641752808,0.06699644382048162,8,0.9717729073983948,42,64,largest,0.5
3978,group-3937,0,0,-0.005011203893653393,0.07038175788655855,3,0.9872442912358229,42,64,largest,0.5
3979,group-3938,4,0,-0.019043259823970038,0.06367765009511919,22,0.9838071342425041,42,64,largest,0.5
3980,group-3939,3,0,-0.03518681540715052,0.05247502814051544,18,0.9990394291527492,42,64,largest,0.5
3981,group-3940,1,0,-0.0037416072570751746,0.10045254526239505,9,0.9942680436599879,42,64,largest,0.5
3982,group-3941,0,1,0.0009654257340371286,0.07626817900297488,40,0.9963979861725258,42,64,largest,0.5
3983,group-3942,4,0,-0.04036550459045385,0.04655048484889097,14,0.965320610915116,42,64,largest,0.5
3984,group-3943,3,0,-0.02537038249762258,0.061840546277720516,48,0.9550803328433249,42,64,largest,0.5
3985,group-3944,2,0,-0.06360330451572493,0.03333246119809618,37,0.9479184066359851,42,64,largest,0.5
3986,group-3945,1,0,-0.017275164184262115,0.08052774045580283,0,0.9791375229617817,42,64,largest,0.5
3988,group-3946,0,0,-0.008755294561470395,0.0669109992735695,8,0.9768504883963639,42,64,largest,0.5
3989,group-3947,4,0,-0.039950776836738866,0.04683743365013712,13,0.9638916649680007,42,64,largest,0.5
3990,group-3948,3,0,-0.013424418634205182,0.07533929106856507,38,0.9959475642742703,42,64,largest,0.5
3991,group-3949,2,0,-0.02356684789777319,0.06112672945527064,7,0.9866737125771573,42,64,largest,0.5
3992,group-3950,0,0,-0.03553330980734859,0.046376516641740105,19,0.9795512803553145,42,64,largest,0.5
3993,group-3951,4,0,-0.0565611501538793,0.03656947464420727,2,0.9493639166229014,42,64,largest,0.5
3994,group-3952,3,0,-0.10520370231156506,0.01573978420606926,6,0.8991160326280552,42,64,largest,0.5
3995,group-3953,2,0,-0.02416164999672521,0.06058705247722283,59,0.9809456713627154,42,64,largest,0.5
3996,group-3954,1,0,-0.05223371083821704,0.04466505974351132,11,0.949127503181132,42,64,largest,0.5
3997,group-3955,0,0,-0.01431113031310216,0.06205275944675833,60,0.9677286176201761,42,64,largest,0.5
3998,group-3956,4,0,-0.056671199277808504,0.03650925599039268,2,0.9538994752589448,42,64,largest,0.5
3999,group-3957,3,0,-0.044779872217136196,0.04462933010525993,63,0.97376017373575,42,64,largest,0.5
4000,group-3958,2,0,-0.03288062348866594,0.05317175117913052,39,0.9751341181322773,42,64,largest,0.5
4001,group-3959,1,0,-0.0330413338371538,0.061903509264553444,42,0.9707112482251985,42,64,largest,0.5
4002,group-3960,4,0,-0.019045045377183434,0.06367599535601451,39,0.9861934278440793,42,64,largest,0.5
4003,group-3961,3,0,-0.07282299218246735,0.027619464946917183,15,0.9331745465302078,42,64,largest,0.5
4004,group-3962,2,0,-0.037298227171749576,0.04974968390496309,56,0.9677283203366961,42,64,largest,0.5
4005,group-3963,1,0,-0.048232513652871956,0.04783275999465007,63,0.9637852424079604,42,64,largest,0.5
4006,group-3964,0,0,-0.030613395297731993,0.04963610728819695,32,0.9791084910095694,42,64,largest,0.5
4007,group-3965,4,0,-0.02105391258078082,0.061839495340903466,44,0.9840046847294651,42,64,largest,0.5
4008,group-3966,3,0,-0.07268660715749409,0.02768452245350092,6,0.9397540197729526,42,64,largest,0.5
4009,group-3967,2,0,-0.08350920995044031,0.024522511518688325,57,0.9126441854478391,42,64,largest,0.5
4010,group-3968,1,0,-0.023575919593541217,0.07253897963591312,56,0.9724625338915093,42,64,largest,0.5
4011,group-3969,0,0,-0.031220245881178665,0.0492226023080683,35,0.9724876930548897,42,64,largest,0.5
4012,group-3970,3,0,-0.06446986959619694,0.031890652080392476,26,0.9888599609204078,42,64,largest,0.5
4013,group-3971,2,0,-0.023588131687816705,0.0611073409095235,9,0.9897570645082808,42,64,largest,0.5
4014,group-3972,1,1,0.008100328318347838,0.12136284238996416,7,1.001068647286637,42,64,largest,0.5
4015,group-3973,0,1,0.010531770709968469,0.08663485400132791,40,0.9980013504881707,42,64,largest,0.5
4016,group-3974,4,0,-0.05390351348618416,0.03805307195777707,51,0.9693796976605759,42,64,largest,0.5
4017,group-3975,3,0,-0.036066511323202266,0.05170443144211481,15,0.9675040113955892,42,64,largest,0.5
4018,group-3976,2,0,-0.05618769075256014,0.0373413481939762,19,0.9501025118814962,42,64,largest,0.5
4019,group-3977,1,0,-0.021691314738627843,0.07484866382932727,31,0.9761759651029551,42,64,largest,0.5
4020,group-3978,0,0,-0.008031668318473684,0.0675691740720567,13,0.9791904014007322,42,64,largest,0.5
4021,group-3979,4,0,-0.011293289693060982,0.0712487081901042,52,0.9966058329479285,42,64,largest,0.5
4022,group-3980,2,0,-0.017137920319604705,0.06725315027149806,35,0.9999068679051468,42,64,largest,0.5
4023,group-3981,1,0,-0.005902111942920452,0.09700121334140052,14,0.9876571872017594,42,64,largest,0.5
4024,group-3982,0,0,-0.0700448282164573,0.02863794985184192,56,0.9482640738850029,42,64,largest,0.5
4025,group-3983,4,0,-0.036693413040183476,0.04915035853411804,4,0.984731777371953,42,64,largest,0.5
4026,group-3984,3,0,-0.06251110185992093,0.03298116778839191,31,0.9244302266582,42,64,largest,0.5
4027,group-3985,2,0,-0.02996547812557937,0.05555040140888997,5,0.983605258697418,42,64,largest,0.5
4028,group-3986,1,0,-0.06312929169413894,0.03702272116270348,6,0.9398827751046802,42,64,largest,0.5
4029,group-3987,0,0,-0.02706603266947738,0.0521198559812671,34,0.9764247826154977,42,64,largest,0.5
4030,group-3988,4,0,-0.024287876389991858,0.05898665948541907,19,0.9941853507391172,42,64,largest,0.5
4031,group-3989,3,0,-0.039521491028110534,0.04878031482782471,63,0.9896857909355117,42,64,largest,0.5
4032,group-3990,1,1,0.02448035820743566,0.15637016581131294,7,0.9849115292682619,42,64,largest,0.5
4033,group-3991,0,0,-0.02465106937012096,0.05387745711824892,15,0.9868940594481894,42,64,largest,0.5
4034,group-3992,4,0,-0.007108011904249367,0.07567538936192922,4,0.9820834762092807,42,64,largest,0.5
4035,group-3993,3,0,-0.05942664257067931,0.03477175200251714,18,0.9918975724070755,42,64,largest,0.5
4036,group-3994,2,0,-0.018443886375009932,0.06596419952049158,54,0.9976387399077288,42,64,largest,0.5
4037,group-3995,1,1,0.0003522804261704149,0.10729236801383926,7,1.0038342262216042,42,64,largest,0.5
4038,group-3996,0,0,-0.03992411714021826,0.04364035299690476,20,0.9534768913782591,42,64,largest,0.5
4039,group-3997,4,0,-0.008162332613049772,0.07453702234217767,36,0.9992219395619872,42,64,largest,0.5
4040,group-3998,3,0,-0.014926749493477609,0.07350343396061705,49,0.9988585551003201,42,64,largest,0.5
4041,group-3999,2,0,-0.008211988029000139,0.07670598951097359,11,0.9962591853877947,42,64,largest,0.5
4042,group-4000,3,0,-0.028013308977594464,0.059175481246612996,58,0.9732037470208563,42,64,largest,0.5
4043,group-4001,2,0,-0.034979365237246984,0.05151911896331568,7,0.9912278805747099,42,64,largest,0.5
4044,group-4002,1,0,-0.002588580855990452,0.10233877884978804,3,1.0060162423654322,42,64,largest,0.5
4045,group-4003,0,0,-0.01649637437599627,0.06023368873516044,36,0.9743706126550796,42,64,largest,0.5
4046,group-4004,4,0,-0.018729330140545786,0.06396920418511459,53,0.9882725996990327,42,64,largest,0.5
4047,group-4005,3,0,-0.03481122278386006,0.052807334429428754,58,0.9811451763569751,42,64,largest,0.5
4048,group-4006,2,0,-0.019456187934894564,0.06498092180936905,61,0.9817022482387537,42,64,largest,0.5
4049,group-4007,1,1,0.0014982002651022785,0.10927901071253525,7,0.9924777987038446,42,64,largest,0.5
4050,group-4008,0,0,-0.057254052361350616,0.03427466840145788,20,0.9591574062000959,42,64,largest,0.5
4051,group-4009,4,0,-0.0005887657132379598,0.08307527618270724,5,1.0041768477024235,42,64,largest,0.5
4052,group-4010,2,1,0.0007145053444882477,0.08736374844153925,47,0.9911162160439272,42,64,largest,0.5
4053,group-4011,1,0,-0.013089457025442619,0.08627066454778741,15,0.9846132375302385,42,64,largest,0.5
4054,group-4012,0,0,-0.0052468545303421266,0.07015848919870096,30,0.9980867522980801,42,64,largest,0.5
4055,group-4013,4,0,-0.021064629199920804,0.061829832190146275,12,0.9835442971161075,42,64,largest,0.5
4056,group-4014,3,0,-0.07253722478268576,0.02775595070993398,27,0.9926434030688026,42,64,largest,0.5
4057,group-4015,2,0,-0.0217529629751263,0.06280037509590317,23,0.9699220128379822,42,64,largest,0.5
4058,group-4016,1,0,-0.032719348475561794,0.062240081773990374,9,0.986455312410821,42,64,largest,0.5
4059,group-4017,0,1,0.00811874889289843,0.0839055651983636,40,0.9903990179399418,42,64,largest,0.5
4060,group-4018,4,1,0.005280664505082466,0.09029431741127913,35,0.9901489094820785,42,64,largest,0.5
4061,group-4019,3,0,-0.03011127241104916,0.05713696660855562,42,0.9886604304793746,42,64,largest,0.5
4062,group-4020,1,0,-0.028348127645345444,0.06698137606972748,18,0.9793601739193278,42,64,largest,0.5
4063,group-4021,0,1,0.0033361327854957157,0.07872588064015054,40,1.0020741159687656,42,64,largest,0.5
4064,group-4022,4,0,-0.047648152340341254,0.04177649916151209,40,0.9729591955924392,42,64,largest,0.5
4065,group-4023,3,0,-0.04571460330692867,0.04392757664455482,35,0.9988602112525966,42,64,largest,0.5
4066,group-4024,2,1,0.008620430973878213,0.09790273517220452,47,0.9764704691900897,42,64,largest,0.5
4067,group-4025,1,1,0.001631332091863169,0.1095118978677071,7,0.9990852043470663,42,64,largest,0.5
4068,group-4026,0,0,-0.009284853053066033,0.06643311541286946,52,1.008701945525099,42,64,largest,0.5
4069,group-4027,4,0,-0.0013895152260465782,0.08213208805805874,31,0.9950564922711517,42,64,largest,0.5
4070,group-4028,3,1,0.00958727614579713,0.10917749661961988,37,0.9801013027925977,42,64,largest,0.5
4071,group-4029,2,0,-0.025282626493297378,0.05958206377592213,34,0.9961286871214606,42,64,largest,0.5
4072,group-4030,0,0,-0.0034445851706735864,0.07188282823720525,27,0.9975938547280835,42,64,largest,0.5
4073,group-4031,4,0,-0.03578777857769977,0.04981242084748635,19,0.9867889375866158,42,64,largest,0.5
4074,group-4032,3,0,-0.0402343664030782,0.048196809682807915,22,0.9860320482503715,42,64,largest,0.5
4075,group-4033,2,0,-0.04201932582256196,0.04632371351460741,61,0.9702702970905016,42,64,largest,0.5
4076,group-4034,1,0,-0.006533064713696968,0.09601343853039035,3,0.9989255451775907,42,64,largest,0.5
4077,group-4035,0,0,-0.01648526427077357,0.06024280969020821,58,0.9905138777848099,42,64,largest,0.5
4079,group-4036,4,0,-0.021968979215289397,0.06101944611042315,51,0.9718612765162695,42,64,largest,0.5
4080,group-4037,3,0,-0.07244017681351389,0.027802450795459205,10,0.9915464550739563,42,64,largest,0.5
4081,group-4038,2,0,-0.018653949182468654,0.06575902899899513,18,0.9996074310956327,42,64,largest,0.5
4082,group-4039,1,0,-0.009391311763201182,0.09165060973999493,23,0.9973722512162546,42,64,largest,0.5
4083,group-4040,4,0,-0.020236195125852285,0.06258100265649863,53,0.9741039939177601,42,64,largest,0.5
4084,group-4041,3,0,-0.010555902085136015,0.07896202843628246,19,1.0007817053084982,42,64,largest,0.5
4085,group-4042,2,0,-0.030015022910722444,0.05550915039213576,15,0.9851020432410514,42,64,largest,0.5
4086,group-4043,1,0,-0.03691769256902011,0.057982913920568105,22,0.973210718006715,42,64,largest,0.5
4087,group-4044,0,1,0.0067597405325817705,0.0824030312937629,40,0.995068115770743,42,64,largest,0.5
4088,group-4045,4,1,0.006863818584262216,0.09233611508996944,35,0.9940430595733054,42,64,largest,0.5
4089,group-4046,3,0,-0.04010795524137578,0.048299794619224845,19,0.9926056405996028,42,64,largest,0.5
4091,group-4047,2,1,0.013237906709760217,0.10457031836257197,47,0.9894684088393216,42,64,largest,0.5
4092,group-4048,1,0,-0.03895838493768444,0.05601370924049438,3,0.962148944967411,42,64,largest,0.5
4093,group-4049,0,0,-0.03484519285523158,0.04681985586735335,59,0.9746337235388356,42,64,largest,0.5
4096,group-4050,3,0,-0.06478822093561942,0.03171674014294862,19,0.9777152100732416,42,64,largest,0.5
4097,group-4051,2,0,-0.13361927472757118,0.011219168081363761,11,0.8665621858941329,42,64,largest,0.5
4098,group-4052,1,1,0.010250167188834425,0.12553941759242013,7,1.0042351124779894,42,64,largest,0.5
4099,group-4053,0,0,-0.0450127912500875,0.04066203981036988,5,0.9557968823737477,42,64,largest,0.5
4100,group-4054,4,0,-0.06299965513232408,0.03320250962791995,18,0.9492503589622615,42,64,largest,0.5
4101,group-4055,3,0,-0.05154808648667386,0.039780528820475176,17,0.9396902435523281,42,64,largest,0.5
4102,group-4056,2,0,-0.03944442479096166,0.0481634493547651,25,0.9642991166591964,42,64,largest,0.5
4103,group-4057,1,0,-0.11401452337640383,0.015185232861022791,30,0.9034580746914036,42,64,largest,0.5
4104,group-4058,0,0,-0.037103730348460706,0.04537964142645614,31,0.9688657688349622,42,64,largest,0.5
4105,group-4059,4,0,-0.06395130697808771,0.03273094873319036,9,0.9329182899579811,42,64,largest,0.5
4106,group-4060,2,0,-0.008153548475383077,0.07677172036491177,7,0.9987477317023615,42,64,largest,0.5
4107,group-4061,1,0,-0.006931464757805594,0.09539437114061608,54,0.9980531988136794,42,64,largest,0.5
4108,group-4062,0,1,0.004453461831197991,0.07990915293498302,40,1.0004746634184525,42,64,largest,0.5
4109,group-4063,4,0,-0.06318875830153181,0.03310828617413957,20,0.9567339825065706,42,64,largest,0.5
4110,group-4064,3,0,-0.04068247574637174,0.04783341983162704,12,0.9625997102824111,42,64,largest,0.5
4111,group-4065,2,0,-0.03242442709366122,0.05353754159938629,7,0.9823189798958555,42,64,largest,0.5
4112,group-4066,1,0,-0.03879421233398472,0.05616977540043061,12,0.95065744888084,42,64,largest,0.5
4113,group-4067,0,0,-0.016727400802591386,0.060044317847503796,22,0.9955706941013399,42,64,largest,0.5
4114,group-4068,4,0,-0.013775742387597822,0.06873723891484529,22,0.9683634091782836,42,64,largest,0.5
4115,group-4069,3,0,-0.042070293889566734,0.0467244246179531,40,0.9842932048525339,42,64,largest,0.5
4116,group-4070,1,0,-0.043555893200984075,0.05180554891594007,59,0.9692828156172697,42,64,largest,0.5
4117,group-4071,0,0,-0.06896919094137122,0.029075086424818035,3,0.9423870252992903,42,64,largest,0.5
4118,group-4072,4,0,-0.027251758495904332,0.05648084086086523,5,0.9721506715527403,42,64,largest,0.5
4119,group-4073,3,0,-0.0669828959340878,0.03054253813533468,41,0.9683580505193393,42,64,largest,0.5
4120,group-4074,2,0,-0.022003713654867973,0.06256648962461661,45,0.976883927836299,42,64,largest,0.5
4121,group-4075,1,0,-0.03178229040264835,0.06322933642181958,54,0.9749246632034314,42,64,largest,0.5
4122,group-4076,0,0,-0.010419367749188724,0.06541996136607826,52,0.9942392810765607,42,64,largest,0.5
4123,group-4077,4,1,0.007708771323929886,0.09344274871159003,35,0.9950812281416723,42,64,largest,0.5
4124,group-4078,3,0,-0.06759161445546624,0.030224387572296302,46,0.9686301357692417,42,64,largest,0.5
4125,group-4079,2,0,-0.04964146592429941,0.0412620648673335,18,0.9789354883602279,42,64,largest,0.5
4126,group-4080,0,0,-0.027278056353897684,0.05196815966539887,52,0.9937216424717694,42,64,largest,0.5
4127,group-4081,4,1,0.00803879106089167,0.09387819645388326,35,0.9873766827198036,42,64,largest,0.5
4128,group-4082,3,0,-0.032522769725175316,0.0548753512551141,29,0.9906509022884007,42,64,largest,0.5
4129,group-4083,2,0,-0.03951147686379064,0.04811467339414725,10,0.9602920239509215,42,64,largest,0.5
4130,group-4084,1,1,0.0057488280283194415,0.11693218053339204,7,0.9960161807430511,42,64,largest,0.5
4131,group-4085,0,0,-0.008015230793035677,0.0675841943675905,19,0.9816672840350931,42,64,largest,0.5
4132,group-4086,4,0,-0.03918519127839992,0.04737156310891863,39,0.9507271692900883,42,64,largest,0.5
4133,group-4087,3,0,-0.03581653073774682,0.05192231482543299,27,0.9907277546294316,42,64,largest,0.5
4134,group-4088,2,0,-0.015647129561320527,0.06875306313302325,61,0.986321362550268,42,64,largest,0.5
4135,group-4089,1,0,-0.00749322888932602,0.09452752257074587,0,0.9881713309865362,42,64,largest,0.5
4136,group-4090,4,0,-0.07238687757646789,0.02882470543854863,37,0.9528349586385702,42,64,largest,0.5
4137,group-4091,3,0,-0.021761467652263278,0.0656609962661801,11,0.9784284458443582,42,64,largest,0.5
4138,group-4092,2,0,-0.021514942564741957,0.06302314094876503,3,0.9769355160821531,42,64,largest,0.5
4139,group-4093,1,0,-0.02343737097826948,0.07270651663649667,8,0.9707163119471032,42,64,largest,0.5
4140,group-4094,0,0,-0.010090873895542973,0.06571182856524146,22,0.9757594006426041,42,64,largest,0.5
4142,group-4095,4,1,0.0018293213237476902,0.08598354457453482,35,0.9975450756423776,42,64,largest,0.5
4144,group-4096,3,0,-0.055248599033410395,0.03734716626301318,53,0.9084304452647421,42,64,largest,0.5
4145,group-4097,2,0,-0.01768840120523052,0.06670701637645485,35,1.0106699807432766,42,64,largest,0.5
4146,group-4098,1,1,0.005609715915988245,0.11667451454227426,7,1.0053916358624417,42,64,largest,0.5
4147,group-4099,0,0,-0.0317578945060486,0.04885898206719224,62,0.9905762734452055,42,64,largest,0.5
4148,group-4100,2,0,-0.01518569336626241,0.06922356710641753,35,1.0035565677853182,42,64,largest,0.5
4149,group-4101,1,0,-0.027512183514927346,0.0679254909313365,31,0.9799399448162339,42,64,largest,0.5
4150,group-4102,0,0,-0.012676851767520425,0.06344658505204827,58,0.9994332036301881,42,64,largest,0.5
4151,group-4103,4,0,-0.021677806599845084,0.06127927528557207,14,0.9865190488713564,42,64,largest,0.5
4152,group-4104,3,0,-0.054337713960192935,0.03793252672077466,25,0.9932868644929377,42,64,largest,0.5
4153,group-4105,2,0,-0.021376025505919882,0.06315349531250365,15,0.994538712558173,42,64,largest,0.5
4154,group-4106,1,0,-0.011043147231521888,0.08921125419129489,13,0.9640984594083122,42,64,largest,0.5
4155,group-4107,0,0,-0.008453654040368908,0.06718463019441849,4,0.9825277210631576,42,64,largest,0.5
4156,group-4108,4,0,-0.023836601634203425,0.0593772160641619,53,0.9859320438950153,42,64,largest,0.5
4157,group-4109,3,1,0.004947864225446019,0.10142606161336296,37,0.9827669518679274,42,64,largest,0.5
4158,group-4110,1,0,-0.053801459785029815,0.043479235286688865,22,0.975169424737728,42,64,largest,0.5
4159,group-4111,0,0,-0.04070709014037077,0.043168899310639726,9,0.9580560146975797,42,64,largest,0.5
4160,group-4112,4,0,-0.03730476587922282,0.04870815710183457,23,0.9625960956270941,42,64,largest,0.5
4161,group-4113,3,0,-0.033953487279036354,0.053573681956234076,31,0.9700951462728395,42,64,largest,0.5
4162,group-4114,2,0,-0.04065842419708299,0.04728757432661335,58,0.9618244445130605,42,64,largest,0.5
4163,group-4115,1,0,-0.061795317220102675,0.03788616330026039,50,0.9535452563488951,42,64,largest,0.5
4164,group-4116,0,0,-0.03661433719292784,0.04568809044468083,34,0.9420109862547167,42,64,largest,0.5
4165,group-4117,4,0,-0.06356142420414601,0.0329233552244704,34,0.9493043654437001,42,64,largest,0.5
4166,group-4118,3,0,-0.05153729986061095,0.039787839330503484,11,0.9585036232557285,42,64,largest,0.5
4167,group-4119,2,0,-0.09764024173021268,0.019691693460721034,57,0.9033883698332399,42,64,largest,0.5
4168,group-4120,0,0,-0.031988556974189564,0.04870376374324436,26,0.9699661680123561,42,64,largest,0.5
4170,group-4121,4,0,-0.05071127736704506,0.039911580787188546,2,0.9668976918373504,42,64,largest,0.5
4171,group-4122,3,1,0.01802104026791207,0.1246029558782917,37,0.9401962001009883,42,64,largest,0.5
4172,group-4123,2,0,-0.05788825403480646,0.03638291756444075,5,0.9563628083910052,42,64,largest,0.5
4173,group-4124,1,0,-0.03654143736210247,0.05835301305025402,23,0.9736649399836672,42,64,largest,0.5
4174,group-4125,0,0,-0.03567401799224901,0.046286354443361266,34,0.9590176102145598,42,64,largest,0.5
4175,group-4126,4,0,-0.030677610795035393,0.053709230203668336,14,0.966451611947517,42,64,largest,0.5
4176,group-4127,3,0,-0.06296599430944538,0.03272474518383942,31,0.9655976286529573,42,64,largest,0.5
4177,group-4128,2,0,-0.040381979442021154,0.04748568267209918,37,0.9562163707920817,42,64,largest,0.5
4178,group-4129,1,0,-0.021061424143914098,0.07563558304567992,6,0.965304267413091,42,64,largest,0.5
4179,group-4130,4,0,-0.051153081614492835,0.03964926893045015,42,0.9603173233025001,42,64,largest,0.5
4180,group-4131,3,0,-0.026210694626601194,0.06098126032115067,36,0.9673333658475626,42,64,largest,0.5
4181,group-4132,2,0,-0.03850398483071871,0.04885252206192042,24,0.969910244014234,42,64,largest,0.5
4182,group-4133,1,0,-0.025422396631817334,0.07033990511924028,22,0.9775029999376127,42,64,largest,0.5
4183,group-4134,0,0,-0.02472222792980394,0.05382487794706635,44,0.9688484162987573,42,64,largest,0.5
4184,group-4135,4,0,-0.03510589654305962,0.05031647699724504,26,0.9617882317813281,42,64,largest,0.5
4185,group-4136,3,0,-0.02506938022368388,0.06215108719376296,11,0.9811228576121032,42,64,largest,0.5
4186,group-4137,2,0,-0.029787880569866365,0.05569850642599719,3,0.971488183013528,42,64,largest,0.5
4187,group-4138,1,0,-0.03590512981414107,0.05898395617265981,22,0.9817208728434901,42,64,largest,0.5
4188,group-4139,0,0,-0.08026339671686045,0.02479132698560734,13,0.9335881971338973,42,64,largest,0.5
4189,group-4140,3,0,-0.009912890335751823,0.0797956784151332,18,0.98540923431894,42,64,largest,0.5
4190,group-4141,2,0,-0.035917576538560314,0.05079614800828625,16,0.96810416224124,42,64,largest,0.5
4191,group-4142,1,0,-0.06917662872375319,0.03334040156616988,17,0.9418350320617781,42,64,largest,0.5
4192,group-4143,0,0,-0.048707625220166584,0.03862252612444476,55,0.9462006757460192,42,64,largest,0.5
4193,group-4144,4,0,-0.07203828807557011,0.028976772612458797,38,0.9353407548827526,42,64,largest,0.5
4194,group-4145,3,0,-0.04315994848990112,0.04587086936226919,48,0.9471676062652865,42,64,largest,0.5
4195,group-4146,2,1,0.0016937102304948048,0.08861116366569363,47,0.9926061835653571,42,64,largest,0.5
4196,group-4147,1,0,-0.0391278361056101,0.055853052997546726,31,0.9622916170896235,42,64,largest,0.5
4197,group-4148,0,0,-0.04178745407911788,0.04252635632056251,33,0.9697681554996476,42,64,largest,0.5
4198,group-4149,4,0,-0.04226009353344917,0.045260767441834056,42,0.9543845663654124,42,64,largest,0.5
4199,group-4150,2,0,-0.018729077571221886,0.06568579445341913,3,0.9605098481575216,42,64,largest,0.5
4200,group-4151,1,0,-0.02936441647477306,0.0658499891870931,61,0.9821564121423918,42,64,largest,0.5
4201,group-4152,0,0,-0.015353102838392196,0.06117907415776605,17,0.9670451384596445,42,64,largest,0.5
4202,group-4153,4,0,-0.06815821233580599,0.0307227948460622,11,0.942123647187304,42,64,largest,0.5
4203,group-4154,3,0,-0.05996070202182169,0.034455148611460824,6,0.9679487987600285,42,64,largest,0.5
4204,group-4155,2,0,-0.08386186373001792,0.024388944999452378,32,0.9187151435036478,42,64,largest,0.5
4205,group-4156,1,1,0.004403864871267649,0.1144616045576867,7,0.9973623859876977,42,64,largest,0.5
4206,group-4157,0,0,-0.014894115738796176,0.061562504932676336,17,0.9746142814526839,42,64,largest,0.5
4207,group-4158,4,0,-0.08708971221923201,0.02307166529714217,34,0.9046069374163954,42,64,largest,0.5
4208,group-4159,3,0,-0.029911004022059928,0.05732867643627052,15,0.969090427497453,42,64,largest,0.5
4209,group-4160,1,0,-0.0494919432636175,0.04681333362856837,12,0.9527674583866411,42,64,largest,0.5
4210,group-4161,0,0,-0.048976195622772556,0.03847816690210443,21,0.9583873897030664,42,64,largest,0.5
4211,group-4162,4,0,-0.06032381111479157,0.034563853172807926,8,0.9589544591006768,42,64,largest,0.5
4212,group-4163,3,0,-0.07127991009949264,0.02836428046226639,6,0.9376519809504859,42,64,largest,0.5
4213,group-4164,2,0,-0.05954036791746342,0.03547448874727801,56,0.9605766228009508,42,64,largest,0.5
4214,group-4165,1,0,-0.08219048630219006,0.02657791482590487,21,0.9245289739241318,42,64,largest,0.5
4215,group-4166,0,0,-0.026341412905873884,0.05264146331758855,9,0.9817693225461657,42,64,largest,0.5
4216,group-4167,4,0,-0.08305386663552583,0.02452870264317275,11,0.9206630944918719,42,64,largest,0.5
4217,group-4168,3,0,-0.019905966537545172,0.06770965892558094,15,0.9799939190050351,42,64,largest,0.5
4218,group-4169,2,0,-0.080551775080562,0.025671044000723255,41,0.9387953581847774,42,64,largest,0.5
4219,group-4170,0,0,-0.019754192582852714,0.057614249954006894,55,0.9734059621415804,42,64,largest,0.5
4220,group-4171,4,0,-0.06619215953689672,0.031645987658565085,58,0.9322873038231158,42,64,largest,0.5
4221,group-4172,3,0,-0.04282018886820982,0.04613540718365488,48,0.9613744858189315,42,64,largest,0.5
4222,group-4173,2,0,-0.02383294354425536,0.060884741707536605,27,0.9828512522182661,42,64,largest,0.5
4223,group-4174,1,0,-0.0026366079778725737,0.10225958892355805,2,0.9940079016334151,42,64,largest,0.5
4224,group-4175,0,0,-0.018854341608761427,0.05832688883450954,15,1.004169342074115,42,64,largest,0.5
4225,group-4176,4,0,-0.031501694591772655,0.053061919256756476,63,0.9759252470305685,42,64,largest,0.5
4226,group-4177,3,0,-0.05163202229519004,0.03972368628091281,19,0.98663110182894,42,64,largest,0.5
4227,group-4178,2,0,-0.07498737614984008,0.027975586646663365,23,0.9407242494056536,42,64,largest,0.5
4228,group-4179,1,0,-0.01735105051787489,0.08042691293011207,8,0.9935984567947869,42,64,largest,0.5
4229,group-4180,4,0,-0.03351116640138807,0.05151424173130043,9,0.9672542213582043,42,64,largest,0.5
4230,group-4181,3,0,-0.09189643740223474,0.01984785123297503,14,0.9198588772419111,42,64,largest,0.5
4231,group-4182,2,0,-0.02780433033838392,0.05737809386233288,54,0.9867467512838137,42,64,largest,0.5
4232,group-4183,1,0,-0.022239864866917425,0.07416950004823805,3,0.9914622952688191,42,64,largest,0.5
4233,group-4184,0,0,-0.07353908037095469,0.027261478940949775,9,0.9343333604850329,42,64,largest,0.5
4234,group-4185,4,0,-0.03340009552092571,0.05159866150856333,7,0.9824648135053027,42,64,largest,0.5
4235,group-4186,3,0,-0.04610583524311751,0.04363699329389172,15,0.9699244118662297,42,64,largest,0.5
4236,group-4187,2,0,-0.03272806356178004,0.05329381450784134,5,0.9717156087509441,42,64,largest,0.5
4237,group-4188,1,0,-0.014225967271371598,0.08467563913934956,53,0.993105194327488,42,64,largest,0.5
4238,group-4189,0,0,-0.023536616979248914,0.05470727198896088,10,0.9853865445756659,42,64,largest,0.5
4239,group-4190,3,0,-0.03922632446725027,0.04902387244919491,49,0.9865564641238959,42,64,largest,0.5
4240,group-4191,2,0,-0.07083999151399123,0.0298227393158606,5,0.9365889452904663,42,64,largest,0.5
4241,group-4192,1,0,-0.051505990377020305,0.045225917950399354,27,0.9607120025544778,42,64,largest,0.5
4242,group-4193,0,0,-0.01190532685769341,0.064114690090084,33,0.9817772753869783,42,64,largest,0.5
4243,group-4194,4,0,-0.0016363902526834728,0.08184327061122117,4,0.9878257693283237,42,64,largest,0.5
4244,group-4195,3,0,-0.020656563475327183,0.06687387872816156,3,0.9795923268465737,42,64,largest,0.5
4245,group-4196,2,0,-0.01861432900603255,0.06579768098935901,34,0.979465177921875,42,64,largest,0.5
4246,group-4197,1,0,-0.018201122490002608,0.07930530188268556,22,0.981346015013771,42,64,largest,0.5
4247,group-4198,0,0,-0.05704337794286751,0.03437594026127318,8,0.948238808774836,42,64,largest,0.5
4248,group-4199,4,0,-0.07176898590947667,0.02909478444159767,14,0.9304925748941032,42,64,largest,0.5
4249,group-4200,1,0,-0.03232971584520017,0.06264965072284817,21,0.9591155652822605,42,64,largest,0.5
4250,group-4201,0,0,-0.014720951698199203,0.06170774605222148,48,0.9819545630977393,42,64,largest,0.5
4251,group-4202,4,0,-0.02191716263614829,0.061065609397337094,50,1.0001274428685798,42,64,largest,0.5
4252,group-4203,3,0,-0.06210151188151669,0.03321371303013147,31,0.9757947780598795,42,64,largest,0.5
4253,group-4204,2,0,-0.025087200076057692,0.0597561385012872,39,0.9901984705924353,42,64,largest,0.5
4254,group-4205,1,0,-0.05506666386652892,0.04254422295393109,28,0.9651307036863126,42,64,largest,0.5
4255,group-4206,0,0,-0.0014097374681401043,0.07387662847765553,31,1.0040120785168125,42,64,largest,0.5
4256,group-4207,4,0,-0.12045077797863812,0.013865942248142435,34,0.9016449196050329,42,64,largest,0.5
4257,group-4208,3,0,-0.020550875395686785,0.06699097911475482,34,0.994715545221626,42,64,largest,0.5
4258,group-4209,2,0,-0.0460093344860556,0.0436044254575196,32,0.960233756789339,42,64,largest,0.5
4259,group-4210,0,0,-0.06774526195764285,0.02958036260271889,24,0.9419552402799234,42,64,largest,0.5
4260,group-4211,4,0,-0.013490238055952175,0.06902185395422532,36,0.979802213872802,42,64,largest,0.5
4261,group-4212,3,0,-0.01163417333003225,0.07758193178830747,2,0.9615944903181203,42,64,largest,0.5
4262,group-4213,2,0,-0.033606087198296164,0.05259490977228692,28,0.9755301273373354,42,64,largest,0.5
4263,group-4214,1,0,-0.0464463927581763,0.04931471513262648,43,0.9497355088757781,42,64,largest,0.5
4264,group-4215,0,0,-0.06543728413735228,0.030556425989312335,13,0.9376729245169111,42,64,largest,0.5
4265,group-4216,4,0,-0.024295085426939256,0.05898043999295927,31,0.9790340109849762,42,64,largest,0.5
4266,group-4217,3,0,-0.050026426285467496,0.04082463412673232,28,0.9588761990533801,42,64,largest,0.5
4267,group-4218,2,0,-0.012545769947422514,0.07197311154268221,39,0.9909374408767844,42,64,largest,0.5
4268,group-4219,1,0,-0.07169393822233106,0.03191406054350353,17,0.9310061539832023,42,64,largest,0.5
4269,group-4220,4,0,-0.08192512786959949,0.024952013015709706,2,0.9317358222350439,42,64,largest,0.5
4270,group-4221,3,0,-0.013301857608778112,0.07549090534338786,48,0.9199083824219229,42,64,largest,0.5
4271,group-4222,2,0,-0.032232562625530314,0.053692091796317606,2,0.980950429401744,42,64,largest,0.5
4272,group-4223,1,0,-0.046780436003395875,0.04903428675244098,31,0.9612699940098302,42,64,largest,0.5
4274,group-4224,0,0,-0.04144287786788414,0.042730293015071544,34,0.9488589100940162,42,64,largest,0.5
4275,group-4225,4,0,-0.015395021704355805,0.06714347387498715,19,0.9977599320434517,42,64,largest,0.5
4276,group-4226,3,0,-0.008630733374849542,0.0814819976431403,31,0.9847173037614263,42,64,largest,0.5
4277,group-4227,2,0,-0.0010308473072804247,0.08517966127975861,39,0.9848826704790048,42,64,largest,0.5
4278,group-4228,1,0,-0.0710180977066549,0.0322911012840182,6,0.9299009649490523,42,64,largest,0.5
4279,group-4229,0,0,-0.041753754295830836,0.04254626036112812,34,0.9584668960506666,42,64,largest,0.5
4280,group-4230,3,0,-0.07261432019919734,0.027719064655008733,6,0.9407852154665295,42,64,largest,0.5
4281,group-4231,2,0,-0.010351698156218392,0.07433458584655774,51,0.9904258007126083,42,64,largest,0.5
4282,group-4232,1,0,-0.01711414203573136,0.08074206705501026,47,0.985764701274337,42,64,largest,0.5
4283,group-4233,0,0,-0.031586713269575406,0.048974477274417755,8,0.968603971907036,42,64,largest,0.5
4284,group-4234,4,0,-0.024553159108759548,0.05875819512591569,44,0.974940484652196,42,64,largest,0.5
4285,group-4235,3,0,-0.04602934825371341,0.04369365855072284,15,0.9729040895908015,42,64,largest,0.5
4286,group-4236,2,0,-0.02961995370940118,0.05583888841200318,35,0.9840817012459925,42,64,largest,0.5
4287,group-4237,1,0,-0.006160548730116289,0.09659553097444126,41,0.981232891967403,42,64,largest,0.5
4288,group-4238,0,0,-0.030999160556810734,0.049372869141359375,3,0.9873340685887431,42,64,largest,0.5
4289,group-4239,4,0,-0.033502902711376126,0.051520518075247754,58,0.9688853992646597,42,64,largest,0.5
4290,group-4240,2,1,0.005185429647056816,0.0931910915038572,47,0.9891124577864803,42,64,largest,0.5
4292,group-4241,1,0,-0.011784506917534854,0.08813560352427009,41,0.9740771626411817,42,64,largest,0.5
4293,group-4242,0,0,-0.03590423997371994,0.04613919368524819,37,0.9590033347486409,42,64,largest,0.5
4294,group-4243,4,0,-0.040424153336494406,0.04651004116578444,51,0.9728420325650051,42,64,largest,0.5
4295,group-4244,3,0,-0.0522749404605638,0.039290868148178046,5,0.9928725478748568,42,64,largest,0.5
4296,group-4245,2,0,-0.04526239450017189,0.044101621880252066,13,0.9669327536692925,42,64,largest,0.5
4297,group-4246,1,0,-0.001467506078740466,0.10420276355965662,42,0.9899034013850554,42,64,largest,0.5
4298,group-4247,0,0,-0.025859072214322487,0.052991398526110366,30,0.9709694575320967,42,64,largest,0.5
4299,group-4248,4,0,-0.024869814680831603,0.05848657413815069,52,0.9789776914119178,42,64,largest,0.5
4300,group-4249,3,0,-0.0922118205569108,0.01973929321727721,14,0.9519493892755394,42,64,largest,0.5
4301,group-4250,1,0,-0.039832263497043274,0.055189823587271224,59,0.9554225775234776,42,64,largest,0.5
4302,group-4251,0,0,-0.009744866190181334,0.06602056561003763,15,0.9925495860450126,42,64,largest,0.5
4303,group-4252,4,0,-0.01603839717728761,0.06651980617027911,44,0.9902254356184191,42,64,largest,0.5
4304,group-4253,3,0,-0.06968888635394521,0.029152642833207777,18,0.9976402011529314,42,64,largest,0.5
4305,group-4254,2,0,-0.046191921011279446,0.04348370387332121,7,0.9719064182212832,42,64,largest,0.5
4306,group-4255,1,0,-0.04315272617023824,0.0521622855490133,10,0.9739112948040818,42,64,largest,0.5
4307,group-4256,0,0,-0.01841261960198115,0.05867972985243273,32,0.9937790705710712,42,64,largest,0.5
4308,group-4257,4,0,-0.0335659789639291,0.05147262941734047,7,0.9914520648275436,42,64,largest,0.5
4309,group-4258,3,0,-0.049814140565838216,0.04097236627865665,5,0.9858890638439445,42,64,largest,0.5
4310,group-4259,2,0,-0.018089993126973458,0.0663111965850592,27,0.996626559955463,42,64,largest,0.5
4311,group-4260,0,1,0.010509522273879801,0.0866093263601432,40,0.9911286713807916,42,64,largest,0.5
4312,group-4261,4,0,-0.05097729105869242,0.039753442255193755,57,0.9561539219122138,42,64,largest,0.5
4313,group-4262,3,0,-0.01862356715675839,0.06916003770387075,12,0.9896171191630415,42,64,largest,0.5
4314,group-4263,2,1,0.001823376505379004,0.08877754687432186,47,1.0099646556075244,42,64,largest,0.5
4315,group-4264,1,1,0.009649745582740898,0.12436071991633613,7,0.991622063238053,42,64,largest,0.5
4316,group-4265,0,1,0.013419222234326234,0.09000619300885852,40,0.9953626981900651,42,64,largest,0.5
4317,group-4266,4,0,-0.01909562407738674,0.06362913882131152,7,0.9987696073322996,42,64,largest,0.5
4318,group-4267,3,0,-0.023542469712952263,0.06374892618109565,11,0.9665285371979694,42,64,largest,0.5
4319,group-2064,2,0,-0.014332690617265609,0.07010118707059196,28,1.0019969188834985,42,64,largest,0.5
4320,group-4268,2,0,-0.042338668656124234,0.04610026091717869,35,0.9755714237722273,42,64,largest,0.5
4321,group-4269,1,1,0.009847835974410746,0.12474854119847949,7,0.9942449354513287,42,64,largest,0.5
4322,group-4270,4,0,-0.024972825388446362,0.05839846769992164,52,0.9907173542220348,42,64,largest,0.5
4323,group-4271,3,0,-0.03933623193623281,0.0489330474690514,11,0.9903957774943185,42,64,largest,0.5
4324,group-4272,2,1,0.0023384205168294203,0.08944122073909767,47,0.992934845606073,42,64,largest,0.5
4325,group-4273,1,0,-0.019731353745428115,0.07732223891324803,53,0.9840503142853821,42,64,largest,0.5
4326,group-4274,0,0,-0.026106774324272664,0.05281141872216099,11,0.9625128587220165,42,64,largest,0.5
4327,group-4275,4,0,-0.003525999963306714,0.07966310628400071,0,0.9967464332383827,42,64,largest,0.5
4328,group-4276,3,0,-0.02564192369485596,0.061561644128473515,58,1.0032974118697844,42,64,largest,0.5
4329,group-4277,2,0,-0.025794769779395765,0.059128126611104344,61,0.9958437312979448,42,64,largest,0.5
4330,group-4278,1,1,0.007113298788945399,0.11948573415323417,7,0.9950705282279385,42,64,largest,0.5
4331,group-4279,0,0,-0.013930760485623361,0.062374589752911457,12,0.9760326734293543,42,64,largest,0.5
4332,group-4280,3,0,-0.03162424470600078,0.05570800159351012,15,0.9844917826488583,42,64,largest,0.5
4333,group-4281,2,0,-0.05127208711231024,0.040250076372884275,13,0.9575773438537667,42,64,largest,0.5
4334,group-4282,1,0,-0.03578276483354337,0.05910602042857232,27,0.9856854047075678,42,64,largest,0.5
4335,group-4283,0,0,-0.018898504340502553,0.058291721933248226,6,0.9929197803551351,42,64,largest,0.5
4336,group-4284,4,0,-0.004922132713768623,0.0780865120245282,22,0.9855508196435693,42,64,largest,0.5
4338,group-4285,3,0,-0.0579273584047858,0.035675620269494945,17,0.9977186623096957,42,64,largest,0.5
4339,group-4286,2,0,-0.02191792912847057,0.06264641275491001,10,0.98117779257034,42,64,largest,0.5
4340,group-4287,1,0,-0.027098058690551707,0.0683977603055781,46,0.9822044708924961,42,64,largest,0.5
4341,group-4288,0,0,-0.07666621527764106,0.026084309476131974,5,0.926434009751315,42,64,largest,0.5
4342,group-4289,4,0,-0.0041169679194272835,0.07899223236609129,39,1.0045568267080833,42,64,largest,0.5
4343,group-4290,2,0,-0.013518859838836383,0.07094808393825411,9,0.9994810279152769,42,64,largest,0.5
4344,group-4291,1,0,-0.07880182626561516,0.028198175928376056,28,0.9432296034173635,42,64,largest,0.5
4345,group-4292,0,0,-0.02573454512613005,0.053082098212848525,31,0.9708587301145112,42,64,largest,0.5
4346,group-4293,4,0,-0.014150726515922418,0.06836507414473375,18,0.9860377331929051,42,64,largest,0.5
4347,group-4294,3,0,-0.07666803321330162,0.025845282434831075,45,0.9640318026648274,42,64,largest,0.5
4348,group-4295,2,0,-0.07662363919942561,0.02727781192368641,4,0.9414025497956512,42,64,largest,0.5
4349,group-4296,1,0,-0.09180184631806665,0.022459921273005064,19,0.9305612737314589,42,64,largest,0.5
4350,group-4297,0,0,-0.03677402957133846,0.0455872226120472,14,0.9755735730142071,42,64,largest,0.5
4351,group-4298,4,0,-0.01997030380502829,0.06282389577621005,9,0.9776251006062078,42,64,largest,0.5
4352,group-4299,3,0,-0.06219133284416478,0.033162581905685634,21,0.9370859864895097,42,64,largest,0.5
4353,group-4300,0,0,-0.017667908264156873,0.05927912906746862,30,0.9932510011944966,42,64,largest,0.5
4354,group-4301,4,0,-0.03310750057413392,0.05182167585630109,39,0.9715375565504154,42,64,largest,0.5
4355,group-4302,3,0,-0.04195064824173789,0.04681906140145968,41,0.9908958300610377,42,64,largest,0.5
4356,group-4303,2,0,-0.00843649087515097,0.07645395586562184,18,0.9945625324930606,42,64,largest,0.5
4357,group-4304,1,1,0.008905730989211325,0.1229133176410008,7,0.9988886260936749,42,64,largest,0.5
4358,group-4305,0,1,0.0025266052315108256,0.07787860931377302,40,0.9956181687113405,42,64,largest,0.5
4359,group-4306,4,0,-0.036051422497623054,0.04961881732485572,40,0.9791977191469484,42,64,largest,0.5
4360,group-4307,3,0,-0.01739850998996373,0.07057237334247828,40,0.9996210488253782,42,64,largest,0.5
4361,group-4308,2,1,0.0005635695064876156,0.08717288863412068,47,1.0011754578406156,42,64,largest,0.5
4362,group-4309,1,0,-0.018115848948259905,0.0794171661835698,50,0.9941560144954044,42,64,largest,0.5
4363,group-4310,4,0,-0.0497558748038206,0.04048452928385193,4,0.9501080656524127,42,64,largest,0.5
4364,group-4311,3,0,-0.06086339975010968,0.03392631808677081,22,0.981970406001731,42,64,largest,0.5
4365,group-4312,1,0,-0.03209669068863785,0.06289579956422611,31,0.9899982179822028,42,64,largest,0.5
4366,group-4313,2,0,-0.03841025540615284,0.04892170912511141,50,0.9719313982164631,42,64,largest,0.5
4367,group-4314,1,0,-0.051710587800275154,0.045067559093057576,31,0.9496654819701581,42,64,largest,0.5
4368,group-4315,0,0,-0.04705945602487105,0.039519879443951335,8,0.9598479326911519,42,64,largest,0.5
4369,group-4316,4,0,-0.041012749638556834,0.04610599702856801,4,0.9753497767301427,42,64,largest,0.5
4371,group-4317,3,1,0.005189573960769467,0.10181755327821124,37,0.9920220580782798,42,64,largest,0.5
4372,group-4318,2,0,-0.04325012191200173,0.04546812202876722,28,0.976620072331647,42,64,largest,0.5
4373,group-4319,1,1,0.0072997143098542105,0.11983832188142475,7,0.9947040482541248,42,64,largest,0.5
4374,group-4320,4,0,-0.018233260082732183,0.06443245278217809,52,0.9857166670683779,42,64,largest,0.5
4375,group-4321,3,0,-0.025289980902883258,0.06192335361669067,14,1.0068727956463381,42,64,largest,0.5
4376,group-4322,2,0,-0.02448362963357109,0.06029677589458627,61,0.9927855652924211,42,64,largest,0.5
4378,group-4323,1,0,-0.010941618211449344,0.08935948289838035,42,0.9887574107606824,42,64,largest,0.5
4379,group-4324,0,0,-0.010776548396889463,0.0651039743456252,38,0.9926902777835379,42,64,largest,0.5
4380,group-4325,4,1,0.01208394675576463,0.0993650482989297,35,0.9947926918307556,42,64,largest,0.5
4381,group-4326,3,0,-0.0720236481509352,0.028002889383636372,17,0.9702848858125194,42,64,largest,0.5
4382,group-4327,2,0,-0.03365448563958817,0.05255663751741063,50,0.9731539434945784,42,64,largest,0.5
4383,group-4328,1,0,-0.021667145639971297,0.07487871884921352,59,0.9903301302720466,42,64,largest,0.5
4384,group-4329,0,0,-0.0018814823205640652,0.07340991622873831,54,0.9910741021899112,42,64,largest,0.5
4385,group-4330,3,0,-0.037156637225136846,0.05076434383910108,18,1.006505172637113,42,64,largest,0.5
4386,group-4331,2,0,-0.051242963899537974,0.04026794038192195,5,0.957600169953895,42,64,largest,0.5
4387,group-4332,1,0,-0.04977383588715312,0.0465880057582443,22,0.9580896212696821,42,64,largest,0.5
4388,group-4333,0,0,-0.07419421013263006,0.027010662832097923,36,0.928143866959541,42,64,largest,0.5
4389,group-4334,4,0,-0.02038127780365606,0.06244883869937176,58,0.9959469703198278,42,64,largest,0.5
4390,group-4335,3,0,-0.07737628135247387,0.02553080321709791,17,0.9694410601554071,42,64,largest,0.5
4391,group-4336,2,0,-0.053090877263652136,0.03914936634746242,28,0.9614086635083842,42,64,largest,0.5
4392,group-4337,1,0,-0.007649282381251954,0.09428797419800346,20,0.9860360447608288,42,64,largest,0.5
4393,group-4338,0,0,-0.005346889605884586,0.07006390846208792,62,0.9866385465993706,42,64,largest,0.5
4395,group-4339,4,0,-0.034485761169242735,0.05077907993730463,10,0.9705773453554006,42,64,largest,0.5
4396,group-4340,2,1,0.002567082846179125,0.08973730145701465,47,0.980260981603797,42,64,largest,0.5
4397,group-4341,1,0,-0.025464766751741585,0.07029017456307807,3,0.9852691834991565,42,64,largest,0.5
4398,group-4342,0,0,-0.018301009973197946,0.05876919820818518,57,0.9929957691646256,42,64,largest,0.5
4399,group-4343,4,0,-0.062003329319469835,0.033703234962227595,33,0.9544965320998245,42,64,largest,0.5
4400,group-4344,3,0,-0.047288609663205916,0.042769617397492674,46,1.005927540252583,42,64,largest,0.5
4401,group-4345,2,0,-0.04787019695467043,0.04238891858755454,11,0.9513717028532933,42,64,largest,0.5
4402,group-4346,1,0,-0.10958357022551113,0.01642202597999474,28,0.9032189959868951,42,64,largest,0.5
4403,group-4347,0,0,-0.06879408923155883,0.029146857344202876,2,0.93240215207319,42,64,largest,0.5
4404,group-4348,4,0,-0.096689416702753,0.019937356487008735,20,0.9163239468941893,42,64,largest,0.5
4405,group-4349,3,0,-0.03908776624036647,0.04913860160288651,33,0.9757732641633733,42,64,largest,0.5
4406,group-4350,1,0,-0.01603544449057015,0.08219131857670044,9,0.9906362529124644,42,64,largest,0.5
4407,group-4351,0,0,-0.042880875031472976,0.041885358815220805,3,0.9700253151041339,42,64,largest,0.5
4408,group-4352,4,0,-0.02394966582919522,0.059279137587180154,53,0.9948742054016452,42,64,largest,0.5
4409,group-4353,3,0,-0.06774971499568516,0.030142281986901266,17,0.9831853667722064,42,64,largest,0.5
4410,group-4354,2,0,-0.07310940323893256,0.028797811690095584,26,0.9436995722800172,42,64,largest,0.5
4411,group-4355,1,0,-0.0469861789032292,0.048862319479332464,46,0.9551990651735188,42,64,largest,0.5
4412,group-4356,0,0,-0.08986385915826478,0.021638929070632144,5,0.9278478943990216,42,64,largest,0.5
4413,group-4357,4,0,-0.07820796200933311,0.026396972694341155,54,0.934451937058636,42,64,largest,0.5
4414,group-4358,3,0,-0.048949097907872274,0.041579667465231965,50,0.9524872818026263,42,64,largest,0.5
4415,group-4359,2,0,-0.04470151755585117,0.04447851662050283,41,0.953586151578764,42,64,largest,0.5
4416,group-4360,0,0,-0.03126549782925414,0.049191899063860366,29,0.9822631594379412,42,64,largest,0.5
4417,group-4361,4,0,-0.09411215936265971,0.020735356490220666,2,0.9414350777819642,42,64,largest,0.5
4418,group-4362,3,0,-0.05996262033914601,0.03445401641213468,3,0.9666322749955544,42,64,largest,0.5
4419,group-4363,2,0,-0.04237126526177637,0.04607750999418078,61,0.9721921024573151,42,64,largest,0.5
4420,group-4364,1,0,-0.022062924964122987,0.07438794890904511,3,0.9813632299600074,42,64,largest,0.5
4421,group-4365,0,0,-0.01680512246283916,0.05998073528211319,57,0.9652774268969726,42,64,largest,0.5
4422,group-4366,4,0,-0.016046472348693275,0.06651201264808797,19,0.9767826807818826,42,64,largest,0.5
4423,group-4367,3,0,-0.04093187991905256,0.04763229667000902,3,0.9447506598603602,42,64,largest,0.5
4424,group-4368,2,0,-0.014234637741136091,0.07020272646595903,7,0.9895825857859616,42,64,largest,0.5
4425,group-4369,1,0,-0.0071554109850837655,0.0950479544261902,0,0.9959829595743825,42,64,largest,0.5
4426,group-4370,4,0,-0.021529198892509926,0.06141228430024733,63,0.9825217576335257,42,64,largest,0.5
4427,group-4371,3,0,-0.01651971770259142,0.07160187691971891,3,0.9979233622656957,42,64,largest,0.5
4428,group-4372,2,0,-0.02491334488157393,0.05991139900268642,17,0.9775880221225692,42,64,largest,0.5
4429,group-4373,1,0,-0.03689279089390163,0.05800733994666789,3,0.9752956255918703,42,64,largest,0.5
4430,group-4374,0,0,-0.052379341650165334,0.03669324658825608,20,0.9669864343068847,42,64,largest,0.5
4431,group-4375,4,0,-0.06469344422333012,0.03236770320909139,18,0.9473472618759807,42,64,largest,0.5
4432,group-4376,3,0,-0.08179359178307688,0.023651903990449082,14,0.9317573927377097,42,64,largest,0.5
4433,group-4377,2,0,-0.04316168899688966,0.0455290913105059,59,0.9743448733057151,42,64,largest,0.5
4434,group-4378,1,0,-0.0401279981934366,0.05491360054857434,54,0.9804540880968537,42,64,largest,0.5
4435,group-4379,0,0,-0.011018002453494047,0.0648911721708878,31,0.981758472969151,42,64,largest,0.5
4436,group-4380,3,0,-0.08646769447620795,0.0218107604038672,35,0.9765453727497799,42,64,largest,0.5
4437,group-4381,2,0,-0.04786244040060694,0.04239391729053321,48,0.9772639607231579,42,64,largest,0.5
4438,group-4382,1,0,-0.026566633948527874,0.06900825608899745,62,0.961186802933529,42,64,largest,0.5
4439,group-4383,0,0,-0.03213905476885204,0.04860274249110696,19,0.9792163653762591,42,64,largest,0.5
4440,group-4384,4,0,-0.008212159063353375,0.07448361542524494,36,0.9819861644037553,42,64,largest,0.5
4441,group-4385,3,0,-0.04189272907178865,0.04686493949594243,18,0.9872426206869903,42,64,largest,0.5
4442,group-4386,2,0,-0.01580030861495474,0.06859752982450763,39,0.986807903931826,42,64,largest,0.5
4443,group-4387,1,0,-0.022511330885447767,0.07383549687326585,8,0.9705024356501841,42,64,largest,0.5
4444,group-4388,0,0,-0.02403299333517317,0.05433619608911627,49,0.9624809892892097,42,64,largest,0.5
4445,group-4389,4,1,0.003267911389808975,0.08775723176713038,35,0.9880515522287309,42,64,largest,0.5
4446,group-4390,2,0,-0.0034539616767075287,0.0822295387749423,18,1.0021470775560761,42,64,largest,0.5
4447,group-4391,1,0,-0.03519264618459517,0.05969801921861206,16,0.9804341812219565,42,64,largest,0.5
4448,group-4392,0,0,-0.02151914976475633,0.05624017177930137,6,0.9941579281718805,42,64,largest,0.5
4449,group-4393,4,0,-0.04636750270498968,0.042580661639129574,4,0.9570893680054589,42,64,largest,0.5
4450,group-4394,3,1,0.007440623134582824,0.10552827099205055,37,0.9646896246922443,42,64,largest,0.5
4451,group-4395,2,0,-0.025834505218111592,0.059093042993015314,4,0.9960146833724804,42,64,largest,0.5
4452,group-4396,1,0,-0.004323203392276875,0.09951287820545741,51,1.0091688257461147,42,64,largest,0.5
4453,group-4397,0,0,-0.05306622043292919,0.03634276951810376,2,0.9578471819497071,42,64,largest,0.5
4454,group-4398,4,0,-0.03107480093402848,0.05339631603422559,42,0.9677377778138093,42,64,largest,0.5
4455,group-4399,3,0,-0.11015716717518509,0.014434717332036481,41,0.9191955456446936,42,64,largest,0.5
4456,group-4400,0,0,-0.06125482302954022,0.03240525846691327,20,0.9538329817181694,42,64,largest,0.5
4457,group-4401,4,0,-0.053971077246635635,0.03801464875661384,33,0.9724775487430292,42,64,largest,0.5
4458,group-4402,3,0,-0.04374665785377396,0.04541745223932491,59,0.9620539772533372,42,64,largest,0.5
4459,group-4403,2,0,-0.008903312515509687,0.07593231814704943,38,0.9824760326008342,42,64,largest,0.5
4460,group-4404,1,0,-0.010440444553473927,0.09009443707972757,23,0.9900191765847804,42,64,largest,0.5
4461,group-4405,0,0,-0.06640229666572384,0.03014457589604199,47,0.9515148727805258,42,64,largest,0.5
4462,group-4406,4,0,-0.0456107156336758,0.04306280473914845,4,0.9776963086720578,42,64,largest,0.5
4463,group-4407,3,0,-0.009454113331753389,0.08039537768020921,29,0.9871002991550542,42,64,largest,0.5
4464,group-4408,2,0,-0.030996039013980514,0.0546982710176674,58,0.9775052787877234,42,64,largest,0.5
4465,group-4409,1,0,-0.07054764823086945,0.03255609570927973,52,0.9254393339816944,42,64,largest,0.5
4466,group-4410,4,0,-0.03524098969967271,0.05021623216337489,53,0.9697189133365979,42,64,largest,0.5
4467,group-4411,3,0,-0.06866264461879112,0.029672385396122915,6,0.9376327573819553,42,64,largest,0.5
4468,group-4412,2,0,-0.03437261145222703,0.051991844279883355,39,0.9767423642421403,42,64,largest,0.5
4469,group-4413,1,0,-0.049629675038261434,0.04670311002281895,61,0.9534545744811469,42,64,largest,0.5
4470,group-4414,0,0,-0.01674506758992267,0.06002985945670414,22,0.99450515404182,42,64,largest,0.5
4471,group-4415,4,0,-0.018189048306398337,0.06447389064497949,32,0.9940970968165298,42,64,largest,0.5
4472,group-4416,3,0,-0.02133244146790414,0.06612950157618529,33,0.9923675683653495,42,64,largest,0.5
4473,group-4417,2,1,0.0021080015569872046,0.08914375686643984,47,1.0020061336021044,42,64,largest,0.5
4474,group-4418,1,0,-0.0384366159563303,0.0565111310842744,34,0.9715449723017393,42,64,largest,0.5
4475,group-4419,0,0,-0.008236318028727596,0.06738242817285865,50,0.9955428506847669,42,64,largest,0.5
4476,group-4420,3,0,-0.06586770763986283,0.031133831701088417,18,1.011184505933871,42,64,largest,0.5
4477,group-4421,2,0,-0.035366748951072724,0.051219435095891136,51,0.9855924407483885,42,64,largest,0.5
4478,group-4422,1,0,-0.04473240283366342,0.050777673719068835,54,0.9719443233063308,42,64,largest,0.5
4479,group-3461,4,0,-0.02696380194734227,0.05671983688230655,23,0.977072101103105,42,64,largest,0.5
4480,group-4423,0,1,0.005280277800565392,0.0807951984527287,40,0.9939043068694073,42,64,largest,0.5
4481,group-3460,0,0,-0.029256548463021392,0.05057259523876815,29,0.9815128905002728,42,64,largest,0.5
4482,group-4424,4,0,-0.02463869218762016,0.05868471014653493,37,0.984586094152239,42,64,largest,0.5
4483,group-4425,3,0,-0.06999966796679291,0.028996996159082467,3,0.9641158330947883,42,64,largest,0.5
4484,group-4426,2,0,-0.026941895717973674,0.05812310955924185,35,1.0004155896711227,42,64,largest,0.5
4485,group-4427,1,0,-0.047210377929654546,0.048675577380789224,57,0.9686948696885239,42,64,largest,0.5
4487,group-4428,0,1,0.0015371981403896617,0.07685441248422462,40,0.9928888471388099,42,64,largest,0.5
4488,group-4429,4,0,-0.0063055403294690615,0.07655250619745972,63,0.9931684991983816,42,64,largest,0.5
4489,group-4430,2,0,-0.014230075324955904,0.0702074544195126,61,0.9905314425359489,42,64,largest,0.5
4490,group-4431,1,0,-0.061476365529522736,0.038095459454426585,33,0.9301816973857321,42,64,largest,0.5
4491,group-4432,0,0,-0.007705269261930048,0.0678680116611173,3,0.9862162826893501,42,64,largest,0.5
4492,group-4433,4,0,-0.04036035472822752,0.046554037747866595,47,0.9454272388189364,42,64,largest,0.5
4493,group-4434,3,0,-0.021770908348391238,0.06565072161429658,46,1.0078616004943632,42,64,largest,0.5
4494,group-4435,2,0,-0.017171570974620964,0.06721964662465281,34,0.9994376468150794,42,64,largest,0.5
4495,group-4436,1,0,-0.07374425121171024,0.030796096856530352,58,0.9267723557020088,42,64,largest,0.5
4496,group-4437,0,0,-0.0288880826408231,0.05082978249441966,47,0.9951557267293543,42,64,largest,0.5
4497,group-4438,4,0,-0.04715337053410129,0.04208545270605523,41,0.9555054553834931,42,64,largest,0.5
4498,group-4439,3,0,-0.01924240243159181,0.068456586016602,31,0.9533681844022142,42,64,largest,0.5
4499,group-4440,1,0,-0.11568744657690366,0.014742521470483976,30,0.8978550248563316,42,64,largest,0.5
4500,group-4441,0,1,0.020015449546215147,0.0981545474908536,40,0.9963044019928927,42,64,largest,0.5
4501,group-4442,4,1,0.002538921630752311,0.0868543398028045,35,1.0097280988088395,42,64,largest,0.5
4502,group-4443,3,0,-0.04950493203814421,0.04118846403575562,19,0.9846709941972507,42,64,largest,0.5
4503,group-4444,2,0,-0.01823256081781488,0.06617120355956493,39,0.9860353936735542,42,64,largest,0.5
4504,group-4445,1,0,-0.031003742432001102,0.06406238335593939,18,1.005590290505772,42,64,largest,0.5
4505,group-4446,0,1,0.012602897119328937,0.08904125781988453,40,0.9940249890252423,42,64,largest,0.5
4506,group-4447,4,0,-0.02980470801363211,0.05440300743561154,63,0.9705115515237859,42,64,largest,0.5
4507,group-4448,3,0,-0.0964102304771326,0.018348435294895115,8,0.945443878450976,42,64,largest,0.5
4508,group-4449,2,0,-0.07838251238436944,0.02654661807607803,10,0.95047523079891,42,64,largest,0.5
4509,group-4450,0,0,-0.046599566897451594,0.039773814919811426,18,0.9522826781040851,42,64,largest,0.5
4510,group-4451,4,0,-0.014281384579571621,0.06823583765425295,31,0.9956765378972686,42,64,largest,0.5
4511,group-4452,3,0,-0.06385735492519906,0.03222785985111283,15,0.962174222562227,42,64,largest,0.5
4512,group-4453,2,0,-0.02076460377136624,0.06373022359944068,12,0.979210915216586,42,64,largest,0.5
4513,group-4454,1,0,-0.036545133747302616,0.05834936638828981,22,0.972107903401672,42,64,largest,0.5
4514,group-4455,0,1,0.0071240348724479485,0.0828033794196828,40,0.9835817196455078,42,64,largest,0.5
4515,group-4456,4,0,-0.0545451085054699,0.03768969977278246,4,0.9658343339586498,42,64,largest,0.5
4516,group-4457,3,0,-0.06973699451938664,0.029128496237815986,53,0.9832117528124171,42,64,largest,0.5
4517,group-4458,2,0,-0.033495289185218935,0.05268262514903975,48,0.9828419345311366,42,64,largest,0.5
4518,group-4459,1,0,-0.06026187457688981,0.03890261678588781,36,0.9550639091934309,42,64,largest,0.5
4519,group-4460,4,0,-0.015998034143478557,0.06655877412122219,36,0.9728526290566005,42,64,largest,0.5
4520,group-4461,3,0,-0.06932695763049035,0.02933492668153438,12,0.9946014037490919,42,64,largest,0.5
4521,group-4462,2,1,0.0034888650648917663,0.09093983725087466,47,0.9879079185196467,42,64,largest,0.5
4522,group-4463,1,0,-0.02182002041527209,0.07468880100725205,10,0.9874363275720912,42,64,largest,0.5
4523,group-4464,0,0,-0.02204592213280765,0.05583606953218306,62,0.9928644815821787,42,64,largest,0.5
4524,group-4465,4,0,-0.032145966042658736,0.052560985928550415,55,0.9760536452302205,42,64,largest,0.5
4525,group-4466,3,0,-0.02062376356677531,0.06691020005444623,53,0.9612009642002449,42,64,largest,0.5
4526,group-4467,2,0,-0.055652044464088446,0.037648230826472596,26,0.9705948222518748,42,64,largest,0.5
4527,group-4468,1,0,-0.017554516338675885,0.08015714328850737,35,0.9933755637705433,42,64,largest,0.5
4528,group-4469,0,0,-0.016337174621532058,0.060364508913457744,20,0.9727615963443086,42,64,largest,0.5
4529,group-4470,3,0,-0.01244949951917329,0.07655308799508871,11,1.0048133984735204,42,64,largest,0.5
4530,group-4471,2,0,-0.02677835189488109,0.058265407281850735,46,0.9850149888099825,42,64,largest,0.5
4531,group-4472,1,0,-0.04225905843194189,0.052961326299390134,56,0.9704712763809958,42,64,largest,0.5
4532,group-4473,0,0,-0.022283729002718244,0.05565453739943102,29,0.9829100073132264,42,64,largest,0.5
4533,group-4474,4,0,-0.022824324360820714,0.06026212132471866,15,0.9738047840064155,42,64,largest,0.5
4534,group-4475,3,0,-0.06791798176320885,0.030055134233684264,49,0.924586661811319,42,64,largest,0.5
4535,group-4476,2,0,-0.05205432395722753,0.039773088227756125,32,0.9643708940520805,42,64,largest,0.5
4536,group-4477,1,0,-0.008319258014887532,0.09326570455951598,3,0.9806742474921574,42,64,largest,0.5
4537,group-4478,0,0,-0.07593419222530395,0.02635535601879565,23,0.9400012129287169,42,64,largest,0.5
4538,group-4479,4,0,-0.06585948596652613,0.03180483237465211,41,0.9516101024760307,42,64,largest,0.5
4539,group-4480,2,0,-0.044447729868050456,0.04465006279210664,39,0.9724703885908147,42,64,largest,0.5
4540,group-4481,1,0,-0.006272645893200979,0.0964200375370153,42,0.984439180981094,42,64,largest,0.5
4541,group-4482,0,0,-0.0809912592709302,0.024537404176124336,17,0.9252647622787006,42,64,largest,0.5
4542,group-4483,4,0,-0.04948437099610847,0.0406487806291493,38,0.9821047114515608,42,64,largest,0.5
4543,group-4484,3,0,-0.0017308535636202382,0.09112566774067135,31,0.9580679772429332,42,64,largest,0.5
4544,group-4485,2,0,-0.0531215191913208,0.0391310717912693,57,0.9452504204307585,42,64,largest,0.5
4545,group-4486,1,0,-0.07107768059850794,0.032257688590356236,56,0.9441368187903888,42,64,largest,0.5
4546,group-4487,0,0,-0.02545483943580762,0.05328635720071177,8,0.9587127047748769,42,64,largest,0.5
4547,group-4488,4,1,0.009100489049142624,0.09529142505855752,35,0.9885792518583559,42,64,largest,0.5
4548,group-4489,3,0,-0.017012444899405343,0.0710229525319995,42,1.00399470867593,42,64,largest,0.5
4549,group-4490,1,0,-0.03722191143125975,0.057685284267082124,22,0.9804965282590303,42,64,largest,0.5
4550,group-4491,0,0,-0.02873030918585484,0.05094028565592781,3,0.9591927658025815,42,64,largest,0.5
4551,group-4492,4,0,-0.017619677340855677,0.0650097601260086,24,1.0004639319305075,42,64,largest,0.5
4552,group-4493,3,0,-0.031336251244772684,0.05597738776678842,49,0.9735310769841891,42,64,largest,0.5
4553,group-4494,2,0,-0.08893069084219851,0.022545785401884334,57,0.9263680921671509,42,64,largest,0.5
4554,group-4495,1,0,-0.044999557731004725,0.05054697357978907,14,0.9562538227970501,42,64,largest,0.5
4555,group-4496,0,0,-0.016884688836830808,0.05991570889162076,44,0.9764462131758058,42,64,largest,0.5
4556,group-4497,4,0,-0.03968880347199877,0.047019558124601415,39,0.9724903491232392,42,64,largest,0.5
4557,group-4498,3,0,-0.05683382957537131,0.03634909890336609,33,0.9835109110016217,42,64,largest,0.5
4558,group-4499,2,0,-0.02935535787551291,0.05606075852182815,19,0.9698693918270876,42,64,largest,0.5
4559,group-4500,4,0,-0.016414882047368073,0.06615735319018978,23,0.9790436714475694,42,64,largest,0.5
4560,group-4501,3,0,-0.02599856637044451,0.06119711901529663,3,0.9884428720380909,42,64,largest,0.5
4562,group-4502,2,0,-0.03896667632196271,0.04851234098944483,19,0.9577564620465437,42,64,largest,0.5
4563,group-4503,1,0,-0.09211009697255956,0.022338727865963425,43,0.9176558549391985,42,64,largest,0.5
4564,group-4504,0,0,-0.027728542335617723,0.05164723527954242,29,0.9768282564160127,42,64,largest,0.5
4565,group-4505,4,0,-0.011511645147282867,0.07102444494281432,3,0.9851691702295546,42,64,largest,0.5
4566,group-4506,3,0,-0.05852706413054454,0.03531139394341882,31,0.9766873334370473,42,64,largest,0.5
4567,group-4507,2,0,-0.024526427646954008,0.060258290033208615,5,0.9796520382029698,42,64,largest,0.5
4568,group-4508,1,0,-0.027633179679533937,0.06778807819357686,43,0.979131338928692,42,64,largest,0.5
4569,group-4509,0,0,-0.038936559859531816,0.0442420033226497,21,0.9600059411873878,42,64,largest,0.5
4570,group-4510,3,0,-0.042288805762626946,0.046552056397389054,31,0.9746240610682317,42,64,largest,0.5
4571,group-4511,2,0,-0.03578369724497399,0.05089872285741742,19,0.9835981010294862,42,64,largest,0.5
4572,group-4512,1,0,-0.05207856440555747,0.04478407315525937,63,0.9671249637329309,42,64,largest,0.5
4573,group-4513,0,0,-0.04459443533544272,0.04089936804043919,37,0.9578625861995321,42,64,largest,0.5
4574,group-4514,4,1,0.00019216334497029752,0.0840045949977011,35,0.9947394645023178,42,64,largest,0.5
4575,group-4515,3,0,-0.06404783604951747,0.032122626625832366,38,0.9667429343990656,42,64,largest,0.5
4576,group-4516,2,0,-0.040770908820648155,0.04720718960824344,3,0.9706825157342763,42,64,largest,0.5
4577,group-4517,1,0,-0.04348659414144229,0.05186670263020436,22,0.9680311685504505,42,64,largest,0.5
4578,group-4518,0,0,-0.029921963564007448,0.05011125758849269,44,0.9726606474986651,42,64,largest,0.5
4579,group-4519,4,0,-0.10057001513262076,0.018792253026969817,58,0.9126397098866197,42,64,largest,0.5
4580,group-4520,2,0,-0.016019363754130822,0.06837567424620809,37,0.9713537453087053,42,64,largest,0.5
4581,group-4521,1,0,-0.06928548484275099,0.033277468226465344,31,0.9352868980667911,42,64,largest,0.5
4582,group-4522,0,0,-0.0563402272736383,0.034716039986621816,37,0.9511255949445329,42,64,largest,0.5
4583,group-4523,4,0,-0.03847604042442432,0.04787147934536023,62,0.956629784947032,42,64,largest,0.5
4584,group-4524,3,0,-0.02924131400647345,0.057974143087817176,31,0.9790437758199589,42,64,largest,0.5
4585,group-4525,2,0,-0.030104632483932137,0.05543461463317231,55,0.9865574249220711,42,64,largest,0.5
4586,group-4526,1,0,-0.019498436549705955,0.07762112338319849,10,0.9926379726447574,42,64,largest,0.5
4587,group-4527,0,0,-0.014603265320135561,0.06180663800063786,22,0.9983562041716667,42,64,largest,0.5
4588,group-4528,4,0,-0.06428461067162372,0.032567325657244565,2,0.9391121831458691,42,64,largest,0.5
4589,group-4529,3,0,-0.025177123081770225,0.06203976304424567,36,0.9782766090262877,42,64,largest,0.5
4590,group-4530,1,0,-0.049473879120153,0.046827808287671316,11,0.9309666689300454,42,64,largest,0.5
4591,group-4531,0,1,0.022716589343083626,0.10167708743229906,40,0.9794165488060247,42,64,largest,0.5
4592,group-4532,4,0,-0.010165591455981282,0.0724173566428168,53,1.0005321959403575,42,64,largest,0.5
4593,group-4533,3,0,-0.05447074047774336,0.037846493787916935,26,0.969132239784017,42,64,largest,0.5
4594,group-4534,2,0,-0.0798702436104054,0.025943055884173477,39,0.9440159433765279,42,64,largest,0.5
4595,group-4535,1,0,-0.022166200857969276,0.07426037336895074,22,1.0038997800220573,42,64,largest,0.5
4596,group-4536,0,0,-0.0010001002813982973,0.07428410897368476,6,0.9997370606429025,42,64,largest,0.5
4597,group-4537,4,0,-0.007250149563376662,0.07552099523021186,55,0.9997048969250143,42,64,largest,0.5
4598,group-4538,3,0,-0.06360526353759866,0.032367642779173984,48,0.9749136428125315,42,64,largest,0.5
4599,group-4539,2,0,-0.022354739833625348,0.06224043842117001,46,0.9882813337881026,42,64,largest,0.5
4600,group-4540,0,0,-0.011535063660488398,0.06443764313915558,50,0.9855257762320377,42,64,largest,0.5
4601,group-4541,4,0,-0.04017721074970182,0.04668055691468261,44,0.9611620594727293,42,64,largest,0.5
4602,group-4542,3,0,-0.03051916501250551,0.05674836653381855,48,0.9253972987130082,42,64,largest,0.5
4603,group-4543,2,0,-0.01678493391857161,0.06760552945387693,9,0.9997890041556529,42,64,largest,0.5
4604,group-4544,1,0,-0.014392277158241207,0.08444448983669635,0,0.9904647538723308,42,64,largest,0.5
4605,group-4545,0,0,-0.04586459913718721,0.04018288960576593,30,0.9548728974491109,42,64,largest,0.5
4606,group-4546,4,0,-0.0409306481206958,0.046162154800506394,17,0.9719853334951655,42,64,largest,0.5
4607,group-4547,3,0,-0.020206554821822875,0.06737380104398202,48,0.992918254022491,42,64,largest,0.5
4608,group-4548,2,0,-0.0551090358356644,0.03796180436189448,39,0.9617733659968216,42,64,largest,0.5
4609,group-4549,1,0,-0.04512998752750674,0.05043470247590347,60,0.9599473021345127,42,64,largest,0.5
4610,group-4550,4,0,-0.053854096171538024,0.038081198973550556,6,0.9518457116753621,42,64,largest,0.5
4611,group-4551,3,0,-0.04461032428525835,0.04475775891764832,46,0.9820273974009662,42,64,largest,0.5
4612,group-4552,2,0,-0.10287548878053021,0.01814975995134727,12,0.9232316923126501,42,64,largest,0.5
4613,group-4553,1,0,-0.04940874973668696,0.046880031300997514,8,0.9406417550839142,42,64,largest,0.5
4614,group-4554,0,0,-0.0279545733667399,0.05148691852663885,38,1.0049688908242083,42,64,largest,0.5
4615,group-4555,4,1,0.00395663273261504,0.08861803349632362,35,1.0114871539129044,42,64,largest,0.5
4616,group-4556,3,0,-0.05176179471163489,0.039635955756551794,48,0.9401910914434858,42,64,largest,0.5
4617,group-4557,2,0,-0.06649202829722867,0.03188601515479552,5,0.939058062804346,42,64,largest,0.5
4618,group-4558,1,0,-0.06634541852057307,0.035018150031760925,43,0.9606970701401415,42,64,largest,0.5
4619,group-4559,0,0,-0.05106007129768175,0.037375538167360375,47,0.9697376242839938,42,64,largest,0.5
4620,group-4560,3,0,-0.05350996314348544,0.03847209796613118,27,0.9963341051017505,42,64,largest,0.5
4621,group-4561,2,0,-0.03373571033788281,0.05249246620641923,3,0.9744314713452211,42,64,largest,0.5
4622,group-4562,1,0,-0.07457119062847295,0.030356007176502296,1,0.9463802979430598,42,64,largest,0.5
4623,group-4563,0,0,-0.0009381553900367212,0.0743459073782524,1,0.994608413886461,42,64,largest,0.5
4624,group-4564,4,1,0.0026396177755282357,0.08697855502948448,35,0.9985238367172248,42,64,largest,0.5
4625,group-4565,3,0,-0.06861941310182362,0.029694476160427585,22,0.9892490800703797,42,64,largest,0.5
4626,group-4566,2,0,-0.007582022574648017,0.07741728055616225,44,0.9830403547553115,42,64,largest,0.5
4627,group-4567,1,0,-0.02761878767282322,0.06780440936883363,2,0.9776699322358636,42,64,largest,0.5
4628,group-4568,0,0,-0.027606995373544718,0.05173363978505804,7,0.9984075929002987,42,64,largest,0.5
4629,group-4569,4,0,-0.088720361211434,0.02250723494838621,26,0.9350560732210442,42,64,largest,0.5
4630,group-4570,2,0,-0.040864465370660796,0.04714043038049163,5,0.9461120892913278,42,64,largest,0.5
4631,group-4571,1,0,-0.023175090012039767,0.07302465122889328,3,0.9899122404563576,42,64,largest,0.5
4632,group-4572,0,0,-0.038402808281035594,0.044570466415100755,29,0.9648596674775473,42,64,largest,0.5
4633,group-4573,4,0,-0.025612100394709847,0.05785446528373877,32,0.9928394780816767,42,64,largest,0.5
4634,group-4574,3,0,-0.05912937598297563,0.034949191910062766,26,0.9694539844237002,42,64,largest,0.5
4635,group-4575,2,0,-0.00925471019900903,0.07554181498351889,9,0.9928839098428821,42,64,largest,0.5
4636,group-4576,1,0,-0.023549471023413537,0.07257093450720659,16,0.9838287468387964,42,64,largest,0.5
4637,group-4577,0,0,-0.044852560429842536,0.040752780585511926,15,0.968531272600509,42,64,largest,0.5
4638,group-4578,4,0,-0.007488659212980808,0.0752625688214632,24,1.006026364210655,42,64,largest,0.5
4639,group-4579,3,0,-0.04103998716519819,0.04754536721470229,42,0.978898360738592,42,64,largest,0.5
4640,group-4580,1,0,-0.004738599209566763,0.09884653001339473,16,1.0002095882067572,42,64,largest,0.5
4641,group-4581,0,1,0.022116770488944115,0.10088531054242833,40,0.9839152322542287,42,64,largest,0.5
4642,group-4582,4,0,-0.009547424218878664,0.07306544680159985,40,0.9991695598754207,42,64,largest,0.5
4643,group-4583,3,0,-0.031444270589624734,0.055876204247163115,46,0.9975176768621523,42,64,largest,0.5
4644,group-4584,2,0,-0.008975233139789096,0.07585224329420513,17,0.9866857470064241,42,64,largest,0.5
4645,group-4585,1,0,-0.02911764982088927,0.06612305912724147,22,0.9816270936590158,42,64,largest,0.5
4646,group-4586,0,0,-0.07071105696960855,0.028370401833076233,17,0.9276315033538071,42,64,largest,0.5
4647,group-4587,4,0,-0.023164045307673353,0.059963779068634225,31,0.9956951844032815,42,64,largest,0.5
4648,group-4588,3,0,-0.05561247911945921,0.03711576182181251,27,0.9895240552172051,42,64,largest,0.5
4649,group-4589,2,0,-0.017450821590054955,0.06694221297113657,54,0.9870972932569103,42,64,largest,0.5
4650,group-4590,0,0,-0.016587635421464575,0.06015881593908454,15,0.9980804231408219,42,64,largest,0.5
4651,group-4591,4,0,-0.0204191075731055,0.06241442028366356,37,0.9863164371751822,42,64,largest,0.5
4652,group-4592,3,0,-0.03712235691938737,0.050793658097323516,58,0.9787801279193605,42,64,largest,0.5
4653,group-4593,2,0,-0.013441812357034566,0.07102874975970971,16,0.9834637372078608,42,64,largest,0.5
4654,group-4594,1,0,-0.027679329948493647,0.067735734268726,13,0.9752928909336,42,64,largest,0.5
4655,group-4595,0,0,-0.009395273608054033,0.0663338699848974,32,0.9971062811018796,42,64,largest,0.5
4656,group-4596,4,0,-0.025493210666065136,0.0579552752937015,4,0.9813424965160124,42,64,largest,0.5
4657,group-4597,3,0,-0.05399131385446698,0.03815743823839757,60,0.9769579946922868,42,64,largest,0.5
4658,group-4598,2,0,-0.047773107236879775,0.04245152857509516,59,0.961207161616258,42,64,largest,0.5
4659,group-4599,1,0,-0.035611390140612986,0.059277371939675715,31,0.9741654760292364,42,64,largest,0.5
4660,group-4600,3,1,0.0007289006334540993,0.09480499036003158,37,0.9868940069886258,42,64,largest,0.5
4661,group-4601,2,0,-0.010246771764941709,0.07444928499137024,22,0.992199659162774,42,64,largest,0.5
4662,group-4602,1,0,-0.01035570980794065,0.09021923469071164,62,0.9937171660530751,42,64,largest,0.5
4663,group-4603,0,0,-0.029265458022191604,0.050566391692298866,63,0.976383411031047,42,64,largest,0.5
4664,group-4604,4,0,-0.034880180552252615,0.050484390763291385,11,0.9892220512616711,42,64,largest,0.5
4665,group-4605,3,0,-0.036046602057740684,0.051721752652571326,2,0.9633665834696084,42,64,largest,0.5
4666,group-4606,2,0,-0.03999911014120683,0.04776136066220393,54,0.9768587536866259,42,64,largest,0.5
4667,group-4607,1,0,-0.03722133902238489,0.05768584292884917,31,0.9655747005298115,42,64,largest,0.5
4668,group-4608,0,0,-0.0181055968154461,0.05892615309122959,26,0.993167150726252,42,64,largest,0.5
4669,group-4609,4,0,-0.055700894390988465,0.03704350848927111,13,0.956950626564901,42,64,largest,0.5
4670,group-4610,2,0,-0.00727122245674483,0.07777042511885345,4,0.9805620686717322,42,64,largest,0.5
4671,group-4611,1,0,-0.019958441063332333,0.07703185099059114,23,0.993671694525785,42,64,largest,0.5
4672,group-4612,0,0,-0.030026515588502112,0.05003913417078427,55,0.9551721780126975,42,64,largest,0.5
4673,group-4613,4,0,-0.023615093758073913,0.0595698057381377,24,0.9857391288966311,42,64,largest,0.5
4674,group-4614,3,0,-0.02221030577852179,0.06517416027011366,48,0.969687683736646,42,64,largest,0.5
4675,group-4615,2,0,-0.08729521901546278,0.023125107441083217,19,0.9190620804636005,42,64,largest,0.5
4676,group-4616,1,0,-0.03517263104875967,0.0597181951754806,31,0.9672223951849879,42,64,largest,0.5
4677,group-4617,0,0,-0.00773338427226955,0.06784222255405455,33,0.9838769122819682,42,64,largest,0.5
4678,group-4618,4,0,-0.07303302325074223,0.02854487911477327,26,0.9404830487390842,42,64,largest,0.5
4679,group-4619,3,0,-0.06796082840175788,0.030032982379451862,53,0.9565320964808788,42,64,largest,0.5
4680,group-4620,1,0,-0.018317173404362452,0.07915329426539101,6,0.968421505583026,42,64,largest,0.5
4681,group-4621,0,0,-0.0661905257292803,0.03023449280416323,24,0.9517646701461637,42,64,largest,0.5
4683,group-4622,4,0,-0.0077031928257410565,0.07503081477701065,31,0.9893380657237234,42,64,largest,0.5
4684,group-4623,3,0,-0.07752147113548513,0.025466797214825344,14,0.9606845517197945,42,64,largest,0.5
4685,group-4624,2,0,-0.033595841562955475,0.05260301513516012,61,0.9854315195081892,42,64,largest,0.5
4686,group-4625,1,0,-0.013789601795601958,0.08528486280284618,54,0.9876784485531004,42,64,largest,0.5
4687,group-4626,0,0,-0.018893579855190135,0.05829564232852384,3,0.9843451791076496,42,64,largest,0.5
4688,group-4627,4,0,-0.053707771689627815,0.038164600099167036,55,0.9701927303619137,42,64,largest,0.5
4689,group-4628,3,0,-0.0341269244363861,0.053417882228192146,43,0.9831068208426358,42,64,largest,0.5
4690,group-4629,2,0,-0.018053474917857804,0.06634709954189233,17,0.9816536545707549,42,64,largest,0.5
4691,group-4630,0,0,-0.1073354848855822,0.016877360556685192,5,0.8989577089613338,42,64,largest,0.5
4692,group-4631,4,0,-0.014249218102638905,0.06826763313193368,42,0.9808865210689455,42,64,largest,0.5
4693,group-4632,3,0,-0.005219819562341854,0.0861272309702461,58,0.9529981026740193,42,64,largest,0.5
4694,group-4633,2,1,0.008085827952391766,0.09715573622694415,47,0.9942985546572761,42,64,largest,0.5
4695,group-4634,1,1,0.00020015230690118013,0.10703103076471855,7,0.9975712124264483,42,64,largest,0.5
4696,group-4635,0,0,-0.004398395403170885,0.07096544487694229,32,0.9982363516098834,42,64,largest,0.5
4697,group-4636,4,0,-0.02296098590693063,0.060141938776962126,33,0.9889355679837886,42,64,largest,0.5
4698,group-4637,3,0,-0.06894414594607368,0.02952893087937743,45,0.9603790093806722,42,64,largest,0.5
4699,group-4638,2,0,-0.02722059889496553,0.05788136401615927,5,0.9765121606478037,42,64,largest,0.5
4700,group-4639,1,0,-0.006819003917770461,0.0955687596133154,3,0.9985914957957187,42,64,largest,0.5
4701,group-4640,4,0,-0.023103334465376935,0.06001699354080347,37,0.9896220634778915,42,64,largest,0.5
4702,group-4641,3,0,-0.031485031158531185,0.05583806787783716,58,0.9508914982008349,42,64,largest,0.5
4703,group-4642,2,0,-0.055325474194862445,0.0378365171990522,33,0.964099072740313,42,64,largest,0.5
4704,group-4643,1,0,-0.030031085755818254,0.06511749166759326,46,0.9750225338341304,42,64,largest,0.5
4705,group-4644,0,0,-0.00840137517839179,0.06723216002871411,38,1.0003069466268668,42,64,largest,0.5
4706,group-4645,4,0,-0.024520185768963643,0.05878654690930861,53,0.9891729275210683,42,64,largest,0.5
4707,group-4646,3,0,-0.03536312165959743,0.052319722958544576,49,0.9682381662698282,42,64,largest,0.5
4708,group-4647,2,1,0.00731544783873217,0.09608823329891622,47,0.9886403444096168,42,64,largest,0.5
4710,group-4648,1,0,-0.017084003175737106,0.0807822407899334,31,0.9736788572952512,42,64,largest,0.5
4711,group-4649,0,0,-0.02559331015597255,0.05318514448003039,55,0.9714003597866206,42,64,largest,0.5
4712,group-4650,3,0,-0.0788313114383864,0.024896383619922618,33,0.9345806214398867,42,64,largest,0.5
4713,group-4651,2,0,-0.08698248202868508,0.023237529891021846,57,0.9424643364370449,42,64,largest,0.5
4714,group-4652,1,0,-0.07344731967591411,0.030955623590276024,12,0.9323269756003499,42,64,largest,0.5
4715,group-4653,0,0,-0.0040964661029990745,0.07125466734303121,4,0.9909416014816681,42,64,largest,0.5
4716,group-4654,4,0,-0.08858752370929213,0.022552705916626222,34,0.9231120664574628,42,64,largest,0.5
4717,group-4655,3,0,-0.04603442737623842,0.043689893515678375,55,0.9968130702279471,42,64,largest,0.5
4718,group-4656,2,0,-0.04033941380372097,0.0475162564205441,59,0.964497529435888,42,64,largest,0.5
4719,group-4657,1,0,-0.021574269491656306,0.07499431643615172,22,0.9789974227832174,42,64,largest,0.5
4720,group-4658,0,0,-0.04441373576736396,0.04100228631277758,50,0.9797734316134961,42,64,largest,0.5
4721,group-4659,4,0,-0.034316141374777676,0.05090631085264706,6,0.9571910423724057,42,64,largest,0.5
4722,group-4660,2,0,-0.004720189403401465,0.08072518549113443,54,0.9968944026579738,42,64,largest,0.5
4723,group-4661,1,0,-0.029699452731027032,0.06548091837321829,28,0.9792662288895042,42,64,largest,0.5
4724,group-4662,0,0,-0.07550538160908093,0.026515402675253173,5,0.9150199473448806,42,64,largest,0.5
4725,group-4663,4,0,-0.042840733352775495,0.044872365500423075,5,0.9722002357167271,42,64,largest,0.5
4726,group-4664,3,0,-0.10570256123855937,0.015603260200715799,45,0.9091727196018986,42,64,largest,0.5
4727,group-4665,2,0,-0.02914407404144892,0.05623852037953808,27,0.9809197332290532,42,64,largest,0.5
4728,group-4666,1,0,-0.04287938263283653,0.05240546883950144,10,0.9778160460278794,42,64,largest,0.5
4729,group-4667,0,0,-0.01990974627684461,0.05749189047663457,23,0.9853716891949834,42,64,largest,0.5
4730,group-4668,4,0,-0.04276324276737831,0.04492401629170959,54,0.9605904780967249,42,64,largest,0.5
4731,group-4669,3,0,-0.10056221515774577,0.017067686368494567,17,0.935006799848655,42,64,largest,0.5
4732,group-4670,1,0,-0.03610278062187977,0.05878729007342207,59,0.9837286546712817,42,64,largest,0.5
4733,group-4671,0,0,-0.02414702508221689,0.05425128512738677,62,0.981532836459126,42,64,largest,0.5
4734,group-4672,4,0,-0.04625795082385897,0.042650135640675796,47,0.9600911849392404,42,64,largest,0.5
4735,group-4673,3,0,-0.0667179619467293,0.030682018430908013,3,0.9582473713105453,42,64,largest,0.5
4736,group-4674,2,0,-0.07369167326909609,0.02854040163893137,5,0.9226996050643032,42,64,largest,0.5
4737,group-4675,1,0,-0.03432604111101811,0.06057745647057232,31,0.9770680132189656,42,64,largest,0.5
4738,group-4676,0,0,-0.03088166294909167,0.049452906570538295,34,0.9733571975478702,42,64,largest,0.5
4739,group-4677,4,0,-0.0646645039756607,0.03238179497482296,34,0.9429711599135907,42,64,largest,0.5
4740,group-4678,3,0,-0.020242028510975896,0.06733426715692378,58,0.985237250145224,42,64,largest,0.5
4741,group-4679,2,0,-0.026766229787845375,0.05827596759700303,22,0.9753887023903892,42,64,largest,0.5
4742,group-4680,0,0,-0.043631826298243026,0.04145049035752088,22,0.9547615829860089,42,64,largest,0.5
4743,group-4681,4,0,-0.012292428839301373,0.0702278601306489,7,0.9909241526159016,42,64,largest,0.5
4744,group-4682,3,0,-0.0540954790444117,0.03808967129100757,58,0.9886736780195886,42,64,largest,0.5
4745,group-4683,2,0,-0.05039426892388643,0.04079187296688957,17,0.961027982972316,42,64,largest,0.5
4746,group-4684,1,1,0.01702318505997058,0.1395083430006945,7,0.9736779841733719,42,64,largest,0.5
4747,group-4685,0,0,-0.03246620282811108,0.048383830696841566,34,0.9606830612477034,42,64,largest,0.5
4748,group-4686,4,1,0.012486104197063086,0.09992585823305652,35,0.9889309829375653,42,64,largest,0.5
4749,group-4687,3,0,-0.025036431970412498,0.06218516784655777,38,0.9757326913221142,42,64,largest,0.5
4750,group-4688,2,0,-0.026965693337135388,0.058102430702332085,17,0.9815922304380966,42,64,largest,0.5
4751,group-4689,1,0,-0.054983893919628435,0.042604799829749594,13,0.9370727563346976,42,64,largest,0.5
4752,group-4690,4,0,-0.029383131672312213,0.054741090322188525,44,0.9767969499201178,42,64,largest,0.5
4753,group-4691,3,0,-0.0729391061847936,0.027564194077621146,6,0.941315976769343,42,64,largest,0.5
4754,group-4692,2,0,-0.025935654205469394,0.059003823521665784,3,0.9691766274648747,42,64,largest,0.5
4755,group-4693,1,0,-0.04562223401640675,0.05001311127428556,28,0.9617693358586723,42,64,largest,0.5
4756,group-4694,0,0,-0.026591544877909268,0.05246085451754876,36,0.980779216124883,42,64,largest,0.5
4757,group-4695,4,0,-0.017844509367216377,0.0647976637465284,0,0.9925724973223558,42,64,largest,0.5
4758,group-4696,3,0,-0.021393367711770694,0.0660627801397688,33,0.999699366018605,42,64,largest,0.5
4759,group-4697,2,0,-0.05723521124091624,0.03674813770944587,11,0.963260908585009,42,64,largest,0.5
4760,group-4698,1,0,-0.027374855685628252,0.06808176405252173,43,0.9762538623609779,42,64,largest,0.5
4761,group-4699,0,1,0.0016643735686791006,0.07698536480239764,40,0.9950160887203167,42,64,largest,0.5
4762,group-4700,2,0,-0.028000517511063694,0.05720987366072222,45,0.9803359162272417,42,64,largest,0.5
4763,group-4701,1,0,-0.030523651455446776,0.06458116606007695,0,0.9845428331422972,42,64,largest,0.5
4764,group-4702,0,0,-0.057500547193378826,0.034156542848334165,48,0.9538600668219336,42,64,largest,0.5
4765,group-4703,4,0,-0.03232923408879862,0.05241930949922408,51,0.9844921663150987,42,64,largest,0.5
4766,group-4704,3,0,-0.04431579310755385,0.04498169764531948,28,0.9846488999430306,42,64,largest,0.5
4767,group-4705,2,0,-0.03155603113748073,0.05424041409619683,17,0.9985350307902772,42,64,largest,0.5
4768,group-4706,1,0,-0.017301213300921048,0.08049311690945007,62,0.9952916429512174,42,64,largest,0.5
4769,group-4707,0,1,0.0005575194420839313,0.07585246636800534,40,1.0002521041134251,42,64,largest,0.5
4770,group-4708,4,0,-0.023526632606926334,0.059646881517400635,31,0.9777116479458043,42,64,largest,0.5
4771,group-4709,3,0,-0.0532814827184509,0.03862232640395998,17,0.951754970606904,42,64,largest,0.5
4772,group-4710,1,0,-0.050348246173762434,0.046132045917023815,30,0.9586869881982317,42,64,largest,0.5
4773,group-4711,0,0,-0.006704081167984155,0.06879231824347784,19,1.0005588495672164,42,64,largest,0.5
4774,group-4712,4,0,-0.023832951317701023,0.05938038509363636,17,0.9828003465272422,42,64,largest,0.5
4775,group-4713,3,1,0.024299858993088175,0.13727005766139364,37,0.9643636234838976,42,64,largest,0.5
4776,group-4714,2,0,-0.03967559048652125,0.04799548935680454,54,0.9847225032245649,42,64,largest,0.5
4777,group-4715,1,0,-0.08113458649101235,0.027072825513836215,22,0.9265402907072523,42,64,largest,0.5
4778,group-4716,0,0,-0.037544121653084406,0.04510377305374932,27,0.9680416112828653,42,64,largest,0.5
4779,group-4717,4,0,-0.04697366295962768,0.04219820627608229,41,0.9629263960048139,42,64,largest,0.5
4780,group-4718,3,0,-0.058626456682028705,0.03525137577125422,31,0.9455266679293182,42,64,largest,0.5
4781,group-4719,2,0,-0.0855299618852099,0.023766711986911587,2,0.9240001747680027,42,64,largest,0.5
4782,group-4720,0,0,-0.2062986812539137,0.0040703861774193,43,0.8179762219877939,42,64,largest,0.5
4783,group-4721,4,0,-0.05223563012171162,0.039013497981131774,11,0.9532947644203086,42,64,largest,0.5
4784,group-4722,3,0,-0.08088937289823994,0.024025196388512242,6,0.9196837300313202,42,64,largest,0.5
4785,group-4723,2,0,-0.02883743018029561,0.05649745569620799,15,0.9850302126270516,42,64,largest,0.5
4786,group-4724,1,0,-0.004409556300712603,0.09937402890396194,54,0.9960618213499858,42,64,largest,0.5
4787,group-4725,0,1,0.002187281147441489,0.07752595358709173,40,1.0035534267081867,42,64,largest,0.5
4788,group-4726,4,0,-0.023546163868996217,0.05962985599153631,5,0.9834866430255074,42,64,largest,0.5
4789,group-4727,3,0,-0.05543628260565636,0.03722763887381303,18,0.9856567454669715,42,64,largest,0.5
4791,group-4728,2,0,-0.0003581120696261042,0.08601557718171852,18,1.007009478339613,42,64,largest,0.5
4792,group-4729,1,0,-0.011244359203637755,0.08891814717675205,15,1.0024839419497822,42,64,largest,0.5
4793,group-4730,4,0,-0.002578485179824286,0.08074960355524066,19,1.0015491288106106,42,64,largest,0.5
4794,group-4731,3,0,-0.059878374123808586,0.0345037727234219,18,0.9970095262516409,42,64,largest,0.5
4795,group-4732,2,0,-0.02872697805765312,0.05659099762565355,34,0.9917587123867271,42,64,largest,0.5
4796,group-3278,4,0,-0.004124213262203136,0.07898403950485317,44,0.9862742138261473,42,64,largest,0.5
4797,group-4733,1,0,-0.05450497353803696,0.0429569285962983,8,0.9404032263876685,42,64,largest,0.5
4798,group-4734,0,0,-0.046649644440229565,0.03974608805960009,32,0.9536722081286684,42,64,largest,0.5
4799,group-4735,4,0,-0.07761798495557315,0.026633677985270606,4,0.9445063457604201,42,64,largest,0.5
4800,group-4736,3,0,-0.02267242194899355,0.06467643216058747,11,0.9711144647260568,42,64,largest,0.5
4801,group-4737,2,0,-0.030041089915750052,0.055487458565584874,20,0.9811969539498026,42,64,largest,0.5
4802,group-4738,1,0,-0.03626048187417652,0.05863081561280437,31,0.9801792526664954,42,64,largest,0.5
4803,group-4739,0,0,-0.014769420640211806,0.06166706055766854,57,0.9766507034696047,42,64,largest,0.5
4804,group-4740,3,0,-0.0714292822288265,0.02829133725751943,17,0.9697641389766596,42,64,largest,0.5
4805,group-4741,2,0,-0.021764411448853993,0.06278967888488571,9,1.006307954378414,42,64,largest,0.5
4806,group-4742,1,0,-0.007508943272382607,0.09450337570386355,16,0.9921039656766935,42,64,largest,0.5
4807,group-4743,0,0,-0.00816361531725085,0.06744871557460747,57,0.9945768848261662,42,64,largest,0.5
4808,group-4744,4,0,-0.013110785836499828,0.06940181306523695,36,0.9894160754281864,42,64,largest,0.5
4809,group-4745,3,0,-0.042896550814919165,0.046075825358709036,18,0.9875630256998374,42,64,largest,0.5
4810,group-4746,2,0,-0.0751534790555608,0.0279039697233528,10,0.9384272892903176,42,64,largest,0.5
4812,group-4747,1,0,-0.05025380426058779,0.04620671995258067,22,0.9646243424139718,42,64,largest,0.5
4813,group-4748,0,0,-0.04200163170326243,0.042400064819651556,55,0.9472589990586086,42,64,largest,0.5
4814,group-4749,4,0,-0.001908486447551594,0.08152601901827418,31,0.9953564085137239,42,64,largest,0.5
4815,group-4750,2,0,-0.011441225600978155,0.0731531527907152,54,0.9854025798566118,42,64,largest,0.5
4816,group-4751,1,0,-0.028976388455448254,0.06627985099928546,2,0.9715565854968183,42,64,largest,0.5
4817,group-4752,0,0,-0.024853323422085016,0.05372813796341543,32,0.9892416429337149,42,64,largest,0.5
4818,group-4753,4,0,-0.013323259299650947,0.06918881790863811,12,0.9875393409903118,42,64,largest,0.5
4819,group-4754,3,0,-0.043203870471062444,0.04583677715551421,25,0.9887083825627567,42,64,largest,0.5
4820,group-4755,2,0,-0.008985880610248631,0.07584039522217281,9,0.982923643799428,42,64,largest,0.5
4821,group-4756,1,0,-0.02141493707819342,0.07519301034513944,10,0.9950222852428016,42,64,largest,0.5
4822,group-4757,0,0,-0.006141121094809909,0.06931715628867322,58,0.9952617275030107,42,64,largest,0.5
4823,group-4758,4,0,-0.010850285203094168,0.07170570848211871,31,0.9819713073630629,42,64,largest,0.5
4824,group-4759,3,0,-0.03861718661967739,0.04953015513080077,42,1.00261040766017,42,64,largest,0.5
4825,group-4760,1,0,-0.0054378970197438425,0.09773373714369256,8,0.9979212479748379,42,64,largest,0.5
4826,group-4761,0,0,-0.03563026176850659,0.04631437442756424,22,0.9866030942960032,42,64,largest,0.5
4827,group-4762,4,0,-0.04193299567593978,0.04548097806894193,32,0.9792875433465567,42,64,largest,0.5
4828,group-4763,3,0,-0.05696601622858066,0.03626704267174438,45,0.9765373668009717,42,64,largest,0.5
4829,group-4764,2,0,-0.024441599681273907,0.060334593468055746,6,0.9988248144041314,42,64,largest,0.5
4830,group-4765,1,0,-0.05015009544245386,0.04628885371107326,44,0.9570957869143504,42,64,largest,0.5
4831,group-4766,0,0,-0.031109410526662495,0.049297880375955894,32,0.9789201070605831,42,64,largest,0.5
4832,group-4767,4,0,-0.050484651080999754,0.040046779947846514,37,0.9568027717193108,42,64,largest,0.5
4833,group-4768,3,0,-0.05569319556149255,0.037064618449787444,3,0.9454591967795638,42,64,largest,0.5
4834,group-4769,2,0,-0.01966985334202398,0.06477513273803251,35,0.984689447319718,42,64,largest,0.5
4835,group-4770,0,0,-0.06436566516789011,0.03102015977021164,43,0.946621892365983,42,64,largest,0.5
4836,group-4771,4,0,-0.041737868997795635,0.04561282783946555,26,0.9650642307515396,42,64,largest,0.5
4837,group-4772,3,0,-0.042490214717423536,0.04639371524259641,11,0.9785095748016488,42,64,largest,0.5
4838,group-4773,2,0,-0.004571727410720761,0.08090025939140996,61,0.984956876653545,42,64,largest,0.5
4839,group-4774,1,0,-0.011788619356518537,0.088129669524718,3,0.9868002411173731,42,64,largest,0.5
4840,group-4775,0,0,-0.11891707672137697,0.014305271346989832,5,0.8929383827638413,42,64,largest,0.5
4841,group-4776,4,0,-0.009867594596818852,0.07272911402786547,10,0.9874261707517641,42,64,largest,0.5
4842,group-4777,3,0,-0.09693154646450985,0.01818258862476838,6,0.9463605029252417,42,64,largest,0.5
4843,group-4778,2,0,-0.019610840281800046,0.06483190969515891,3,0.9761065748438288,42,64,largest,0.5
4844,group-4779,1,0,-0.004482832568681205,0.0992563411158595,54,1.002840511292939,42,64,largest,0.5
4845,group-4780,4,0,-0.016569434516246928,0.06600909293474677,7,0.9835321530723923,42,64,largest,0.5
4846,group-4781,3,0,-0.10572081363332286,0.015598287183136932,21,0.9362937687977114,42,64,largest,0.5
4847,group-4782,2,0,-0.047511912332503625,0.04262040361304618,45,0.9309362453148364,42,64,largest,0.5
4848,group-4783,1,0,-0.06088702347042174,0.038485110675657574,28,0.9651559369276548,42,64,largest,0.5
4849,group-4784,0,0,-0.033372140215877866,0.04778249516134411,15,0.9658617875560833,42,64,largest,0.5
4850,group-4785,4,0,-0.020741616409973407,0.062121712327482086,23,0.984702144248846,42,64,largest,0.5
4851,group-4786,3,0,-0.0569204089082066,0.03629533372508322,46,0.9952376073204935,42,64,largest,0.5
4852,group-4787,2,0,-0.03366572286963343,0.05254775516559192,4,0.9719570531967249,42,64,largest,0.5
4853,group-4788,1,0,-0.01669637542141067,0.08130055843121337,14,0.9784520071044533,42,64,largest,0.5
4856,group-4789,0,0,-0.08126024775474616,0.024444207664333722,61,0.9278532411243878,42,64,largest,0.5
4857,group-4790,3,0,-0.06057076912197745,0.034096887302166576,40,0.9744090020313985,42,64,largest,0.5
4858,group-4791,2,0,-0.008590889813185454,0.07628106402233828,16,0.9980828830123527,42,64,largest,0.5
4859,group-4792,1,0,-0.017201414014572203,0.08062584023019125,3,0.9795636038055459,42,64,largest,0.5
4860,group-4793,0,0,-0.05494572696339284,0.03540015141171182,60,0.9492774917782603,42,64,largest,0.5
4861,group-4794,4,0,-0.032216445970118635,0.052506458261263385,2,0.9629687510014192,42,64,largest,0.5
4862,group-4795,3,0,-0.033268360135476516,0.054193336836407736,36,0.9974325491607424,42,64,largest,0.5
4863,group-4796,2,0,-0.01032053525564336,0.07436863425609465,61,0.9901413649313796,42,64,largest,0.5
4864,group-4797,1,0,-0.009848824763121766,0.09096903334693215,56,0.9858223902966531,42,64,largest,0.5
4865,group-4798,0,1,0.005047459274299393,0.08054479936783907,40,0.9960199342279789,42,64,largest,0.5
4866,group-4799,4,0,-0.01295622851826661,0.06955713094256094,32,0.9832577222156401,42,64,largest,0.5
4867,group-4800,1,1,0.0008698006027125782,0.10818561072973182,7,1.000651071818996,42,64,largest,0.5
4868,group-4801,0,0,-0.023806552362319544,0.05450518130674408,58,0.9966944542387245,42,64,largest,0.5
4869,group-4802,4,0,-0.015043512723539987,0.06748650371224418,51,0.9898612103310225,42,64,largest,0.5
4870,group-4803,3,0,-0.04335361315970876,0.04572072821308163,46,1.0050753209811816,42,64,largest,0.5
4871,group-4804,2,0,-0.00882476570098889,0.07601985908777643,34,0.9927001350537575,42,64,largest,0.5
4872,group-4805,1,0,-0.037585360336084506,0.057331587809724964,23,0.9856339500484148,42,64,largest,0.5
4873,group-4806,0,0,-0.036643546954444495,0.045669624572614705,52,0.9749743609366591,42,64,largest,0.5
4874,group-4807,4,0,-0.0339717991709122,0.05116552855784373,7,0.9787359290240693,42,64,largest,0.5
4875,group-4808,3,0,-0.023480415303137603,0.06381466610305361,11,1.0033393629749796,42,64,largest,0.5
4876,group-4809,2,0,-0.009840506343533617,0.0748949261078225,61,1.0053877554151305,42,64,largest,0.5
4877,group-4810,0,0,-0.05652243661209022,0.0346275989021574,3,0.9623050948907557,42,64,largest,0.5
4878,group-4811,4,0,-0.04398506391230961,0.044116179755506066,2,0.9634892479889703,42,64,largest,0.5
4879,group-4812,3,1,0.017274916144331298,0.12316624892443243,37,0.9733402837683605,42,64,largest,0.5
4880,group-4813,2,0,-0.03397568079626723,0.05230331040127843,24,0.9676585847721204,42,64,largest,0.5
4881,group-4814,1,0,-0.075738809109695,0.02974497127511307,27,0.9419635315953278,42,64,largest,0.5
4882,group-4815,0,0,-0.01467901383725545,0.06174296950275236,7,0.9922910438564767,42,64,largest,0.5
4883,group-4816,4,0,-0.007631575581532712,0.07510810766975788,24,0.9970848740036912,42,64,largest,0.5
4884,group-4817,3,0,-0.026815765719515494,0.06036945429478496,25,0.9969608403020435,42,64,largest,0.5
4885,group-4818,2,0,-0.05822882453038958,0.03619383857873923,3,0.9443953826772559,42,64,largest,0.5
4886,group-4819,1,0,-0.040669311025316346,0.05441137209391061,37,0.9572511026183514,42,64,largest,0.5
4887,group-4820,4,0,-0.049945528958853624,0.04037017174549814,26,0.9517159406726022,42,64,largest,0.5
4888,group-4821,3,0,-0.08861854778117118,0.02101132697977382,3,0.9160946257230904,42,64,largest,0.5
4889,group-4822,2,0,-0.0331734869561664,0.052938170003019216,39,0.955849263789189,42,64,largest,0.5
4890,group-4823,1,0,-0.009573580667135762,0.09137852755745336,3,1.0014328029808894,42,64,largest,0.5
4891,group-4824,0,0,-0.04370853075620229,0.041406315480207546,47,0.9773453529886923,42,64,largest,0.5
4892,group-4825,4,0,-0.032085598528504344,0.052607732522765786,6,0.978015108104677,42,64,largest,0.5
4893,group-4826,3,0,-0.029992913364138563,0.05725019462184401,18,1.0013069419354472,42,64,largest,0.5
4894,group-4827,2,0,-0.01663192422826132,0.06775880735801608,42,0.9929590340571441,42,64,largest,0.5
4895,group-4828,1,0,-0.022881274729162793,0.07338255806201116,5,0.9841014468927959,42,64,largest,0.5
4896,group-4829,0,0,-0.03952620038563903,0.04388183110907502,56,0.9487948864190343,42,64,largest,0.5
4897,group-4830,3,0,-0.08190480837411784,0.02360638265685815,6,0.9185693088895699,42,64,largest,0.5
4898,group-4831,2,0,-0.07345900313468912,0.028642991504631638,57,0.9367491395098264,42,64,largest,0.5
4899,group-4832,1,0,-0.07046829209311012,0.03260100203399051,12,0.915814789777197,42,64,largest,0.5
4900,group-4833,0,0,-0.04754402518974332,0.039253998662282914,4,0.9453912745440246,42,64,largest,0.5
4901,group-4834,4,0,-0.07059331661637691,0.02961546092471716,14,0.9530861201545734,42,64,largest,0.5
4902,group-4835,3,0,-0.034015761806404865,0.05351769107628361,19,0.9842343761804669,42,64,largest,0.5
4903,group-4836,2,0,-0.05298523652533971,0.039212501359614065,39,0.9538397744497723,42,64,largest,0.5
4904,group-4837,1,1,0.01736322979412752,0.14024288742921337,7,0.9787004143163386,42,64,largest,0.5
4905,group-4838,0,0,-0.008960816303925756,0.06672515471907721,36,0.9892207063906,42,64,largest,0.5
4906,group-4839,4,0,-0.06533300391832775,0.03205779356202394,11,0.9378086885913914,42,64,largest,0.5
4907,group-4840,2,0,-0.04116041189493158,0.0469298420109643,57,0.9605415305208789,42,64,largest,0.5
4908,group-4841,1,0,-0.018414157411519416,0.07902646548760689,21,0.9825726262440763,42,64,largest,0.5
4909,group-4842,0,0,-0.08604004323030012,0.022844591256588286,21,0.9211605658192474,42,64,largest,0.5
4910,group-4843,4,0,-0.04646051700934162,0.04252176008867309,31,0.9768886908724116,42,64,largest,0.5
4911,group-4844,3,0,-0.06494293849247357,0.031632551179166225,6,0.9421740525637945,42,64,largest,0.5
4912,group-4845,2,0,-0.0386174440033733,0.048768895524854604,58,0.9717757473168718,42,64,largest,0.5
4913,group-4846,1,0,-0.008058039609272094,0.09366309175227365,44,0.9909420078923448,42,64,largest,0.5
4914,group-4847,0,0,-0.03846033433169205,0.04453495422657938,5,0.962767064464664,42,64,largest,0.5
4915,group-4848,4,0,-0.034944321632313535,0.050436621290779984,18,0.9781465895066712,42,64,largest,0.5
4916,group-4849,3,0,-0.009230564367508576,0.0806890820444711,23,0.933904314043816,42,64,largest,0.5
4917,group-4850,1,0,-0.0555541005413277,0.04218914875689702,24,0.9408871982137315,42,64,largest,0.5
4918,group-4851,0,0,-0.03933402842457656,0.04399890781630939,57,0.9632494638730716,42,64,largest,0.5
4919,group-4852,4,0,-0.06656655513225074,0.031468139320809566,20,0.9580483450563242,42,64,largest,0.5
4920,group-4853,3,0,-0.057386205146071845,0.03600738842194028,41,0.951591674689648,42,64,largest,0.5
4921,group-4854,2,0,-0.051132978211903546,0.04033547349585218,56,0.9399861310484374,42,64,largest,0.5
4922,group-4855,1,0,-0.03237533547805416,0.06260156718443254,15,0.9818795555804717,42,64,largest,0.5
4923,group-4856,0,0,-0.0150905024711947,0.061398172393406114,12,0.9875271139786226,42,64,largest,0.5
4924,group-4857,4,0,-0.04747263352095554,0.0418858482362989,4,0.9621680881869251,42,64,largest,0.5
4925,group-4858,3,0,-0.012781263786928121,0.07613803392494796,29,0.9729363238766986,42,64,largest,0.5
4926,group-4859,2,0,-0.02722698047688432,0.05787583973488073,3,0.970917374118411,42,64,largest,0.5
4927,group-4860,0,0,-0.05031312258302545,0.03776723021959884,35,0.9558657841375592,42,64,largest,0.5
4928,group-4861,4,0,-0.02256831556109562,0.06048786503173652,11,0.9789890678690554,42,64,largest,0.5
4929,group-4862,3,0,-0.010929397470527347,0.07848146328013948,29,0.9694159101647282,42,64,largest,0.5
4930,group-4863,2,0,-0.05997558031666983,0.035238842615909705,24,0.954258434941572,42,64,largest,0.5
4931,group-4864,1,0,-0.04764389715213657,0.04831640532439974,35,0.957067277534399,42,64,largest,0.5
4932,group-4865,0,0,-0.03216144789829456,0.04858772816525004,3,0.9732353990892233,42,64,largest,0.5
4933,group-4866,4,0,-0.0006612493321320745,0.08298949521919848,28,1.0038176428926835,42,64,largest,0.5
4934,group-4867,3,0,-0.06186993998315393,0.033345888102386534,35,1.0005502556740415,42,64,largest,0.5
4935,group-4868,2,0,-0.037162799824380977,0.04985142061668407,60,0.9819342738202953,42,64,largest,0.5
4936,group-4869,1,0,-0.07912245967724119,0.028040847241239328,59,0.9308315032169577,42,64,largest,0.5
4937,group-4870,4,0,-0.047312916720151366,0.04198559038626357,17,0.9587522421112176,42,64,largest,0.5
4938,group-4871,3,0,-0.10477475241478351,0.015858115430255365,41,0.9589178805787733,42,64,largest,0.5
4939,group-4872,2,0,-0.0028117319405306374,0.08300226364794458,44,0.9834862762027886,42,64,largest,0.5
4940,group-4873,1,0,-0.006744674861796418,0.09568417511210568,2,0.9963152332514434,42,64,largest,0.5
4941,group-4874,0,0,-0.04109330806798184,0.04293813970847117,3,0.9800229309459974,42,64,largest,0.5
4942,group-4875,4,0,-0.02777147546380654,0.05605188484662859,16,0.9636811246122632,42,64,largest,0.5
4943,group-4876,3,0,-0.04978512970311266,0.040992594987480445,23,0.9622473245635017,42,64,largest,0.5
4944,group-4877,2,0,-0.02160259919813079,0.06294101655957525,48,0.9847667041625969,42,64,largest,0.5
4945,group-4878,1,0,-0.010699586091005298,0.08971373728097941,16,1.0019359657858014,42,64,largest,0.5
4946,group-4879,0,0,-0.021767985817804036,0.0560489408721664,58,0.9992720735184014,42,64,largest,0.5
4947,group-4880,3,0,-0.0280676953149549,0.05912178570047143,35,0.9863233771607179,42,64,largest,0.5
4948,group-4881,2,0,-0.0033261241834892097,0.08238282775499474,61,0.9946692720301934,42,64,largest,0.5
4949,group-4882,1,0,-0.04854522185950805,0.0475776924149178,46,0.9592900631204283,42,64,largest,0.5
4950,group-4883,0,0,-0.011571838358116038,0.06440549967686807,44,1.0044177321486216,42,64,largest,0.5
4951,group-4884,4,0,-0.029798069540097227,0.05440831587375304,63,0.9864705463735866,42,64,largest,0.5
4952,group-4885,3,0,-0.033915142094642525,0.053608185505878835,26,0.9884885820521504,42,64,largest,0.5
4953,group-4886,2,0,-0.03068021342634386,0.054958097675597714,61,0.9825102573382899,42,64,largest,0.5
4954,group-4887,1,0,-0.021981379194741857,0.0744888238434261,62,0.9936440612937958,42,64,largest,0.5
4955,group-4888,0,0,-0.04617324369830067,0.04001061285471834,49,0.9684023200016381,42,64,largest,0.5
4956,group-4889,4,0,-0.0011252417234142165,0.08244228801871492,4,0.9943576079168241,42,64,largest,0.5
4957,group-4890,2,0,-0.036342340168157294,0.05047199880554726,39,0.9847937245047576,42,64,largest,0.5
4958,group-4891,1,0,-0.05947659883663614,0.03943322432421727,61,0.9490355231612919,42,64,largest,0.5
4959,group-4892,0,0,-0.019681523204779228,0.05767149588008093,62,0.9664538887984794,42,64,largest,0.5
4960,group-4893,4,0,-0.02425993285159922,0.05901077317937399,51,0.9780192809422649,42,64,largest,0.5
4961,group-4894,3,0,-0.059251828709702026,0.034875993810841825,36,0.9798278609816696,42,64,largest,0.5
4962,group-4895,2,0,-0.050967447213215444,0.04043731695395523,13,0.9456187983230514,42,64,largest,0.5
4963,group-4896,1,0,-0.041983822174053276,0.053209737645022064,15,0.968303014716137,42,64,largest,0.5
4964,group-4897,0,0,-0.0427177343939541,0.041980407184906844,31,0.9630815557802211,42,64,largest,0.5
4965,group-4898,4,1,0.0012512452504364058,0.0852800052078899,35,0.9947424761631233,42,64,largest,0.5
4966,group-4899,3,0,-0.06235796286294293,0.033067928005663175,27,0.9868003877943818,42,64,largest,0.5
4967,group-4900,0,0,-0.032584365947574634,0.04830499190273423,62,0.9869373810465463,42,64,largest,0.5
4968,group-4901,4,0,-0.031651952415316265,0.052944689487862115,31,0.9944799246816995,42,64,largest,0.5
4969,group-4902,3,0,-0.004473366513197852,0.08717530498364785,63,0.9943434064832141,42,64,largest,0.5
4970,group-4903,2,0,-0.0014986584839336015,0.08460272616428043,18,1.0032744012450143,42,64,largest,0.5
4971,group-4904,1,0,-0.04683560760993766,0.04898811610577109,46,0.961644141473935,42,64,largest,0.5
4972,group-4905,0,1,0.006597745405374611,0.08222557022519973,40,0.9884916695401988,42,64,largest,0.5
4973,group-4906,4,0,-0.013507238101856278,0.06900487635347655,10,0.9907686637875651,42,64,largest,0.5
4974,group-4907,3,1,0.004059851673069326,0.09999921342855976,37,0.9787989172350267,42,64,largest,0.5
4975,group-4908,2,0,-0.022788334592897863,0.06183988328667956,4,0.9856017547593747,42,64,largest,0.5
4976,group-2065,1,0,-0.020852687373129397,0.07589802828938974,11,0.9820395963419666,42,64,largest,0.5
4977,group-4909,1,0,-0.07747949606097426,0.02885612132822279,62,0.9343354500320257,42,64,largest,0.5
4978,group-4910,4,0,-0.3079257332725863,0.0007623221491684208,48,0.6965398022782189,42,64,largest,0.5
4979,group-4911,3,0,-0.06682704398742223,0.030624515260262282,58,0.9507976735800506,42,64,largest,0.5
4980,group-4912,2,0,-0.44376546680050555,8.250909359186656e-05,30,0.5580257173589731,42,64,largest,0.5
4981,group-4913,1,0,-0.07071579845500164,0.032461139718876306,62,0.9473899034232035,42,64,largest,0.5
4982,group-4914,0,0,-0.42310524722223897,0.0001761325662515661,51,0.5788942641710069,42,64,largest,0.5
4983,group-4915,4,0,-0.028673469750979286,0.05531467714333645,33,0.982995358545698,42,64,largest,0.5
4984,group-4916,3,0,-0.024349137416538436,0.06290007364592075,47,0.9658732110842434,42,64,largest,0.5
4985,group-4917,2,0,-0.048901197161417276,0.04172948289437247,7,0.9619956614994829,42,64,largest,0.5
4986,group-4918,1,0,-0.024487247347976027,0.0714458173676954,60,0.977282265213772,42,64,largest,0.5
4987,group-4919,0,0,-0.04137124558066263,0.04277280558433993,52,0.9847226562581529,42,64,largest,0.5
4988,group-4920,3,0,-0.07923937379249202,0.024721236412084114,17,0.9715025186764094,42,64,largest,0.5
4989,group-4921,2,0,-0.03404570156477216,0.052248238277192806,59,0.9771971248259088,42,64,largest,0.5
4990,group-4922,1,0,-0.07493913820764875,0.030162152823211604,28,0.9471250745060102,42,64,largest,0.5
4991,group-4923,0,0,-0.07869813302641637,0.025346090954715492,14,0.919599566413656,42,64,largest,0.5
4992,group-4924,4,0,-0.025942958343146194,0.05757478704120483,54,0.9581713624147026,42,64,largest,0.5
4993,group-4925,3,0,-0.03674822517366261,0.05111463417523528,58,0.9782605830371829,42,64,largest,0.5
4994,group-4926,2,0,-0.009064034433491686,0.07575348081253275,35,0.9984791937634571,42,64,largest,0.5
4995,group-4927,1,0,-0.03856789267556382,0.056385590495415035,42,0.9592966333670508,42,64,largest,0.5
4996,group-4928,0,0,-0.010747156022394733,0.06512992319075446,42,0.9911470413600895,42,64,largest,0.5
4997,group-4929,4,1,0.0027449955227916156,0.08710871740170922,35,0.9886535659157704,42,64,largest,0.5
4998,group-4930,2,0,-0.038741005504426385,0.04867797743558189,33,0.9680048651074138,42,64,largest,0.5
4999,group-4931,1,0,-0.02316371276105178,0.07303848028384562,46,0.9731895805455689,42,64,largest,0.5
5000,group-4932,0,0,-0.028226442669878393,0.051294713575409705,48,0.9686349046584024,42,64,largest,0.5
5001,group-4933,4,0,-0.0016334115708739327,0.08184674983123322,31,0.9994391625624991,42,64,largest,0.5
5002,group-4934,3,0,-0.08929963272828101,0.02076420943416672,21,0.9248119552635624,42,64,largest,0.5
5003,group-4935,2,1,0.01824173533661,0.11224552463527457,47,0.9680933027995834,42,64,largest,0.5
5004,group-4936,1,0,-0.02802585366862853,0.0673439007196935,54,0.9771106209703814,42,64,largest,0.5
5005,group-4937,0,0,-0.03798627785300468,0.044828407013883,39,0.9741200051115535,42,64,largest,0.5
5006,group-4938,4,0,-0.0330825772255845,0.05184071436143595,9,0.9558203571334657,42,64,largest,0.5
5007,group-4939,3,0,-0.045988273771924826,0.04372411748456536,35,1.00664971455863,42,64,largest,0.5
5008,group-4940,1,0,-0.030738493231120545,0.06434852789354537,10,0.9871347297330515,42,64,largest,0.5
5009,group-4941,0,0,-0.04202884573483423,0.04238404354298466,45,0.9554050454969886,42,64,largest,0.5
5010,group-4942,4,0,-0.035637950435848054,0.04992276398567068,52,0.9764912956383057,42,64,largest,0.5
5011,group-4943,3,0,-0.019620945887653396,0.06802955604291777,31,0.9888479107914138,42,64,largest,0.5
5012,group-4944,2,0,-0.005771218856288063,0.07949561288512455,51,0.9901166302251151,42,64,largest,0.5
5013,group-4945,1,1,0.01513738839277412,0.13549310341057927,7,0.9912813178624698,42,64,largest,0.5
5014,group-4946,0,1,0.012336986772941372,0.08872895995137386,40,0.9956350568406321,42,64,largest,0.5
5015,group-4947,4,0,-0.011037314053419345,0.0715124418475477,53,0.9950377878231983,42,64,largest,0.5
5016,group-4948,3,0,-0.01911174045069708,0.0686045598049318,58,1.0022865257578046,42,64,largest,0.5
5017,group-4949,2,0,-0.05398071170321761,0.03862142336234503,11,0.9630369967003103,42,64,largest,0.5
5018,group-4950,0,0,-0.036912235113348735,0.04550009789745544,50,0.9868247019316042,42,64,largest,0.5
5019,group-4951,4,0,-0.010064676844000475,0.07252279295247144,52,1.0028436003218948,42,64,largest,0.5
5020,group-4952,3,0,-0.06203927800620046,0.03324918467605443,18,0.9803768044072516,42,64,largest,0.5
5021,group-4953,2,0,-0.05618585134002374,0.03734239790523979,33,0.9431503095035547,42,64,largest,0.5
5022,group-4954,1,0,-0.0034035503018564617,0.10100234898671774,62,0.9867428193154436,42,64,largest,0.5
5023,group-4955,0,0,-0.026464305728735815,0.05255265479390232,15,0.9819269322324183,42,64,largest,0.5
5024,group-4956,4,0,-0.039524113161370944,0.04713439564406247,39,0.9760230583318877,42,64,largest,0.5
5025,group-4957,3,0,-0.06439668261847531,0.03193076352985899,18,0.9925856770346021,42,64,largest,0.5
5026,group-4958,2,0,-0.04111781487012811,0.04696009782421622,45,0.9624285679358009,42,64,largest,0.5
5027,group-4959,1,0,-0.04149361033441512,0.05365489823827247,53,0.9663833444543141,42,64,largest,0.5
5028,group-4960,4,0,-0.032422987276376825,0.052346972603798676,44,0.9887840987205028,42,64,largest,0.5
5029,group-4961,3,0,-0.07419624847653816,0.026972627729547515,11,0.9523156368672676,42,64,largest,0.5
5030,group-4962,2,0,-0.020140045395173556,0.06432440783282421,18,0.993535809523468,42,64,largest,0.5
5031,group-4963,1,0,-0.03628627253759331,0.05860526276705118,23,0.977170079029671,42,64,largest,0.5
5032,group-4964,0,0,-0.024829691751938388,0.05374556448035747,12,0.9735057439549045,42,64,largest,0.5
5033,group-3280,2,0,-0.04806701863378626,0.04226226541272493,28,0.9652628523654802,42,64,largest,0.5
5034,group-4965,4,0,-0.05753538535806457,0.0360396805066422,50,0.9346966820159135,42,64,largest,0.5
5035,group-4966,3,0,-0.03646576638819199,0.05135823230165809,13,0.9855606300176083,42,64,largest,0.5
5036,group-2445,0,0,-0.026742387066633455,0.052352221400135596,29,0.9868599171925068,42,64,largest,0.5
5037,group-4967,2,0,-0.02990870954017033,0.05559770243438297,3,0.9749209181907029,42,64,largest,0.5
5038,group-2231,2,0,-0.047289455004109526,0.04276473892589046,15,0.9730084837524077,42,64,largest,0.5
5039,group-4968,1,0,-0.06699868177240431,0.03462395324223784,22,0.9521567745289113,42,64,largest,0.5
5040,group-4969,0,0,-0.012167746306349425,0.06388671474052715,19,0.9947809269771466,42,64,largest,0.5
5041,group-4970,3,0,-0.016816252467100945,0.07125294690346991,5,0.96167215752912,42,64,largest,0.5
5042,group-4971,2,0,-0.03233158213512721,0.05361227736478733,5,0.9581778645376549,42,64,largest,0.5
5043,group-4972,1,1,0.001891848993087808,0.1099688788378253,7,0.9777353466951696,42,64,largest,0.5
5044,group-4973,0,0,-0.03397109925517028,0.047388828315567684,12,0.9750304695720964,42,64,largest,0.5
5045,group-4974,4,0,-0.03486352649734581,0.05049680097899437,37,0.9691404232188461,42,64,largest,0.5
5046,group-4975,3,0,-0.07219212061329794,0.0279216499451154,6,0.9714115510947071,42,64,largest,0.5
5047,group-4976,2,0,-0.025803248119696143,0.05912063919078153,54,0.9946238153223073,42,64,largest,0.5
5048,group-4977,1,0,-0.011107539653673837,0.08911735855504546,4,0.9859678978982467,42,64,largest,0.5
5049,group-4978,0,1,0.013026413788715607,0.08954070405802957,40,0.9873333334011699,42,64,largest,0.5
5050,group-4979,4,0,-0.00233699034508561,0.08102867482939577,52,1.010523836256126,42,64,largest,0.5
5051,group-4980,2,0,-0.017363695659555756,0.0670286577397579,61,0.9900056062953169,42,64,largest,0.5
5052,group-4981,1,0,-0.00197048558193913,0.1033627886059766,0,1.0039379616094921,42,64,largest,0.5
5053,group-4982,0,0,-0.05809236738454604,0.033874531304030904,13,0.9460422193256081,42,64,largest,0.5
5054,group-4983,4,0,-0.05296699556061113,0.0385895217025975,62,0.9543392713650607,42,64,largest,0.5
5055,group-4984,3,0,-0.05315691091508168,0.03870447078153914,15,0.9753600348974026,42,64,largest,0.5
5056,group-4985,2,0,-0.05902524535967624,0.03575536399203877,41,0.9425776224239035,42,64,largest,0.5
5057,group-4986,1,0,-0.06444288952190524,0.036190976679826715,14,0.942753246012252,42,64,largest,0.5
5058,group-4987,0,0,-0.0007550589528032559,0.07452884734713493,47,0.9959524047804976,42,64,largest,0.5
5060,group-4988,4,0,-0.029624660769114408,0.05454715479053578,6,0.9606473707993837,42,64,largest,0.5
5061,group-4989,3,0,-0.026691188402017674,0.06049494689153735,2,0.9663916690948628,42,64,largest,0.5
5062,group-4990,1,0,-0.05195884640426429,0.04487611582438515,37,0.9504560790023261,42,64,largest,0.5
5063,group-4991,0,0,-0.04664049134168624,0.03975115454954103,8,0.9548415481165466,42,64,largest,0.5
5064,group-4992,4,0,-0.011728954454176432,0.07080190355267997,4,0.9874188974521773,42,64,largest,0.5
5065,group-4993,3,0,-0.05062586756134069,0.04041022431421274,19,0.9873330089462862,42,64,largest,0.5
5066,group-4994,2,0,-0.07776831668791218,0.02679975747304657,23,0.9241516323822154,42,64,largest,0.5
5067,group-4995,1,0,-0.010416016693730046,0.09013039854676021,10,0.994489781135592,42,64,largest,0.5
5068,group-4996,0,0,-0.08777120384154524,0.02229083035458595,37,0.9289136858938079,42,64,largest,0.5
5070,group-4997,4,0,-0.016384798247171428,0.06618624815699799,31,0.9852578258576157,42,64,largest,0.5
5071,group-4998,3,0,-0.00014412097637139798,0.09348413453928547,26,0.9846317203876546,42,64,largest,0.5
5072,group-3459,1,0,-0.023763956228125105,0.07231216949785438,18,0.9861538144006348,42,64,largest,0.5
5073,group-4999,2,0,-0.001181565992392386,0.08499339668886484,54,0.9967281535670557,42,64,largest,0.5
5074,group-5000,3,0,-0.08904839288278266,0.02085503370224516,42,0.9664826985943312,42,64,largest,0.5
5075,group-5001,2,0,-0.02310953185670972,0.061544714907115015,18,0.9832413067496065,42,64,largest,0.5
5076,group-5002,1,0,-0.030333968039938708,0.0647872124642527,22,0.9750643962695725,42,64,largest,0.5
5077,group-5003,0,0,-0.02769489393337543,0.05167114136661052,7,0.9653635120464056,42,64,largest,0.5
5078,group-5004,4,1,0.010956951891575528,0.0978083457190929,35,0.9725669520055152,42,64,largest,0.5
5079,group-5005,3,0,-0.008690728317595986,0.08140237194229873,31,0.9807974245079895,42,64,largest,0.5
5080,group-5006,2,0,-0.02672803038789151,0.058309257195832874,50,0.980241950138775,42,64,largest,0.5
5081,group-5007,1,0,-0.03621977013545219,0.05867117320893714,10,0.9819840944575596,42,64,largest,0.5
5082,group-5008,0,0,-0.023444153446709914,0.054776658208497656,13,0.9684908552979656,42,64,largest,0.5
5083,group-5009,4,0,-0.026600700677424594,0.05702255592911828,55,0.9793599693732792,42,64,largest,0.5
5084,group-5010,2,0,-0.03797759970144832,0.04924228348959584,3,0.9770640793017688,42,64,largest,0.5
5085,group-5011,1,0,-0.042305678506315614,0.05291935845812279,22,0.9575825804869786,42,64,largest,0.5
5086,group-5012,0,0,-0.038154480455513506,0.04472407506750992,44,0.9578483291328307,42,64,largest,0.5
5087,group-5013,4,0,-0.07506198072896508,0.027683234272489553,14,0.95990659717776,42,64,largest,0.5
5088,group-5014,3,0,-0.031673611983611294,0.0556619465898173,27,0.9818237942283,42,64,largest,0.5
5089,group-5015,2,0,-0.024780889331816103,0.06002994117126147,7,0.9688171447688672,42,64,largest,0.5
5090,group-5016,1,0,-0.007403165373263354,0.09466602161950122,15,0.9755570694646041,42,64,largest,0.5
5091,group-5017,0,0,-0.0791857443774785,0.02517198637161412,14,0.9411026316893351,42,64,largest,0.5
5092,group-5018,4,0,-0.037973512072479676,0.048228766021190986,15,0.9759452408176504,42,64,largest,0.5
5093,group-5019,3,0,-0.03514232357968805,0.05251428899538409,58,0.9873313288391233,42,64,largest,0.5
5094,group-5020,1,0,-0.08804458761945888,0.023989756160334833,22,0.9258155199004883,42,64,largest,0.5
5095,group-5021,0,0,-0.040640344116317784,0.04320889891986824,63,0.9725858998222564,42,64,largest,0.5
5096,group-5022,4,0,-0.032930876206164084,0.05195673876184843,17,0.9598861927653015,42,64,largest,0.5
5097,group-5023,3,0,-0.02875319625731587,0.058448895724938464,25,0.9915566240871975,42,64,largest,0.5
5098,group-5024,2,1,0.008843811474684715,0.09821637791829577,47,0.9830338736722285,42,64,largest,0.5
5099,group-5025,1,0,-0.0013363647951973867,0.10442275851414812,52,0.984474018427611,42,64,largest,0.5
5100,group-5026,0,1,0.018483490175865702,0.09620540274670338,40,0.9830848325825887,42,64,largest,0.5
5101,group-5027,4,0,-0.018870858773734178,0.06383760947888857,4,0.9947527385642739,42,64,largest,0.5
5102,group-5028,3,0,-0.09561269228372449,0.018605033252095893,6,0.9106395917358797,42,64,largest,0.5
5103,group-5029,2,0,-0.0047329148291875844,0.08071019511652576,54,0.9941716228541132,42,64,largest,0.5
5104,group-5030,0,0,-0.021223756934596327,0.056467978128421484,56,0.9744760440521875,42,64,largest,0.5
5105,group-5031,4,0,-0.03308805241990387,0.051836531390694836,36,0.9609132906317819,42,64,largest,0.5
5106,group-5032,3,0,-0.044283913439652545,0.04500600041876445,0,0.9956540449372161,42,64,largest,0.5
5107,group-5033,2,0,-0.05442334861400988,0.03836135630512374,48,0.9614134626168466,42,64,largest,0.5
5108,group-5034,1,1,0.0061600300960681365,0.11769670438486282,7,0.9873501297503159,42,64,largest,0.5
5109,group-5035,0,0,-0.002698046277811672,0.07260847590064709,57,0.9988895851134103,42,64,largest,0.5
5110,group-5036,4,0,-0.021243336668918977,0.06166889981673114,10,0.9800021672487073,42,64,largest,0.5
5111,group-5037,3,0,-0.005788227214555963,0.08533681369676842,48,0.9561583002768008,42,64,largest,0.5
5112,group-5038,2,0,-0.06313888868698792,0.033570840702408844,5,0.9534954104839017,42,64,largest,0.5
5113,group-5039,1,0,-0.04193488353786079,0.05325402164822955,61,0.9669084146995828,42,64,largest,0.5
5114,group-5040,4,0,-0.07184576996250513,0.02906108920443318,11,0.9348411072149333,42,64,largest,0.5
5115,group-5041,3,0,-0.059151274137517196,0.03493609107090676,6,0.9255447938078888,42,64,largest,0.5
5116,group-5042,2,0,-0.04411638946627383,0.044874979620388285,25,0.9665817510887481,42,64,largest,0.5
5117,group-5043,1,0,-0.03631058511272567,0.05858118394302408,54,0.9742169766277369,42,64,largest,0.5
5118,group-5044,0,0,-0.012232953744391928,0.06383018343204754,54,0.980589036106673,42,64,largest,0.5
5119,group-5045,4,0,-0.022607819843306176,0.0604529793515642,22,0.9842653123983978,42,64,largest,0.5
5120,group-5046,3,0,-0.057516565054369306,0.035927197328179845,23,0.9877652527060884,42,64,largest,0.5
5121,group-5047,2,0,-0.0786669613526012,0.026430172498573067,15,0.9279144847561234,42,64,largest,0.5
5122,group-5048,1,0,-0.06601324863940305,0.03522024567694601,53,0.9316419878501192,42,64,largest,0.5
5123,group-5049,0,0,-0.027179832634865675,0.05203838371257977,38,0.9838717384981305,42,64,largest,0.5
5124,group-5050,3,0,-0.03798863636414229,0.05005776552829629,36,0.9727458837468158,42,64,largest,0.5
5125,group-5051,2,0,-0.022613901651284518,0.062000734247068465,20,0.9848169317537798,42,64,largest,0.5
5126,group-5052,1,0,-0.022819368630506154,0.07345817381866988,10,0.9945382865099296,42,64,largest,0.5
5127,group-5053,0,1,0.004419481519261748,0.07987292890772853,40,1.0068320361392775,42,64,largest,0.5
5128,group-5054,4,0,-0.03255760628752524,0.05224326988912369,9,0.9898301675618799,42,64,largest,0.5
5130,group-5055,3,0,-0.0776537977379188,0.025408597999408842,13,0.9870928405566914,42,64,largest,0.5
5131,group-5056,2,0,-0.04713905903336346,0.0428625836507421,15,0.9738865549511265,42,64,largest,0.5
5132,group-5057,1,0,-0.05424151214485551,0.0431518234816733,46,0.964467464708406,42,64,largest,0.5
5133,group-5058,0,0,-0.05556141818335536,0.03509652009648533,2,0.9403975102865001,42,64,largest,0.5
5135,group-5059,4,0,-0.1363637381756707,0.010860530303452357,27,0.8737386113990601,42,64,largest,0.5
5137,group-5060,2,0,-0.03629954560455606,0.05050456762786175,11,0.953467156081947,42,64,largest,0.5
5138,group-5061,1,0,-0.0942620407900776,0.02151028569805639,30,0.9292409199027025,42,64,largest,0.5
5139,group-5062,0,0,-0.019009133868037154,0.05820371464956561,19,1.0024800259440387,42,64,largest,0.5
5140,group-5063,4,0,-0.05421034042853279,0.03787888030701175,54,0.9402131919165144,42,64,largest,0.5
5141,group-5064,3,0,-0.03949373308395132,0.04880317039355047,3,0.9738213927974293,42,64,largest,0.5
5142,group-5065,2,0,-0.04573936017347624,0.0437835119316381,28,0.9620367497814227,42,64,largest,0.5
5143,group-5066,1,1,0.0008152548647044622,0.10809115729544733,7,0.9983703257276758,42,64,largest,0.5
5144,group-5067,0,0,-0.024311997632349702,0.05412866368797616,9,0.9885683937067872,42,64,largest,0.5
5145,group-5068,4,0,-0.03351091854164978,0.05151442997239369,51,0.9877800837841688,42,64,largest,0.5
5147,group-5069,3,0,-0.06620715162083046,0.030952688776238867,10,0.9864181294777292,42,64,largest,0.5
5148,group-5070,1,0,-0.006846798658123765,0.09552563292807514,62,1.001046651407961,42,64,largest,0.5
5149,group-5071,0,0,-0.011478807908566369,0.06448684320525042,38,0.9960888421132392,42,64,largest,0.5
5150,group-5072,4,0,-0.0074645929849419534,0.07528860780806068,63,1.002827183948028,42,64,largest,0.5
5151,group-5073,3,0,-0.03254593086477686,0.05485404389538453,49,0.9874755037254279,42,64,largest,0.5
5152,group-5074,2,0,-0.08239509182491278,0.0249491817213808,5,0.9115804460979509,42,64,largest,0.5
5153,group-5075,1,0,-0.03527065085883785,0.059619448684808084,29,0.9665010701883716,42,64,largest,0.5
5154,group-5076,0,0,-0.10576588049561353,0.017259232683383936,48,0.9149568337058992,42,64,largest,0.5
5155,group-5077,4,0,-0.103852144517107,0.017874300254420883,34,0.9086366760944111,42,64,largest,0.5
5156,group-5078,3,0,-0.03810851543006022,0.04995672881870488,28,0.9930920621308126,42,64,largest,0.5
5157,group-5079,2,0,-0.0783958502141553,0.026541146801271162,22,0.9593512871890761,42,64,largest,0.5
5158,group-5080,0,0,-0.013441755495891106,0.06279062534896702,4,0.9943685953100195,42,64,largest,0.5
5159,group-5081,4,0,-0.048334695188736565,0.0413513967914113,39,0.9726204575467031,42,64,largest,0.5
5160,group-5082,3,0,-0.029590962233633555,0.05763629562840128,17,0.9799364175285464,42,64,largest,0.5
5161,group-5083,2,0,-0.009299930279335067,0.07549169669648734,46,0.9787442276532582,42,64,largest,0.5
5162,group-5084,1,0,-0.027616397209862753,0.06780712227432042,35,0.9781628706583952,42,64,largest,0.5
5163,group-5085,0,0,-0.0555460929200724,0.035104047284885434,11,0.9414784775871577,42,64,largest,0.5
5164,group-5086,4,0,-0.03867863865242693,0.04772814859499362,24,0.9826676969910966,42,64,largest,0.5
5165,group-5087,3,0,-0.034088028915731816,0.053452785097693786,49,0.9988749717746707,42,64,largest,0.5
5166,group-5088,2,0,-0.01992303025971842,0.06453207392257858,15,0.991638621176876,42,64,largest,0.5
5167,group-5089,1,0,-0.03267503896884716,0.062286532188857935,28,0.973912751729619,42,64,largest,0.5
5168,group-5090,4,0,-0.04269027221243393,0.04497270608134216,54,0.9568992636670648,42,64,largest,0.5
5169,group-5091,3,0,-0.07167998662027941,0.028169319427046324,10,0.9717021329210603,42,64,largest,0.5
5170,group-5092,2,0,-0.01042067764360044,0.07425927023169543,26,0.9828963782959874,42,64,largest,0.5
5171,group-5093,1,0,-0.0002538805360057239,0.10625438761785122,14,1.007785588324515,42,64,largest,0.5
5172,group-5094,0,0,-0.03633672094256979,0.04586394951340342,10,0.9687649872939825,42,64,largest,0.5
5173,group-5095,4,0,-0.09361237120415933,0.020893687100857435,27,0.9299827473161614,42,64,largest,0.5
5175,group-5096,3,0,-0.03588545196406023,0.05186215649439174,46,0.995388586767436,42,64,largest,0.5
5176,group-5097,2,0,-0.011142430867979725,0.07347541984089785,4,0.9888591709852372,42,64,largest,0.5
5177,group-5098,1,0,-0.021994118591425305,0.07447305648341566,12,0.9860269079350875,42,64,largest,0.5
5178,group-5099,0,0,-0.041580771324257304,0.0426485691704083,50,0.959184004865212,42,64,largest,0.5
5179,group-5100,2,0,-0.039870741440656166,0.04785413000021615,3,0.9611675018426488,42,64,largest,0.5
5180,group-5101,1,0,-0.08503019945130108,0.02529018185028564,37,0.9352079938105539,42,64,largest,0.5
5181,group-5102,0,0,-0.022881041928385804,0.05520101963373941,62,0.9847039899569376,42,64,largest,0.5
5182,group-5103,4,0,-0.08510836166412483,0.023776105211145402,62,0.9295417332901403,42,64,largest,0.5
5183,group-5104,3,0,-0.027037693149750464,0.060146499684070556,11,0.9738975506097478,42,64,largest,0.5
5184,group-5105,2,0,-0.04748386493603041,0.042638575719083215,37,0.951166885727211,42,64,largest,0.5
5185,group-5106,1,0,-0.020245076588610966,0.0766667429714131,3,0.9762394633207178,42,64,largest,0.5
5186,group-5107,0,0,-0.00584599855387824,0.06959377239738677,12,0.9905992492560541,42,64,largest,0.5
5187,group-5108,4,0,-0.02826408606675168,0.055648131831477224,10,0.9795605684704455,42,64,largest,0.5
5188,group-5109,3,1,0.01724286545007847,0.12310485348685908,37,0.9632770426753098,42,64,largest,0.5
5189,group-5110,1,0,-0.007753277954001048,0.09412863893722487,23,0.9915159669646665,42,64,largest,0.5
5190,group-5111,0,0,-0.012530867524679468,0.06357250085238836,62,0.9910249574088631,42,64,largest,0.5
5191,group-5112,4,0,-0.005439665540093563,0.07750937380190995,63,0.9847293799121362,42,64,largest,0.5
5192,group-5113,3,0,-0.07832849432730782,0.02511386469537744,18,0.9841670654815656,42,64,largest,0.5
5193,group-5114,2,0,-0.025074231007596648,0.05976770744519521,20,0.9688926238324844,42,64,largest,0.5
5194,group-5115,1,0,-0.06050169773813652,0.03874193936684587,61,0.9377938241604586,42,64,largest,0.5
5195,group-5116,0,0,-0.021867123757213225,0.05597292371407653,16,0.976430981368562,42,64,largest,0.5
5196,group-5117,4,0,-0.012051291674221698,0.0704729917428265,38,0.9892745946078025,42,64,largest,0.5
5197,group-5118,3,0,-0.058355643096081655,0.03541513787877048,42,0.9974678359569733,42,64,largest,0.5
5198,group-5119,2,0,-0.016906878207380238,0.06748360175203952,38,0.9712907557582197,42,64,largest,0.5
5199,group-5120,0,0,-0.027711270144463063,0.051659505298703785,3,0.9767034056687374,42,64,largest,0.5
5200,group-5121,4,0,-0.009203513544540631,0.0734283139022534,52,0.9843491716654957,42,64,largest,0.5
5201,group-5122,3,0,-0.10103908661391059,0.01692633208910428,59,0.9501438313130077,42,64,largest,0.5
5202,group-5123,2,0,-0.07706727387648549,0.02709155986297012,13,0.9549670336079159,42,64,largest,0.5
5203,group-5124,1,0,-0.07405900356790807,0.030627865007324916,30,0.9486132269808953,42,64,largest,0.5
5204,group-5125,0,0,-0.10007140047188778,0.01871723311421281,14,0.9218808476069748,42,64,largest,0.5
5205,group-5126,4,0,-0.08787075286445101,0.02279961309007295,21,0.9184075971946309,42,64,largest,0.5
5206,group-5127,3,0,-0.02672631351641297,0.06045953902429793,46,0.9855094569079551,42,64,largest,0.5
5207,group-5128,2,0,-0.020094755416656063,0.06436769526180726,31,0.9815820578419286,42,64,largest,0.5
5208,group-5129,1,0,-0.00763455934582602,0.09431055139286443,23,0.9866617899737821,42,64,largest,0.5
5209,group-5130,4,0,-0.04269327526812472,0.04497070129294844,38,0.9747510732878178,42,64,largest,0.5
5210,group-5131,3,0,-0.03401934465279788,0.05351447142766294,31,0.9961993280129584,42,64,largest,0.5
5211,group-5132,2,0,-0.10936297164254405,0.01640267217520104,55,0.9127090211135477,42,64,largest,0.5
5212,group-5133,1,1,0.0011956503403180996,0.10875137615993213,7,1.0013183538090222,42,64,largest,0.5
5213,group-5134,0,0,-0.04183538304842738,0.042498063448322514,53,0.9557848113920628,42,64,largest,0.5
5214,group-5135,4,0,-0.04288846410863967,0.04484057908017377,58,0.949685694834981,42,64,largest,0.5
5215,group-5136,3,0,-0.047460640251522745,0.042644840467667575,26,0.9679869460816715,42,64,largest,0.5
5216,group-5137,2,0,-0.04173017581384986,0.04652692802140344,18,0.9869371327100697,42,64,largest,0.5
5217,group-5138,1,0,-0.003943704244048218,0.10012513309788375,16,1.0035325832172581,42,64,largest,0.5
5218,group-5139,0,0,-0.020132743312362367,0.057316905249394916,47,0.9822170771177947,42,64,largest,0.5
5219,group-5140,3,0,-0.04517980582392378,0.04432777953033269,29,0.9732090742777023,42,64,largest,0.5
5220,group-5141,2,0,-0.054272536559446416,0.0384497750844634,20,0.9654992848353815,42,64,largest,0.5
5221,group-5142,1,0,-0.012728256052697229,0.08678325976191377,37,0.9782941186624722,42,64,largest,0.5
5222,group-5143,0,1,0.014917103284255995,0.0918012909652703,40,0.9838424458228681,42,64,largest,0.5
5223,group-5144,4,0,-0.019533881008918064,0.06322447761971746,24,1.0062756543203446,42,64,largest,0.5
5224,group-5145,3,0,-0.020248870843311062,0.06732664415100426,13,0.9970690095507786,42,64,largest,0.5
5226,group-5146,2,0,-0.03202317747721262,0.05386123540016676,16,0.9730224752064185,42,64,largest,0.5
5227,group-5147,1,0,-0.0008154750939910471,0.10530062832373842,59,1.008199950961482,42,64,largest,0.5
5228,group-5148,0,1,0.015819710549649257,0.0928984789610882,40,0.9883462150673713,42,64,largest,0.5
5229,group-5149,4,1,0.006119253498124588,0.09137073151897564,35,0.9981471975283923,42,64,largest,0.5
5230,group-5150,2,0,-0.015281628716400375,0.06912550174487757,18,0.9932298236210608,42,64,largest,0.5
5231,group-5151,1,0,-0.04050487796969571,0.0545634730847559,37,0.9643823837095151,42,64,largest,0.5
5232,group-5152,0,0,-0.07358051072570682,0.027245550514766827,17,0.9410354582478984,42,64,largest,0.5
5233,group-5153,4,0,-0.021107421385129888,0.06179126063456145,52,0.9902958426222603,42,64,largest,0.5
5234,group-5154,3,0,-0.04398577096992573,0.04523388927547692,36,0.9718278368513668,42,64,largest,0.5
5235,group-5155,2,0,-0.056295393932144444,0.03727993384567734,39,0.9553561850329053,42,64,largest,0.5
5236,group-5156,1,0,-0.06424791967041887,0.03631328151331797,31,0.955295207038459,42,64,largest,0.5
5237,group-5157,0,0,-0.03308687264541754,0.04797107795016576,6,0.972214749103571,42,64,largest,0.5
5238,group-5158,4,0,-0.03707620278422352,0.048873036941185666,28,0.9792517932675264,42,64,largest,0.5
5239,group-5159,3,0,-0.04039759306342816,0.04806414016605243,4,1.0009883963630026,42,64,largest,0.5
5240,group-5160,1,0,-0.00534773802590871,0.09787657742275802,14,0.9891272440770388,42,64,largest,0.5
5241,group-5161,0,0,-0.02174556738344302,0.05606614437529901,8,0.9772886466166382,42,64,largest,0.5
5242,group-5162,4,0,-0.022440139591958452,0.060601185182312056,55,0.9870173574392067,42,64,largest,0.5
5243,group-5163,3,0,-0.015586644653526771,0.0727101273013045,40,0.9804511331868467,42,64,largest,0.5
5244,group-5164,2,0,-0.03283254419772541,0.05321019095808136,35,0.9704109115021101,42,64,largest,0.5
5245,group-5165,1,0,-0.0025745925512116186,0.10236185379950448,18,0.9867491621111613,42,64,largest,0.5
5246,group-5166,0,0,-0.026849178624838488,0.05227544107319873,7,0.987335637333855,42,64,largest,0.5
5247,group-5167,4,0,-0.03627566834171625,0.04945470676068844,51,0.9833856105986458,42,64,largest,0.5
5248,group-5168,3,0,-0.08313091474190681,0.023110166417318362,6,0.9207363587721422,42,64,largest,0.5
5249,group-5169,2,0,-0.010004263964817683,0.07471500273762591,7,0.9954160455599934,42,64,largest,0.5
5250,group-5170,0,0,-0.04042120214351397,0.04334047546752111,55,0.9544822265883356,42,64,largest,0.5
5251,group-5171,4,1,0.006901060777046553,0.09238464214755009,35,0.9850830456458145,42,64,largest,0.5
5252,group-5172,3,0,-0.039882872492675636,0.04848368283006573,25,0.9793260726582114,42,64,largest,0.5
5253,group-5173,2,0,-0.023365064816865955,0.061310830409718,18,0.9866414868665772,42,64,largest,0.5
5254,group-5174,1,0,-0.03638618266590521,0.05850637247661196,10,0.9738533707975675,42,64,largest,0.5
5255,group-5175,0,0,-0.047061571880611774,0.039518714738930524,1,0.9637557462708535,42,64,largest,0.5
5256,group-5176,4,0,-0.031197693570638174,0.0532998477727648,4,0.9866000480915658,42,64,largest,0.5
5257,group-5177,3,0,-0.04447874536437846,0.04485766972991867,3,0.9597199779752064,42,64,largest,0.5
5258,group-5178,2,0,-0.02682128094973002,0.05822802356899962,26,0.9952802331259535,42,64,largest,0.5
5259,group-5179,1,1,0.003936623580501286,0.11361401985273531,7,0.9954530406984042,42,64,largest,0.5
5260,group-5180,4,0,-0.030527446627404475,0.053827982455074225,3,0.9676210160662703,42,64,largest,0.5
5261,group-5181,3,0,-0.05018249353456539,0.040716350508137204,25,0.9608835465660346,42,64,largest,0.5
5262,group-5182,2,0,-0.06099220863576338,0.03469425046668358,22,0.9509495205874058,42,64,largest,0.5
5263,group-5183,1,0,-0.013021871322029366,0.08636636923276857,13,0.9953331703922845,42,64,largest,0.5
5264,group-5184,0,0,-0.013554133155373571,0.0626947881701362,5,0.9951074210211831,42,64,largest,0.5
5265,group-5185,4,0,-0.04251110906026356,0.04509246654432132,23,0.9656019026016615,42,64,largest,0.5
5266,group-5186,3,1,0.013235607412557693,0.11563364017296736,37,0.9575086808711717,42,64,largest,0.5
5268,group-5187,2,1,0.002818902743567331,0.0900643894700973,47,0.9859477500442712,42,64,largest,0.5
5269,group-5188,1,0,-0.03983669596769668,0.055185673916224885,4,0.969406765981805,42,64,largest,0.5
5270,group-5189,0,0,-0.0004275692329214209,0.07485708972143645,33,0.9952318649107303,42,64,largest,0.5
5271,group-5190,3,0,-0.04938223102577144,0.041274518527299645,42,1.0000150501858371,42,64,largest,0.5
5272,group-5191,2,0,-0.009375528342634665,0.07540797809758,23,1.000558669445703,42,64,largest,0.5
5273,group-5192,1,0,-0.013428608706457124,0.08579185788289277,22,0.9915786744667462,42,64,largest,0.5
5274,group-5193,0,1,0.011864689155067998,0.08817670781698835,40,0.9953538136662106,42,64,largest,0.5
5275,group-5194,4,0,-0.06967349413849566,0.030029116708280987,26,0.9525820062038642,42,64,largest,0.5
5276,group-5195,3,0,-0.03949811183116869,0.048799564309655805,3,0.9483958816902343,42,64,largest,0.5
5277,group-5196,2,0,-0.04589017145127128,0.0436833854709457,37,0.9676210307300973,42,64,largest,0.5
5278,group-5197,1,0,-0.04096780221352658,0.05413628759499403,12,0.9524258350072582,42,64,largest,0.5
5279,group-5198,0,0,-0.0022477993569797183,0.07304938123464856,33,0.9876008235102554,42,64,largest,0.5
5280,group-5199,4,0,-0.006485914316266106,0.07635454524868848,4,0.999672293869962,42,64,largest,0.5
5281,group-5200,1,0,-0.019465627846982803,0.07766330915477163,3,0.9858761887644084,42,64,largest,0.5
5282,group-5201,0,1,0.02588953832897989,0.10595770603597648,40,0.9785516258168814,42,64,largest,0.5
5283,group-5202,4,0,-0.03213657008152282,0.05256825926926914,24,0.9697596723291728,42,64,largest,0.5
5284,group-5203,3,0,-0.06561440952254294,0.03126967129046858,9,0.9512872242331704,42,64,largest,0.5
5285,group-5204,2,0,-0.0744894925120706,0.028191325238351172,28,0.9350500533033926,42,64,largest,0.5
5286,group-5205,1,0,-0.03394084740038361,0.060972232643646,18,0.9623190470546383,42,64,largest,0.5
5287,group-5206,0,0,-0.08105042812741758,0.02451687425518643,13,0.9231916298131342,42,64,largest,0.5
5288,group-5207,4,1,0.005738007867268746,0.09087994047013108,35,0.9872225119909116,42,64,largest,0.5
5289,group-5208,3,0,-0.06131137341661175,0.03366679606947326,15,0.957932693554344,42,64,largest,0.5
5290,group-5209,2,0,-0.05727277701029787,0.03672703345386674,22,0.9501762025257361,42,64,largest,0.5
5291,group-5210,0,1,0.006569281997598875,0.08219442532904765,40,0.9965477732952623,42,64,largest,0.5
5292,group-5211,4,0,-0.009850468801179901,0.07274706816954257,53,0.9947473702452708,42,64,largest,0.5
5293,group-5212,3,0,-0.07999849497985034,0.024398598598519037,22,0.9789998974515713,42,64,largest,0.5
5294,group-5213,2,0,-0.03546366606050322,0.051144717361512604,39,0.9673093711678902,42,64,largest,0.5
5295,group-5214,1,0,-0.021105157178115008,0.07558070307351028,5,0.9665034606597329,42,64,largest,0.5
5296,group-5215,0,0,-0.004228786517737948,0.07112778197060816,58,1.0003286768764696,42,64,largest,0.5
5297,group-5216,4,0,-0.016491911853839802,0.06608342082169648,0,0.9954799999883004,42,64,largest,0.5
5298,group-5217,3,0,-0.03726690622886164,0.0506701576188718,58,0.9974215730784753,42,64,largest,0.5
5299,group-5218,2,1,0.002980606576449829,0.0902749920322826,47,0.9975713694209069,42,64,largest,0.5
5300,group-5219,1,0,-0.02930251356959679,0.06591839177594162,15,0.9867454779580949,42,64,largest,0.5
5301,group-5220,4,0,-0.013313913362986929,0.06919817405677504,32,1.003145528265895,42,64,largest,0.5
5302,group-5221,3,0,-0.05431573150412805,0.037946761624210235,33,0.9902873242891144,42,64,largest,0.5
5303,group-5222,2,0,-0.03387567410443226,0.052382061903004096,16,0.9768517684501964,42,64,largest,0.5
5304,group-5223,1,0,-0.03223730106811862,0.06274716244008395,4,0.9745006297680442,42,64,largest,0.5
5305,group-5224,0,0,-0.03857932977556622,0.04446158112789674,24,0.9640191520813998,42,64,largest,0.5
5306,group-5225,4,0,-0.027499884373059835,0.05627566289130667,14,0.981006390050511,42,64,largest,0.5
5307,group-5226,3,0,-0.07593929347974882,0.026172795656593677,19,0.9775630743530078,42,64,largest,0.5
5308,group-5227,2,0,-0.044297932383671856,0.04475161326241037,23,0.9631957504361468,42,64,largest,0.5
5309,group-5228,1,0,-0.0014151320433271053,0.10429057401712767,59,0.996706563673474,42,64,largest,0.5
5310,group-5229,0,0,-0.0343122639828668,0.047165976862162964,38,0.9750917777544978,42,64,largest,0.5
5311,group-5230,3,0,-0.058219802307346136,0.035497557123932474,18,1.0030423102659063,42,64,largest,0.5
5312,group-5231,2,0,-0.018381566293829144,0.06602518253123524,41,0.9729301958248376,42,64,largest,0.5
5313,group-5232,1,0,-0.020286836528443986,0.07661368298733312,16,0.9888911744824475,42,64,largest,0.5
5314,group-5233,0,0,-0.010413574909487355,0.06542509785302532,38,0.991702100739396,42,64,largest,0.5
5315,group-5234,4,0,-0.013523329627888714,0.0689888096352521,12,0.9896385648810238,42,64,largest,0.5
5316,group-5235,3,0,-0.04788022199464559,0.04234196725667453,31,0.9936828270406032,42,64,largest,0.5
5317,group-5236,2,0,-0.011866113997965111,0.07269712829372316,9,0.9904426179201363,42,64,largest,0.5
5318,group-5237,1,0,-0.022893999021940448,0.07336702474342247,53,0.9774843913107937,42,64,largest,0.5
5319,group-5238,0,0,-0.040386093636626264,0.04336159072825258,32,0.9691962610467513,42,64,largest,0.5
5320,group-5239,4,0,-0.05108532876077321,0.039689388178041254,2,0.9556578600394211,42,64,largest,0.5
5321,group-5240,2,1,0.0044592439532771255,0.09222142232770467,47,0.998031491593917,42,64,largest,0.5
5322,group-5241,1,0,-0.025653750559407218,0.07006875649524573,10,0.9872354953829146,42,64,largest,0.5
5323,group-5242,0,0,-0.024228095906207225,0.05419099380272132,33,0.9915251594254583,42,64,largest,0.5
5324,group-5243,4,0,-0.029320450953359,0.05479152580375649,24,0.9776963868954144,42,64,largest,0.5
5325,group-5244,3,0,-0.0425835343412736,0.046320524213596496,6,0.9842095057256278,42,64,largest,0.5
5326,group-5245,2,0,-0.0047129394998208785,0.08073372691230662,48,0.9995471556891227,42,64,largest,0.5
5327,group-5246,1,0,-0.022528675705919987,0.07381420346838101,43,0.9640809272739697,42,64,largest,0.5
5328,group-5247,0,0,-0.014278500991563026,0.06208030614762417,38,0.9822736220057664,42,64,largest,0.5
5329,group-5248,4,0,-0.02464433943282318,0.05867986140011483,7,0.9830680248094595,42,64,largest,0.5
5330,group-5249,0,0,-0.012661895901705633,0.06345947423900113,7,0.9895456630801661,42,64,largest,0.5
5331,group-5249,0,0,-0.012661895901705633,0.06345947423900113,7,0.9895456630801661,42,64,largest,0.5
5332,group-5250,2,0,-0.0220441719264155,0.06252882877553245,4,0.9902583916661829,42,64,largest,0.5
5333,group-5251,1,0,-0.009220206382090201,0.09190669017036836,8,0.9876036426064295,42,64,largest,0.5
5335,group-5252,0,0,-0.013283917483821961,0.06292546254995626,33,1.0044515056276928,42,64,largest,0.5
5336,group-5253,4,1,0.015062290274530987,0.1035854935581241,35,0.9746591197957418,42,64,largest,0.5
5337,group-5254,3,0,-0.03916906830688838,0.04907125093220548,13,0.9834192964524628,42,64,largest,0.5
5338,group-5255,2,1,0.010448298260636202,0.10049561100309079,47,0.9820877427621767,42,64,largest,0.5
5339,group-5256,1,0,-0.04311732976045979,0.052193716174895426,23,0.9711308886261519,42,64,largest,0.5
5340,group-5257,0,0,-0.059219507382617165,0.033343633817279505,4,0.9711236312363247,42,64,largest,0.5
5341,group-5258,4,0,-0.024690454687007368,0.05864028072203555,42,0.9953774242747943,42,64,largest,0.5
5342,group-5259,3,0,-0.02740439366675873,0.05977979008619153,47,0.9832079392529849,42,64,largest,0.5
5343,group-5260,1,0,-0.11300878674150117,0.015457657776881097,57,0.9148951739640326,42,64,largest,0.5
5344,group-5261,0,0,-0.058837567106528765,0.03352262656621222,20,0.9561932886212948,42,64,largest,0.5
5345,group-5262,4,0,-0.023378351394135133,0.059776287759385975,39,0.9737512249578528,42,64,largest,0.5
5346,group-5263,3,0,-0.03752153960880933,0.05045329431368342,2,0.9754953446581478,42,64,largest,0.5
5347,group-5264,2,0,-0.020205792618451013,0.06426161594166495,15,0.9823721735138594,42,64,largest,0.5
5348,group-5265,1,0,-0.020107590237070316,0.07684167065549938,60,0.9884906955893223,42,64,largest,0.5
5349,group-5266,0,0,-0.049500803505870716,0.03819767776198102,20,0.9665121352170477,42,64,largest,0.5
5350,group-5267,4,0,-0.0023055828355702523,0.08106503388538801,22,1.007545261977628,42,64,largest,0.5
5351,group-5268,3,0,-0.03573129438148681,0.051996805151873854,0,0.9937301196624134,42,64,largest,0.5
5352,group-5269,2,0,-0.0038755889813644195,0.08172580758856787,9,1.0082046949305277,42,64,largest,0.5
5353,group-5270,0,0,-0.024239496636055957,0.054182520294736365,22,0.986605755930974,42,64,largest,0.5
5354,group-5271,4,0,-0.02435859315907396,0.05892567616791205,1,0.9807511443026031,42,64,largest,0.5
5355,group-5272,3,0,-0.023549776243041998,0.06374118985861166,46,0.9878925137167153,42,64,largest,0.5
5356,group-5273,2,0,-0.03359178424496145,0.05260622522165212,18,0.9850681751809919,42,64,largest,0.5
5357,group-5274,1,1,0.0029339954846510086,0.11181368922340389,7,0.9828796186565254,42,64,largest,0.5
5358,group-5275,0,1,0.0051485266159234655,0.08065341140605936,40,0.9879644032895736,42,64,largest,0.5
5359,group-5276,4,0,-0.013131047157260323,0.06938147585164954,58,0.9837053501312604,42,64,largest,0.5
5360,group-5277,3,0,-0.06892831913594544,0.029536978431993967,26,0.9538565801004278,42,64,largest,0.5
5361,group-5278,2,0,-0.010672177278513995,0.07398526316224564,7,0.9910726352543328,42,64,largest,0.5
5362,group-5279,1,1,0.015224738537879756,0.1356769168018402,7,0.981693566257879,42,64,largest,0.5
5363,group-5280,4,0,-0.008948320867303461,0.07369864453236466,52,0.9930974279374504,42,64,largest,0.5
5364,group-5281,3,0,-0.05413425813789485,0.03806447223912199,42,0.9909671275189788,42,64,largest,0.5
5365,group-5282,2,0,-0.04851332188792912,0.041976411632708176,27,0.9571343543438376,42,64,largest,0.5
5366,group-5283,1,0,-0.009571684540482628,0.09138135426021658,63,0.9869630064023447,42,64,largest,0.5
5367,group-5284,0,0,-0.060182425365541525,0.03289645786360483,42,0.9450447234574472,42,64,largest,0.5
5368,group-5285,4,0,-0.04468816424029687,0.04365760809509712,8,0.9710359393832563,42,64,largest,0.5
5369,group-5286,3,1,0.029888337214018512,0.1494393302755943,37,0.933702669072406,42,64,largest,0.5
5370,group-5287,2,0,-0.010410193041770266,0.07427071337408105,37,0.9691220610059684,42,64,largest,0.5
5371,group-5288,1,0,-0.013559894898944602,0.08560715835325472,18,0.9848135064889149,42,64,largest,0.5
5372,group-5289,0,0,-0.04623234057134329,0.039977707469979,50,0.9536943347373631,42,64,largest,0.5
5373,group-5290,3,0,-0.041244865595091995,0.04738103702184345,48,0.9274626373363025,42,64,largest,0.5
5374,group-5291,2,0,-0.040851143591562056,0.047149930931656606,37,0.9723880750290322,42,64,largest,0.5
5375,group-5292,1,0,-0.08739222286963821,0.024265542981343705,21,0.9261040573200929,42,64,largest,0.5
5376,group-5293,0,0,-0.10058365666094649,0.0185812756379093,17,0.9152466514949088,42,64,largest,0.5
5377,group-5294,4,0,-0.09599468122921118,0.020149457852589144,23,0.9003746361473343,42,64,largest,0.5
5378,group-5295,3,0,-0.05350794730856345,0.03847342094418043,17,0.9734902145715713,42,64,largest,0.5
5379,group-5296,2,0,-0.056125658452411686,0.03737676428419583,5,0.9515994773579037,42,64,largest,0.5
5380,group-5297,1,0,-0.044169044744007624,0.051267428901906636,22,0.9577141957521881,42,64,largest,0.5
5381,group-5298,0,0,-0.025618841545712034,0.05316650258524007,36,0.962847773797204,42,64,largest,0.5
5382,group-5299,4,0,-0.044927656812327466,0.043502448967426444,45,0.9664353618902514,42,64,largest,0.5
5383,group-5300,1,0,-0.054010906523279556,0.04332310611701537,11,0.9718760072729092,42,64,largest,0.5
5384,group-5301,0,0,-0.04665615588670713,0.03974248417302668,34,0.9634621145886255,42,64,largest,0.5
5385,group-5302,4,0,-0.02152700665937246,0.0614142484424161,38,0.9789923156585978,42,64,largest,0.5
5386,group-5303,3,0,-0.024996948449053535,0.06222603136183075,58,0.9832445689622411,42,64,largest,0.5
5387,group-5304,2,0,-0.02106676141910624,0.06344460016663214,27,0.9909620308859892,42,64,largest,0.5
5388,group-5305,1,1,0.009791543763107757,0.12463822697449124,7,0.9865895249802756,42,64,largest,0.5
5389,group-5306,0,0,-0.02215286432417629,0.05575436536371547,34,0.9469280864790564,42,64,largest,0.5
5390,group-5307,4,0,-0.027987164373969087,0.05587476410594373,23,0.982846098875932,42,64,largest,0.5
5391,group-5308,3,0,-0.019326222725776776,0.06836181586650708,3,0.9736540712166782,42,64,largest,0.5
5392,group-5309,4,0,-0.048420256394133054,0.04129870885284798,14,0.9647731551712714,42,64,largest,0.5
5393,group-5309,4,0,-0.048420256394133054,0.04129870885284798,14,0.9647731551712714,42,64,largest,0.5
5394,group-5310,1,0,-0.07080299318491234,0.032412005487521114,17,0.9292897461167615,42,64,largest,0.5
5395,group-5311,0,0,-0.05074595599729392,0.037539778920902246,53,0.9534855763018314,42,64,largest,0.5
5396,group-5312,4,0,-0.02183454288921416,0.061139282708356946,24,0.995797041725835,42,64,largest,0.5
5397,group-5313,3,0,-0.06864520700953414,0.02968129387860491,35,0.9746653091236338,42,64,largest,0.5
5398,group-5314,2,0,-0.008788226844854363,0.07606061343957776,20,0.9925093746290466,42,64,largest,0.5
5399,group-5315,1,0,-0.04251985299725092,0.05272695966788093,23,0.9771345167007929,42,64,largest,0.5
5400,group-5316,0,0,-0.05886633691333609,0.03350911162405748,19,0.9421650586260867,42,64,largest,0.5
5401,group-5317,4,0,-0.013069722480359092,0.06944304715343831,31,0.9909255945598798,42,64,largest,0.5
5402,group-5318,3,0,-0.061710233889004984,0.0334373398354382,42,1.0057678874690208,42,64,largest,0.5
5404,group-5319,2,0,-0.018386236040148107,0.06602061115855073,4,0.992670373293213,42,64,largest,0.5
5405,group-5320,0,0,-0.015388006218113093,0.0611500079269426,38,0.9721667426580838,42,64,largest,0.5
5406,group-5321,4,0,-0.016632011974415106,0.06594915102436584,22,0.9873828439005984,42,64,largest,0.5
5407,group-5322,3,0,-0.031360347099274266,0.055954801852950965,42,0.9966534460062348,42,64,largest,0.5
5408,group-5323,2,0,-0.02463503463273231,0.060160729010912954,9,0.9961854841988708,42,64,largest,0.5
5409,group-5324,1,0,-0.028636719373660635,0.06665827860640108,23,0.9922052438649086,42,64,largest,0.5
5410,group-5325,0,0,-0.031240334301710804,0.04920897016244273,22,0.9824027760811772,42,64,largest,0.5
5411,group-5326,4,1,0.007488420464912715,0.0931530140746454,35,0.9862625138585309,42,64,largest,0.5
5412,group-5327,3,0,-0.031069582337340362,0.05622791942506869,3,0.9641774341130639,42,64,largest,0.5
5413,group-5328,2,0,-0.03339581480431797,0.052761493633166796,19,0.9658189196903936,42,64,largest,0.5
5414,group-5329,1,0,-0.023621901775693566,0.0724834553440941,61,0.9753639713506634,42,64,largest,0.5
5415,group-5330,4,0,-0.03622298250569311,0.04949321770249448,42,0.9706319264167805,42,64,largest,0.5
5416,group-5331,3,0,-0.04688647331701579,0.043062656159861025,53,0.9472704288914955,42,64,largest,0.5
5417,group-5332,2,0,-0.0756854726674393,0.027675791916254418,1,0.9340646355809709,42,64,largest,0.5
5418,group-5333,1,0,-0.033926660180270574,0.06098681863714272,31,0.9822058304913535,42,64,largest,0.5
5419,group-5334,0,0,-0.05556278016977201,0.035095851215644215,47,0.9430106560304669,42,64,largest,0.5
5420,group-5335,4,0,-0.0677932134946011,0.030892192117826515,4,0.9618826400299807,42,64,largest,0.5
5421,group-5336,3,0,-0.02301009332553916,0.06431497859664283,48,0.9861209283819855,42,64,largest,0.5
5422,group-5337,2,0,-0.03858454933333644,0.048793126973123435,14,0.9583323703777531,42,64,largest,0.5
5423,group-5338,1,0,-0.05730768814873144,0.04093503518316795,4,0.9482352038486271,42,64,largest,0.5
5424,group-5339,0,0,-0.044628533068782006,0.040879975275583486,17,0.9551356540757345,42,64,largest,0.5
5425,group-5340,3,0,-0.04692100016028555,0.04303742121378733,41,1.0000147190048934,42,64,largest,0.5
5426,group-5341,2,0,-0.023429059070689706,0.06125238788473927,61,0.9839422063133964,42,64,largest,0.5
5427,group-5342,1,1,0.0023281813172848498,0.11073800718427101,7,0.9838743619876283,42,64,largest,0.5
5428,group-5343,0,0,-0.019449508601141252,0.0578546249705295,7,0.9856789949987048,42,64,largest,0.5
5429,group-5344,4,0,-0.0028225013498947016,0.08046850938789137,8,0.9873071456626673,42,64,largest,0.5
5430,group-2428,2,1,0.006917237738782167,0.09554055933955166,47,0.9883855589701203,42,64,largest,0.5
5431,group-5345,3,0,-0.022429999405409462,0.06493709365859132,27,0.9996200242544587,42,64,largest,0.5
5432,group-5346,2,0,-0.003330304043248411,0.08237781160587782,35,1.0086243657888514,42,64,largest,0.5
5433,group-5347,1,0,-0.03293019756320337,0.062019487874056055,22,0.9682937839073528,42,64,largest,0.5
5434,group-5348,0,0,-0.04585466398756621,0.04018844691898081,55,0.9456087580198178,42,64,largest,0.5
5436,group-5349,4,0,-0.09799816685484553,0.01954372278508835,34,0.9212910000494476,42,64,largest,0.5
5437,group-5350,2,0,-0.01675537538102967,0.06763511472176122,61,1.0078233306961002,42,64,largest,0.5
5438,group-5351,1,0,-0.047518119659246794,0.04842035252039427,6,0.9610571630569972,42,64,largest,0.5
5439,group-5352,0,0,-0.025409789985397446,0.053319324468209334,53,0.9739995923451984,42,64,largest,0.5
5440,group-5353,4,0,-0.049730965398830485,0.040499572173572966,2,0.9551272636617294,42,64,largest,0.5
5441,group-5354,3,1,0.010614517059098882,0.11096263383519508,37,0.9716630307510096,42,64,largest,0.5
5442,group-5355,2,0,-0.027916831875762105,0.05728157296767394,16,0.9852721019099155,42,64,largest,0.5
5443,group-5356,1,0,-0.049886374578005266,0.04649833758005229,56,0.9530058321849059,42,64,largest,0.5
5444,group-5357,0,0,-0.014803073571306724,0.06163882656875661,22,0.9763767612552611,42,64,largest,0.5
5445,group-5358,4,0,-0.04325282484188575,0.04459863835003367,4,0.9655318677570901,42,64,largest,0.5
5446,group-5359,3,0,-0.025315116331250165,0.06189745497490917,11,0.988908293335766,42,64,largest,0.5
5447,group-5360,1,0,-0.0028339750953848553,0.10193472829678002,10,0.9910394666066942,42,64,largest,0.5
5448,group-5361,0,0,-0.03668271546799018,0.04564487411455855,24,0.9687486310735675,42,64,largest,0.5
5449,group-5362,4,0,-0.05491410080215142,0.037482230651805566,14,0.9706527179792148,42,64,largest,0.5
5450,group-5363,3,0,-0.024440184382329422,0.06280493024661818,48,0.9435062627827526,42,64,largest,0.5
5451,group-5364,2,0,-0.0654682299090058,0.03239157313422172,14,0.9477233006424882,42,64,largest,0.5
5452,group-5365,1,0,-0.020445707726801987,0.07641212961190576,10,0.9934643875264676,42,64,largest,0.5
5453,group-5366,0,0,-0.018773089946281796,0.05839164174673582,53,0.9773500653000412,42,64,largest,0.5
5454,group-5367,4,0,-0.0366808421663245,0.04915949107948594,17,0.9750201422056459,42,64,largest,0.5
5455,group-5368,3,0,-0.03933338688011545,0.04893539654373287,28,0.9708440060623457,42,64,largest,0.5
5456,group-5369,2,0,-0.03233706269992742,0.053607863039439034,35,0.9748189838081617,42,64,largest,0.5
5457,group-5370,0,0,-0.05386815477928908,0.03593766128780069,8,0.9539155031260448,42,64,largest,0.5
5458,group-5371,4,0,-0.035491097945768546,0.050031140364419906,4,0.9791082147906232,42,64,largest,0.5
5459,group-5372,3,0,-0.06408155143165584,0.032104034858338716,6,0.9576750545807763,42,64,largest,0.5
5460,group-5373,2,0,-0.07697685423381129,0.02712942034533093,39,0.9483463726732179,42,64,largest,0.5
5461,group-5374,1,0,-0.05652079498498208,0.04149332185880822,11,0.9436533510255113,42,64,largest,0.5
5462,group-5375,0,0,-0.03410768972197509,0.04729948650863051,32,0.9786895937695498,42,64,largest,0.5
5463,group-5376,4,0,-0.08142671983978733,0.025141188669493563,41,0.9431590373439616,42,64,largest,0.5
5464,group-5377,3,0,-0.02383946709523943,0.06343516267983608,27,0.9943237837953179,42,64,largest,0.5
5465,group-5378,2,0,-0.016313808549293762,0.06807851262046193,4,0.9745146555975964,42,64,largest,0.5
5466,group-5379,1,0,-0.027033841041779194,0.06847126626354683,61,0.989270628082223,42,64,largest,0.5
5467,group-5380,4,0,-0.043883421666636835,0.044182851167444415,40,0.977920298218492,42,64,largest,0.5
5468,group-5381,3,0,-0.02929799268890798,0.05791925139505138,27,0.9889864857853904,42,64,largest,0.5
5469,group-5382,2,0,-0.006857607033560531,0.0782426805458703,18,0.9861338939759685,42,64,largest,0.5
5470,group-5383,1,0,-0.009626233413342455,0.09130006544082653,58,0.9952299128657226,42,64,largest,0.5
5471,group-5384,0,0,-0.004871975728952371,0.07051397894398516,54,1.001985304085766,42,64,largest,0.5
5472,group-5385,4,0,-0.021588265975721166,0.06135938494935617,31,0.9847423008140415,42,64,largest,0.5
5473,group-5386,3,0,-0.042630342613059424,0.046283853645509944,12,0.9777523891107793,42,64,largest,0.5
5474,group-4312,1,0,-0.03209669068863785,0.06289579956422611,31,0.9899982179822028,42,64,largest,0.5
5475,group-5387,3,0,-0.039413490818054675,0.04886929808031249,10,0.9875531224699486,42,64,largest,0.5
5477,group-5388,2,0,-0.02194081116506652,0.06262508486610864,4,0.9917851369175315,42,64,largest,0.5
5478,group-5389,1,1,0.001611329068855083,0.10947687886602696,7,1.007679247363304,42,64,largest,0.5
5479,group-5390,4,0,-0.02726420125223139,0.056470535082607375,2,0.9769907169290265,42,64,largest,0.5
5480,group-5391,3,0,-0.05127557376807035,0.039965616335631525,46,1.006900351004108,42,64,largest,0.5
5481,group-5392,2,0,-0.00401272801672925,0.08156257015804473,51,0.9882683380435254,42,64,largest,0.5
5482,group-5393,1,1,0.006212127862660566,0.11779387528368837,7,0.9986867366991263,42,64,largest,0.5
5483,group-5394,0,1,0.002845950005799125,0.0782118416984061,40,0.9999340148571858,42,64,largest,0.5
5484,group-5395,4,0,-0.11250191379029806,0.015660900090106258,21,0.9031891351841848,42,64,largest,0.5
5485,group-5396,3,0,-0.04779326075797541,0.04240457046704271,41,0.9503018424561543,42,64,largest,0.5
5487,group-5397,2,1,0.008925240034421522,0.09833093214328813,47,0.9937493419799699,42,64,largest,0.5
5488,group-5398,1,1,0.006266462702632203,0.11789529273878756,7,0.9982719148554077,42,64,largest,0.5
5489,group-5399,0,0,-0.031589704760517034,0.0489724567076113,9,0.9945846238149493,42,64,largest,0.5
5490,group-5400,2,0,-0.01787503988980743,0.06652278813791952,61,0.984238193236446,42,64,largest,0.5
5491,group-5401,1,0,-0.06722849073533144,0.03448630014549013,56,0.9338337169158625,42,64,largest,0.5
5492,group-5402,0,0,-0.02458229942176704,0.05392831736365448,45,0.970857476042805,42,64,largest,0.5
5493,group-5403,4,0,-0.0305629517907674,0.053799882064521375,31,0.9899919792273432,42,64,largest,0.5
5494,group-5404,3,0,-0.0387315322668077,0.04943474080837524,3,0.9580812874627014,42,64,largest,0.5
5495,group-5405,2,0,-0.020010460999398183,0.0644483347388217,2,0.9934407254410368,42,64,largest,0.5
5496,group-5406,1,0,-0.061915300067497236,0.037807716802434076,1,0.9505185331173671,42,64,largest,0.5
5497,group-5407,0,0,-0.012075728620448256,0.06396656844475108,22,0.9923607419153404,42,64,largest,0.5
5498,group-5408,4,0,-0.017441195039726298,0.06517859202363213,2,0.9955410572692304,42,64,largest,0.5
5499,group-5409,3,0,-0.011340378701136578,0.07795575930498225,60,0.9861783085584609,42,64,largest,0.5
5500,group-5410,1,0,-0.00798849219780673,0.09376914869205827,31,0.995205038504633,42,64,largest,0.5
5501,group-5411,0,1,0.0009718764486654763,0.07627476992790459,40,1.001338112206501,42,64,largest,0.5
5502,group-5412,4,0,-0.025353530910310895,0.05807392437244186,31,0.9904619855295925,42,64,largest,0.5
5503,group-5413,3,0,-0.03276510337504168,0.054652799061370674,15,0.9836370169908127,42,64,largest,0.5
5504,group-5414,2,0,-0.02152636545987696,0.06301243332211669,22,0.9743893543684349,42,64,largest,0.5
5505,group-5415,1,0,-0.010063836373853219,0.09065029963200631,10,0.9925803477436115,42,64,largest,0.5
5506,group-5416,0,0,-0.011772636949552773,0.06423025191748961,50,0.9825321834778415,42,64,largest,0.5
5507,group-5417,4,0,-0.03811486945034148,0.04812800890585363,51,0.9952412937101935,42,64,largest,0.5
5508,group-5418,3,0,-0.0632121753617988,0.032586777426305356,42,0.9716099832160577,42,64,largest,0.5
5509,group-5419,2,0,-0.003457408978816634,0.08222540873852495,7,0.9969696052429249,42,64,largest,0.5
5510,group-5420,0,0,-0.010208499150670902,0.06560717951262206,39,0.998396538159349,42,64,largest,0.5
5511,group-5421,4,0,-0.020640816666251505,0.062213059869751564,36,0.9920941202141169,42,64,largest,0.5
5512,group-5422,3,0,-0.05293121018704561,0.03885372826483089,42,0.98206901854946,42,64,largest,0.5
5513,group-5423,2,0,-0.010471403862782336,0.07420392933602994,27,0.971804017168662,42,64,largest,0.5
5514,group-5424,1,0,-0.04145914653591365,0.0536863265908013,52,0.962618435317878,42,64,largest,0.5
5515,group-5425,0,0,-0.038181774416958025,0.044707167133247586,30,0.9960156614995926,42,64,largest,0.5
5516,group-5426,4,0,-0.0312957842491598,0.053222966607304634,55,0.9800840514062971,42,64,largest,0.5
5518,group-5427,3,0,-0.044820610662139604,0.044598524018468325,26,0.9805440789118165,42,64,largest,0.5
5519,group-5428,2,0,-0.09257469033160726,0.021305527481437984,5,0.908932568290136,42,64,largest,0.5
5520,group-5429,1,0,-0.03947484916466559,0.055525402838165656,11,0.9561831755470375,42,64,largest,0.5
5521,group-5430,4,0,-0.05704040690424739,0.03630792253742556,1,0.9453450044897596,42,64,largest,0.5
5522,group-5431,3,0,-0.029741837869336152,0.05749108370642234,3,0.9621915313387855,42,64,largest,0.5
5523,group-5432,2,0,-0.07639922468421712,0.027372501768258114,28,0.9442366156972892,42,64,largest,0.5
5524,group-5433,1,0,-0.039282560802524236,0.05570673762716469,4,0.9587522586194932,42,64,largest,0.5
5525,group-5434,0,0,-0.01223561697430764,0.06382787554733733,27,0.9865663041281817,42,64,largest,0.5
5526,group-5435,4,0,-0.02482450187776275,0.05852537025485189,11,0.9654189373206123,42,64,largest,0.5
5527,group-5436,3,0,-0.021861716796903297,0.06555196780208526,18,0.98073926447514,42,64,largest,0.5
5528,group-5437,2,0,-0.0744235476453664,0.02822002077294865,28,0.9367148897547014,42,64,largest,0.5
5529,group-5438,1,0,-0.08954060168440692,0.023368812692688194,8,0.9353478471614731,42,64,largest,0.5
5530,group-5439,0,0,-0.06649163634116184,0.030106720462200524,12,0.9357395383776181,42,64,largest,0.5
5531,group-5440,3,0,-0.035622364227634984,0.05209214914947296,48,0.9765820427622107,42,64,largest,0.5
5532,group-5441,2,0,-0.060965008285736144,0.03470871507552015,3,0.9499923201851729,42,64,largest,0.5
5533,group-5442,1,0,-0.011992453932953895,0.08783600055558397,11,0.9709040459144634,42,64,largest,0.5
5534,group-5443,0,0,-0.030575650106958396,0.04966193514508172,53,0.9827019973974572,42,64,largest,0.5
5535,group-5444,4,0,-0.06366304025028846,0.032873102862093245,54,0.9322841913039353,42,64,largest,0.5
5536,group-5445,3,0,-0.04230579094168363,0.046538683380627374,13,0.997185488351093,42,64,largest,0.5
5537,group-5446,2,0,-0.06556243579153731,0.032344731876244696,11,0.9297289600181996,42,64,largest,0.5
5538,group-5447,1,0,-0.0799534011334222,0.027637077390729577,19,0.9430717106979309,42,64,largest,0.5
5539,group-5448,0,0,-0.10321300502552966,0.01789853101881223,11,0.9119509012213433,42,64,largest,0.5
5540,group-5449,4,0,-0.0975408086401145,0.019680409289915,21,0.9169957903923517,42,64,largest,0.5
5541,group-5450,2,0,-0.04412231962302582,0.04487094470356069,22,0.9627191544185674,42,64,largest,0.5
5542,group-5451,1,0,-0.016129735737530293,0.08206369764628775,10,1.0017213146162585,42,64,largest,0.5
5543,group-5452,0,0,-0.08383997918951591,0.023567759762531306,21,0.9098990111058601,42,64,largest,0.5
5544,group-5453,4,0,-0.051105461720040046,0.039677462563661565,58,0.9665791652172774,42,64,largest,0.5
5545,group-5454,3,0,-0.05279692101137956,0.0389427965588331,31,0.9527286943838437,42,64,largest,0.5
5546,group-5455,2,0,-0.03615912138557131,0.05061157736895176,39,0.9605944496329388,42,64,largest,0.5
5547,group-5456,1,0,-0.03223473550553313,0.06274987152004027,31,0.9598722349506511,42,64,largest,0.5
5548,group-5457,0,0,-0.04621877216813042,0.03998526011886355,47,0.9573707232847719,42,64,largest,0.5
5549,group-5458,4,0,-0.034501943321959105,0.05076695752847387,26,0.9637445798395473,42,64,largest,0.5
5550,group-5459,3,0,-0.026624161010800895,0.06056256768565445,36,0.9656995467588269,42,64,largest,0.5
5551,group-5460,1,0,-0.028322274492255994,0.06701039121827518,22,0.9877409703374058,42,64,largest,0.5
5552,group-5461,0,0,-0.047983285119685526,0.03901446208333624,34,0.9524236225236535,42,64,largest,0.5
5553,group-5462,4,0,-0.001898399571144127,0.08153775982290004,31,1.0034164141846078,42,64,largest,0.5
5554,group-5463,3,0,-0.036510134612718126,0.051319895688807245,34,1.0021278401507814,42,64,largest,0.5
5555,group-5464,2,0,-0.026142951582091345,0.05882136920680943,61,0.9857712243306952,42,64,largest,0.5
5556,group-5465,1,0,-0.04863020770844262,0.04750859538802541,61,0.958335443873505,42,64,largest,0.5
5557,group-5466,0,0,-0.09564096155893442,0.019934545702058645,21,0.9098660248177828,42,64,largest,0.5
5558,group-5467,4,0,-0.08374391609192866,0.024273370476107062,15,0.9288409720428226,42,64,largest,0.5
5559,group-5468,3,0,-0.05715377584577841,0.03615079532795148,3,0.9529180329372003,42,64,largest,0.5
5560,group-5469,2,0,-0.04261631959131862,0.04590681522469766,39,0.960486965454045,42,64,largest,0.5
5561,group-5470,0,0,-0.09991431253409833,0.018759120855096914,37,0.907127188822694,42,64,largest,0.5
5562,group-5471,4,0,-0.01913113010887746,0.06359626493458145,31,0.9924607573798789,42,64,largest,0.5
5563,group-5472,3,0,-0.024955229180359306,0.06226923600575183,15,0.970665895778307,42,64,largest,0.5
5564,group-5473,2,0,-0.09259633994908445,0.0212983620765003,41,0.9100331964490848,42,64,largest,0.5
5565,group-5474,1,0,-0.04345807317340222,0.051891891087681725,31,0.9622324514212217,42,64,largest,0.5
5566,group-5475,0,0,-0.01344166879629527,0.06279069934028823,33,0.9748248502601439,42,64,largest,0.5
5567,group-5476,4,0,-0.019353312149564483,0.06339091299881044,41,0.9927306867811955,42,64,largest,0.5
5568,group-5477,3,0,-0.02759042661247335,0.05959455398017877,3,0.973419581467937,42,64,largest,0.5
5569,group-5478,2,0,-0.09724060076347474,0.019814539812204185,24,0.9229353224840895,42,64,largest,0.5
5570,group-5479,1,0,-0.059141602698818296,0.039661685653523314,13,0.957356718793533,42,64,largest,0.5
5571,group-5480,4,0,-0.07153641747975137,0.029197074108385943,26,0.942009511914918,42,64,largest,0.5
5572,group-5481,3,0,-0.04169657464494014,0.04702063221784008,60,0.980861742191461,42,64,largest,0.5
5573,group-5482,2,0,-0.03497076864843862,0.051525788140866134,61,0.9737527309726519,42,64,largest,0.5
5574,group-5483,1,0,-0.03486820100029553,0.060025859517282704,36,0.9726606380722947,42,64,largest,0.5
5575,group-5484,0,0,-0.018434977302990374,0.05866182286388958,32,0.9942285288617463,42,64,largest,0.5
5576,group-5485,4,0,-0.025562421988715167,0.057896568995351276,54,0.9538587431881451,42,64,largest,0.5
5577,group-5486,3,1,0.00483265405187383,0.10123992871439705,37,0.9773257976461022,42,64,largest,0.5
5578,group-5487,2,0,-0.02428462316802671,0.06047603362267423,6,0.9599837493760667,42,64,largest,0.5
5579,group-5488,1,0,-0.030575459745149747,0.06452499469768132,10,0.9829299764284674,42,64,largest,0.5
5580,group-5489,0,1,0.008152706555414668,0.08394342600212185,40,0.9934037364072968,42,64,largest,0.5
5581,group-5490,3,0,-0.05253958802327263,0.03911402225419004,42,0.988235535233547,42,64,largest,0.5
5582,group-5491,2,0,-0.013178493767683097,0.07130507423120257,18,0.9911276256962862,42,64,largest,0.5
5583,group-5492,1,0,-0.011726145261256371,0.08821985476229402,53,0.9885518522067226,42,64,largest,0.5
5584,group-5493,0,0,-0.057555864287900715,0.03413008772705668,3,0.940242819458854,42,64,largest,0.5
5585,group-5494,4,0,-0.056583512978916506,0.03655723002157427,28,0.9677657873078611,42,64,largest,0.5
5586,group-5495,3,0,-0.03986240723997847,0.04850043545613746,39,0.9706596945527219,42,64,largest,0.5
5587,group-5496,2,0,-0.06297167303234519,0.033657072914202606,33,0.9344798144434225,42,64,largest,0.5
5588,group-5497,1,0,-0.027954836230107194,0.06742403235635361,5,0.9805147049230145,42,64,largest,0.5
5589,group-5498,0,0,-0.027937662822720588,0.05149889634195267,3,0.9734993506032454,42,64,largest,0.5
5590,group-5499,4,0,-0.03410389454900942,0.05106594103755409,37,0.9776892723996845,42,64,largest,0.5
5591,group-5500,1,0,-0.04456088404943204,0.05092631277015606,28,0.9755923280820147,42,64,largest,0.5
5592,group-5501,0,0,-0.015526191428356428,0.06103505913532902,49,0.9925155458242134,42,64,largest,0.5
5593,group-5502,4,0,-0.02100463918760187,0.06188394320233836,22,0.9904608640634908,42,64,largest,0.5
5594,group-5503,3,0,-0.03679133487492969,0.051077551789446354,19,0.986924400916228,42,64,largest,0.5
5595,group-5504,2,0,-0.021616180199598878,0.06292830162618675,27,0.9772793400346174,42,64,largest,0.5
5596,group-5505,1,0,-0.010967083929492083,0.08932228301246031,51,0.9839437346146879,42,64,largest,0.5
5597,group-5506,0,0,-0.08085406146804996,0.02458507243949658,5,0.9173923911676369,42,64,largest,0.5
5598,group-5507,4,0,-0.09028842383407631,0.02197720272881788,20,0.9421230985093086,42,64,largest,0.5
5599,group-5508,3,0,-0.055491921787350074,0.037192275458045626,22,0.9811886087298666,42,64,largest,0.5
5600,group-5509,2,0,-0.029322260398321087,0.05608856985086026,39,0.9812867800421202,42,64,largest,0.5
5601,group-5510,0,0,-0.00757549318089179,0.06798716945453379,62,0.995675191686483,42,64,largest,0.5
5602,group-5511,4,0,-0.013633544085486005,0.06887885816680678,6,1.0021572831699919,42,64,largest,0.5
5603,group-5512,3,0,-0.06284101125710184,0.03279500552513405,17,0.9442877768513003,42,64,largest,0.5
5604,group-5513,2,0,-0.039853652763051195,0.047866492525048605,11,0.9678899601484429,42,64,largest,0.5
5605,group-5514,1,0,-0.049506166060977685,0.0468019400041982,28,0.9644627561521051,42,64,largest,0.5
5606,group-5515,0,0,-0.033031242582767684,0.04800793576546243,31,0.9831581794565039,42,64,largest,0.5
5607,group-5516,4,0,-0.011703788431645878,0.07082764247231568,50,0.9707530673058568,42,64,largest,0.5
5609,group-5517,3,0,-0.06340731748401629,0.03247781304513275,47,0.9431783045667194,42,64,largest,0.5
5610,group-5518,2,0,-0.05437168063701525,0.03839162643675268,11,0.9397980156553033,42,64,largest,0.5
5611,group-5519,1,0,-0.05202882560591948,0.04482229191714083,28,0.9512118917363118,42,64,largest,0.5
5612,group-5520,4,0,-0.06565918970853057,0.031900841294801516,8,0.9516037747267543,42,64,largest,0.5
5613,group-5521,3,0,-0.029855307074291404,0.057382100426890584,46,0.9924374186740775,42,64,largest,0.5
5614,group-5522,2,0,-0.011689670471906166,0.0728861827703459,27,0.9995308006798255,42,64,largest,0.5
5615,group-5523,1,1,0.009015690927904663,0.12312631727579203,7,0.999473146110186,42,64,largest,0.5
5616,group-5524,0,0,-0.01036824479956544,0.0654653048259652,62,0.9944170184480647,42,64,largest,0.5
5617,group-5525,4,0,-0.010040893822075736,0.07254766222071417,51,1.0123794686206262,42,64,largest,0.5
5618,group-5526,3,0,-0.059126278312588876,0.03495104551153184,5,0.9986019422406011,42,64,largest,0.5
5619,group-5527,2,0,-0.020014600282902584,0.06444437273623584,54,0.9926483342522922,42,64,largest,0.5
5620,group-5528,1,0,-0.026262087685831714,0.06936038637792273,54,0.9912788960095198,42,64,largest,0.5
5621,group-5529,0,0,-0.0239462312055303,0.054400885289291566,19,0.9859191486744865,42,64,largest,0.5
5623,group-5530,3,0,-0.038911539638279646,0.049284888855219415,35,0.9901768919337252,42,64,largest,0.5
5624,group-5531,2,0,-0.04531969300326677,0.04406329071661991,8,0.973228546216154,42,64,largest,0.5
5626,group-5532,1,0,-0.041671453505465084,0.05349299452334601,15,0.9655526320983526,42,64,largest,0.5
5627,group-5533,0,0,-0.042449528784774704,0.04213711648325963,3,0.9652919896461473,42,64,largest,0.5
5628,group-5534,4,0,-0.03496035786819596,0.05042468489291052,36,0.9646017402495763,42,64,largest,0.5
5629,group-5535,3,0,-0.07210685458264143,0.027962737595481506,47,0.9354845762085428,42,64,largest,0.5
5631,group-5536,2,0,-0.03896525131457196,0.04851338522741335,6,0.9750486196819321,42,64,largest,0.5
5632,group-5537,1,0,-0.05648271548906969,0.04152052257223894,19,0.9609590716833669,42,64,largest,0.5
5633,group-5538,0,0,-0.028915023373036863,0.05081093613044626,20,0.9846000339818131,42,64,largest,0.5
5634,group-5539,4,0,-0.07053576692596975,0.029641178953478377,28,0.9499475318685496,42,64,largest,0.5
5635,group-5540,2,0,-0.007891975825175979,0.07706656182185147,61,0.9943695816680981,42,64,largest,0.5
5636,group-5541,1,0,-0.01187627588448481,0.08800327228767672,9,0.992090775766731,42,64,largest,0.5
5637,group-5542,0,0,-0.050530605624583225,0.037652779198219036,42,0.9767478605320837,42,64,largest,0.5
5638,group-5543,4,0,-0.032613999590951126,0.05219988545964808,0,0.9877767065258907,42,64,largest,0.5
5639,group-5544,3,0,-0.05144929126074005,0.039847534268585144,45,0.9533145068695157,42,64,largest,0.5
5640,group-5545,2,0,-0.03926287763377134,0.048295748663432024,35,0.9825714221308233,42,64,largest,0.5
5642,group-5546,1,1,0.010048141016629653,0.12514175236630015,7,0.9811427290895196,42,64,largest,0.5
5643,group-5547,0,0,-0.029044577122296023,0.05072039926484253,27,0.9770919334448258,42,64,largest,0.5
5644,group-5548,4,0,-0.03491868029903478,0.05045571269779187,18,0.9722387684691446,42,64,largest,0.5
5645,group-5549,3,0,-0.08206371023061954,0.023541491885841877,17,0.9511318953461124,42,64,largest,0.5
5646,group-5550,1,0,-0.19586248948887064,0.003534330723849659,30,0.8212926640078199,42,64,largest,0.5
5647,group-5551,0,1,0.008421508546513135,0.08424367246314539,40,0.9764978314945011,42,64,largest,0.5
5648,group-5552,4,0,-0.027798130158299794,0.05602996781430353,32,0.9838768606783376,42,64,largest,0.5
5649,group-5553,3,0,-0.05834089043377866,0.03542407989252381,27,0.9776310977735875,42,64,largest,0.5
5650,group-5554,2,0,-0.041984044434107304,0.04634846395402241,1,0.9603430115933389,42,64,largest,0.5
5651,group-5555,1,0,-0.037901351814158324,0.05702573154806889,31,0.98476382595818,42,64,largest,0.5
5652,group-5556,0,0,-0.017709468356711833,0.05924552779069206,9,1.0031721019337059,42,64,largest,0.5
5653,group-2061,0,0,-0.003131319543287381,0.0721865091531844,0,1.000576687689715,42,64,largest,0.5
5654,group-5557,4,1,0.0032373333115564007,0.08771918935797433,35,0.9984530464931681,42,64,largest,0.5
5655,group-3274,1,1,0.006348286566303374,0.11804816193464714,7,0.9978047122052338,42,64,largest,0.5
5656,group-5558,3,0,-0.03956830498526265,0.04874179176776847,41,0.9839993649515033,42,64,largest,0.5
5657,group-5559,2,0,-0.007277878109583136,0.0777628472455547,34,0.9879305534716384,42,64,largest,0.5
5658,group-5560,0,1,0.009745459138149837,0.08573677035866294,40,0.9857832774236125,42,64,largest,0.5
5659,group-5561,4,0,-0.009115858269914234,0.0735210657614435,32,0.9968618342313702,42,64,largest,0.5
5660,group-5562,3,0,-0.023648290166867536,0.06363696643787745,27,1.0103914728254884,42,64,largest,0.5
5661,group-5563,2,0,-0.04428689423048915,0.04475910493186367,22,0.9629124334221423,42,64,largest,0.5
5662,group-5564,1,0,-0.018935343999775922,0.07834807163848419,5,0.9712169833854373,42,64,largest,0.5
5663,group-5565,0,0,-0.007674154751606599,0.06789656272070548,33,0.9764941396591375,42,64,largest,0.5
5664,group-5566,4,0,-0.08950562736884671,0.022240258476552092,37,0.9338264772214323,42,64,largest,0.5
5665,group-5567,3,0,-0.004731129070446927,0.08681209015952444,27,0.988988254458803,42,64,largest,0.5
5666,group-5568,2,0,-0.02673699992881895,0.05830143891534673,23,0.9752125647769769,42,64,largest,0.5
5667,group-5569,1,0,-0.00436041838885981,0.09945301800502564,59,0.996732578866525,42,64,largest,0.5
5668,group-5570,4,0,-0.019301142426467077,0.06343907530151537,11,0.9917532988424103,42,64,largest,0.5
5669,group-5571,3,0,-0.013203757436804686,0.07561246212962518,9,0.9839872608152397,42,64,largest,0.5
5670,group-5572,2,0,-0.024718631602260843,0.06008573505721444,27,0.9905554856148965,42,64,largest,0.5
5671,group-5573,1,0,-0.05834123423001625,0.0402126709295144,12,0.9414684554049596,42,64,largest,0.5
5672,group-5574,0,0,-0.059910347287061794,0.03302221953632791,21,0.9547076103552504,42,64,largest,0.5
5673,group-5575,4,0,-0.03814550777961623,0.048106196797830264,53,0.9750422247642272,42,64,largest,0.5
5674,group-5576,3,0,-0.05036441631915212,0.04059047476445643,47,1.0014783555759406,42,64,largest,0.5
5675,group-5577,2,0,-0.03991081964444687,0.04782514797277163,29,0.9670762628340681,42,64,largest,0.5
5676,group-5578,1,0,-0.02793087846327702,0.06745108474981007,19,0.9885235403759169,42,64,largest,0.5
5677,group-5579,0,0,-0.03496849887040809,0.04674011711332265,6,0.963639258328075,42,64,largest,0.5
5678,group-5580,3,0,-0.030780352590210835,0.056500838539991084,27,1.0031286413664395,42,64,largest,0.5
5679,group-5581,2,0,-0.030492102556556544,0.05511340660940903,16,0.9863368024903607,42,64,largest,0.5
5680,group-5582,1,0,-0.0029381612797150236,0.1017636100133771,16,0.9926813844254126,42,64,largest,0.5
5681,group-5583,0,0,-0.03684448283083519,0.04554278907555265,19,0.9872537719834316,42,64,largest,0.5
5682,group-5584,4,0,-0.02186004617154258,0.06111653217374199,39,0.9934983356125484,42,64,largest,0.5
5683,group-5585,3,0,-0.025586168662196762,0.06161881451541654,2,0.9949777318974906,42,64,largest,0.5
5684,group-5586,2,0,-0.005242215294149255,0.08011232714980678,34,0.9978205732253621,42,64,largest,0.5
5686,group-5587,1,0,-0.025992278338903052,0.06967374074080722,35,0.9778742357471795,42,64,largest,0.5
5687,group-5588,0,0,-0.020814309890607285,0.056785177749968066,6,0.9923399677967948,42,64,largest,0.5
5688,group-5589,4,0,-0.07254547587170079,0.028755775765435723,9,0.9402618709053048,42,64,largest,0.5
5689,group-5590,2,0,-0.020724589856292774,0.06376813766768981,16,0.9925757643368324,42,64,largest,0.5
5690,group-5591,1,0,-0.031215305680888705,0.06383500415388874,16,0.9812586700461609,42,64,largest,0.5
5691,group-5592,0,0,-0.004776092909824392,0.07060516958876129,52,1.0061409923964943,42,64,largest,0.5
5692,group-5593,4,0,-0.0071799930282822055,0.075597165149387,16,0.9912235077269296,42,64,largest,0.5
5693,group-5594,3,0,-0.06034522077110571,0.03422891970727378,42,0.9742192275334338,42,64,largest,0.5
5694,group-5595,2,0,-0.03145193681917546,0.05432524874049035,54,0.9762716074414532,42,64,largest,0.5
5695,group-5596,1,0,-0.00508604832343762,0.09829223098702919,53,0.9860888145114838,42,64,largest,0.5
5696,group-5597,0,0,-0.017265753220970015,0.05960519440626023,38,0.9928919011727665,42,64,largest,0.5
5697,group-5598,4,0,-0.019143069582248984,0.06358521411930768,6,0.9791656923015695,42,64,largest,0.5
5698,group-5599,3,0,-0.04819389288370757,0.04211688945448348,25,0.959702059999826,42,64,largest,0.5
5699,group-5600,0,0,-0.04094229836533969,0.04302822520476557,6,0.9719436960327262,42,64,largest,0.5
5700,group-5601,4,0,-0.027583437031769797,0.056206730179534335,33,0.9700048154786428,42,64,largest,0.5
5701,group-5602,3,0,-0.028995224106586504,0.058213040771291226,56,1.0080169824335914,42,64,largest,0.5
5702,group-5603,2,1,0.009704998978434132,0.09943394215183049,47,1.0049385832043416,42,64,largest,0.5
5703,group-5604,1,0,-0.014871817030923662,0.08378119510615259,10,0.9976352767602605,42,64,largest,0.5
5704,group-5605,0,0,-0.06086147607327341,0.03258459781920682,6,0.9402773503674108,42,64,largest,0.5
5705,group-5606,4,0,-0.2902700935575119,0.0010028081058607208,29,0.7104105238895185,42,64,largest,0.5
5706,group-5607,3,0,-0.03496343303406724,0.05267242732602983,47,0.9880354375024453,42,64,largest,0.5
5707,group-5608,2,1,0.0151295816917002,0.10741585454060303,47,0.9879428387919914,42,64,largest,0.5
5708,group-5609,1,0,-0.025317069568874806,0.07046367028974104,10,0.9775240296753854,42,64,largest,0.5
5709,group-5610,4,0,-0.027298655277173456,0.05644200758007518,51,0.9893972768024071,42,64,largest,0.5
5710,group-5611,3,0,-0.039954181089518426,0.048425353308388534,18,0.9911741279653058,42,64,largest,0.5
5711,group-5612,2,0,-0.03374058394346857,0.05248861818458861,17,0.9789138628195972,42,64,largest,0.5
5712,group-5613,1,1,0.001211449483680127,0.10877887377201616,7,1.0010335231962304,42,64,largest,0.5
5713,group-5614,0,0,-0.017056027816031327,0.059775904491435196,15,0.9872420336757987,42,64,largest,0.5
5714,group-5615,4,0,-0.0435094606123162,0.04442897602423496,32,0.990005626588908,42,64,largest,0.5
5715,group-5616,3,0,-0.022411093579165486,0.06495746292825917,20,1.0057274522401447,42,64,largest,0.5
5716,group-5617,2,0,-0.012457501687167971,0.07206676383937602,27,1.0019917127941875,42,64,largest,0.5
5717,group-5618,1,0,-0.02025404825524013,0.0766553407725409,23,0.9868691811799869,42,64,largest,0.5
5718,group-5619,0,0,-0.012217173580598817,0.06384385970065581,22,0.9913302235967768,42,64,largest,0.5
5719,group-5620,3,0,-0.05614449352900375,0.03677991433578427,10,0.9684209099657598,42,64,largest,0.5
5720,group-5621,2,0,-0.021360567612570658,0.06316801593491958,51,0.9778854473396157,42,64,largest,0.5
5721,group-5622,1,0,-0.021382010626510572,0.07523413120470249,22,0.9740184724912516,42,64,largest,0.5
5722,group-5623,0,0,-0.04283752371976335,0.041910595893985055,11,0.9627399216652308,42,64,largest,0.5
5723,group-5624,4,0,-0.010681151519360332,0.07188089799881682,5,1.0067181444917856,42,64,largest,0.5
5724,group-5625,3,0,-0.02026368909912135,0.06731013795602832,58,0.9941444224134303,42,64,largest,0.5
5725,group-5626,2,0,-0.03450368267858139,0.051889380028438244,48,0.9680515092435167,42,64,largest,0.5
5726,group-5627,1,0,-0.07480617212330365,0.030232067629216434,20,0.9249881816485764,42,64,largest,0.5
5727,group-5628,0,0,-0.027786872986188316,0.051605818040761156,62,0.9595233548321555,42,64,largest,0.5
5728,group-5629,4,1,0.004133822958598543,0.08884072514984215,35,0.9924141150448033,42,64,largest,0.5
5729,group-5630,2,0,-0.025020765856188842,0.05981542271451161,35,0.9935372738495402,42,64,largest,0.5
5730,group-5631,1,0,-0.04651156935039891,0.049259880426675076,56,0.9648858092595075,42,64,largest,0.5
5731,group-5632,0,0,-0.002424147514727748,0.07287639883230043,60,1.0006924520297744,42,64,largest,0.5
5732,group-5633,4,0,-0.03896162411410342,0.04752862905974285,18,0.9776631557374852,42,64,largest,0.5
5733,group-5634,3,0,-0.03526637514949427,0.05240489147109311,15,0.993805661647481,42,64,largest,0.5
5734,group-5635,2,0,-0.04437633798219576,0.044698433237344036,59,0.9643007601456157,42,64,largest,0.5
5735,group-5636,1,0,-0.0505802239761024,0.04594911118609734,27,0.9619638714198122,42,64,largest,0.5
5736,group-5637,0,0,-0.03051801682275712,0.04970139637723435,13,0.9791904677651974,42,64,largest,0.5
5737,group-5638,4,0,-0.01111342497103407,0.07143393020153921,53,0.9958150192295021,42,64,largest,0.5
5738,group-5639,3,0,-0.028668861717724092,0.05853128968165184,41,0.9859314726971048,42,64,largest,0.5
5739,group-5640,1,0,-0.04314441139765324,0.052169667133865144,44,0.9793065488517722,42,64,largest,0.5
5740,group-5641,0,0,-0.013802633057072411,0.0624833485484291,10,0.9777518002952513,42,64,largest,0.5
5741,group-5642,4,0,-0.016311008123627624,0.06625717194713401,40,0.993168421183961,42,64,largest,0.5
5742,group-5643,3,0,-0.018893463595141102,0.068852417899756,27,0.9962130828519612,42,64,largest,0.5
5743,group-5644,2,0,-0.04034510431801219,0.04751216799502085,5,0.9664316783345085,42,64,largest,0.5
5744,group-5645,1,0,-0.02045356888151939,0.07640216912634563,31,0.9809338132491724,42,64,largest,0.5
5745,group-5646,0,0,-0.03292829192849711,0.04807621688003044,13,0.9736342389345461,42,64,largest,0.5
5746,group-5647,4,0,-0.04234651473351403,0.04520275631823527,47,0.9707056030603698,42,64,largest,0.5
5747,group-5648,3,0,-0.056006722471891424,0.03686660428619475,15,0.9695869554989638,42,64,largest,0.5
5748,group-5649,2,0,-0.03922625625281251,0.048322477633063944,61,0.9933709846589187,42,64,largest,0.5
5749,group-5650,0,0,-0.022691125396351763,0.05534483768999072,49,0.9906434475192907,42,64,largest,0.5
5750,group-5651,4,0,-0.025679994387880822,0.05779696987464166,19,0.9909927123363466,42,64,largest,0.5
5751,group-5652,3,0,-0.12306306662965238,0.011514747143011086,14,0.8991708281244466,42,64,largest,0.5
5752,group-5653,2,0,-0.015659972040062975,0.06874001074078419,54,0.9942339371559974,42,64,largest,0.5
5753,group-5654,1,0,-0.04414046956631923,0.05129238943656399,22,0.9739914603564255,42,64,largest,0.5
5754,group-5655,0,0,-0.012100604351469646,0.06394497191408788,53,0.983852817861287,42,64,largest,0.5
5755,group-5656,4,0,-0.11153467303905029,0.01589435948373132,26,0.9177365167939102,42,64,largest,0.5
5756,group-5386,3,0,-0.042630342613059424,0.046283853645509944,12,0.9777523891107793,42,64,largest,0.5
5757,group-5657,3,0,-0.029148159477906055,0.05806446667094855,18,0.9992642740706713,42,64,largest,0.5
5758,group-5658,2,0,-0.05486461078325,0.03810377096665277,5,0.9348207883558387,42,64,largest,0.5
5759,group-5659,1,0,-0.011518705446650346,0.08851990520588152,37,0.972399821740166,42,64,largest,0.5
5760,group-5660,4,0,-0.08821656435799485,0.022680162990500873,61,0.9059669507885812,42,64,largest,0.5
5761,group-5661,3,0,-0.06379088043158909,0.032264662744442334,25,0.9873105950682711,42,64,largest,0.5
5762,group-5662,2,0,-0.04384196339226465,0.04506207957385194,27,0.9745166597413697,42,64,largest,0.5
5763,group-5663,1,0,-0.027534259313610643,0.06790040067648333,51,0.9681414346672139,42,64,largest,0.5
5764,group-5664,0,0,-0.012858747994310749,0.06329001941681152,15,0.9925704162144848,42,64,largest,0.5
5765,group-5665,4,0,-0.029844839969027315,0.0543709264153668,39,0.9908520972220404,42,64,largest,0.5
5766,group-5666,3,0,-0.018731651635003788,0.06903669384365917,34,0.993750888467057,42,64,largest,0.5
5767,group-2059,1,1,0.024200135945640078,0.15570758791391673,7,0.9820908807621709,42,64,largest,0.5
5768,group-5667,2,0,-0.004383294717730024,0.08112296740461775,35,1.0006880731730972,42,64,largest,0.5
5769,group-5668,1,0,-0.015284044856678558,0.08321479301817494,52,0.9922012877914071,42,64,largest,0.5
5770,group-5669,0,0,-0.020575132624479853,0.056971243000650484,52,0.9921637359685886,42,64,largest,0.5
5771,group-5670,3,0,-0.0373551388502712,0.05059491292686906,3,0.9700061858646353,42,64,largest,0.5
5772,group-5671,2,0,-0.009463210319652693,0.07531098437347004,48,0.9962779034563815,42,64,largest,0.5
5773,group-5672,1,1,0.002400924511067659,0.11086668959869106,7,1.003845150655908,42,64,largest,0.5
5774,group-5673,0,0,-0.017000979555576223,0.05982078789707566,30,0.9822053457582083,42,64,largest,0.5
5775,group-5674,4,0,-0.0731761317530405,0.02848326069293791,21,0.9462556252444428,42,64,largest,0.5
5776,group-5675,3,0,-0.2011703224364335,0.002905439888886016,50,0.804875661408282,42,64,largest,0.5
5777,group-5676,2,0,-0.1054297009276729,0.01744110693504068,62,0.8884044999178109,42,64,largest,0.5
5778,group-5677,1,0,-0.06578480300310552,0.035359886097228684,27,0.9413126534115205,42,64,largest,0.5
5779,group-5678,0,0,-0.06463424112570393,0.030903300056329328,29,0.9292673009428246,42,64,largest,0.5
5780,group-5679,4,0,-0.011298898825186199,0.07124293912507165,52,0.9843831539879345,42,64,largest,0.5
5781,group-3275,0,0,-0.025740160904223153,0.05307800479029741,54,0.9956544337405631,42,64,largest,0.5
5782,group-5680,2,0,-0.04733532243766303,0.04273494094071455,42,0.9753677862239666,42,64,largest,0.5
5783,group-3279,3,0,-0.04158127739863504,0.04711237588221368,41,0.9851706165665042,42,64,largest,0.5
5784,group-5681,1,0,-0.030970888633723215,0.06409776083393187,15,0.9776304305040631,42,64,largest,0.5
5785,group-5682,0,0,-0.016816143055027766,0.05997172465603011,1,0.9861271385662025,42,64,largest,0.5
5786,group-5683,4,0,-0.03876111892876355,0.047669913684362374,2,0.9643144015611265,42,64,largest,0.5
5787,group-5684,3,1,0.025682971618193884,0.1402019756444502,37,0.9451830406174032,42,64,largest,0.5
5788,group-5685,2,0,-0.05202982685335522,0.03978794341734032,37,0.9441332141998136,42,64,largest,0.5
5789,group-5686,1,0,-0.036852910312309084,0.05804647888234862,22,0.9691591136530154,42,64,largest,0.5
5790,group-5687,0,0,-0.045567087212265434,0.04034962501860251,48,0.9531798132976831,42,64,largest,0.5
5791,group-5688,4,0,-0.04905850807101009,0.040907700577957486,6,0.960655978355272,42,64,largest,0.5
5792,group-5689,3,1,0.015692110661085668,0.1201655698642661,37,0.9603054890736804,42,64,largest,0.5
5793,group-5690,1,0,-0.019991787883562817,0.07698929300127855,6,0.9774467852070573,42,64,largest,0.5
5794,group-5691,0,0,-0.03248596550047356,0.048370636481743993,21,0.9523141662892493,42,64,largest,0.5
5795,group-5692,4,0,-0.022351267231288885,0.06067987364032176,23,1.0002331948501013,42,64,largest,0.5
5796,group-5693,3,0,-0.2968922907946825,0.0005329859195204611,30,0.7573138361664771,42,64,largest,0.5
5797,group-5694,2,0,-0.018263329366643988,0.06614102671570994,35,0.986526408065921,42,64,largest,0.5
5798,group-5695,1,0,-0.09278931094269216,0.02207393564037843,6,0.9157296324014953,42,64,largest,0.5
5799,group-5696,0,0,-0.05743562978742123,0.03418761449865808,55,0.9365587262567974,42,64,largest,0.5
5800,group-5697,4,0,-0.0140400375533134,0.06847473622304583,0,0.9881101593845045,42,64,largest,0.5
5801,group-5698,3,0,-0.033335088810034774,0.05413268914018907,41,1.0111807791335774,42,64,largest,0.5
5802,group-5699,2,0,-0.07310061615795027,0.028801713488720543,3,0.9205949374516836,42,64,largest,0.5
5803,group-5700,4,0,-0.04246774758336158,0.045121496883555406,14,0.9819465754967508,42,64,largest,0.5
5804,group-5701,3,0,-0.02634263638466605,0.060847357603475705,3,0.9357729482128683,42,64,largest,0.5
5805,group-5702,2,0,-0.08817047640860942,0.022813286074515448,41,0.9067574513669597,42,64,largest,0.5
5806,group-5703,1,0,-0.08266685854969691,0.026357525524881315,63,0.9113192124804774,42,64,largest,0.5
5807,group-5704,0,0,-0.08039341008554435,0.02474578328676898,2,0.9405139221514098,42,64,largest,0.5
5808,group-5705,4,0,-0.01540465854478379,0.06713409232182693,63,0.9997490927632762,42,64,largest,0.5
5809,group-5706,3,0,-0.06709503696621277,0.030483684188310083,15,0.9430902416836872,42,64,largest,0.5
5810,group-5707,2,0,-0.037982554431454485,0.049238601053879616,32,0.9559957424992126,42,64,largest,0.5
5811,group-5708,1,0,-0.05551497163559116,0.042217547395094514,52,0.949027330224149,42,64,largest,0.5
5812,group-5709,0,0,-0.019320289647345334,0.057956853972869836,44,0.9718515459370063,42,64,largest,0.5
5813,group-2427,3,0,-0.038317494866374924,0.04978105819636866,46,0.993621817240701,42,64,largest,0.5
5814,group-2424,4,0,-0.028353850065326203,0.05557485495392487,52,1.004323535763185,42,64,largest,0.5
5815,group-5710,3,0,-0.08155575134105264,0.023749540534112365,3,0.913856846996925,42,64,largest,0.5
5816,group-5711,2,0,-0.0792870411563874,0.02617804869932436,39,0.9400819234724561,42,64,largest,0.5
5817,group-5712,1,0,-0.08205627026784323,0.026640331647914114,11,0.9161269283637617,42,64,largest,0.5
5818,group-5713,0,0,-0.021230958622637686,0.05646241389798545,52,0.9919568539171234,42,64,largest,0.5
5819,group-5714,4,0,-0.02194884940539865,0.06103737584076092,24,0.9808036518733568,42,64,largest,0.5
5820,group-5715,3,0,-0.022975118265359695,0.06435232944164451,42,1.0086366965535631,42,64,largest,0.5
5821,group-5716,2,0,-0.02566668982878917,0.0592413451722214,3,0.9765293250175877,42,64,largest,0.5
5822,group-5717,1,0,-0.06001431982621297,0.03906914482060237,3,0.9534815084924927,42,64,largest,0.5
5823,group-5718,0,0,-0.03839091413851481,0.044577812317168876,3,0.9709868456985058,42,64,largest,0.5
5824,group-5719,4,0,-0.03497876168220526,0.050410989510410086,42,0.9904885255505316,42,64,largest,0.5
5825,group-5720,2,0,-0.0009274365823092046,0.08530767472824168,27,0.9948726932977666,42,64,largest,0.5
5826,group-5721,1,1,0.004037928461558926,0.11379732302970326,7,0.9992453552246588,42,64,largest,0.5
5827,group-5722,0,0,-0.02458878736304637,0.053923517138208005,22,0.9827884500962023,42,64,largest,0.5
5828,group-5723,4,1,0.004665173869482175,0.08951155472966782,35,0.9968067310012362,42,64,largest,0.5
5829,group-5724,3,0,-0.048636484597686436,0.041801248050845494,35,0.9743753475698994,42,64,largest,0.5
5830,group-5725,2,0,-0.06389841340820857,0.03318183514754142,52,0.940832310317409,42,64,largest,0.5
5831,group-5726,1,0,-0.026205967859294854,0.06942545587036683,61,0.9643506857250345,42,64,largest,0.5
5832,group-5727,0,0,-0.010400805357133724,0.06543642188682626,32,0.9923544968668808,42,64,largest,0.5
5833,group-5728,4,0,-0.02937870109897922,0.05474465390653539,9,0.9623260101759318,42,64,largest,0.5
5834,group-5729,3,1,0.006281390616862503,0.10360267825064898,37,0.9894252824794366,42,64,largest,0.5
5835,group-5730,1,0,-0.0018293577541398376,0.1035978653750788,43,0.9993506014965844,42,64,largest,0.5
5836,group-5731,0,0,-0.0632629947217811,0.03150443971423504,36,0.9360935150487086,42,64,largest,0.5
5837,group-5732,4,0,-0.06874470031525748,0.030452485864389176,14,0.9509061677198245,42,64,largest,0.5
5838,group-5733,3,0,-0.024820424907244454,0.06240903137519279,10,0.9752834593115668,42,64,largest,0.5
5839,group-5734,2,0,-0.034512865499021106,0.05188220856563208,20,0.9796920029768911,42,64,largest,0.5
5840,group-5735,1,0,-0.06456095109073134,0.03611710933102017,22,0.9430376278215448,42,64,largest,0.5
5841,group-5736,0,1,0.005228498038031715,0.08073944738114514,40,0.9754682528661326,42,64,largest,0.5
5842,group-5737,4,0,-0.012327092996228362,0.07019268662831785,52,0.9943699442416613,42,64,largest,0.5
5843,group-5738,3,0,-0.009023439381658505,0.08096208140149545,48,0.9773438126455414,42,64,largest,0.5
5844,group-5739,2,0,-0.04640973377897273,0.04334010887299647,54,0.9683939654631742,42,64,largest,0.5
5845,group-5740,0,0,-0.04193924339687649,0.04243681552486518,29,0.9664485294918918,42,64,largest,0.5
5846,group-5741,4,0,-0.048163006095297,0.04145731571086142,1,0.9631102180370793,42,64,largest,0.5
5847,group-5742,3,0,-0.0780481580252671,0.025235919697071618,36,0.9882571112023298,42,64,largest,0.5
5848,group-5743,2,0,-0.0324135646315451,0.05354628028397042,61,0.9966908591815362,42,64,largest,0.5
5849,group-5744,1,0,-0.016259360726696426,0.08188854788919546,59,0.9965792970698207,42,64,largest,0.5
5850,group-5745,2,0,-0.06425123283027445,0.033002615747158695,31,0.9388477999393223,42,64,largest,0.5
5851,group-5746,1,0,-0.07600124733027036,0.029609282450692297,52,0.9486329612908772,42,64,largest,0.5
5852,group-5747,0,1,0.002774114619383372,0.07813676878341115,40,0.9944316558564849,42,64,largest,0.5
5853,group-5748,4,0,-0.09691694260651107,0.01986836989775328,14,0.9216846618770982,42,64,largest,0.5
5854,group-5749,3,0,-0.07222222974013859,0.02790715509458637,53,0.9226827195259488,42,64,largest,0.5
5855,group-5750,1,0,-0.02596781655545255,0.06970221511679582,4,0.9817594371442165,42,64,largest,0.5
5856,group-5751,0,0,-0.043013779402043206,0.041808078731384146,34,0.9686170435386009,42,64,largest,0.5
5857,group-5752,4,0,-0.05877812290351925,0.035374589852798954,38,0.9581877437321821,42,64,largest,0.5
5858,group-5753,3,0,-0.0568860045314431,0.03631668944020522,63,0.9963400903427096,42,64,largest,0.5
5859,group-5754,2,0,-0.02881462690448633,0.05651675588109171,54,0.9890307531738268,42,64,largest,0.5
5860,group-5755,1,0,-0.002013568130989407,0.10329112003813523,41,1.000038158278026,42,64,largest,0.5
5861,group-5756,0,0,-0.029037131694731766,0.05072559826177327,6,0.9771934924042776,42,64,largest,0.5
5862,group-5757,4,0,-0.019781811713559194,0.06299661675481705,47,0.9741720462114717,42,64,largest,0.5
5863,group-5758,3,0,-0.027869010413250295,0.05931816855010076,2,0.993354089476543,42,64,largest,0.5
5864,group-5759,2,0,-0.04071571730881207,0.047246614793942945,59,0.9755709029880971,42,64,largest,0.5
5865,group-5760,0,0,-0.04808287043127457,0.03896035169047537,4,0.964709553838142,42,64,largest,0.5
5866,group-5761,4,0,-0.034191077204322906,0.05100031399323306,26,0.9816605371500514,42,64,largest,0.5
5867,group-5762,3,0,-0.08669604731871261,0.021724493992494986,6,0.9069396995920781,42,64,largest,0.5
5868,group-5763,2,0,-0.023913691803033155,0.06081148648200745,58,0.9886464445028813,42,64,largest,0.5
5869,group-5764,1,0,-0.025921431215030988,0.0697562388463523,6,0.9879272634282389,42,64,largest,0.5
5871,group-5765,0,0,-0.026036216084036834,0.052862627310153294,3,0.9790817985695985,42,64,largest,0.5
5872,group-5766,4,0,-0.04052839139726794,0.046438241955760066,0,0.9738022648217376,42,64,largest,0.5
5873,group-5767,3,0,-0.04673693530899414,0.043172113575232714,35,1.0056405915915736,42,64,largest,0.5
5874,group-5768,2,0,-0.06016022086884676,0.035139325102671745,46,0.9525793412374137,42,64,largest,0.5
5875,group-5769,1,0,-0.033320425647102914,0.06161314965333763,11,0.9724990447550255,42,64,largest,0.5
5876,group-5770,4,0,-0.03090787203942935,0.053527615777980465,4,0.9677357761707972,42,64,largest,0.5
5877,group-5771,3,0,-0.027782662517014556,0.059403706373598764,31,0.9611023895909253,42,64,largest,0.5
5878,group-5772,2,0,-0.08780738085081607,0.02294214185143158,2,0.932103169863511,42,64,largest,0.5
5879,group-5773,1,0,-0.020320701385217133,0.07657067918821296,31,0.9822618400437151,42,64,largest,0.5
5880,group-5774,0,1,0.011968232656297317,0.0882975136802431,40,0.9779872502544801,42,64,largest,0.5
5881,group-5775,4,0,-0.013405381220088275,0.06910665659873243,39,0.9941036511634169,42,64,largest,0.5
5882,group-5776,3,1,0.019770533936309342,0.12802813436008023,37,0.9531190765328532,42,64,largest,0.5
5883,group-5777,2,0,-0.05928112795995766,0.03561557502964207,31,0.9398785042982214,42,64,largest,0.5
5884,group-5778,1,0,-0.047428303663525795,0.04849470965995988,43,0.9616362003969626,42,64,largest,0.5
5885,group-5779,0,0,-0.062025430608298016,0.032056675410763034,55,0.9500021198357728,42,64,largest,0.5
5886,group-5780,3,0,-0.053026781424171276,0.03879045902856387,15,0.9490232811770088,42,64,largest,0.5
5887,group-5781,2,0,-0.04562818496537624,0.04385746343863905,10,0.973664253252771,42,64,largest,0.5
5888,group-5782,1,0,-0.04077005831723235,0.054318378104688696,61,0.9857521402693783,42,64,largest,0.5
5889,group-5783,0,0,-0.08497811959699553,0.023190902671441558,13,0.925012550124137,42,64,largest,0.5
5890,group-5784,4,0,-0.0522494892976918,0.03900542235817151,47,0.9420609529939529,42,64,largest,0.5
5891,group-5785,3,1,0.005492421269304382,0.10230995861707319,37,0.962622703638185,42,64,largest,0.5
5892,group-5786,2,0,-0.017100072616114903,0.06729085114525368,35,0.9922208405752316,42,64,largest,0.5
5893,group-5787,1,0,-0.04053412617513763,0.05453638915817288,12,0.9492961001911676,42,64,largest,0.5
5894,group-5788,0,0,-0.04183723544576756,0.042496970323765024,17,0.9651903709039397,42,64,largest,0.5
5895,group-5789,4,1,0.0005345236626199679,0.0844149793319232,35,0.9903227921121924,42,64,largest,0.5
5896,group-5790,2,0,-0.01801368752233612,0.06638623716073401,35,0.9972681056066154,42,64,largest,0.5
5897,group-5791,1,0,-0.02057598568896779,0.07624721436986266,62,1.0046416106884766,42,64,largest,0.5
5898,group-5792,0,0,-0.015953511321451175,0.060680872061498047,47,0.9684487001591144,42,64,largest,0.5
5899,group-5793,4,0,-0.0021483461025129102,0.0812472834959126,49,0.9934961203370795,42,64,largest,0.5
5900,group-5794,3,0,-0.028389371132966135,0.05880512832890876,58,0.9658644361777062,42,64,largest,0.5
5901,group-5795,2,0,-0.06636433945052467,0.03194864976759372,5,0.943029273822416,42,64,largest,0.5
5902,group-5796,1,0,-0.019316010116789628,0.0778559555072812,10,0.9901928040193116,42,64,largest,0.5
5903,group-5797,0,0,-0.038128184270750376,0.04474037066859772,53,0.9627164240149826,42,64,largest,0.5
5904,group-5798,4,0,-0.04150269565850562,0.04577222138062825,55,0.9673512859694544,42,64,largest,0.5
5905,group-5799,3,0,-0.04814182890929919,0.042154169166899784,36,0.9667183702457582,42,64,largest,0.5
5906,group-5800,0,0,-0.0323695335233094,0.04844841956515711,7,0.9785092321333693,42,64,largest,0.5
5907,group-5801,4,0,-0.05624734673315335,0.03674171238210019,23,0.9478219994920379,42,64,largest,0.5
5908,group-5802,3,0,-0.03494855735826974,0.05268559758245442,9,0.9711535361055177,42,64,largest,0.5
5909,group-5803,2,0,-0.04929977030700072,0.04147719131546181,46,0.9466527027655067,42,64,largest,0.5
5910,group-5804,1,0,-0.06436875313454771,0.03623743574424803,12,0.9457602260966239,42,64,largest,0.5
5911,group-5805,0,0,-0.05185391575425169,0.036963535389286595,13,0.9479255669953204,42,64,largest,0.5
5912,group-5806,4,0,-0.09429133418456748,0.020678881187865074,8,0.9168104626776414,42,64,largest,0.5
5913,group-5807,3,0,-0.05601081340116132,0.03686402731421509,18,0.999467597436532,42,64,largest,0.5
5914,group-5808,2,0,-0.016133903246372983,0.06825993533532136,22,1.0022505667736112,42,64,largest,0.5
5915,group-5809,1,0,-0.03453985486621203,0.06035935694546022,16,0.9854775250922919,42,64,largest,0.5
5916,group-5810,4,0,-0.018568965376701163,0.06411861831119385,1,0.9711985781978744,42,64,largest,0.5
5917,group-5811,3,0,-0.02756173890314595,0.05962308371088481,11,0.9946165880685587,42,64,largest,0.5
5918,group-5812,2,0,-0.016281472374737538,0.0681110885528986,35,0.9892346847376405,42,64,largest,0.5
5919,group-5813,1,0,-0.038030850136278826,0.05690083018356623,52,0.9591694825655676,42,64,largest,0.5
5920,group-5814,0,0,-0.10747888754400214,0.016842888659711352,21,0.9103938750598325,42,64,largest,0.5
5921,group-5815,4,0,-0.03230720540138088,0.052436319810064434,32,0.980142611353573,42,64,largest,0.5
5922,group-5816,3,0,-0.030400435980296958,0.05686122291400704,11,0.9695952667937925,42,64,largest,0.5
5923,group-5817,2,0,-0.01456807661406423,0.06985798537229085,39,0.9927587592875075,42,64,largest,0.5
5924,group-5818,1,0,-0.05690715516674005,0.04121830176320957,11,0.9582688410741521,42,64,largest,0.5
5925,group-5819,0,0,-0.016722127377483464,0.06004863421810661,25,0.9759017217217029,42,64,largest,0.5
5926,group-5820,3,0,-0.0019535407503294966,0.09079898890594397,29,0.9614100165546918,42,64,largest,0.5
5927,group-5821,2,0,-0.07352950788185786,0.028611866527863225,33,0.9490912621220822,42,64,largest,0.5
5928,group-5822,1,0,-0.042093972235730526,0.05311019125237433,59,0.9665588297211738,42,64,largest,0.5
5929,group-5823,0,0,-0.04718577703144622,0.03945040176763289,20,0.9659121422068916,42,64,largest,0.5
5930,group-5824,4,0,-0.03752452404728723,0.04855012668479871,63,0.9791630305827759,42,64,largest,0.5
5931,group-5825,3,0,-0.05926481929139349,0.03486823715542783,49,0.9755514482771993,42,64,largest,0.5
5932,group-5826,2,0,-0.03528005571302584,0.05128635827754984,27,0.970175121866638,42,64,largest,0.5
5933,group-5827,1,0,-0.02894893472525062,0.06631036309741277,4,0.973688150368086,42,64,largest,0.5
5934,group-5828,0,0,-0.028567468228546056,0.05105457643682837,58,0.9911853846260189,42,64,largest,0.5
5935,group-5829,4,0,-0.03106420730931969,0.05340463952648099,1,0.9797872738693794,42,64,largest,0.5
5936,group-5830,2,0,-0.030746452709084937,0.05490350709989499,4,0.9768928998698746,42,64,largest,0.5
5938,group-5831,1,0,-0.07410590284665097,0.030602874136835153,36,0.9335606109215436,42,64,largest,0.5
5939,group-5832,0,0,-0.031130502701556706,0.049283546414274154,13,0.9661021435065639,42,64,largest,0.5
5940,group-5833,4,0,-0.11176792415938075,0.0158377491119839,1,0.8857841013437328,42,64,largest,0.5
5941,group-5834,3,0,-0.019087920059875474,0.06863156814497118,48,0.9330407628298728,42,64,largest,0.5
5942,group-5835,2,0,-0.04284763083820775,0.045746245679952405,17,0.9658475603944321,42,64,largest,0.5
5943,group-5836,1,0,-0.024889235283168554,0.07096847107960857,52,0.9863823924226326,42,64,largest,0.5
5944,group-5837,0,0,-0.027518134623537582,0.05179689499217378,13,0.9505918776608582,42,64,largest,0.5
5945,group-5838,4,0,-0.08704262098790194,0.023088169056609095,8,0.9262269303407628,42,64,largest,0.5
5946,group-5839,3,0,-0.047420801546765534,0.04267370522574496,48,0.9445864416679294,42,64,largest,0.5
5947,group-5840,1,0,-0.010232647207961243,0.09040075900705559,29,1.0018736395333745,42,64,largest,0.5
5948,group-5841,0,0,-0.05643803047659868,0.03466854105952847,47,0.9501298429266493,42,64,largest,0.5
5949,group-5842,4,0,-0.06848608542023238,0.030571394902754973,34,0.9358386640464197,42,64,largest,0.5
5950,group-5843,3,0,-0.05856650235777805,0.035287567405536,56,0.9906200972879805,42,64,largest,0.5
5951,group-5844,2,0,-0.05283278567723637,0.03930378409678148,11,0.9458022655751407,42,64,largest,0.5
5952,group-5845,1,0,-0.04819540349805507,0.04786311580967133,1,0.9652430640251809,42,64,largest,0.5
5953,group-5846,0,0,-0.033774463354094064,0.04751772658802013,2,0.962479136367141,42,64,largest,0.5
5954,group-5847,4,0,-0.0534342966824376,0.03832094418549236,54,0.9373962017392417,42,64,largest,0.5
5955,group-5848,3,0,-0.09813486933499249,0.017805372118686755,14,0.9286838720687326,42,64,largest,0.5
5956,group-5849,2,0,-0.013766210185621519,0.07068968895435733,4,0.992673606675655,42,64,largest,0.5
5957,group-5850,0,0,-0.03908334943651426,0.04415207662002698,45,0.9519616007000823,42,64,largest,0.5
5958,group-5851,4,0,-0.032262063328315715,0.05247119431667551,5,0.9625718261890857,42,64,largest,0.5
5959,group-5852,3,0,-0.07676891193808666,0.025800260614853073,14,0.9555391257744646,42,64,largest,0.5
5960,group-5853,2,0,-0.028639426699973325,0.056665248308797996,4,0.9755464539387716,42,64,largest,0.5
5961,group-5854,1,0,-0.05098665190190521,0.04563027082619229,29,0.950586280025305,42,64,largest,0.5
5962,group-5855,0,0,-0.04488619498884994,0.04073371683753201,54,0.9596586712136681,42,64,largest,0.5
5963,group-5856,4,0,-0.038059906789208786,0.0481671615799393,54,0.9791432476002514,42,64,largest,0.5
5964,group-5857,3,0,-0.04469212132493516,0.04469575554838467,27,0.9836254643050009,42,64,largest,0.5
5965,group-5858,0,0,-0.026011083752389696,0.052880878757741216,63,0.9797154425172707,42,64,largest,0.5
5966,group-5859,2,0,-0.04494339783217549,0.044315604191610486,7,0.9709581706828588,42,64,largest,0.5
5967,group-5860,0,0,-0.024260345340946787,0.05416702787983519,47,0.987830458853895,42,64,largest,0.5
5968,group-5861,4,0,-0.018681721783218586,0.0640135276792334,52,0.9894376031718385,42,64,largest,0.5
5969,group-5862,3,0,-0.029878564105357275,0.05735978681741941,6,0.9686774938560939,42,64,largest,0.5
5970,group-5863,2,0,-0.05983720375811019,0.035313602731137615,46,0.9515677708738682,42,64,largest,0.5
5971,group-5864,1,0,-0.0650474826255687,0.03581423059661475,22,0.958860233362304,42,64,largest,0.5
5972,group-5865,0,0,-0.035173528883929994,0.04660781543227581,13,0.9718054294128865,42,64,largest,0.5
5973,group-5866,4,0,-0.07493652109279214,0.027735772843534855,47,0.940238942634422,42,64,largest,0.5
5974,group-5867,3,0,-0.0929802503928836,0.019477222031465284,45,0.9497555442370316,42,64,largest,0.5
5975,group-5868,2,0,-0.1334710864444092,0.011245295503758131,11,0.8723650150012648,42,64,largest,0.5
5976,group-5869,1,0,-0.12491530845971888,0.012519725042825808,30,0.903252763961511,42,64,largest,0.5
5977,group-5870,4,0,-0.009669359044352399,0.07293718803905308,32,0.9953900890705916,42,64,largest,0.5
5978,group-5871,3,0,-0.031245991535791218,0.05606206770006346,20,0.9924582619487388,42,64,largest,0.5
5979,group-5872,2,0,-0.07568100668171251,0.027677699859996508,39,0.9249806811507816,42,64,largest,0.5
5980,group-5873,1,0,-0.03275279100544626,0.06220504481556685,63,0.9821399625110293,42,64,largest,0.5
5981,group-5874,0,1,0.0038161389493394093,0.07923224012367357,40,0.9932198391093039,42,64,largest,0.5
5982,group-5875,4,0,-0.02789136026222394,0.05595337201991095,4,0.9818076291140927,42,64,largest,0.5
5983,group-5876,3,0,-0.022421957031337536,0.06494575784223851,29,1.0070726078795627,42,64,largest,0.5
5984,group-5877,2,0,-0.07171229653170774,0.0294246650732404,41,0.9110282543840038,42,64,largest,0.5
5985,group-5878,1,0,-0.09346513923160571,0.0218135091646884,12,0.9115267580234128,42,64,largest,0.5
5986,group-5879,0,0,-0.027110773498609686,0.052087810522327076,55,0.9753854122440938,42,64,largest,0.5
5987,group-5880,3,0,-0.016087783862517746,0.07211295182922674,53,0.9671883975833862,42,64,largest,0.5
5988,group-5881,2,0,-0.04985851787091289,0.04112596719068788,3,0.9635448927056133,42,64,largest,0.5
5989,group-5882,1,0,-0.0623147269151032,0.03754768877241555,11,0.944293563726949,42,64,largest,0.5
5990,group-5883,0,0,-0.023021418879094147,0.05509494265789886,60,0.9869281147918355,42,64,largest,0.5
5991,group-5884,4,0,-0.04859576682565592,0.04119083184160259,55,0.9576835795579245,42,64,largest,0.5
5992,group-5885,3,1,0.0017544787654211191,0.09637798223248216,37,0.9299528681927552,42,64,largest,0.5
5993,group-5886,2,0,-0.049162787722377255,0.041563734480328914,3,0.9617523525878455,42,64,largest,0.5
5994,group-5887,1,0,-0.023033323228738856,0.07319714117646108,63,0.9872955522949617,42,64,largest,0.5
5995,group-5888,0,0,-0.05488429991624866,0.035430582938281024,4,0.9491153113796704,42,64,largest,0.5
5996,group-5889,4,0,-0.03429636050602636,0.05092116800626509,47,0.9650304558056135,42,64,largest,0.5
5997,group-5890,2,0,-0.05354592011010806,0.03887852801763213,32,0.9484256943675089,42,64,largest,0.5
5998,group-5891,1,0,-0.09149650869960402,0.022580602608280313,12,0.911405651883783,42,64,largest,0.5
5999,group-5892,0,0,-0.061968899922706044,0.03208212327355575,7,0.946423223895707,42,64,largest,0.5
6000,group-5893,4,0,-0.07340976959367473,0.028382940294183097,47,0.9384897058357055,42,64,largest,0.5
6001,group-5894,3,0,-0.03924077386690994,0.04901192267856835,49,0.973027637832031,42,64,largest,0.5
6002,group-5895,2,0,-0.04006240428203656,0.047715682229597496,44,0.9760648086841384,42,64,largest,0.5
6003,group-5896,1,0,-0.007484639552189698,0.09454072336140097,10,0.9999345510529734,42,64,largest,0.5
6004,group-5897,0,0,-0.021903829337984737,0.0559448031560986,30,0.981399250762309,42,64,largest,0.5
6005,group-5898,4,0,-0.002605387576025686,0.08071856949309848,39,1.0045972920022508,42,64,largest,0.5
6006,group-5899,3,0,-0.0607523739051854,0.033990935944230985,17,0.970299122126699,42,64,largest,0.5
6007,group-5900,0,0,-0.08426663930755218,0.023425790365269216,5,0.9050860908254431,42,64,largest,0.5
6008,group-5901,4,0,-0.05853982575395367,0.03550119929137186,1,0.9684590660703646,42,64,largest,0.5
6009,group-5902,3,0,-0.013100200389459915,0.0757409755530058,3,0.9554877538573101,42,64,largest,0.5
6010,group-5903,2,0,-0.028585674389249416,0.05671088000454418,13,0.972408332429926,42,64,largest,0.5
6011,group-5904,1,0,-0.006148905786910408,0.09661377489948127,13,0.9949615950636357,42,64,largest,0.5
6012,group-5905,0,0,-0.034764159220986524,0.04687232860386523,44,0.9709078436981206,42,64,largest,0.5
6013,group-5906,4,0,-0.009472953338394041,0.07314388214608065,33,0.983827191537765,42,64,largest,0.5
6014,group-5907,3,0,-0.07278666982440385,0.02763677667822413,42,0.949808063377893,42,64,largest,0.5
6015,group-5908,2,0,-0.020406750600890367,0.06407004474486878,25,0.996204403801333,42,64,largest,0.5
6016,group-5909,1,0,-0.017111294134046107,0.08074586239914071,10,0.9930658025090306,42,64,largest,0.5
6017,group-5910,4,0,-0.026206431599035906,0.05735297834384542,28,0.9830198650230094,42,64,largest,0.5
6018,group-5911,3,0,-0.03526130303138397,0.05240936020227805,41,0.9760780577455577,42,64,largest,0.5
6019,group-5912,2,0,-0.040745096973686,0.047225624000133644,27,0.9807541616076905,42,64,largest,0.5
6020,group-5913,1,0,-0.030404458330972495,0.06471057000507621,52,0.9661525842057082,42,64,largest,0.5
6021,group-5914,0,0,-0.03227272873446796,0.04851318095412444,54,0.974578497333568,42,64,largest,0.5
6022,group-5915,4,0,-0.0074093205946953455,0.07534844232127687,32,0.9895882587721472,42,64,largest,0.5
6023,group-5916,3,0,-0.04759708652309724,0.04254612090383822,13,0.9767094520421475,42,64,largest,0.5
6024,group-5917,2,0,-0.035186591914661225,0.05135860067227972,61,0.9723430337617325,42,64,largest,0.5
6025,group-5918,1,0,-0.011252005899735407,0.08890702533459162,54,0.9847268812132118,42,64,largest,0.5
6026,group-5919,0,0,-0.021574162463134594,0.05619784167274709,54,0.9668513898620429,42,64,largest,0.5
6027,group-5920,3,0,-0.04746991808958556,0.04263812097607615,18,0.9745775797367363,42,64,largest,0.5
6028,group-5921,2,0,-0.03108485041318798,0.0546254154666543,45,0.975780429352096,42,64,largest,0.5
6029,group-5922,1,0,-0.01434543667090904,0.08450953406868095,11,1.0002315377083681,42,64,largest,0.5
6030,group-5923,0,0,-0.017605890343804553,0.059329303674748674,12,0.9776262414039744,42,64,largest,0.5
6031,group-5924,4,0,-0.06117826485157929,0.034123398588689444,54,0.9407820658736419,42,64,largest,0.5
6032,group-5925,3,0,-0.03246776337531876,0.054925986233901124,2,0.9600915602696553,42,64,largest,0.5
6033,group-5926,2,0,-0.03816247249089688,0.0491050597983803,18,0.978562611781503,42,64,largest,0.5
6034,group-5927,1,0,-0.02317156664262754,0.07302893362853737,42,0.9918878511279667,42,64,largest,0.5
6035,group-5928,0,0,-0.003862304881762091,0.0714797226858969,15,0.995241804740147,42,64,largest,0.5
6036,group-5929,4,0,-0.02551299852716349,0.05793848517080096,36,0.9827934408977187,42,64,largest,0.5
6037,group-5930,2,0,-0.010131200912237959,0.07457580834616429,15,0.9750452692076423,42,64,largest,0.5
6038,group-5931,1,0,-0.015645951919294854,0.08272040414559721,9,0.990923263083711,42,64,largest,0.5
6039,group-5932,0,0,-0.07499065488116818,0.026708764943350952,47,0.9345225006916474,42,64,largest,0.5
6040,group-5933,4,0,-0.06841707298425892,0.030603202196558005,32,0.9528799109106826,42,64,largest,0.5
6041,group-5934,3,0,-0.012262091129362052,0.0767884616725159,29,0.9857600357451045,42,64,largest,0.5
6042,group-5935,2,0,-0.0430237515557903,0.04562434649685618,17,0.9846808917832153,42,64,largest,0.5
6043,group-5936,1,0,-0.05974768311771428,0.03924927403641206,47,0.9572475224335276,42,64,largest,0.5
6044,group-5937,0,0,-0.07914603138377474,0.02518612244927797,37,0.9324785547464881,42,64,largest,0.5
6045,group-5938,4,0,-0.07928137411678238,0.02597154686897482,62,0.9321241984032331,42,64,largest,0.5
6046,group-5939,3,0,-0.04773256645461388,0.04244831657401581,10,0.957337480005506,42,64,largest,0.5
6047,group-5940,1,0,-0.08128069968226137,0.027003810399489948,56,0.930838780348565,42,64,largest,0.5
6048,group-5941,0,0,-0.05560405446054595,0.035075586955038915,37,0.9555142001546829,42,64,largest,0.5
6049,group-5942,4,0,-0.04249992772196021,0.04509995070337979,47,0.9624323704315232,42,64,largest,0.5
6050,group-5943,3,0,-0.03517481161810565,0.0524856178936113,11,0.9743420017363493,42,64,largest,0.5
6051,group-5944,2,0,-0.02228872863730036,0.06230163167148959,37,0.9932272938429931,42,64,largest,0.5
6052,group-5945,1,0,-0.024296806111383296,0.07167299266418803,61,0.9759645446355609,42,64,largest,0.5
6053,group-5946,0,0,-0.025693311549637277,0.053112163095876415,29,0.9662282054192181,42,64,largest,0.5
6054,group-5947,4,0,-0.0597962090316263,0.034838554140615846,37,0.9598030316322196,42,64,largest,0.5
6055,group-5948,3,0,-0.0043597428092372326,0.08733584893858305,25,0.9829540766255688,42,64,largest,0.5
6056,group-5949,2,0,-0.028019051582728327,0.057194005638257155,5,0.9706145536728765,42,64,largest,0.5
6057,group-5950,0,0,-0.040342578708077115,0.043387775481487825,7,0.9790475290701264,42,64,largest,0.5
6058,group-5951,4,0,-0.03291206958017212,0.05197113958713453,31,0.9773101095029111,42,64,largest,0.5
6059,group-5952,3,0,-0.03088319326100586,0.05640365501222131,11,0.9646146751487256,42,64,largest,0.5
6060,group-5953,2,0,-0.06855748762909941,0.03088920581815509,37,0.9348283040921778,42,64,largest,0.5
6061,group-5954,1,0,-0.08299209162744503,0.026208081791793767,12,0.920816397797371,42,64,largest,0.5
6062,group-5955,0,0,-0.026193987695885546,0.05274818717918393,21,0.965316810901112,42,64,largest,0.5
6063,group-5956,4,0,-0.09553887248774406,0.020289814369221816,11,0.9123568377005008,42,64,largest,0.5
6064,group-5957,3,0,-0.07048674005088196,0.028754679727988827,6,0.9254921298775979,42,64,largest,0.5
6065,group-5958,2,0,-0.0552419126218332,0.037884840372317444,32,0.9388311840295305,42,64,largest,0.5
6066,group-5959,1,0,-0.059866304731332476,0.03916903981386661,12,0.9462605466183586,42,64,largest,0.5
6067,group-5960,4,0,-0.06654636700602612,0.0314777045286971,34,0.9306025171826552,42,64,largest,0.5
6068,group-5961,3,0,-0.07734508549275265,0.025544576147235386,6,0.9374364563003919,42,64,largest,0.5
6069,group-5962,2,0,-0.08058184076338748,0.025659108396016015,5,0.936348050196666,42,64,largest,0.5
6070,group-5963,1,0,-0.07657398459556597,0.02931523998685253,22,0.9398129424430453,42,64,largest,0.5
6071,group-5964,0,0,-0.04424036814164056,0.04110126163566317,35,0.9566740624972481,42,64,largest,0.5
6072,group-5965,4,0,-0.05797304804003911,0.035804089378525604,37,0.9485026285449609,42,64,largest,0.5
6073,group-5966,3,0,-0.009188480865737647,0.08074448178996795,31,0.9731713501031567,42,64,largest,0.5
6074,group-5967,2,0,-0.11875950628604393,0.01416178184734319,52,0.888393493132528,42,64,largest,0.5
6075,group-5968,1,0,-0.06294699726152464,0.037139589161526994,6,0.9361014221153984,42,64,largest,0.5
6076,group-5969,0,0,-0.08426537279082191,0.023426210555812642,17,0.9154300617829988,42,64,largest,0.5
6077,group-5970,3,0,-0.008894451961203531,0.0811325175304182,2,0.9806713671211588,42,64,largest,0.5
6078,group-5971,2,0,-0.058762636699512316,0.035899376676969505,31,0.9501366790256817,42,64,largest,0.5
6079,group-5972,1,0,-0.040355381385482114,0.054702105428535756,56,0.9660367544702341,42,64,largest,0.5
6080,group-5973,0,0,-0.03948185041582197,0.043908823980649506,37,0.9589847710486874,42,64,largest,0.5
6081,group-5974,4,0,-0.04083207429560387,0.04622966568816162,55,0.9675142075752066,42,64,largest,0.5
6082,group-5975,3,0,-0.012500490802439201,0.07648916060554262,25,0.9664624157173067,42,64,largest,0.5
6083,group-5976,2,0,-0.024046996959874223,0.06069073172361568,22,0.9878239309775338,42,64,largest,0.5
6084,group-5977,1,1,0.0018955866155683232,0.10997544726513118,7,0.996744934478651,42,64,largest,0.5
6085,group-5978,0,0,-0.042105530579645944,0.042338929231246374,6,0.9762473198226668,42,64,largest,0.5
6086,group-5979,4,0,-0.07390740826528885,0.028170404229119428,11,0.9342437136842605,42,64,largest,0.5
6087,group-5980,2,0,-0.027226560177315506,0.05787620355625309,6,0.9614103981356598,42,64,largest,0.5
6088,group-5981,1,0,-0.016651669345041253,0.08136053189120986,22,0.9837375519903758,42,64,largest,0.5
6089,group-5982,0,0,-0.026637319824332595,0.05242786595574755,57,0.9821154004354788,42,64,largest,0.5
6090,group-5983,4,0,-0.039907148681293525,0.04686771742152798,51,0.9711845461600473,42,64,largest,0.5
6091,group-5984,3,0,-0.04251652919842763,0.046373065537997714,36,0.9655286902846733,42,64,largest,0.5
6092,group-5985,2,0,-0.02179641270353805,0.06275978940182458,26,0.9972762958954199,42,64,largest,0.5
6093,group-5986,1,0,-0.004455201380328844,0.0993007045328317,2,0.9972817999757996,42,64,largest,0.5
6094,group-5987,0,0,-0.037187085560927424,0.04532730333332018,39,0.9676360013418664,42,64,largest,0.5
6095,group-5988,4,0,-0.019524105433668337,0.06323347759886942,17,0.9850644720980684,42,64,largest,0.5
6096,group-5989,3,0,-0.044415373901891875,0.04490586490027525,3,0.9713892307923283,42,64,largest,0.5
6097,group-5990,1,0,-0.041517720140629266,0.053632922254302134,59,0.9724740180622503,42,64,largest,0.5
6098,group-5991,0,0,-0.06381800899861823,0.03125977650765946,5,0.9421037138165538,42,64,largest,0.5
6099,group-5992,4,0,-0.10222075548647558,0.01832493209701739,54,0.9169648798477135,42,64,largest,0.5
6100,group-5993,3,0,-0.02598564423474492,0.06121029145204331,9,0.9631393453710293,42,64,largest,0.5
6101,group-5994,2,0,-0.08996216286352332,0.022187730258953185,57,0.9285460450250144,42,64,largest,0.5
6102,group-5995,1,0,-0.02368614693360971,0.0724059437984611,54,0.9933537595378926,42,64,largest,0.5
6103,group-5996,0,1,0.0011577742146016146,0.07646493293994701,40,1.0062374641465945,42,64,largest,0.5
6104,group-5997,4,1,0.0010030875898255909,0.08497959275100783,35,0.9979600966191303,42,64,largest,0.5
6105,group-5998,3,0,-0.05907206072257454,0.03498350388475028,17,0.9562904085597819,42,64,largest,0.5
6106,group-5999,2,0,-0.060599779307329515,0.034903500607771684,11,0.9490782934311325,42,64,largest,0.5
6107,group-6000,3,0,-0.037263069270091376,0.05067343217582995,14,0.9596105236972706,42,64,largest,0.5
6108,group-6001,2,0,-0.05564721940681472,0.037651006183189104,11,0.957651166883619,42,64,largest,0.5
6109,group-6002,1,0,-0.01956739559141696,0.07753252353446735,11,0.9829089150508566,42,64,largest,0.5
6110,group-6003,0,0,-0.024173724809412267,0.054231421905394095,10,0.9920643339467778,42,64,largest,0.5
6111,group-6004,4,0,-0.057272301994275576,0.03618201402631036,4,0.9574990733821633,42,64,largest,0.5
6112,group-6005,3,0,-0.08982964941776794,0.020573874234743574,15,0.9360249511330436,42,64,largest,0.5
6113,group-6006,2,0,-0.07195173447266967,0.029316302422542368,24,0.931667715469616,42,64,largest,0.5
6114,group-6007,1,0,-0.07271642575585446,0.03135171221842655,30,0.9428106669531745,42,64,largest,0.5
6115,group-6008,0,0,-0.05207004420043193,0.03685212389187347,13,0.9540745375051328,42,64,largest,0.5
6116,group-6009,4,0,-0.017043789604207493,0.06555597618466193,4,0.9865710878127194,42,64,largest,0.5
6117,group-6010,2,0,-0.08443726642328486,0.02417253445774368,57,0.9360107476645771,42,64,largest,0.5
6118,group-6011,1,0,-0.04796400780718446,0.04805280875611169,42,0.9706158619262936,42,64,largest,0.5
6119,group-6012,0,1,0.008764261958816966,0.0846279354749602,40,0.9896239059484083,42,64,largest,0.5
6120,group-6013,4,0,-0.0525303005062312,0.038842141129610035,7,0.9483855785152966,42,64,largest,0.5
6121,group-6014,3,0,-0.05020781517711481,0.04069880762784103,40,0.9965697545964964,42,64,largest,0.5
6122,group-6015,2,0,-0.018574320684828005,0.06583673306882956,45,0.9770373147238967,42,64,largest,0.5
6123,group-6016,1,0,-0.0334994118249744,0.06142760748048735,22,0.9520189541521252,42,64,largest,0.5
6124,group-6017,4,0,-0.012949433251019493,0.06956396702406319,15,0.9938993524312062,42,64,largest,0.5
6125,group-6018,0,0,-0.037774979233265005,0.044959799106037965,49,0.9789244043856217,42,64,largest,0.5
6126,group-6019,4,0,-0.014642692760161391,0.06787963843636795,40,0.9744191647038628,42,64,largest,0.5
6127,group-6020,2,0,-0.017385280994721697,0.06700723151167415,9,0.9775440794321651,42,64,largest,0.5
6128,group-6021,1,1,0.005021257613746166,0.11559000677026453,7,0.9827974757303098,42,64,largest,0.5
6129,group-6022,0,0,-0.01542167576557174,0.06112198141943411,62,0.9991905983711763,42,64,largest,0.5
6130,group-6023,4,0,-0.037495112619740256,0.0485712485171374,15,0.9759175812431791,42,64,largest,0.5
6131,group-6024,3,0,-0.07541913900524022,0.026409032235099862,42,0.9951828597643394,42,64,largest,0.5
6132,group-6025,2,0,-0.020051641457208724,0.06440892808832772,4,1.001996799729525,42,64,largest,0.5
6133,group-6026,1,0,-0.013470963520329837,0.08573223173628945,11,0.9821896564145866,42,64,largest,0.5
6134,group-6027,0,0,-0.03456447815649777,0.04700186937176026,55,0.9785958516074669,42,64,largest,0.5
6135,group-6028,4,0,-0.06666301787145223,0.031422473730898695,18,0.9501705187366907,42,64,largest,0.5
6136,group-6029,3,0,-0.054052257922590385,0.03811777569766515,14,0.9553010285978822,42,64,largest,0.5
6137,group-6030,1,0,-0.04232469112183168,0.052902252132967856,59,0.9906745912274925,42,64,largest,0.5
6138,group-6031,0,1,0.012571305707501645,0.08900410350138495,40,0.9899742443297153,42,64,largest,0.5
6139,group-6032,4,0,-0.028894004722483935,0.05513582561272004,51,0.984459426744829,42,64,largest,0.5
6140,group-6033,3,0,-0.05444907833899648,0.03786049066770487,23,0.9606577524696559,42,64,largest,0.5
6141,group-6034,2,0,-0.027021146071465774,0.058054272026595605,9,0.9951446352903137,42,64,largest,0.5
6142,group-6035,1,0,-0.010061988208442063,0.09065303506774472,53,1.0016850533981974,42,64,largest,0.5
6143,group-6036,0,0,-0.00926815806359138,0.06644813278125451,62,1.0003501768735692,42,64,largest,0.5
6144,group-6037,4,0,-0.010756818518613986,0.07180247298261454,17,1.0029107377946778,42,64,largest,0.5
6145,group-6038,3,0,-0.051774375819210294,0.03962746038805966,9,0.9348201040879844,42,64,largest,0.5
6146,group-6039,2,1,0.0019692664819055405,0.08896508482793959,47,0.9816394477872499,42,64,largest,0.5
6147,group-6040,0,0,-0.0406633956802257,0.04319508056178492,3,0.9732322103040248,42,64,largest,0.5
6148,group-6041,4,0,-0.008471475609201251,0.07420623242366606,5,0.994702740500407,42,64,largest,0.5
6149,group-6042,3,0,-0.09529651977895603,0.01870772943008054,14,0.9341203155673824,42,64,largest,0.5
6150,group-6043,2,0,-0.0322136684544263,0.05370733412466336,19,0.961361723416268,42,64,largest,0.5
6151,group-6044,1,0,-0.07434776166718438,0.03047430981861232,1,0.9422842811002827,42,64,largest,0.5
6152,group-6045,0,0,-0.011512936842456356,0.0644569906050291,62,0.9900725391397202,42,64,largest,0.5
6153,group-6046,3,0,-0.05038009260736476,0.04057964550766784,55,0.974645713926833,42,64,largest,0.5
6154,group-6047,4,0,-0.026993476456345644,0.05669516399387822,39,0.9882995739764303,42,64,largest,0.5
6155,group-6048,3,0,-0.02336702571475735,0.06393495328595543,17,0.9855964690049384,42,64,largest,0.5
6156,group-6049,2,0,-0.03405088669951295,0.05224416228984786,37,0.9713114288644896,42,64,largest,0.5
6157,group-6050,0,0,-0.03785698954053984,0.04490875901167813,56,0.970680526314488,42,64,largest,0.5
6158,group-6051,4,0,-0.0320046404669615,0.052670485394786526,4,0.9762063066936745,42,64,largest,0.5
6159,group-6052,3,0,-0.05934573163877077,0.03481996194295155,42,0.9895351984814619,42,64,largest,0.5
6160,group-6053,2,0,-0.025195477588933035,0.059659632304070266,7,0.9941465052064541,42,64,largest,0.5
6161,group-6054,1,0,-0.010794967888614115,0.08957397921020635,42,0.9911292293465024,42,64,largest,0.5
6162,group-6055,0,0,-0.023823135208800084,0.054492789303103674,11,0.9847066499450718,42,64,largest,0.5
6163,group-6056,4,0,-0.04928915209500773,0.04076727617386444,9,0.969632186457673,42,64,largest,0.5
6164,group-6057,3,0,-0.04747150092376451,0.04263697470647807,23,0.9712004435447323,42,64,largest,0.5
6165,group-6058,2,0,-0.03749896877766179,0.04959924325551495,50,0.9647092409831385,42,64,largest,0.5
6166,group-6059,1,0,-0.009940931575849743,0.09083237069410681,29,0.9866440926559586,42,64,largest,0.5
6167,group-6060,4,0,-0.05220655514594896,0.03903044493289892,42,0.9592418037440864,42,64,largest,0.5
6168,group-6061,3,0,-0.03916482011963296,0.049074767963740946,35,0.995456698763049,42,64,largest,0.5
6169,group-6062,2,0,-0.06178804446420516,0.034273604187490356,13,0.9571394932458885,42,64,largest,0.5
6170,group-6063,1,0,-0.04054412886158976,0.054527129547724144,60,0.9796722368922548,42,64,largest,0.5
6171,group-6064,0,0,-0.04432312013994799,0.041053990148052166,57,0.9756460607706389,42,64,largest,0.5
6172,group-6065,4,0,-0.021099671143902987,0.06179824479567708,15,0.9802708296664814,42,64,largest,0.5
6173,group-6066,3,0,-0.011395310350615917,0.07788573856033552,40,0.9864389564212382,42,64,largest,0.5
6174,group-6067,2,0,-0.05193271026713242,0.03984688784571295,17,0.9775864190819369,42,64,largest,0.5
6175,group-6068,1,0,-0.049407424845224535,0.04688109421970695,28,0.965384993177905,42,64,largest,0.5
6176,group-6069,0,0,-0.028313198218716917,0.051233522502615196,56,0.9809190986301423,42,64,largest,0.5
6177,group-6070,3,0,-0.025911455424025287,0.06128596859894968,59,0.983524931694803,42,64,largest,0.5
6178,group-6071,2,0,-0.03030378986692739,0.055269296063725444,6,0.9757246737920413,42,64,largest,0.5
6179,group-6072,1,0,-0.010284817465323615,0.09032376478671364,31,0.9953322216704217,42,64,largest,0.5
6180,group-6073,0,0,-0.05097645476476853,0.03741919097596109,13,0.9551419333452914,42,64,largest,0.5
6181,group-6074,4,0,-0.04699074087721833,0.0421874787063255,13,0.9679576476273317,42,64,largest,0.5
6182,group-6075,3,0,-0.0720099776810812,0.0280094915082999,15,0.9451750435297963,42,64,largest,0.5
6183,group-6076,2,0,-0.08041993610903908,0.025723445859201572,32,0.9178521763746047,42,64,largest,0.5
6184,group-6077,1,0,-0.0552102625294667,0.0424393225509043,44,0.9701122574792428,42,64,largest,0.5
6185,group-6078,0,0,-0.014647351587050661,0.06176957494921842,39,0.9778084969122842,42,64,largest,0.5
6186,group-6079,4,0,-0.05138982847835871,0.039509386462422955,2,0.9495509616826809,42,64,largest,0.5
6187,group-6080,2,0,-0.06804732428392812,0.031132573412291704,2,0.9393391894887106,42,64,largest,0.5
6188,group-6081,1,0,-0.018541273165344374,0.07886051389130545,60,0.9701239383315424,42,64,largest,0.5
6189,group-6082,0,0,-0.040152753931094076,0.04350217764049017,33,0.9838107602906562,42,64,largest,0.5
6190,group-6083,4,0,-0.016931008336105613,0.06566344510724997,22,0.9889906346000243,42,64,largest,0.5
6191,group-6084,3,0,-0.0777810022132358,0.025352773693528587,46,0.973567979312845,42,64,largest,0.5
6192,group-6085,2,0,-0.056708023261046625,0.037045542357349096,46,0.9555397823242959,42,64,largest,0.5
6193,group-6086,1,0,-0.019376599965427843,0.07777788794163133,54,1.0092135393433448,42,64,largest,0.5
6194,group-6087,0,0,-0.062263429511208224,0.03194975167911288,21,0.9585415364190867,42,64,largest,0.5
6195,group-6088,4,1,0.007493790718208881,0.09316006571278686,35,1.0045922236772458,42,64,largest,0.5
6196,group-6089,3,0,-0.03343633740453211,0.05404078951020844,55,0.9960473930425693,42,64,largest,0.5
6197,group-6090,1,0,-0.05894682131862028,0.03979510590954906,14,0.9646489107171948,42,64,largest,0.5
6198,group-6091,0,0,-0.04960908841199796,0.03814002663246906,33,0.9626789829671103,42,64,largest,0.5
6199,group-6092,4,0,-0.0913143117280455,0.021637057897037747,34,0.9168696636627012,42,64,largest,0.5
6200,group-6093,3,0,-0.022884972526407088,0.06444869174186492,2,0.9875011426257752,42,64,largest,0.5
6201,group-6094,2,0,-0.08002747036071078,0.025880055869912533,57,0.9256870596426198,42,64,largest,0.5
6202,group-6095,1,0,-0.022802938716478427,0.07347825432694953,50,0.9837491749909152,42,64,largest,0.5
6203,group-6096,0,0,-0.010735688533572207,0.06514004978939358,3,0.9861241205465644,42,64,largest,0.5
6204,group-6097,4,0,-0.03953276045940657,0.04712835931148981,41,0.9710116143964628,42,64,largest,0.5
6205,group-6098,3,0,-0.01762936147992189,0.07030420841703919,2,0.9534413781710196,42,64,largest,0.5
6206,group-6099,2,0,-0.10198429439374013,0.01840360847230071,57,0.9186235802869775,42,64,largest,0.5
6207,group-6100,4,0,-0.06285271918084268,0.03327590135990895,34,0.9535641433359455,42,64,largest,0.5
6208,group-6101,3,0,-0.026709681090547832,0.06047630292145596,29,0.9706047849937448,42,64,largest,0.5
6209,group-6102,2,0,-0.06137854623833183,0.034489430201615136,2,0.9592247382336241,42,64,largest,0.5
6210,group-6103,1,0,-0.07473703739183968,0.030268481330211545,21,0.9335271250487456,42,64,largest,0.5
6211,group-6104,0,0,-0.044672588229508925,0.04085493235225502,47,0.9674065384867492,42,64,largest,0.5
6212,group-6105,4,0,-0.008108259218730707,0.07459502122119396,63,0.9953565935299755,42,64,largest,0.5
6213,group-6106,3,0,-0.040914288379921615,0.0476464563709058,16,0.9808728374896609,42,64,largest,0.5
6214,group-6107,2,0,-0.06323899055318405,0.033519320795491116,59,0.9326602711390324,42,64,largest,0.5
6215,group-6108,1,0,-0.03595991030648171,0.05892938690989774,43,0.9599952926985603,42,64,largest,0.5
6216,group-6109,0,0,-0.027240909292175597,0.05199470704075351,34,0.9746678157146921,42,64,largest,0.5
6217,group-6110,2,0,-0.06619103245488167,0.032033851589628556,23,0.9447021219196731,42,64,largest,0.5
6218,group-6110,2,0,-0.06619103245488167,0.032033851589628556,23,0.9447021219196731,42,64,largest,0.5
6219,group-6111,3,0,-0.04864116192345114,0.04179792445123342,2,0.990977974387074,42,64,largest,0.5
6220,group-6112,2,0,-0.055860368891720635,0.03752859061069304,22,0.9495815561912003,42,64,largest,0.5
6221,group-6113,1,0,-0.036389534005060176,0.05850305806068544,31,0.9614009835191057,42,64,largest,0.5
6222,group-6114,0,0,-0.016870790993841145,0.059927062279052784,25,0.9786657095985571,42,64,largest,0.5
6223,group-6115,4,0,-0.045336118086735544,0.04323903445799484,55,0.9574844021128712,42,64,largest,0.5
6224,group-6116,3,1,0.001669409243721498,0.09624662414623449,37,0.9669948102262736,42,64,largest,0.5
6225,group-6117,2,0,-0.05863956463757003,0.03596706053826611,3,0.9446147164203132,42,64,largest,0.5
6226,group-6118,1,0,-0.05672771537879007,0.0413458135157454,36,0.9484064346303959,42,64,largest,0.5
6227,group-6119,0,0,-0.03980380470613698,0.04371323123828111,5,0.974816811500918,42,64,largest,0.5
6228,group-6120,3,0,-0.042761391479011146,0.04618133412207745,40,0.9870122120190502,42,64,largest,0.5
6229,group-6121,2,0,-0.024596699190032267,0.0601951486213804,26,0.9842491455331476,42,64,largest,0.5
6230,group-6122,1,0,-0.038798495333763894,0.05616569869431607,10,0.9832579055865356,42,64,largest,0.5
6231,group-6123,0,1,0.0026713741508972433,0.07802951254855053,40,0.9908017401454055,42,64,largest,0.5
6232,group-6124,4,0,-0.014423308357483622,0.06809571458712552,63,0.9935540748141158,42,64,largest,0.5
6233,group-6125,3,0,-0.04405714829509333,0.04517923126089151,42,1.0011714229267608,42,64,largest,0.5
6234,group-6126,2,0,-0.07706848923145637,0.02709105131995128,28,0.9211727021178662,42,64,largest,0.5
6235,group-6127,1,0,-0.10960065630191063,0.016417071557321257,30,0.9167750097199135,42,64,largest,0.5
6236,group-6128,0,0,-0.025835455461498125,0.05300858861085745,63,0.9723795254685269,42,64,largest,0.5
6237,group-6129,4,0,-0.031082298291686405,0.05339042604249647,3,0.9694002671536516,42,64,largest,0.5
6238,group-6130,2,0,-0.007241601624889515,0.07780415847365761,54,1.0065144093166942,42,64,largest,0.5
6239,group-6131,1,0,-0.041885219875241075,0.053298997277072914,10,0.9835012610979248,42,64,largest,0.5
6240,group-6132,0,0,-0.013691081269341598,0.06257818149859586,30,0.9928335979888756,42,64,largest,0.5
6241,group-6133,4,0,-0.0708144712526424,0.02951683163835821,28,0.9454557338080745,42,64,largest,0.5
6242,group-6134,3,0,-0.11851159238805298,0.01247104105492443,45,0.9054399541295534,42,64,largest,0.5
6243,group-6135,1,0,-0.027343552334173182,0.06811743252282405,43,0.9802899585215437,42,64,largest,0.5
6244,group-6135,1,0,-0.027343552334173182,0.06811743252282405,43,0.9802899585215437,42,64,largest,0.5
6245,group-6136,2,0,-0.0017457641492698572,0.08429941281565585,37,0.993883051709003,42,64,largest,0.5
6246,group-6137,1,0,-0.019090167133778202,0.07814757749737838,31,0.9740867192466721,42,64,largest,0.5
6247,group-6138,0,0,-0.03723414112048262,0.045297782907372644,34,0.9707684863207497,42,64,largest,0.5
6248,group-6139,4,0,-0.07245316722072537,0.02879587528641693,21,0.9473692362864863,42,64,largest,0.5
6249,group-6140,2,0,-0.04161217841781395,0.04661009993972783,14,0.9644501319354456,42,64,largest,0.5
6250,group-6141,1,0,-0.0035060794510444193,0.1008353176359586,42,1.0021798941473117,42,64,largest,0.5
6251,group-6142,0,0,-0.07474946671098737,0.0267998409049039,2,0.9461067721602947,42,64,largest,0.5
6252,group-6143,4,0,-0.06111734171830352,0.034154623221138054,36,0.9373044760763967,42,64,largest,0.5
6253,group-6144,3,0,-0.011217137267450994,0.07811306346974196,29,0.9550486844351089,42,64,largest,0.5
6254,group-6145,2,0,-0.01433917999222556,0.07009447174250671,35,0.9993941178075377,42,64,largest,0.5
6255,group-6146,1,0,-0.00618295502097943,0.09656043006540246,22,0.9994314833972736,42,64,largest,0.5
6256,group-6147,0,0,-0.01258706600344206,0.06352400042302064,22,0.9932153512383891,42,64,largest,0.5
6257,group-6148,4,0,-0.07127847158131018,0.02931093342920245,10,0.9342710943191326,42,64,largest,0.5
6258,group-6149,3,0,-0.049372890522774604,0.04128107638982699,29,0.9583593750098951,42,64,largest,0.5
6259,group-6150,1,0,-0.046031169004566386,0.04966541431417349,4,0.9726981477574353,42,64,largest,0.5
6260,group-6151,0,0,-0.053148063080434405,0.03630122503788263,21,0.9585227707365498,42,64,largest,0.5
6261,group-6152,4,0,-0.09759268343801464,0.019664858959903133,34,0.9155055909815645,42,64,largest,0.5
6262,group-6153,3,0,-0.06403284048667224,0.03213089901508164,53,0.9543321266382186,42,64,largest,0.5
6263,group-6154,2,0,-0.04121103155646877,0.046893911977664376,25,0.9624484445465705,42,64,largest,0.5
6264,group-6155,1,0,-0.0314209547305907,0.06361470225111145,9,0.9630267191046662,42,64,largest,0.5
6265,group-6156,0,0,-0.032440697527664986,0.04840086393003443,29,0.9633471184376222,42,64,largest,0.5
6266,group-6157,4,0,-0.05843589809184113,0.03555655358963277,15,0.9516365461880754,42,64,largest,0.5
6267,group-6158,3,0,-0.024693719537659642,0.06254069501234763,3,0.9428702413266187,42,64,largest,0.5
6268,group-6159,2,0,-0.032049065117114584,0.05384029589020013,46,0.976054665459273,42,64,largest,0.5
6269,group-6160,0,0,-0.07024342386769589,0.028557941494905897,55,0.9404517677803685,42,64,largest,0.5
6270,group-6161,4,0,-0.052405849447062725,0.03891442368724491,34,0.9611485344624633,42,64,largest,0.5
6271,group-6162,3,0,-0.0357297832242931,0.051998126703289904,11,0.9633800747458254,42,64,largest,0.5
6272,group-6163,2,0,-0.06441871906778918,0.03291786644312391,57,0.9569221175477043,42,64,largest,0.5
6273,group-6164,1,0,-0.050384635994768945,0.04610330360384396,12,0.9514296805975068,42,64,largest,0.5
6274,group-6165,0,0,-0.05332306592507163,0.03621254441964742,21,0.9535571917060044,42,64,largest,0.5
6275,group-6166,4,0,-0.004438977898895802,0.07862886033955155,19,1.0033665142625894,42,64,largest,0.5
6276,group-6167,3,0,-0.06024874916768974,0.034285543097930145,14,0.9564581595953883,42,64,largest,0.5
6277,group-6168,2,0,-0.055680525539303805,0.03763185261213135,28,0.9488101299428116,42,64,largest,0.5
6278,group-6169,1,0,-0.042162805410463355,0.05304807362428684,22,0.9651651238798767,42,64,largest,0.5
6279,group-6170,4,0,-0.041331701729577786,0.0458884488228573,55,0.9663523603918394,42,64,largest,0.5
6280,group-6171,3,0,-0.019308053835991323,0.06838234792204667,6,0.9795720021059924,42,64,largest,0.5
6281,group-6172,2,0,-0.11596131393705222,0.01479554390473282,1,0.8798261502115351,42,64,largest,0.5
6282,group-6173,1,0,-0.02364143819955411,0.07245987663071582,43,0.9618555876192636,42,64,largest,0.5
6283,group-6174,0,0,-0.06695410644995603,0.02991149567226291,24,0.9443687921307361,42,64,largest,0.5
6284,group-6175,4,0,-0.015450021751903686,0.06708994715966614,14,0.9838839805716668,42,64,largest,0.5
6285,group-6176,3,0,-0.04027550845627992,0.0481633369679181,46,0.991037488133269,42,64,largest,0.5
6286,group-6177,2,0,-0.0458141736066332,0.04373381453539119,3,0.9645099381949794,42,64,largest,0.5
6287,group-6178,1,0,-0.035585557100779264,0.059303241820720304,6,0.9661152984504113,42,64,largest,0.5
6288,group-6179,0,0,-0.026149671984171396,0.052780308070325375,24,0.978308724829114,42,64,largest,0.5
6289,group-6180,3,0,-0.002375302805511792,0.09018315807274152,19,0.9626193019996794,42,64,largest,0.5
6290,group-6181,2,0,-0.006484943463431869,0.07867042414474432,61,0.9923748112236194,42,64,largest,0.5
6291,group-6182,1,0,-0.022995622965603868,0.07324307482501509,41,0.9815752083409339,42,64,largest,0.5
6292,group-6183,0,0,-0.06326841707183617,0.031502040478150695,55,0.9551463865100208,42,64,largest,0.5
6293,group-6184,4,0,-0.03494020444198487,0.050439686308255495,47,0.968146257607813,42,64,largest,0.5
6294,group-6185,3,0,-0.05126416599064154,0.03997338233805113,6,0.9609471298969613,42,64,largest,0.5
6295,group-6186,2,0,-0.05024062621090508,0.04088741786354444,3,0.9386800025590497,42,64,largest,0.5
6296,group-6187,1,0,-0.011240008855078365,0.08892447516127268,4,0.9977636905772729,42,64,largest,0.5
6297,group-6188,0,0,-0.05626992177639689,0.03475022317985696,36,0.9583391482004913,42,64,largest,0.5
6298,group-6189,4,0,-0.0405205328078202,0.046443651277718274,13,0.9551065961579179,42,64,largest,0.5
6299,group-6190,2,0,-0.02359017263220964,0.06110548200595507,14,0.9883226730043237,42,64,largest,0.5
6300,group-6191,1,0,-0.02141420080762968,0.07519392962566401,6,0.9795037022330257,42,64,largest,0.5
6301,group-6192,0,0,-0.052045403603227625,0.036864809480955864,21,0.9564148958524781,42,64,largest,0.5
6302,group-6193,4,0,-0.0019906772679776363,0.08143040891102203,4,0.9888091157816353,42,64,largest,0.5
6303,group-6194,3,0,-0.015749828897071882,0.07251517239098997,19,0.9794025614457165,42,64,largest,0.5
6304,group-6195,2,0,-0.02484162448413918,0.05997555852084939,31,0.9853486253271699,42,64,largest,0.5
6305,group-6196,1,0,-0.007842006742588392,0.09399288524372973,4,0.9998359880424914,42,64,largest,0.5
6306,group-6197,0,0,-0.014379174385237503,0.06199535121576568,31,0.9890522911390516,42,64,largest,0.5
6307,group-6198,4,0,-0.027483368713287826,0.05628929806724275,58,0.9800520692150954,42,64,largest,0.5
6308,group-6199,3,0,-0.05300546068308187,0.03880456502593726,18,0.9929576740141337,42,64,largest,0.5
6309,group-6200,0,1,0.00048693702803359606,0.07578074459563194,40,0.985082711901968,42,64,largest,0.5
6310,group-6201,4,0,-0.018594364097425764,0.06409493231547356,1,0.9879768232322899,42,64,largest,0.5
6311,group-6202,3,0,-0.04648221035563915,0.043359176681277964,47,0.9685206458097281,42,64,largest,0.5
6312,group-6203,2,0,-0.02052029612877826,0.06396203829428788,10,0.9709467510822664,42,64,largest,0.5
6313,group-6204,1,0,-0.0168430207812158,0.08110411561640467,22,0.9857150379983868,42,64,largest,0.5
6314,group-6205,0,0,-0.03664331080965533,0.04566977383049495,8,0.971111248558576,42,64,largest,0.5
6315,group-6206,4,0,-0.09390884402444821,0.02079962366556613,37,0.9383583579791615,42,64,largest,0.5
6316,group-6207,3,0,-0.06548914990343657,0.03133705772501242,6,0.9373753980479361,42,64,largest,0.5
6317,group-6208,2,0,-0.06119810207671661,0.03458494873500109,5,0.9462823099068441,42,64,largest,0.5
6318,group-6209,1,0,-0.047376615955741386,0.04853755015038486,52,0.9434425700967795,42,64,largest,0.5
6319,group-6210,4,0,-0.14197650232879455,0.009962228046396335,21,0.8757721133688828,42,64,largest,0.5
6320,group-6211,3,0,-0.06704695125305837,0.03050890710722383,46,0.9847479602534958,42,64,largest,0.5
6321,group-6212,2,0,-0.01810988198460317,0.06629165040383475,21,0.9608509405960558,42,64,largest,0.5
6322,group-6213,1,0,-0.056183216518839285,0.04173505432005099,30,0.9612840109023856,42,64,largest,0.5
6323,group-6214,0,0,-0.04346080946868858,0.041549143079373727,57,0.970361656618028,42,64,largest,0.5
6324,group-6215,4,0,-0.05908348220475457,0.03521298539448457,17,0.9558055827301786,42,64,largest,0.5
6325,group-6216,3,0,-0.017097769066188984,0.07092314197028289,58,0.9660394965195974,42,64,largest,0.5
6326,group-6217,2,0,-0.03233526319585445,0.05360931241363974,50,0.9718280831866886,42,64,largest,0.5
6327,group-6218,1,0,-0.00970334778403037,0.09118526045321203,15,0.9874107449118665,42,64,largest,0.5
6328,group-6219,0,0,-0.04413187772190519,0.04116331494026398,57,0.9618330825954363,42,64,largest,0.5
6329,group-6220,3,0,-0.06328825478337896,0.03254425388647153,42,0.9758930463549699,42,64,largest,0.5
6330,group-6221,2,0,-0.018424750555142477,0.06598291921223587,9,0.9864136699697656,42,64,largest,0.5
6331,group-6222,1,0,-0.006647482035234131,0.09583528068677581,54,0.9952227399749008,42,64,largest,0.5
6332,group-6223,0,0,-0.04390432445732784,0.04129376004612722,26,0.9657606217864441,42,64,largest,0.5
6333,group-6224,4,0,-0.03913050833536824,0.0474099346991175,14,0.9625896146396672,42,64,largest,0.5
6334,group-6225,3,0,-0.036622724023558595,0.05122273364248465,31,0.9642882233129075,42,64,largest,0.5
6335,group-6226,2,0,-0.03510019210875359,0.05142546859367059,39,0.966621998938657,42,64,largest,0.5
6336,group-6227,1,0,-0.01608822989871639,0.0821198525510468,11,0.9880816359308275,42,64,largest,0.5
6337,group-6228,0,0,-0.03423096065576625,0.04721899425144761,44,0.9681206861040696,42,64,largest,0.5
6338,group-6229,4,0,-0.08022858314738335,0.025601687508883173,14,0.929309129075608,42,64,largest,0.5
6339,group-6230,2,0,-0.02231759193682903,0.06227486810465664,46,0.965281844410228,42,64,largest,0.5
6340,group-6231,1,0,-0.05214863366203937,0.04473028538303371,11,0.9701913055681755,42,64,largest,0.5
6341,group-6232,0,0,-0.04084282956534413,0.043087662327640816,17,0.9531861689038084,42,64,largest,0.5
6342,group-6233,4,0,-0.00697032877298398,0.07582522112156309,53,0.9957352032295156,42,64,largest,0.5
6343,group-6234,3,1,0.011707254643111842,0.11288957999524303,37,0.9603728480688732,42,64,largest,0.5
6344,group-6235,2,1,0.0014624522676258689,0.08831512021645879,47,0.9915714665657153,42,64,largest,0.5
6345,group-6236,1,0,-0.053850238902644176,0.04344282566132722,22,0.9556956200474952,42,64,largest,0.5
6346,group-6237,0,0,-0.02042446653370822,0.05708874591046684,52,0.9915432759214443,42,64,largest,0.5
6347,group-6238,4,1,0.008965799630132887,0.09511109106061112,35,0.9869065424857206,42,64,largest,0.5
6348,group-6239,3,1,0.01569888677043607,0.1201782804037567,37,0.9628661420694175,42,64,largest,0.5
6349,group-6240,1,0,-0.03624020077762746,0.0586509170335673,31,0.9736953209284265,42,64,largest,0.5
6350,group-6241,0,0,-0.05474621160691817,0.03549908518550027,13,0.9339411440837809,42,64,largest,0.5
6351,group-6242,4,0,-0.057244222247018306,0.03619723766441582,41,0.9559102217434875,42,64,largest,0.5
6352,group-6243,3,0,-0.029835283829028336,0.057401317959271864,42,0.9965981242624491,42,64,largest,0.5
6353,group-6244,2,0,-0.01713532520440486,0.06725573469298428,9,0.9855959382416553,42,64,largest,0.5
6354,group-6245,1,0,-0.06289250937792168,0.03717458985439005,5,0.9409751197454671,42,64,largest,0.5
6355,group-6246,0,0,-0.07945472490842431,0.025076444407434693,4,0.960367810797689,42,64,largest,0.5
6356,group-6247,4,0,-0.06729794028232594,0.031123496733225838,11,0.9365193120919795,42,64,largest,0.5
6357,group-6248,3,0,-0.0009516745445424801,0.09227704922310849,29,0.952486208077929,42,64,largest,0.5
6358,group-6249,2,0,-0.06314285220059801,0.03356879932931737,58,0.9491882125094778,42,64,largest,0.5
6359,group-6250,0,0,-0.03943241744894299,0.04393892920264194,7,0.9754665007687161,42,64,largest,0.5
6360,group-6251,4,0,-0.05144271744851292,0.03947820160989951,6,0.9529889037718663,42,64,largest,0.5
6361,group-6252,3,0,-0.05246090929281966,0.03916651796686192,56,0.9730875971079922,42,64,largest,0.5
6362,group-6253,2,1,0.0049442613847827666,0.09286805140015046,47,1.0015560543208009,42,64,largest,0.5
6363,group-6254,1,0,-0.057358097579782386,0.04089951672066112,12,0.9568665171030085,42,64,largest,0.5
6364,group-6255,0,0,-0.03624088130380643,0.04592480967528907,50,0.9628000885205577,42,64,largest,0.5
6365,group-6256,4,0,-0.03778323425535812,0.048364709009989224,37,0.9847183551104244,42,64,largest,0.5
6366,group-6257,3,0,-0.1326044347583979,0.009739093821929605,14,0.9064109227540145,42,64,largest,0.5
6367,group-6258,2,0,-0.02663030207829209,0.0583945056192645,44,0.9913928624029915,42,64,largest,0.5
6368,group-6259,1,0,-0.014533539754260416,0.08424860308948771,25,0.9935755570662218,42,64,largest,0.5
6369,group-6260,4,0,-0.04735227309967438,0.041960991505904426,18,0.960730140155084,42,64,largest,0.5
6370,group-6261,3,0,-0.06461190495779334,0.03181294603151363,12,0.9622368664296228,42,64,largest,0.5
6371,group-6262,2,0,-0.05512312305975242,0.037953637743825167,45,0.9575883872823865,42,64,largest,0.5
6372,group-6263,1,0,-0.04208184122019487,0.053121145847907225,16,0.9695985463034602,42,64,largest,0.5
6373,group-6264,0,0,-0.02186309465902836,0.05597601126123883,48,0.9923978941482288,42,64,largest,0.5
6374,group-6265,4,0,-0.021441828847869715,0.061490609395736945,36,0.9888611094999964,42,64,largest,0.5
6375,group-6266,3,0,-0.022674538321411752,0.06467416085447057,4,0.9859696283083974,42,64,largest,0.5
6376,group-6267,2,0,-0.03964542342487687,0.04801737649550795,4,0.9796974826327423,42,64,largest,0.5
6377,group-6268,1,0,-0.03962851512805976,0.055380889891480385,10,0.9869285545577435,42,64,largest,0.5
6378,group-6269,0,0,-0.02399242183132322,0.05436643687155237,2,0.9855628950271622,42,64,largest,0.5
6379,group-6270,3,0,-0.06654336169196151,0.030774277546630063,21,0.9558199229465747,42,64,largest,0.5
6380,group-6271,2,0,-0.028059752677073613,0.05715917373423922,26,0.974433507517803,42,64,largest,0.5
6381,group-6272,1,0,-0.0055863233466439954,0.09749898790595792,10,0.9981023942059577,42,64,largest,0.5
6382,group-6273,0,0,-0.03584112220258717,0.04617949499189834,55,0.9520815958989123,42,64,largest,0.5
6383,group-6274,4,0,-0.008100202911941912,0.07460366593018847,28,0.9819766779020727,42,64,largest,0.5
6384,group-6275,3,0,-0.14613508885017823,0.007676615573875492,56,0.9088535259343746,42,64,largest,0.5
6385,group-6276,2,0,-0.08458836432718397,0.024116017265241808,51,0.9377851861098431,42,64,largest,0.5
6386,group-6277,1,0,-0.019342486031235562,0.07782183354251672,61,0.9882695517133117,42,64,largest,0.5
6387,group-6278,0,0,-0.02504869943359278,0.053584267412935954,4,0.9748865163109393,42,64,largest,0.5
6388,group-6279,4,0,-0.051021395532324876,0.03972728135443388,39,0.9609527938322413,42,64,largest,0.5
6389,group-6280,2,0,-0.015080644153624978,0.06933109637697546,14,0.9678321594414568,42,64,largest,0.5
6390,group-6281,1,0,-0.03537593790191651,0.05951355145414693,10,0.9749749663753298,42,64,largest,0.5
6391,group-6282,0,1,0.0006948763840894934,0.07599221919735936,40,1.0030784186982047,42,64,largest,0.5
6392,group-6283,4,0,-0.030534664106297904,0.053822269095467064,32,0.9859127331418013,42,64,largest,0.5
6393,group-6284,3,0,-0.009131275132863048,0.08081984444499407,25,0.9946441142470998,42,64,largest,0.5
6394,group-6285,2,0,-0.03316704390071912,0.052943298398648746,34,0.990377047072376,42,64,largest,0.5
6395,group-6286,1,0,-0.05595316126606653,0.04190056292708011,14,0.9603939450768068,42,64,largest,0.5
6396,group-6287,0,0,-0.03814577170839317,0.04472947120355545,5,0.9712225610276431,42,64,largest,0.5
6397,group-6288,4,0,-0.05054181345146058,0.04001263707984317,6,0.9732257524868984,42,64,largest,0.5
6398,group-6289,3,0,-0.05141596306887186,0.03987016269309763,3,0.9432790385278886,42,64,largest,0.5
6399,group-6290,1,0,-0.023813820649358775,0.072252132723876,16,0.9755904359048323,42,64,largest,0.5
6400,group-6291,0,0,-0.02272457485931023,0.055319481854024855,52,0.9982168302120228,42,64,largest,0.5
6401,group-6292,4,0,-0.02738877256480965,0.05636745564558023,63,0.999326023378412,42,64,largest,0.5
6402,group-6293,3,0,-0.033896268351035874,0.053625176069806164,19,0.9923587228613299,42,64,largest,0.5
6403,group-6294,2,0,-0.08458904670678624,0.024115762318122545,28,0.9290886023461806,42,64,largest,0.5
6404,group-6295,1,0,-0.004911221173027225,0.09857079249417534,11,0.9872494557580875,42,64,largest,0.5
6405,group-6296,0,0,-0.01763171076158021,0.05930840924573617,63,0.9882123001221703,42,64,largest,0.5
6406,group-6297,4,0,-0.07550861414617105,0.02749698184015273,1,0.9330235827991679,42,64,largest,0.5
6407,group-6298,0,0,-0.04852022398691214,0.03872356389011058,21,0.9729052413810694,42,64,largest,0.5
6408,group-6298,0,0,-0.04852022398691214,0.03872356389011058,21,0.9729052413810694,42,64,largest,0.5
6409,group-6299,3,0,-0.0596308258787841,0.03465037740127945,47,0.9757043026312819,42,64,largest,0.5
6410,group-6300,0,1,0.007616617801259107,0.08334752648013043,40,0.9941313302207313,42,64,largest,0.5
6411,group-6301,4,0,-0.04336221027342069,0.044526248067919584,47,0.9769839373359065,42,64,largest,0.5
6412,group-6302,3,0,-0.08620485513380516,0.02191046966598461,21,0.9628964850721639,42,64,largest,0.5
6413,group-6303,2,0,-0.033848796191476294,0.052403246338284803,59,0.9644001356057571,42,64,largest,0.5
6414,group-6304,1,0,-0.08449360700341224,0.025528764523434045,56,0.9210623579528209,42,64,largest,0.5
6415,group-6305,0,0,-0.017547637187380505,0.05937646869757454,11,0.9726249534689785,42,64,largest,0.5
6416,group-6306,4,0,-0.04297771590539612,0.044781199187999145,20,0.9710328924759808,42,64,largest,0.5
6417,group-6307,3,0,-0.04406603442405255,0.04517243101040884,17,0.985424756183411,42,64,largest,0.5
6418,group-6308,4,0,-0.045578584090480656,0.04308339045714077,9,0.9650810285431283,42,64,largest,0.5
6419,group-6308,4,0,-0.045578584090480656,0.04308339045714077,9,0.9650810285431283,42,64,largest,0.5
6420,group-6309,2,0,-0.02759614896857754,0.0575571063861667,32,0.9825414739508559,42,64,largest,0.5
6421,group-6310,0,0,-0.02818589289770912,0.05132333814624618,53,0.9765065719406415,42,64,largest,0.5
6422,group-6311,4,1,0.01441030602414961,0.10264825620662664,35,0.9893367494736574,42,64,largest,0.5
6423,group-6312,3,0,-0.05799683721142335,0.03563323829121746,18,0.9862999701261214,42,64,largest,0.5
6424,group-6313,2,0,-0.013005083295250297,0.0714875914898674,4,0.9944521343971032,42,64,largest,0.5
6425,group-6314,1,0,-0.050094732487777405,0.0463327560873728,18,0.9752920657371906,42,64,largest,0.5
6426,group-6315,0,0,-0.10238076394233098,0.018111925905432837,5,0.9157499650485997,42,64,largest,0.5
6427,group-6316,4,0,-0.04568827049110469,0.043013156355104436,44,0.973361927453379,42,64,largest,0.5
6428,group-6317,3,0,-0.04483820731231536,0.044585223842229675,11,0.97091548378441,42,64,largest,0.5
6429,group-6318,2,0,-0.03503314966748183,0.05147741188034341,23,0.9731789807342546,42,64,largest,0.5
6430,group-6319,1,0,-0.027530669043972056,0.06790448061322066,22,0.9761199818780242,42,64,largest,0.5
6431,group-6320,4,0,-0.043584936646215655,0.04437919591792051,36,0.9473506259739454,42,64,largest,0.5
6432,group-6321,3,0,-0.06425698403621671,0.03200746335049126,41,0.9690548944195218,42,64,largest,0.5
6433,group-6322,2,0,-0.015197305579759401,0.06921169022521527,3,0.9879814912425455,42,64,largest,0.5
6434,group-6323,1,0,-0.02317633971771027,0.07302313235798663,45,0.9700020863858958,42,64,largest,0.5
6435,group-6324,0,0,-0.01663217691186769,0.06012230465155004,49,0.9798665635497842,42,64,largest,0.5
6436,group-6325,4,0,-0.015221734916984198,0.06731237792320702,63,0.9978279402649829,42,64,largest,0.5
6437,group-6326,3,0,-0.030251025771041773,0.05700354260687353,15,0.9832699718738174,42,64,largest,0.5
6438,group-6327,2,0,-0.0028992374558235445,0.08289659051448547,4,0.9889979422194966,42,64,largest,0.5
6439,group-6328,1,0,-0.017060388371017754,0.08081373099313541,3,0.9885589274583203,42,64,largest,0.5
6440,group-6329,0,0,-0.016704690048564896,0.06006290897868079,31,0.9930312563428335,42,64,largest,0.5
6441,group-6330,3,0,-0.02443413263961569,0.0628112501045953,42,0.9956866939586589,42,64,largest,0.5
6442,group-6331,2,0,-0.02615365003476733,0.058811967252174115,34,0.9801536239046021,42,64,largest,0.5
6443,group-6332,1,0,-0.0052069083080823475,0.09810006852176904,22,0.9962649068965106,42,64,largest,0.5
6444,group-6333,0,0,-0.03833584643379351,0.044611837545309584,47,0.9782482957982659,42,64,largest,0.5
6445,group-6334,4,0,-0.026722668357832324,0.056920702038030714,39,0.9840189029968689,42,64,largest,0.5
6446,group-6335,3,0,-0.04755838662780021,0.0425740982666374,35,0.9790362213679507,42,64,largest,0.5
6447,group-6336,2,1,0.0031330608807421667,0.0904739541908884,47,0.9941572673811071,42,64,largest,0.5
6448,group-6337,1,0,-0.007409758872206074,0.09465587602139285,54,0.9985426642643657,42,64,largest,0.5
6449,group-6338,0,0,-0.004598840109941715,0.07077403522690513,38,1.0089923911123002,42,64,largest,0.5
6450,group-6339,4,0,-0.09518210311905151,0.020400341416677167,21,0.9181949162351252,42,64,largest,0.5
6451,group-6340,2,0,-0.01462116972903671,0.06980323732822001,6,0.9698236977310828,42,64,largest,0.5
6452,group-6341,1,0,-0.01230694394915921,0.08738464246584589,10,0.9919242106787571,42,64,largest,0.5
6453,group-6342,0,0,-0.038987258897907995,0.04421092418497931,4,0.9912480410069612,42,64,largest,0.5
6454,group-6343,4,0,-0.042574331480826566,0.04505017126798276,22,0.9556329247646346,42,64,largest,0.5
6455,group-6344,3,0,-0.07997307901267525,0.024409334037833044,8,0.9617068408498776,42,64,largest,0.5
6456,group-6345,2,0,-0.14908184707192418,0.008798624977923143,53,0.8568165132316419,42,64,largest,0.5
6457,group-6346,1,0,-0.10585443559586616,0.017539274975717094,50,0.9046776137092678,42,64,largest,0.5
6458,group-6347,0,0,-0.022477699275367802,0.05550687976646996,22,0.9876435604005324,42,64,largest,0.5
6459,group-6348,4,0,-0.0006317083569172821,0.08302444584804221,44,0.9912810719509165,42,64,largest,0.5
6460,group-6349,3,0,-0.03408301322638474,0.05345728748915295,36,0.9956244024584564,42,64,largest,0.5
6461,group-6350,1,0,-0.015238443048465888,0.08327727833984132,14,0.9974152840658138,42,64,largest,0.5
6462,group-6351,0,0,-0.02348700679344551,0.054744490020979815,63,0.9857308100198859,42,64,largest,0.5
6463,group-6352,4,0,-0.002235711149860653,0.08114597454514179,17,0.9845751007654912,42,64,largest,0.5
6464,group-6353,3,0,-0.06324868207676293,0.03256636580684847,42,0.9921608326694443,42,64,largest,0.5
6465,group-6354,2,0,-0.0007810013427292928,0.08548924718074116,25,0.9993131616588619,42,64,largest,0.5
6466,group-6355,1,0,-0.04019404773151236,0.05485208688377064,10,0.9744523722883631,42,64,largest,0.5
6467,group-6356,0,0,-0.01732539056342619,0.05955673487157903,62,0.9801098364120939,42,64,largest,0.5
6468,group-6357,4,0,-0.046722565968907226,0.04235623529509636,6,0.9466158137424311,42,64,largest,0.5
6469,group-6358,3,0,-0.05108278072913974,0.04009705733986789,42,0.9927753066752644,42,64,largest,0.5
6470,group-6359,2,0,-0.026002888050320028,0.0589445891097295,28,0.9820300033523881,42,64,largest,0.5
6471,group-6360,0,0,-0.037959069630740916,0.04484530538758531,34,0.9700009756050888,42,64,largest,0.5
6472,group-6361,4,0,-0.016303902556878525,0.0662640052280662,63,0.9860120183195449,42,64,largest,0.5
6473,group-6362,3,0,-0.06177904342390883,0.033397908112098085,11,0.968112691901433,42,64,largest,0.5
6474,group-6363,2,0,-0.0840891900199967,0.024303222137388968,31,0.917081669284793,42,64,largest,0.5
6475,group-6364,1,0,-0.0016811166293413393,0.10384529984308356,54,0.9952936950415798,42,64,largest,0.5
6476,group-6365,0,0,-0.029014131921174635,0.050741661741428405,44,0.9667542160587581,42,64,largest,0.5
6477,group-6366,4,0,-0.022188534312110986,0.06082420673518772,42,0.9927976394537544,42,64,largest,0.5
6478,group-6367,3,0,-0.021591794299882672,0.06584591299119211,1,0.9737892862125586,42,64,largest,0.5
6479,group-6368,2,0,-0.08097685526541387,0.025502794812321247,37,0.923453128296985,42,64,largest,0.5
6480,group-6369,1,0,-0.01935532606004231,0.0778052903383067,22,0.986724908828124,42,64,largest,0.5
6481,group-6370,4,0,-0.0162640398522913,0.06630235253192154,12,0.9920112825786618,42,64,largest,0.5
6482,group-6371,3,0,-0.03508073471935069,0.05256868254836737,18,1.0050709953218582,42,64,largest,0.5
6483,group-6372,2,0,-0.07269740221207355,0.028981308690485305,57,0.9380161738801541,42,64,largest,0.5
6484,group-6373,1,0,-0.049687851067280464,0.04665662724899548,46,0.9653233191801016,42,64,largest,0.5
6485,group-6374,0,0,-0.032854915760257675,0.04812493924834738,56,0.974637207077076,42,64,largest,0.5
6486,group-6375,4,0,-0.030787336634961138,0.053622613535926386,51,0.9857619564394051,42,64,largest,0.5
6487,group-6376,3,0,-0.03552389835276204,0.05217847616372783,21,0.9646668811400022,42,64,largest,0.5
6488,group-6377,2,0,-0.01034939739269225,0.07433709915757593,10,0.9939662089625556,42,64,largest,0.5
6489,group-6378,1,0,-0.02273389183517549,0.07356269812670238,59,0.9860669321891821,42,64,largest,0.5
6490,group-6379,0,0,-0.02942394670193671,0.05045615954429029,6,0.9862087709534003,42,64,largest,0.5
6491,group-6380,3,0,-0.1025992079897946,0.016471873468738116,14,0.9104280910312486,42,64,largest,0.5
6492,group-6381,2,0,-0.044692376336689876,0.04448468464538383,25,0.9452349555794592,42,64,largest,0.5
6493,group-6382,1,0,-0.060151204006196,0.03897697961768166,30,0.9575639275931276,42,64,largest,0.5
6494,group-6383,0,0,-0.0493406809243041,0.038283080772142146,9,0.9765236502123983,42,64,largest,0.5
6495,group-6384,4,0,-0.024951284259560835,0.05841688181514507,24,0.9896014613653662,42,64,largest,0.5
6496,group-6385,3,0,-0.06072592948390121,0.03400634429258747,42,0.9861467732160031,42,64,largest,0.5
6497,group-6386,2,0,-0.02584992320245716,0.05907943524363992,17,0.9901393483621364,42,64,largest,0.5
6498,group-6387,1,0,-0.0339147766914234,0.060999038657199925,14,0.9854847020517019,42,64,largest,0.5
6499,group-6388,0,0,-0.059319387797598044,0.03329697820588548,11,0.9403843172901335,42,64,largest,0.5
6500,group-6389,4,0,-0.0025803212231511052,0.0807474851866557,63,0.9932046921212825,42,64,largest,0.5
6501,group-6390,2,0,-0.06598191780425988,0.03213694980370936,33,0.946042426599316,42,64,largest,0.5
6502,group-6391,1,0,-0.09632773550923712,0.02074334892523434,46,0.9158655208447162,42,64,largest,0.5
6503,group-6392,0,0,-0.0322655392707889,0.048517993905832904,18,0.9749599812193586,42,64,largest,0.5
6504,group-6393,4,0,-0.01454935809638358,0.06797148783641328,18,0.9898892911777599,42,64,largest,0.5
6505,group-6394,3,0,-0.03702426144293125,0.05087763142972104,17,0.9755749034473564,42,64,largest,0.5
6506,group-6395,2,0,-0.04159435623543295,0.046622674410380434,6,0.9647834209107212,42,64,largest,0.5
6507,group-6396,1,0,-0.05886152773694031,0.0398536651776119,28,0.9572523902238276,42,64,largest,0.5
6508,group-6397,0,0,-0.043555326091536783,0.04149459251298619,31,0.9542861400442386,42,64,largest,0.5
6509,group-6398,4,0,-0.07827297720355575,0.026371013414928472,54,0.939194092707488,42,64,largest,0.5
6510,group-6399,3,0,-0.02234871516378889,0.06502471204747803,14,0.9764794277392045,42,64,largest,0.5
6511,group-6400,0,0,-0.09564036192791736,0.019934715596576304,5,0.9036347370253734,42,64,largest,0.5
6512,group-6401,4,0,-0.09161080574219593,0.021539714485849876,21,0.9308463678888487,42,64,largest,0.5
6513,group-6402,3,0,-0.10100728791851077,0.01693572195366691,14,0.939575588998924,42,64,largest,0.5
6514,group-6403,2,0,-0.09082940782088544,0.021890988785978272,11,0.910612438485147,42,64,largest,0.5
6515,group-6404,1,0,-0.11595804205022286,0.01467211734661732,30,0.9031595178477174,42,64,largest,0.5
6516,group-6405,0,0,-0.05239325349535484,0.03668611597430339,11,0.951331488843449,42,64,largest,0.5
6517,group-6406,4,0,-0.049198255274884084,0.040822562247519054,51,0.9738148469045039,42,64,largest,0.5
6518,group-6407,3,0,-0.025870914182283933,0.0613273601019838,45,0.9577159896554491,42,64,largest,0.5
6519,group-6408,2,0,-0.0661719488667527,0.032043246950629586,10,0.9545768316864314,42,64,largest,0.5
6520,group-6409,1,0,-0.017501756996056272,0.08022701599710243,62,0.9871715771010965,42,64,largest,0.5
6521,group-6410,4,1,0.007453723052496586,0.09310746471311786,35,0.9880252941930965,42,64,largest,0.5
6522,group-6411,3,0,-0.059964473329710666,0.0344529228030144,42,0.9850861991049447,42,64,largest,0.5
6523,group-6412,2,0,-0.028617708393599894,0.056683681371727426,34,0.9866704796567125,42,64,largest,0.5
6524,group-6413,1,0,-0.025528121144511307,0.07021587502660498,60,0.9689644638269418,42,64,largest,0.5
6525,group-6414,0,0,-0.03621362995434341,0.045942128880391134,56,0.9825914263257249,42,64,largest,0.5
6526,group-6415,4,0,-0.025998954503773986,0.05752757858171794,36,0.9796021434527828,42,64,largest,0.5
6527,group-6416,3,0,-0.024915398951181333,0.062310510483609444,47,0.9754989204614642,42,64,largest,0.5
6528,group-6417,2,0,-0.025971501601715685,0.05897223428184947,4,0.9677659742849998,42,64,largest,0.5
6529,group-6418,1,1,0.001359921452170898,0.10903758007711672,7,1.0012345830990603,42,64,largest,0.5
6530,group-6419,0,0,-0.03783774961816477,0.04492072824732567,49,0.9808956814572263,42,64,largest,0.5
6531,group-6420,3,0,-0.025587453319017572,0.061617496689141106,22,0.9900574123481419,42,64,largest,0.5
6532,group-6421,2,0,-0.0384745330562245,0.04887425209876606,25,0.9704438827618752,42,64,largest,0.5
6533,group-6422,1,0,-0.07268212236046123,0.03137042203185991,25,0.9499283612720986,42,64,largest,0.5
6534,group-6423,0,0,-0.022290374971204785,0.055649472122527445,39,0.9991422237088697,42,64,largest,0.5
6535,group-6424,4,0,-0.0024634727743131357,0.08088240230675824,55,0.9949338189915322,42,64,largest,0.5
6536,group-6425,3,0,-0.03753216755508171,0.05044426195568683,13,0.967511555541942,42,64,largest,0.5
6537,group-6426,2,0,-0.005145880445216133,0.08022510374831301,61,0.9927431503628825,42,64,largest,0.5
6538,group-6427,1,0,-0.05273474835869507,0.04428276775328436,2,0.942854387857952,42,64,largest,0.5
6539,group-6428,0,0,-0.03032829018149885,0.04983151132020347,6,0.9844760532747782,42,64,largest,0.5
6540,group-6429,4,0,-0.06292134296420815,0.033241605601545675,9,0.9592549582022416,42,64,largest,0.5
6541,group-6430,2,0,-0.024945098633176177,0.059883013311087294,50,0.9768857735677682,42,64,largest,0.5
6542,group-6431,1,0,-0.055918613836773656,0.04192547152012214,14,0.9688502519998726,42,64,largest,0.5
6543,group-6432,0,0,-0.022190048765343917,0.055725982701964355,56,0.9742476884380565,42,64,largest,0.5
6544,group-6433,4,0,-0.06209686105487233,0.03365592024041487,33,0.9456031516895708,42,64,largest,0.5
6545,group-6434,3,0,-0.07153655663941283,0.02823906411733409,17,0.9544053369358834,42,64,largest,0.5
6546,group-6435,2,0,-0.02445980551497584,0.06031820955820754,9,0.9788550879651998,42,64,largest,0.5
6547,group-6436,1,0,-0.036141158082951264,0.05874917515106501,28,0.9710142791551725,42,64,largest,0.5
6548,group-6437,0,0,-0.035085279015916515,0.04666471755314829,63,0.9714518661068078,42,64,largest,0.5
6549,group-6438,4,0,-0.0843058240514597,0.024067369399339043,20,0.9353946527750968,42,64,largest,0.5
6550,group-6439,3,0,-0.0725295931710539,0.027759604622705183,23,0.937275403087861,42,64,largest,0.5
6551,group-6440,1,0,-0.024574773281813456,0.07134163170887584,10,0.9876844726361401,42,64,largest,0.5
6552,group-6441,0,0,-0.039189174655861914,0.04408735381276537,22,0.9531577874457269,42,64,largest,0.5
6553,group-6442,4,0,-0.03316762922208949,0.05177577185102933,17,0.9771253703428591,42,64,largest,0.5
6554,group-6443,3,0,-0.10159871503706175,0.016761913884599664,14,0.9190217606439749,42,64,largest,0.5
6555,group-6444,2,0,-0.03463984977652057,0.051783134281799884,25,0.9712191570592335,42,64,largest,0.5
6556,group-6445,1,0,-0.012699650499114812,0.08682397265436703,42,0.9969042083731723,42,64,largest,0.5
6557,group-6446,0,0,-0.0368412158467567,0.045544848588346856,54,0.9567627862922312,42,64,largest,0.5
6558,group-6447,4,0,-0.009883580581177553,0.07271235851326065,52,0.9875967461577256,42,64,largest,0.5
6559,group-6448,3,0,-0.04747607197309822,0.04263366457246374,36,0.9931769570014488,42,64,largest,0.5
6560,group-6449,2,0,-0.03715203728304084,0.04985951418120193,2,0.9818619767936009,42,64,largest,0.5
6561,group-6450,0,0,-0.023248185877129957,0.054923989767666874,7,0.9722111905010046,42,64,largest,0.5
6562,group-6451,4,0,-0.032651886697245835,0.05217075731706045,33,0.9620901820444031,42,64,largest,0.5
6563,group-6452,3,0,-0.09079115433988783,0.02023293711506383,14,0.9305533597380791,42,64,largest,0.5
6564,group-6453,2,0,-0.015328135359989115,0.06907800883192668,45,0.9769376048652337,42,64,largest,0.5
6565,group-6454,1,0,-0.03259223191912697,0.06237342700499045,46,0.9771544589171477,42,64,largest,0.5
6566,group-6455,0,0,-0.05827732948430764,0.033786855715920563,57,0.957054198857649,42,64,largest,0.5
6567,group-6456,4,0,-0.04760329031977184,0.04180442241622687,2,0.9559151732508795,42,64,largest,0.5
6568,group-6457,3,0,-0.005936486821604303,0.08513173075447336,3,0.9669982300712501,42,64,largest,0.5
6569,group-6458,2,0,-0.0218011502064267,0.06275536565634077,31,0.9928968520711147,42,64,largest,0.5
6570,group-6459,1,0,-0.08245632375526224,0.02645470742408165,30,0.9264187916265327,42,64,largest,0.5
6571,group-6460,4,0,-0.06297869308971493,0.03321297020522436,54,0.9544628806205213,42,64,largest,0.5
6572,group-6461,3,0,-0.039444134250723684,0.04884403478796969,3,0.9902935507458033,42,64,largest,0.5
6573,group-6462,2,0,-0.02047048995548517,0.06400939387898506,25,0.9763369247314901,42,64,largest,0.5
6574,group-6463,1,0,-0.033112107377069266,0.06182975764794034,60,0.9829894587694528,42,64,largest,0.5
6575,group-6464,0,0,-0.03572406472585088,0.04625432600668056,38,0.9770548727159675,42,64,largest,0.5
6576,group-6465,4,0,-0.03267848380111882,0.05215031826432816,54,0.9713519645217866,42,64,largest,0.5
6577,group-6466,3,0,-0.04407926724741951,0.045162306190655595,43,0.9826456193175834,42,64,largest,0.5
6578,group-6467,2,0,-0.018684103470982483,0.06572962572814438,54,0.9683559544518927,42,64,largest,0.5
6579,group-6468,1,0,-0.015152506783936426,0.08339514740747167,10,0.9959256407237791,42,64,largest,0.5
6580,group-6469,0,0,-0.012189458073543213,0.06386788663860087,52,0.9842116312913021,42,64,largest,0.5
6581,group-6470,3,0,-0.05652173446307718,0.03654354460058485,46,0.9851226729532262,42,64,largest,0.5
6582,group-6471,2,0,-0.008358688755521149,0.07654121274514923,34,1.009423400502916,42,64,largest,0.5
6583,group-6472,1,0,-0.016566706283047905,0.08147462147627257,10,0.9941281977686178,42,64,largest,0.5
6584,group-6473,0,0,-0.047469383868139814,0.03929484192789056,38,0.9723516896234398,42,64,largest,0.5
6585,group-6474,4,0,-0.07506804609613771,0.027680696738116746,20,0.9376131650020647,42,64,largest,0.5
6586,group-6475,3,0,-0.0180205748625486,0.06985191151916051,48,0.9720136751261104,42,64,largest,0.5
6587,group-6476,2,0,-0.041666552816359115,0.04657175592184556,17,0.960965071101969,42,64,largest,0.5
6588,group-6477,1,0,-0.03042495860568739,0.06468829637729867,57,0.9736178371780085,42,64,largest,0.5
6589,group-6478,0,0,-0.04007267568860484,0.04355052489318733,2,0.9623215839107541,42,64,largest,0.5
6590,group-6479,4,0,-0.026464233890398314,0.057136720837034284,24,0.989142978453278,42,64,largest,0.5
6591,group-6480,2,0,-0.02404679108698149,0.060690918040969356,18,0.9893418016016231,42,64,largest,0.5
6592,group-6481,1,0,-0.046170895055665184,0.049547138217297525,28,0.9689952920204643,42,64,largest,0.5
6593,group-6482,0,0,-0.0005291845980220922,0.07475509889715458,34,0.9860852043218047,42,64,largest,0.5
6594,group-6483,4,0,-0.03492945287223215,0.05044769108107648,32,0.9865310066185733,42,64,largest,0.5
6595,group-6484,3,0,-0.0123215973636438,0.07671365361671491,55,0.9842518195342014,42,64,largest,0.5
6596,group-6485,2,0,-0.06936873597735504,0.030505997762994348,11,0.9312518250155274,42,64,largest,0.5
6597,group-6486,1,0,-0.04561641553981466,0.05001807503455889,44,0.9692922851223278,42,64,largest,0.5
6598,group-6487,0,0,-0.03678332531430084,0.045581357599854246,11,0.9651298100154224,42,64,largest,0.5
6599,group-6488,4,0,-0.01849083772069393,0.06419152866765387,62,0.9971290258381019,42,64,largest,0.5
6600,group-6489,3,0,-0.09745795050457384,0.01801661638953483,14,0.9315699789499741,42,64,largest,0.5
6601,group-6490,1,0,-0.04296268769668432,0.0523312422628274,63,0.9696277771812419,42,64,largest,0.5
6602,group-6491,0,0,-0.024529205003761545,0.05396761541236197,27,0.9845629336031256,42,64,largest,0.5
6603,group-6492,4,0,-0.01894035779380887,0.06377308099817426,53,0.9811553596266337,42,64,largest,0.5
6604,group-6493,3,0,-0.018909842776974717,0.06883379024183346,48,0.9593591139175588,42,64,largest,0.5
6605,group-6494,2,0,-0.03421557118137675,0.05211486152105657,54,0.9824213203180134,42,64,largest,0.5
6606,group-6495,1,0,-0.0484262245179774,0.0476746026484164,29,0.9605700692070751,42,64,largest,0.5
6607,group-6496,0,0,-0.005533717915998659,0.06988758247703876,29,1.0037929640773158,42,64,largest,0.5
6608,group-6497,4,0,-0.029752779422288378,0.05444454502711889,63,0.9675714651509887,42,64,largest,0.5
6609,group-6498,3,0,-0.02378431683256621,0.06349331723649458,56,1.0008499460035762,42,64,largest,0.5
6610,group-6499,2,0,-0.11005075471377601,0.01622743973749637,11,0.9050785726936957,42,64,largest,0.5
6611,group-6500,4,0,-0.020710799636373123,0.06214962604847522,14,0.9894477119040392,42,64,largest,0.5
6612,group-6501,3,0,-0.01078250856806906,0.07867014071942856,38,0.990960825961305,42,64,largest,0.5
6613,group-6502,2,1,0.0031689042864575523,0.09052078931977449,47,0.9857104261711914,42,64,largest,0.5
6614,group-6503,1,0,-0.043965515781582254,0.05144546310098515,0,0.9700083038902635,42,64,largest,0.5
6615,group-6504,0,0,-0.01905047619117839,0.05817085828128007,45,0.997516297342581,42,64,largest,0.5
6616,group-6505,4,0,-0.024903366975277952,0.05845786272952791,15,0.9822659393200416,42,64,largest,0.5
6617,group-6506,3,0,-0.08063709414783593,0.024130367004976526,10,0.9391573006772843,42,64,largest,0.5
6618,group-6507,2,0,-0.08056498811797475,0.02566579796636182,6,0.9100778086308117,42,64,largest,0.5
6619,group-6508,1,0,-0.0560057848608807,0.04186264866621772,15,0.9504985695586824,42,64,largest,0.5
6620,group-6509,0,0,-0.01597777589979854,0.060660817986745046,18,0.9677745370604534,42,64,largest,0.5
6621,group-6510,3,0,-0.04459030619440152,0.044772945409740195,19,0.9777319943305753,42,64,largest,0.5
6622,group-6511,2,1,0.004837083530192188,0.09272481165414156,47,0.9931092826235336,42,64,largest,0.5
6623,group-6512,1,1,0.01273880964598384,0.13052731006274115,7,0.9859797113164152,42,64,largest,0.5
6624,group-6513,0,0,-0.01694928996879852,0.059862961545770164,30,0.9755448452070746,42,64,largest,0.5
6625,group-6514,4,0,-0.025334694142042036,0.058089942441346375,39,0.98064413742683,42,64,largest,0.5
6626,group-6515,3,0,-0.1105660994695502,0.014331868654117504,14,0.903601657624283,42,64,largest,0.5
6627,group-6516,2,0,-0.0589476116646338,0.03579787973093551,11,0.9490298638353095,42,64,largest,0.5
6628,group-6517,1,0,-0.05082489631808729,0.045756913994444745,36,0.9655585889982297,42,64,largest,0.5
6629,group-6518,0,0,-0.12787080777018578,0.012585222910434858,5,0.8780492186934188,42,64,largest,0.5
6630,group-6519,4,0,-0.08844627338772404,0.02260115508614012,21,0.9204166840961616,42,64,largest,0.5
6631,group-6520,2,0,-0.06113326889516735,0.03461933057554151,13,0.9357958774152746,42,64,largest,0.5
6632,group-6521,1,0,-0.07094211150857455,0.03233376110802284,29,0.955986002301428,42,64,largest,0.5
6633,group-6522,0,0,-0.014420236020097121,0.06196073184913289,53,0.9809087236970906,42,64,largest,0.5
6634,group-6523,4,0,-0.03963295935898503,0.04705846803851777,33,0.9859590743519626,42,64,largest,0.5
6635,group-6524,3,0,-0.05359208792225745,0.038418237178297315,13,0.9948175085761338,42,64,largest,0.5
6636,group-6525,2,0,-0.03767966889467356,0.04946419103576285,42,0.9716175914906776,42,64,largest,0.5
6637,group-6526,1,0,-0.0009549616697470675,0.1050649113815279,0,0.998896028922595,42,64,largest,0.5
6638,group-6527,0,1,0.008207232215547755,0.08400425138294709,40,0.9826087137010537,42,64,largest,0.5
6639,group-6528,4,0,-0.06008557614261567,0.03468763288173646,54,0.9602863148929285,42,64,largest,0.5
6640,group-6529,3,0,-0.04448893766093609,0.04484992290296052,40,0.9667700849217464,42,64,largest,0.5
6641,group-6530,1,0,-0.047440532007326675,0.04848457965245963,25,0.9598738154905179,42,64,largest,0.5
6642,group-6531,0,0,-0.17016653635171097,0.006854680116195953,5,0.8412040434105389,42,64,largest,0.5
6643,group-6532,4,0,-0.02656240018833378,0.057054575566565915,18,0.9841204718266612,42,64,largest,0.5
6644,group-6533,3,0,-0.02646708610180637,0.06072131031657543,27,0.9939731258164088,42,64,largest,0.5
6645,group-6534,2,0,-0.016333334831183932,0.06805884855427999,27,0.9764788859401438,42,64,largest,0.5
6646,group-6535,1,0,-0.031184685846754934,0.06386786644753782,28,0.9850663420933435,42,64,largest,0.5
6647,group-6536,0,0,-0.02826937554037956,0.051264423206159905,22,0.9694464006352324,42,64,largest,0.5
6648,group-6537,4,1,0.001976360338679317,0.08616333330581427,35,1.0002381509826848,42,64,largest,0.5
6649,group-6538,3,1,0.0015987568425799292,0.09613764953808487,37,0.9965111901767078,42,64,largest,0.5
6650,group-6539,2,0,-0.00490729735797335,0.08050503059846455,35,1.0104829051865065,42,64,largest,0.5
6651,group-6540,0,0,-0.018717126884217006,0.058436280304527397,32,0.9933177569485565,42,64,largest,0.5
6652,group-6541,4,0,-0.06467058835282669,0.032378831839780214,20,0.946840142182531,42,64,largest,0.5
6653,group-6542,3,0,-0.06319886474397574,0.03259422272848124,45,0.9474073748013737,42,64,largest,0.5
6654,group-6543,2,0,-0.02371236709718072,0.060994282896388106,11,0.9724236386408494,42,64,largest,0.5
6655,group-6544,1,0,-0.0373352458463142,0.05757477172750759,29,0.9605204474796164,42,64,largest,0.5
6656,group-6545,0,0,-0.012252994173018839,0.06381281883462218,62,0.9848432927934273,42,64,largest,0.5
6657,group-6546,4,0,-0.0634572564507454,0.03297494650682912,9,0.9424401241498459,42,64,largest,0.5
6658,group-6547,3,0,-0.07131158690244332,0.02834879642443941,14,0.9702637034657425,42,64,largest,0.5
6659,group-6548,2,0,-0.01729922484251989,0.06709269120367728,9,0.9783532659808056,42,64,largest,0.5
6660,group-6549,1,0,-0.05392325068730841,0.04338838271019073,29,0.9506960201401653,42,64,largest,0.5
6661,group-6550,4,0,-0.0218976583838415,0.06108299415389216,51,0.9778282425790029,42,64,largest,0.5
6662,group-6551,3,0,-0.04381501538944421,0.04536490305371893,17,0.9854820653899637,42,64,largest,0.5
6663,group-6552,2,0,-0.031986518082692816,0.0538909009043889,60,0.983943590930977,42,64,largest,0.5
6664,group-6553,1,0,-0.05339005705858313,0.04378747463188151,44,0.9634251663186862,42,64,largest,0.5
6665,group-6554,0,0,-0.0617470486129883,0.032182180756044926,57,0.9581786103446246,42,64,largest,0.5
6666,group-6555,4,0,-0.027284096129736035,0.056454060718981666,53,0.9759032263425751,42,64,largest,0.5
6667,group-6556,3,0,-0.059742355268982195,0.03458425253161222,27,0.9748628952760345,42,64,largest,0.5
6668,group-6557,2,0,-0.028013322929733242,0.057198909806832114,46,0.9892920666594294,42,64,largest,0.5
6669,group-6558,1,0,-0.07714723873924179,0.029023768711532113,63,0.9247578540868575,42,64,largest,0.5
6670,group-6559,0,0,-0.040213059922273864,0.04346580171081591,34,0.9551486857048299,42,64,largest,0.5
6671,group-6560,3,0,-0.005814857256308925,0.08529994420649402,58,0.9791580581596359,42,64,largest,0.5
6672,group-6561,2,0,-0.052801268571616156,0.039322680946898836,17,0.9608430196006856,42,64,largest,0.5
6673,group-6562,1,0,-0.010919879424022172,0.08939124960176774,23,1.001408181591866,42,64,largest,0.5
6674,group-6563,0,0,-0.016860586503945285,0.059935399785080216,55,0.9684924870426765,42,64,largest,0.5
6675,group-6564,4,0,-0.030397324464554787,0.05393108538065504,42,0.9764084652843272,42,64,largest,0.5
6676,group-6565,3,0,-0.027151993248915374,0.06003197145894034,9,0.9776366951821386,42,64,largest,0.5
6677,group-6566,2,0,-0.06198321240748239,0.03417119985662337,41,0.942314879355332,42,64,largest,0.5
6678,group-6567,1,0,-0.03864644784040805,0.05631059324738291,8,0.9625456010690543,42,64,largest,0.5
6679,group-6568,0,0,-0.01925785555005699,0.058006308186270304,54,0.996686786600412,42,64,largest,0.5
6680,group-6569,4,0,-0.014522720377465714,0.06799772278798528,36,0.9818883146118282,42,64,largest,0.5
6681,group-6570,2,0,-0.04560261729870929,0.043874487382947656,33,0.9727692245064054,42,64,largest,0.5
6682,group-6571,1,0,-0.015790634677668947,0.08252350673261678,10,0.9845210015226057,42,64,largest,0.5
6683,group-6572,0,0,-0.058060470669829334,0.03388967313735949,63,0.9453665269198002,42,64,largest,0.5
6684,group-6573,3,0,-0.03763946797412654,0.0503531564213325,27,1.0016471404859217,42,64,largest,0.5
6685,group-6574,2,0,-0.022980407819779947,0.06166321654129869,34,0.9888667992330717,42,64,largest,0.5
6686,group-6575,4,0,-0.007788735201272101,0.07493858898070266,7,0.9890015256402934,42,64,largest,0.5
6687,group-6576,3,0,-0.055263620759506304,0.03733758602310898,40,0.9714873230305183,42,64,largest,0.5
6688,group-6577,2,0,-0.006158580875232578,0.07904677899439734,9,0.9906239814371585,42,64,largest,0.5
6689,group-6578,1,0,-0.0591521314856529,0.03965448593411251,61,0.9436544175843231,42,64,largest,0.5
6690,group-6579,0,0,-0.02569299200910502,0.05311239614711699,60,0.9814444867922226,42,64,largest,0.5
6691,group-6580,3,0,-0.053527072555262345,0.0384608709397374,29,0.9671419617306791,42,64,largest,0.5
6692,group-6581,2,0,-0.023798825809883906,0.0609157182811131,15,0.9932724555178275,42,64,largest,0.5
6693,group-6582,1,0,-0.04624202232846586,0.049487032594386485,36,0.9727933948580616,42,64,largest,0.5
6694,group-6583,0,0,-0.010784254023194717,0.06509717308072187,53,0.9737996384016063,42,64,largest,0.5
6695,group-6584,4,0,-0.023798966467367566,0.05940989671441532,15,0.9814133280326179,42,64,largest,0.5
6696,group-6585,3,0,-0.04033563173141674,0.04811446103373755,2,0.9686524415252391,42,64,largest,0.5
6697,group-6586,2,0,-0.004192928635909254,0.08134852794235736,9,1.0050706196621926,42,64,largest,0.5
6698,group-6587,1,1,0.005339419613337948,0.11617527560590758,7,0.999539863885054,42,64,largest,0.5
6699,group-6588,0,0,-0.020814397431285103,0.05678510975335118,0,1.0032454331349305,42,64,largest,0.5
6700,group-6589,4,0,-0.042164114540830244,0.04532527744895993,1,0.9520962036282807,42,64,largest,0.5
6701,group-6590,2,0,-0.044489328458289124,0.044621901335822146,3,0.9696010661179139,42,64,largest,0.5
6702,group-6591,1,1,0.00478837476025995,0.1151632377215753,7,0.9952150914998148,42,64,largest,0.5
6703,group-6592,0,0,-0.03380599412257257,0.04749703521573858,33,0.9630963396043747,42,64,largest,0.5
6704,group-6593,4,0,-0.04759558714288914,0.04180921886333482,36,0.9548619343909269,42,64,largest,0.5
6705,group-6594,3,0,-0.03920183696533208,0.049044130121648766,45,0.9716867368706931,42,64,largest,0.5
6706,group-6595,2,0,-0.03213529694639172,0.053770601667619225,10,0.9637709271954585,42,64,largest,0.5
6707,group-6596,1,0,-0.03830797321801982,0.05663440766145402,19,0.9722073302807723,42,64,largest,0.5
6708,group-6597,0,0,-0.03523693135880601,0.04656697526221899,20,0.9779958790404052,42,64,largest,0.5
6709,group-6598,4,0,-0.07786364885673602,0.026534865105907673,21,0.937797093772634,42,64,largest,0.5
6710,group-6599,3,0,-0.037748648356210945,0.050260614618008716,18,0.9967171219209635,42,64,largest,0.5
6711,group-6600,1,0,-0.0203503615797761,0.07653303292863421,35,0.988593427492671,42,64,largest,0.5
6712,group-6601,0,0,-0.05532575257574901,0.03521244222389387,20,0.9751208922631261,42,64,largest,0.5
6713,group-6602,4,0,-0.07176733400043123,0.029095509767077293,34,0.9298634365628087,42,64,largest,0.5
6714,group-6603,3,0,-0.022294667864223516,0.06508303190505357,18,1.0044093083353296,42,64,largest,0.5
6715,group-6604,2,0,-0.06111400875869122,0.03462955081235258,22,0.9579665061096252,42,64,largest,0.5
6716,group-6605,1,0,-0.030008381402934825,0.06514231273337703,54,0.9827548563700053,42,64,largest,0.5
6717,group-6606,0,0,-0.02024222021734612,0.05723118216594065,32,0.9976811452060866,42,64,largest,0.5
6718,group-6607,4,0,-0.040693287792218036,0.046324876558660265,36,0.9579987473502192,42,64,largest,0.5
6719,group-6608,3,0,-0.07804738477610085,0.025236257158147826,21,0.9327362586440301,42,64,largest,0.5
6720,group-6609,2,0,-0.05011174777488714,0.04096772794292323,13,0.9658306371954972,42,64,largest,0.5
6721,group-6610,0,0,-0.020726002951488298,0.056853808538977965,50,0.9753937205702922,42,64,largest,0.5
6722,group-6611,4,0,-0.06821409567732839,0.030696938709098565,54,0.9460246621991265,42,64,largest,0.5
6723,group-6612,3,0,-0.07028055121547427,0.028857017080043883,63,0.9705795216717288,42,64,largest,0.5
6724,group-6613,2,1,0.005582789988622605,0.09372554721880788,47,0.9938823774612681,42,64,largest,0.5
6725,group-6614,1,0,-0.005125901971998248,0.09822882827122406,54,0.9956623106945903,42,64,largest,0.5
6726,group-6615,0,0,-0.018221186384241528,0.05883326471128747,57,0.9935528689131136,42,64,largest,0.5
6727,group-6616,4,0,-0.0399453616093125,0.04684119153014377,32,0.9766524194773091,42,64,largest,0.5
6728,group-6617,3,0,-0.024293864840276735,0.06295789864868748,48,0.9704315906417647,42,64,largest,0.5
6729,group-6618,2,0,-0.014177298793358717,0.07026216723446667,27,0.9805098596793543,42,64,largest,0.5
6730,group-6619,1,0,-0.007847407748815649,0.09398462745484787,53,0.9882870115703503,42,64,largest,0.5
6731,group-6620,4,0,-0.0243298650995617,0.05895044296819811,2,0.9754213390814699,42,64,largest,0.5
6732,group-6621,3,0,-0.07590232785419104,0.026189516099626407,21,0.9376296107566995,42,64,largest,0.5
6733,group-6622,2,0,-0.020100663215002812,0.06436204714562056,44,0.9866869747680126,42,64,largest,0.5
6734,group-6623,1,0,-0.04195819611546414,0.05323292203123701,17,0.9727217232798969,42,64,largest,0.5
6735,group-6624,0,0,-0.024024229969549782,0.054342726696358305,52,0.9837665427992751,42,64,largest,0.5
6736,group-6625,4,0,-0.005211226848359063,0.07776363902812468,63,1.0085198334592695,42,64,largest,0.5
6737,group-6626,3,0,-0.022857068156080906,0.06447854765321046,34,1.0046323417193816,42,64,largest,0.5
6738,group-6627,2,1,0.014915253855133925,0.10709006396263011,47,0.980372676633736,42,64,largest,0.5
6739,group-6628,1,0,-0.003725028766463412,0.10047944581924625,14,0.990393068087798,42,64,largest,0.5
6740,group-6629,0,1,0.0018129724527092828,0.07713863589715153,40,0.9990973566836593,42,64,largest,0.5
6741,group-6630,3,0,-0.03840700774267114,0.04970599179898487,59,0.9752576038262345,42,64,largest,0.5
6742,group-6631,2,0,-0.03416284624563537,0.052156225157778326,4,0.9685844290938628,42,64,largest,0.5
6743,group-6632,1,1,0.0022899211477208636,0.11067037758739971,7,0.98850626883837,42,64,largest,0.5
6744,group-6633,0,0,-0.030430683720333973,0.04976124956745945,22,0.9824710855350588,42,64,largest,0.5
6745,group-6634,4,0,-0.05143323176497705,0.039483792903265785,6,0.9754732886745059,42,64,largest,0.5
6746,group-6635,3,0,-0.026309249108878996,0.0608812150817669,15,0.9862946795111318,42,64,largest,0.5
6747,group-6636,2,0,-0.010624554665503272,0.07403707616429005,15,0.9986674193637644,42,64,largest,0.5
6748,group-6637,1,0,-0.04790859113218349,0.04809834393112488,22,0.9615173152862959,42,64,largest,0.5
6749,group-6638,0,1,0.005671555897355796,0.08121762240993502,40,0.9950929255585145,42,64,largest,0.5
6750,group-6639,4,0,-0.010960171218775017,0.07159209922480125,31,0.9939021630688722,42,64,largest,0.5
6751,group-6640,2,0,-0.03157205302513033,0.05422736769511048,18,0.9845077104277044,42,64,largest,0.5
6752,group-6641,1,1,0.016918678652146246,0.13928324295796965,7,0.9906157802875726,42,64,largest,0.5
6753,group-6642,0,0,-0.0385603661004249,0.04447326648557147,3,0.9688195402882184,42,64,largest,0.5
6754,group-6643,4,0,-0.011422903729970124,0.071115508592465,21,0.9951808547656088,42,64,largest,0.5
6755,group-6644,3,0,-0.03936397540178538,0.048910146155631655,2,0.972972101244721,42,64,largest,0.5
6756,group-6645,2,1,0.002669267310116852,0.08986989921969973,47,0.9872553689784965,42,64,largest,0.5
6757,group-6646,1,0,-0.033249317745346785,0.06168700737019794,15,0.9758911652374589,42,64,largest,0.5
6758,group-6647,0,0,-0.04063585632677302,0.04321158963523362,44,0.9676168655000688,42,64,largest,0.5
6759,group-6648,4,0,-0.15533809683420596,0.008109080518794188,21,0.8579730351979118,42,64,largest,0.5
6760,group-6649,3,0,-0.041033726101907586,0.04755039764539286,29,0.9826807052891424,42,64,largest,0.5
6761,group-6650,1,0,-0.0859592649720684,0.024882221696410096,19,0.9366075880118558,42,64,largest,0.5
6762,group-6651,0,0,-0.06787905388091808,0.029524717281823196,56,0.9561131543015128,42,64,largest,0.5
6763,group-6652,4,0,-0.023357871694825172,0.05979418121212181,53,0.9906648695653965,42,64,largest,0.5
6764,group-6653,3,0,-0.017161484262587012,0.07084869367756766,17,0.9913313244944254,42,64,largest,0.5
6765,group-6654,2,1,0.0007110412802177057,0.08735936386559351,47,0.9922243866123712,42,64,largest,0.5
6766,group-6655,1,0,-0.03282168294088772,0.06213292637627823,29,0.9799279559674671,42,64,largest,0.5
6767,group-6656,0,0,-0.0487300236383964,0.03861046691272099,2,0.9800429205664224,42,64,largest,0.5
6768,group-6657,4,0,-0.020875218199776446,0.06200083165653551,53,1.0025730991011388,42,64,largest,0.5
6769,group-6658,3,1,0.0003746588129381889,0.0942670303831543,37,0.9865490671553412,42,64,largest,0.5
6770,group-6659,2,0,-0.1013986118542316,0.01857232851397209,29,0.929122760855478,42,64,largest,0.5
6771,group-6660,0,0,-0.009435348005312871,0.06629788539788307,20,0.9922665698101052,42,64,largest,0.5
6772,group-6661,4,0,-0.055119278040007935,0.037367343242871554,21,0.9546812591588899,42,64,largest,0.5
6773,group-6662,3,0,-0.04234163675026137,0.04651047273285786,15,0.9849444171946422,42,64,largest,0.5
6774,group-6663,2,0,-0.02436164919754824,0.060406592328731724,34,0.9902035488387397,42,64,largest,0.5
6775,group-6664,1,0,-0.01774857296138288,0.07990061889333624,13,0.9796577696245194,42,64,largest,0.5
6776,group-6665,0,0,-0.02789594997892153,0.05152845300706747,34,0.9856142834241979,42,64,largest,0.5
6777,group-6666,4,0,-0.025716378590449618,0.05776618032095559,32,0.9908546245009492,42,64,largest,0.5
6778,group-6667,3,0,-0.04278042219942835,0.04616646437015573,31,0.946126731254862,42,64,largest,0.5
6779,group-6668,2,0,-0.0886710624979834,0.022636795862485837,5,0.9138659454217031,42,64,largest,0.5
6780,group-6669,1,0,-0.046588953037924985,0.049194850653946874,13,0.9810852855750959,42,64,largest,0.5
6781,group-6670,4,0,-0.03941009693295894,0.047214054564721525,15,0.964480374131359,42,64,largest,0.5
6782,group-6671,3,0,-0.03071523209100102,0.05656245821597471,9,0.9740584102581101,42,64,largest,0.5
6783,group-6672,2,0,-0.008054415186639186,0.07688334028223484,34,0.9899305218638912,42,64,largest,0.5
6784,group-6673,1,0,-0.03425504584619177,0.06065003769243036,10,0.981418912042172,42,64,largest,0.5
6785,group-6674,0,0,-0.00024748889655368256,0.07503814963356939,19,0.998950358366431,42,64,largest,0.5
6786,group-6675,4,0,-0.04669457720834913,0.042373885146178306,6,0.9548556298478759,42,64,largest,0.5
6787,group-6676,3,0,-0.0552245906731369,0.037362482715104055,45,0.9648728535942753,42,64,largest,0.5
6788,group-6677,2,0,-0.03309791940534612,0.05299834804762174,13,0.972119140536642,42,64,largest,0.5
6789,group-6678,1,0,-0.03199807625963713,0.0630002392920834,41,0.9840898213353347,42,64,largest,0.5
6792,group-6679,0,0,-0.026750918181559502,0.052346083838849755,23,0.9870498284555154,42,64,largest,0.5
6793,group-6680,3,0,-0.028874740918459763,0.0583303392277003,15,0.9950328712895886,42,64,largest,0.5
6794,group-6681,2,0,-0.024274780632567383,0.06048491234579014,27,1.0037395517392262,42,64,largest,0.5
6795,group-6682,1,0,-0.021868930169719802,0.0746281334941545,12,0.9775413453030855,42,64,largest,0.5
6796,group-6683,0,0,-0.03114348825051194,0.04927472357328311,3,0.957965487489704,42,64,largest,0.5
6797,group-6684,4,0,-0.012659821654705472,0.06985589651657026,33,0.9972251139168044,42,64,largest,0.5
6798,group-6685,3,0,-0.030350558673258865,0.056908696041272626,17,0.9853406696977485,42,64,largest,0.5
6799,group-6686,2,0,-0.021467252034793827,0.06306786357268944,22,0.990247407245886,42,64,largest,0.5
6800,group-6687,1,0,-0.01692496714505254,0.08099453068793729,31,0.9942112826501773,42,64,largest,0.5
6801,group-6688,0,0,-0.07395579691012333,0.027101678482158546,9,0.9401501474958248,42,64,largest,0.5
6802,group-6689,4,0,-0.011438730409307096,0.07109925985625157,39,0.9976204398648196,42,64,largest,0.5
6803,group-6690,2,0,-0.04456410974224423,0.04457131839996403,27,0.9721031555008928,42,64,largest,0.5
6804,group-6691,1,0,-0.005639291070585362,0.09741533664721298,14,0.9843078580935424,42,64,largest,0.5
6805,group-6692,0,0,-0.02425042729239868,0.05417439733827309,32,0.9861154882702154,42,64,largest,0.5
6806,group-6693,4,0,-0.03333663122795494,0.05164695645873626,26,0.9602226803523604,42,64,largest,0.5
6807,group-6694,3,0,-0.0488796595485419,0.04162878816010512,2,1.0058459597196678,42,64,largest,0.5
6808,group-6695,2,0,-0.035057963030156736,0.05145818114861665,54,0.980301347023867,42,64,largest,0.5
6809,group-6696,1,0,-0.0014617744642237973,0.10421237001627875,53,0.9975602584297242,42,64,largest,0.5
6810,group-6697,0,0,-0.012972775532204217,0.06319205495769271,53,0.981097022545502,42,64,largest,0.5
6811,group-6698,4,0,-0.008673023988284845,0.07399129886090496,52,1.0054148647543015,42,64,largest,0.5
6812,group-6699,3,0,-0.053945035844088496,0.038187582545735003,17,0.9604367737130095,42,64,largest,0.5
6813,group-6700,0,0,-0.10803223775680071,0.016710518924200547,2,0.9065762516250618,42,64,largest,0.5
6814,group-6701,4,0,-0.05343149337669828,0.03832254999910485,4,0.9733647739820274,42,64,largest,0.5
6815,group-6702,3,0,-0.01084538184450945,0.07858932984473395,49,0.983881845007611,42,64,largest,0.5
6816,group-6703,2,0,-0.05409887938483515,0.038551829953568914,39,0.9518300272459073,42,64,largest,0.5
6817,group-6704,1,0,-0.004918874915588178,0.09855858267101925,10,1.00400829495483,42,64,largest,0.5
6818,group-6705,0,0,-0.002133453861430712,0.07316174640799857,57,0.9831668804615326,42,64,largest,0.5
6819,group-6706,4,0,-0.0181295815692476,0.06452966548216797,22,0.9731271477137151,42,64,largest,0.5
6820,group-6707,3,0,-0.08103493744029766,0.02396471661624968,21,0.9293752423991268,42,64,largest,0.5
6821,group-6708,2,0,-0.05413594901703611,0.038530023062485964,32,0.9609708515726436,42,64,largest,0.5
6822,group-6709,1,0,-0.03560066510581428,0.05928811098577903,12,0.9717778636320478,42,64,largest,0.5
6823,group-6710,4,0,-0.005288682346753504,0.07767734119802358,44,0.9864976021708416,42,64,largest,0.5
6824,group-6711,3,0,-0.06583869344755766,0.031149362522034946,18,0.975902799199079,42,64,largest,0.5
6825,group-6712,2,0,-0.02274436481738673,0.0618803926337471,54,0.9893876124151534,42,64,largest,0.5
6826,group-6713,1,0,-0.05273374191652713,0.044283532532686055,56,0.9571224741223253,42,64,largest,0.5
6827,group-6714,0,0,-0.022810689573387832,0.05525425426964673,22,0.9854409634422922,42,64,largest,0.5
6828,group-6715,4,0,-0.036983631565928765,0.04893996608946054,23,0.956014204582069,42,64,largest,0.5
6829,group-6716,3,0,-0.014478962844022836,0.07404628042429341,3,0.942123822698162,42,64,largest,0.5
6830,group-6717,2,0,-0.11383301734983897,0.015296210625759043,1,0.8768943754003531,42,64,largest,0.5
6831,group-6718,1,0,-0.03492657937522747,0.0599667461598973,31,0.975333305859794,42,64,largest,0.5
6832,group-6719,0,0,-0.051631076805320975,0.03707874516906109,53,0.9596278270000143,42,64,largest,0.5
6833,group-6720,3,1,0.005767405363000688,0.10275888712500542,37,0.9755866374256121,42,64,largest,0.5
6834,group-6721,2,0,-0.016506927450829822,0.0678842623411233,16,0.9902429868924298,42,64,largest,0.5
6835,group-6722,1,0,-0.046130674217308876,0.049581157187494444,42,0.9530700861942444,42,64,largest,0.5
6836,group-6723,0,0,-0.029627922678953422,0.050314624879937854,30,0.9881438617408561,42,64,largest,0.5
6837,group-6724,4,0,-0.03182959207358571,0.052806412083078645,52,0.9860459035367671,42,64,largest,0.5
6838,group-6725,3,1,0.011239515078572904,0.11206121251989917,37,0.9791687083809371,42,64,largest,0.5
6839,group-6726,2,0,-0.013202628978734587,0.07127970567153354,6,0.9815839641062339,42,64,largest,0.5
6840,group-6727,1,0,-0.029249383653720318,0.06597715288705865,59,0.9738647779453887,42,64,largest,0.5
6841,group-6728,0,0,-0.0355114407179421,0.0463905447878994,50,0.9688303521770144,42,64,largest,0.5
6842,group-6729,4,0,-0.048707669204116844,0.041122192188658487,34,0.9644980778111354,42,64,largest,0.5
6843,group-6730,2,0,-0.0584096400336398,0.03609383755893227,61,0.9596061296698659,42,64,largest,0.5
6844,group-6731,1,0,-0.01497199136037064,0.08364323399310705,0,0.9780540214589819,42,64,largest,0.5
6845,group-6732,0,0,-0.023063665247814447,0.05506305644391452,32,0.9685641729399731,42,64,largest,0.5
6846,group-6733,4,0,-0.019831772337071563,0.06295079323673548,4,0.977005841125685,42,64,largest,0.5
6847,group-6734,3,0,-0.0407485667030143,0.04778004470658798,15,0.9948542499937199,42,64,largest,0.5
6848,group-6735,2,0,-0.002342864096447128,0.0835705657639946,27,0.991877365538487,42,64,largest,0.5
6849,group-6736,1,0,-0.016455134148395945,0.08162466352519189,13,0.977028221678763,42,64,largest,0.5
6850,group-6737,0,0,-0.022271381315654093,0.05566394943769195,32,0.9901807390762554,42,64,largest,0.5
6851,group-6738,4,0,-0.023887553557125463,0.059332998590086033,18,0.9939317179224672,42,64,largest,0.5
6852,group-6739,3,0,-0.03312981202061416,0.054319463691657875,42,0.9825332940619974,42,64,largest,0.5
6853,group-6740,1,0,-0.024711724478843067,0.07117889455593777,15,0.9819585875223393,42,64,largest,0.5
6854,group-6741,0,0,-0.06085009899803373,0.03258979923442489,55,0.9397785989263164,42,64,largest,0.5
6855,group-6742,4,0,-0.12177839081475494,0.013586587489436372,34,0.9043166920421151,42,64,largest,0.5
6856,group-6743,3,0,-0.04309705414494891,0.04591972993445092,19,0.9906462361612998,42,64,largest,0.5
6857,group-6744,2,0,-0.016563003438606283,0.06782795417921501,27,0.999802910908603,42,64,largest,0.5
6858,group-6745,1,0,-0.026772264135231594,0.06877143392257863,44,0.9843766371292718,42,64,largest,0.5
6859,group-6746,0,0,-0.04430937507958166,0.04106183830990471,38,0.9773203583188804,42,64,largest,0.5
6860,group-6747,4,0,-0.0340095489758202,0.05113705001061964,34,0.9775197246345647,42,64,largest,0.5
6861,group-6748,3,0,-0.06051668998760096,0.03412849951632196,6,0.9190728289144569,42,64,largest,0.5
6862,group-6749,2,0,-0.019749750269939526,0.06469833697916663,16,1.0018592337334282,42,64,largest,0.5
6863,group-6750,0,0,-0.04051926783777404,0.04328154794463592,62,0.9839178528582729,42,64,largest,0.5
6864,group-6751,4,0,-0.0023782615090157666,0.08098091967399997,23,0.9964461188604358,42,64,largest,0.5
6865,group-6752,3,0,-0.048860995448387845,0.04164200060672683,40,0.9605618518166321,42,64,largest,0.5
6866,group-6753,2,0,-0.040211309089775216,0.04760838346011712,3,0.9554116714595088,42,64,largest,0.5
6867,group-6754,1,0,-0.0043581511101744574,0.09945666399891069,50,0.9901266595865953,42,64,largest,0.5
6868,group-6755,0,0,-0.022958520986122832,0.05514244820194771,57,0.979931846890696,42,64,largest,0.5
6869,group-6756,4,0,-0.02711403993644612,0.05659502512983987,44,0.9914417344675596,42,64,largest,0.5
6870,group-6757,3,0,-0.04981420036650164,0.04097232459069097,10,0.9712464302508794,42,64,largest,0.5
6871,group-6758,2,0,-0.0486389167502137,0.041896302994967195,20,0.969698967947388,42,64,largest,0.5
6872,group-6759,1,0,-0.03788205976400538,0.05704436079655266,22,0.9704968351635347,42,64,largest,0.5
6873,group-6760,4,0,-0.028691919007663103,0.05529969407999623,61,0.973592689434978,42,64,largest,0.5
6874,group-6761,3,0,-0.010330574466954845,0.07925325032466522,23,0.9919255205521313,42,64,largest,0.5
6875,group-6762,2,0,-0.056884303659182844,0.03694583994174484,26,0.9529501404301941,42,64,largest,0.5
6876,group-6763,1,0,-0.05580362061353006,0.04200848333127652,63,0.9429427791448933,42,64,largest,0.5
6877,group-6764,0,0,-0.04457706883915702,0.04090924845658479,37,0.9526160712912404,42,64,largest,0.5
6878,group-6765,4,0,-0.08804770096220671,0.02273841516862774,34,0.9100710810132664,42,64,largest,0.5
6879,group-6766,3,0,-0.06363876648245315,0.03234903191787085,15,0.9814157005536637,42,64,largest,0.5
6880,group-6767,2,0,-0.012962797031484619,0.07153216380165056,18,0.9925390386707639,42,64,largest,0.5
6881,group-6768,1,0,-0.020932958387521516,0.07579700458278446,1,0.9804727513842613,42,64,largest,0.5
6882,group-6769,0,0,-0.07883864535214102,0.025295800232247336,18,0.9310679238482589,42,64,largest,0.5
6883,group-6770,3,1,0.007052963109176025,0.10488084392355838,37,0.9684225113849221,42,64,largest,0.5
6884,group-6771,2,0,-0.019381540426018917,0.06505296087803322,18,0.9986001150200083,42,64,largest,0.5
6885,group-6772,1,0,-0.029317878058004898,0.06590140788743706,54,0.9874003527101599,42,64,largest,0.5
6886,group-6773,0,0,-0.024974785061822824,0.05363865352382135,50,0.9713200416998989,42,64,largest,0.5
6887,group-6774,4,0,-0.07709083586956944,0.026846921485822916,10,0.9412133873079975,42,64,largest,0.5
6888,group-6775,3,0,-0.07668442288785426,0.02583796258082616,41,0.936807694889868,42,64,largest,0.5
6889,group-6776,2,0,-0.027925028998275092,0.05727454619550256,26,0.9766243932392384,42,64,largest,0.5
6890,group-6777,1,0,-0.04372423106129797,0.051657281114040304,30,0.9694412306425673,42,64,largest,0.5
6891,group-6778,0,0,-0.04288768842944113,0.04188139369962094,7,0.9604904637181779,42,64,largest,0.5
6892,group-6779,4,0,-0.04382827213556251,0.04421906626455875,6,0.9722925416913502,42,64,largest,0.5
6893,group-6780,2,0,-0.08330023238412043,0.024601997330785597,13,0.939224903067481,42,64,largest,0.5
6894,group-6781,1,0,-0.02559204647009361,0.07014097951928235,44,0.9827706178370106,42,64,largest,0.5
6895,group-6782,0,0,-0.15806145680896966,0.008159367288737082,5,0.8420684934370762,42,64,largest,0.5
6896,group-6783,4,0,-0.04128567609091449,0.045919781176710424,33,0.967207941474559,42,64,largest,0.5
6897,group-6784,3,0,-0.06690275768665221,0.0305846637606659,14,0.9516198063274853,42,64,largest,0.5
6898,group-6785,2,0,-0.07076122543295704,0.029858939914210552,11,0.9344183452480062,42,64,largest,0.5
6899,group-6786,1,0,-0.009913414978752422,0.09087317882832427,50,0.9957466858245553,42,64,largest,0.5
6900,group-6787,0,0,-0.04714773185570331,0.03947131461732837,52,0.9451576095759971,42,64,largest,0.5
6901,group-6788,4,1,0.017414694215796667,0.10703027168547012,35,0.9877577108595113,42,64,largest,0.5
6902,group-6789,3,0,-0.04303167538429031,0.04597057308059447,19,0.9897292386201151,42,64,largest,0.5
6903,group-6790,1,0,-0.05520084418382698,0.0424461951748628,35,0.959249319219355,42,64,largest,0.5
6904,group-6791,0,0,-0.04601204438583928,0.04010050131129402,30,0.9686381019030442,42,64,largest,0.5
6905,group-6792,4,0,-0.02113573837622651,0.06176574893196157,15,0.968334349540378,42,64,largest,0.5
6906,group-6793,3,0,-0.039393575913200696,0.04888572312294739,13,0.9676556234474878,42,64,largest,0.5
6907,group-6794,2,0,-0.024257292527974483,0.0605006909682947,26,0.9740177150325514,42,64,largest,0.5
6908,group-6795,1,0,-0.044691298021412695,0.0508132579030301,0,0.9735166582572388,42,64,largest,0.5
6909,group-6796,0,0,-0.07447948198889254,0.026902149104633365,2,0.9495198356557928,42,64,largest,0.5
6910,group-6797,4,0,-0.03097837020159966,0.05347212756358276,51,0.9879018725321896,42,64,largest,0.5
6911,group-6798,3,0,-0.08433175469350274,0.022634053257623066,14,0.9323178738565867,42,64,largest,0.5
6912,group-6799,2,0,-0.0567184357338566,0.03703964598520026,7,0.9651929835258848,42,64,largest,0.5
6913,group-6800,4,0,-0.062133012313031366,0.03363764965563364,51,0.9638793518903667,42,64,largest,0.5
6914,group-6801,3,0,-0.05640520224330736,0.03661640435323123,42,0.9758279314244352,42,64,largest,0.5
6915,group-6802,2,0,-0.03050598442370489,0.055101931289997436,55,0.9831040778975605,42,64,largest,0.5
6916,group-6803,1,0,-0.02063829645482651,0.07616845240339082,4,0.9810319149369183,42,64,largest,0.5
6917,group-6804,0,0,-0.07176143363676535,0.027953507408351695,13,0.941087553038799,42,64,largest,0.5
6918,group-6805,4,0,-0.04317855399679893,0.04464785405694044,26,0.9656476139228564,42,64,largest,0.5
6919,group-6806,3,0,-0.017038060021826285,0.07099297483790305,36,0.979907896104201,42,64,largest,0.5
6920,group-6807,2,0,-0.009725036286164945,0.07502203438130844,9,0.9896951270931766,42,64,largest,0.5
6921,group-6808,1,1,0.004654869045553678,0.11491920063172202,7,0.9905245848214638,42,64,largest,0.5
6922,group-6809,0,1,0.0028862737475501277,0.07825401170037698,40,0.9995551378424956,42,64,largest,0.5
6923,group-6810,3,0,-0.06007693613844034,0.034386611458386764,46,0.984383154326141,42,64,largest,0.5
6924,group-6811,2,0,-0.034916638626544705,0.05156780061774702,7,0.9828885743821805,42,64,largest,0.5
6925,group-6812,1,0,-0.05008125982789502,0.04634344578977713,35,0.9721328128039386,42,64,largest,0.5
6926,group-6813,0,0,-0.009750680230713904,0.06601536671851063,44,0.9913692680122175,42,64,largest,0.5
6927,group-6814,4,1,0.005117876843023006,0.09008669120660873,35,0.9888565435716035,42,64,largest,0.5
6928,group-6815,3,0,-0.014228540712549309,0.07435147015159416,27,0.9869358446006955,42,64,largest,0.5
6929,group-6816,2,0,-0.0060823819481647945,0.07913488678186249,3,0.9913951774702571,42,64,largest,0.5
6930,group-6817,1,0,-0.05866626822583343,0.0399880339113597,31,0.9452942986359962,42,64,largest,0.5
6931,group-6818,0,0,-0.08181902222176618,0.024251710690574024,61,0.9239166536395546,42,64,largest,0.5
6932,group-6819,4,0,-0.07017392104679965,0.029803378756585976,34,0.9352746066542993,42,64,largest,0.5
6933,group-6820,2,0,-0.02888314391534863,0.05645878326903708,15,0.9978666657441527,42,64,largest,0.5
6934,group-6821,1,0,-0.00966110641752671,0.09124813172250403,9,0.9940501915645854,42,64,largest,0.5
6935,group-6822,0,0,-0.035257315650557786,0.046553852124933404,34,0.973627007910977,42,64,largest,0.5
6936,group-6823,4,1,0.008801461851987713,0.09489147492609704,35,0.9914995016147362,42,64,largest,0.5
6937,group-6824,3,0,-0.03134319564711874,0.05597087764839687,27,0.9880068712707776,42,64,largest,0.5
6938,group-6825,2,0,-0.0058793246877613115,0.07937011764085238,50,1.0061980882178003,42,64,largest,0.5
6939,group-6826,1,0,-0.015036694295541997,0.08355423421298351,59,0.9969731411558276,42,64,largest,0.5
6940,group-6827,0,0,-0.04493189050310242,0.04070783073571274,3,0.9724245862227006,42,64,largest,0.5
6941,group-6828,4,0,-0.025232633550994366,0.058176802977443424,12,0.9571563347344397,42,64,largest,0.5
6943,group-6829,3,0,-0.05267391659325149,0.039024552032224276,23,0.9651437531828537,42,64,largest,0.5
6944,group-6830,1,0,-0.04396794783688507,0.05144333224581006,57,0.9832106751133172,42,64,largest,0.5
6945,group-6831,0,0,-0.045240680615758255,0.04053331634899894,31,0.9761510227357083,42,64,largest,0.5
6946,group-6832,4,0,-0.06386770225279337,0.03277211580869167,9,0.9586497615359308,42,64,largest,0.5
6947,group-6833,3,0,-0.055179717525950744,0.03739112632466073,18,0.9687483469446017,42,64,largest,0.5
6948,group-6834,2,0,-0.032541146954017774,0.05344372712419647,6,0.9831208627090378,42,64,largest,0.5
6949,group-6835,1,0,-0.033197570261054965,0.06174080797383539,44,0.9846944649071492,42,64,largest,0.5
6950,group-6836,0,0,-0.025552771202891233,0.05321475691078439,15,0.9915536414562692,42,64,largest,0.5
6951,group-6837,4,0,-0.011590827632395384,0.07094328129718318,31,0.9920364542292789,42,64,largest,0.5
6952,group-6838,3,0,-0.04557375890843496,0.04403263856685309,38,0.9768291261555612,42,64,largest,0.5
6953,group-6839,2,0,-0.020059608698553166,0.06440130661872721,27,0.9851288614720572,42,64,largest,0.5
6954,group-6840,0,0,-0.06519569655118018,0.03066038117961009,13,0.9569472165662181,42,64,largest,0.5
6955,group-6841,4,0,-0.06203814902030047,0.033685613289831905,26,0.9479208077131674,42,64,largest,0.5
6956,group-6842,3,1,0.018668209225101817,0.12586073669273476,37,0.9296163909853135,42,64,largest,0.5
6957,group-6843,2,0,-0.06582568588275362,0.03221418493752607,32,0.9345932716785089,42,64,largest,0.5
6958,group-6844,1,0,-0.010488544245622844,0.09002366491828367,13,0.9740447007988882,42,64,largest,0.5
6959,group-6845,0,0,-0.006995095158580211,0.06852245599693643,4,0.982671164298223,42,64,largest,0.5
6960,group-6846,4,0,-0.027801228278964918,0.05602742088319998,31,0.9725014601399137,42,64,largest,0.5
6961,group-6847,3,0,-0.06465645717631063,0.03178860973257096,58,0.9491513455729466,42,64,largest,0.5
6962,group-6848,2,0,-0.43439509576424373,9.57416036496705e-05,30,0.5654458293424233,42,64,largest,0.5
6963,group-6849,1,0,-0.06574876663654772,0.035381962451068144,62,0.9399555383794649,42,64,largest,0.5
6964,group-6850,4,0,-0.30907526065048196,0.0007488322734489457,48,0.7010864263503348,42,64,largest,0.5
6965,group-6851,3,0,-0.07457929526849616,0.026794845888502568,58,0.9478716491082767,42,64,largest,0.5
6966,group-6852,2,0,-0.01632052655482208,0.0680717466161386,6,0.9797974977272946,42,64,largest,0.5
6967,group-6853,1,0,-0.07116316822442215,0.03220980749614321,60,0.9436692126001732,42,64,largest,0.5
6968,group-6854,0,0,-0.04641908597564803,0.03987389723435601,49,0.9668760335179679,42,64,largest,0.5
6969,group-6855,4,0,-0.027028063351668963,0.056666419429599706,20,0.9865569649407363,42,64,largest,0.5
6970,group-6856,3,0,-0.10649981927144636,0.015387488456571407,14,0.9211176382788029,42,64,largest,0.5
6971,group-6857,2,0,-0.06498678529150026,0.032631983599405286,11,0.9342455954890422,42,64,largest,0.5
6972,group-6858,1,0,-0.06532382846358697,0.0356432885539019,28,0.9431876093354125,42,64,largest,0.5
6973,group-6859,0,0,-0.04928735150082131,0.038311565242625106,54,0.9580913728134256,42,64,largest,0.5
6974,group-6860,3,0,-0.06995748010248659,0.029018077439102372,14,0.9312947362496181,42,64,largest,0.5
6975,group-6861,2,0,-0.0728513631386154,0.028912605212589423,10,0.9459715383236758,42,64,largest,0.5
6976,group-6862,1,1,0.001949321294057338,0.11006991758928163,7,0.9923838536279643,42,64,largest,0.5
6977,group-6863,0,0,-0.03482144549821775,0.04683522750577092,57,0.9857695270929753,42,64,largest,0.5
6978,group-6864,4,0,-0.0010029383961980276,0.08258620631696659,39,1.0027609759927603,42,64,largest,0.5
6979,group-6865,3,0,-0.05509823917832257,0.037443189877934054,25,0.9797033831125548,42,64,largest,0.5
6981,group-6866,2,0,-0.06677944667308455,0.0317454633522874,33,0.9578182767756852,42,64,largest,0.5
6982,group-6867,1,0,-0.013139441808258545,0.0861999454237801,53,0.9825835753846645,42,64,largest,0.5
6983,group-6868,0,0,-0.07548216935415875,0.026524093198061406,57,0.95329954585943,42,64,largest,0.5
6984,group-6869,4,0,-0.005203829512652747,0.07777188543583943,31,0.9869940403952335,42,64,largest,0.5
6985,group-6870,2,0,-0.07574645011174119,0.02764975411251363,7,0.9472793808478769,42,64,largest,0.5
6986,group-6871,1,0,-0.06717973240636033,0.03451546168592964,59,0.9459593841592959,42,64,largest,0.5
6987,group-6872,0,0,-0.06348977617554474,0.0314042461253963,63,0.9530371307727089,42,64,largest,0.5
6988,group-6873,4,0,-0.08807864568451507,0.022727729357599778,17,0.9221806823626884,42,64,largest,0.5
6989,group-6874,3,0,-0.06746856314813321,0.030288441120725148,46,0.9894748865460575,42,64,largest,0.5
6990,group-6875,2,1,0.0017889585258211715,0.08873335546225807,47,0.9812553663662844,42,64,largest,0.5
6991,group-6876,1,0,-0.0030162591194160537,0.10163550702611042,44,1.0091641624612817,42,64,largest,0.5
6992,group-6877,0,0,-0.008548993971482677,0.067098031247196,6,1.0002453459424863,42,64,largest,0.5
6993,group-6046,3,0,-0.05038009260736476,0.04057964550766784,55,0.974645713926833,42,64,largest,0.5
6994,group-6878,4,0,-0.04567679617794751,0.04302049843234496,24,0.9687802592184066,42,64,largest,0.5
6995,group-6879,3,0,-0.07013204359718272,0.02893094445283728,17,0.966443256811497,42,64,largest,0.5
6996,group-6880,1,0,-0.00115816016587178,0.1047223617241037,3,0.9919323865117481,42,64,largest,0.5
6997,group-6881,0,0,-0.07129653636156563,0.0281372860755322,2,0.9296707069358197,42,64,largest,0.5
6998,group-6882,4,0,-0.04205088717008221,0.04540149314900526,37,0.9824957640945078,42,64,largest,0.5
6999,group-6883,3,0,-0.04777053581018942,0.04242094468227722,15,0.9702273370017713,42,64,largest,0.5
7000,group-6884,2,0,-0.0662400445339495,0.03200973383553008,7,0.9636718507377602,42,64,largest,0.5
7001,group-6885,1,0,-0.06468646068610473,0.03603874113448826,22,0.9462336861056121,42,64,largest,0.5
7002,group-6886,0,0,-0.03499012423914061,0.04672614587378319,34,0.9470671826545363,42,64,largest,0.5
7003,group-6887,4,0,-0.01532045063194909,0.06721611064517093,28,0.9857072223490242,42,64,largest,0.5
7004,group-6888,3,0,-0.04494245990845269,0.044506503541649346,47,0.9787589187672912,42,64,largest,0.5
7005,group-6889,2,0,-0.02927851863559594,0.05612534532712103,6,0.9844837947074518,42,64,largest,0.5
7006,group-6890,0,0,-0.004181982250975769,0.0711726398924182,30,0.979027380761574,42,64,largest,0.5
7007,group-6891,4,0,-0.02823915568646418,0.05566849932990501,22,0.986749449059625,42,64,largest,0.5
7008,group-6892,3,0,-0.009259185708194506,0.08065142402789287,25,0.9919790716335146,42,64,largest,0.5
7009,group-6893,2,0,-0.03545969748963218,0.0511477748844238,5,0.966150024842465,42,64,largest,0.5
7010,group-6894,1,0,-0.07402008787717662,0.030648616724687112,63,0.9457410881243637,42,64,largest,0.5
7011,group-6895,0,0,-0.02152373286694742,0.05623664411787799,33,0.9850273002650815,42,64,largest,0.5
7012,group-6896,4,0,-0.07993832669035872,0.025714476407819726,2,0.9265444717213184,42,64,largest,0.5
7013,group-6897,3,0,-0.039507410631172024,0.04879190719218515,6,0.9692992844853711,42,64,largest,0.5
7014,group-6898,2,0,-0.054928939491877826,0.0380663582969313,32,0.94923441202635,42,64,largest,0.5
7015,group-6899,1,0,-0.09174105341092587,0.022483898652182685,12,0.9119864305886559,42,64,largest,0.5
7016,group-6900,3,0,-0.007913350727363988,0.08243962499508682,26,0.9691082554583611,42,64,largest,0.5
7017,group-6901,2,0,-0.04225726529542584,0.04615712339037251,2,0.962275024165856,42,64,largest,0.5
7018,group-6902,1,0,-0.08323737592349634,0.026095920035239834,6,0.9449184957454742,42,64,largest,0.5
7019,group-6903,0,0,-0.004676178162913547,0.07070031078393432,44,0.9868690299286712,42,64,largest,0.5
7020,group-6904,4,0,-0.05717231658609667,0.03623624994988278,14,0.9255125102735196,42,64,largest,0.5
7021,group-6905,3,0,-0.038077182768706974,0.049983118008579276,26,0.9778600127442436,42,64,largest,0.5
7022,group-6906,2,0,-0.02559449755455523,0.05930525031084144,1,0.9796093485927078,42,64,largest,0.5
7023,group-6907,1,0,-0.02465384335292331,0.07124763200943707,42,0.9770393411270921,42,64,largest,0.5
7024,group-6908,0,0,-0.030801808541180864,0.04950737225939472,50,0.976509392889927,42,64,largest,0.5
7025,group-6909,4,0,-0.019610231707758663,0.06315422568873882,12,0.9874066666810091,42,64,largest,0.5
7026,group-6910,2,0,-0.04841212651335669,0.04204106397990204,5,0.9534953405954217,42,64,largest,0.5
7027,group-6911,1,0,-0.04083449788071547,0.05425897625006928,22,0.9548185395041688,42,64,largest,0.5
7028,group-6912,0,0,-0.06791570326537555,0.02950949217475722,47,0.949350083968639,42,64,largest,0.5
7029,group-6913,4,0,-0.04936352123746557,0.04072209604195358,2,0.9633893270819037,42,64,largest,0.5
7030,group-6914,3,0,-0.09972524124283866,0.01731859202416165,6,0.8954834121028149,42,64,largest,0.5
7031,group-6915,2,0,-0.12748307135608428,0.012352898134496845,41,0.8831916309195601,42,64,largest,0.5
7032,group-6916,1,0,-0.06414151880803409,0.0363801945706715,12,0.932730370125113,42,64,largest,0.5
7033,group-6917,0,0,-0.044957244498257,0.0406934747188399,17,0.9553790759240942,42,64,largest,0.5
7034,group-6918,4,0,-0.08480195932466439,0.023886899428971417,8,0.9297949592457279,42,64,largest,0.5
7035,group-6919,3,0,-0.1035815445966739,0.01619189956208696,6,0.924997660087421,42,64,largest,0.5
7036,group-6920,1,0,-0.039857716105290986,0.05516599890111498,63,0.9702747867850267,42,64,largest,0.5
7037,group-6921,0,0,-0.003190147513659425,0.07212939100483516,55,0.96960699713636,42,64,largest,0.5
7038,group-6922,4,0,-0.07202459153585272,0.028982763395841608,42,0.9496963164124234,42,64,largest,0.5
7039,group-6923,3,0,-0.037335755290086814,0.05061143413557005,60,0.9803389677127523,42,64,largest,0.5
7040,group-6924,2,0,-0.014994131778786612,0.06941976723833437,39,0.9826981902547319,42,64,largest,0.5
7041,group-6925,1,0,-0.013870358706644437,0.08517181660039234,22,0.9732880362879475,42,64,largest,0.5
7042,group-6926,0,0,-0.0523313430586384,0.036717858839580717,13,0.944117408613346,42,64,largest,0.5
7043,group-6927,4,0,-0.04335007725839257,0.04453427205972887,32,0.9804645433010393,42,64,largest,0.5
7044,group-6928,3,0,-0.0716898808600781,0.028164514396344854,45,0.9570945613513993,42,64,largest,0.5
7045,group-6929,2,1,0.0059420719134202216,0.09421115092625325,47,0.9972056869110295,42,64,largest,0.5
7046,group-6930,0,0,-0.04663779053673789,0.03975264963710318,47,0.9512896674526068,42,64,largest,0.5
7047,group-6931,4,0,-0.041036091547211884,0.046090042941545305,37,0.9774961234861899,42,64,largest,0.5
7048,group-6932,3,0,-0.06348102636998731,0.032436746817863724,46,0.9687867228663097,42,64,largest,0.5
7049,group-6933,2,0,-0.05107339077810891,0.040372106511493894,5,0.9529613024731844,42,64,largest,0.5
7050,group-6934,1,0,-0.02064656944462695,0.07615800080591394,54,0.98953055000395,42,64,largest,0.5
7051,group-6935,0,0,-0.06543267329310898,0.030558406837602498,50,0.950577549246536,42,64,largest,0.5
7052,group-6936,4,0,-0.045368907746216935,0.04321795473904439,39,0.9615439787277194,42,64,largest,0.5
7053,group-6937,3,0,-0.01581789366290076,0.0724339984531023,2,0.9648614323923178,42,64,largest,0.5
7054,group-6938,2,0,-0.012140711497726886,0.07240380330830484,4,0.9960415386583946,42,64,largest,0.5
7055,group-6939,1,0,-0.0032009723243043853,0.1013330930957491,56,0.9928928341227915,42,64,largest,0.5
7056,group-6940,4,0,-0.023772832314314152,0.05943260032529649,33,0.9782179647495296,42,64,largest,0.5
7057,group-6941,3,0,-0.038332216986049716,0.04976870470185414,40,0.9896789610310258,42,64,largest,0.5
7058,group-6942,2,0,-0.06628040521314815,0.031989886425952574,39,0.9371107561230326,42,64,largest,0.5
7059,group-6943,1,0,-0.044688833396142824,0.05081539226385557,63,0.9571543492143162,42,64,largest,0.5
7060,group-6944,0,0,-0.06031524288233048,0.032835234271012495,34,0.9494422836205255,42,64,largest,0.5
7061,group-6945,4,0,-0.06259142544913154,0.03340679976491242,26,0.9525367194839403,42,64,largest,0.5
7062,group-6946,3,0,-0.028313142385274714,0.05888002377706722,3,0.9905434797664414,42,64,largest,0.5
7063,group-6947,2,0,-0.08186597497762749,0.02515434119948711,41,0.9199380218272964,42,64,largest,0.5
7064,group-6948,1,0,-0.009688315018253513,0.09120763047589678,14,0.9887132691897248,42,64,largest,0.5
7065,group-6949,0,0,-0.016901336424670288,0.05990211184118083,15,0.999183227879532,42,64,largest,0.5
7066,group-6950,3,0,-0.024852130925967275,0.06237612512349187,22,0.9620842969829205,42,64,largest,0.5
7067,group-6951,2,0,-0.0238079494309269,0.060907433212776585,27,0.9910044834941021,42,64,largest,0.5
7068,group-6952,1,0,-0.04358714591571644,0.051777991923144966,5,0.9752687947034056,42,64,largest,0.5
7069,group-6953,0,0,-0.025330679794812072,0.05337726402761143,32,0.989904748630708,42,64,largest,0.5
7070,group-6954,4,0,-0.043892773291619225,0.04417671303242242,40,0.97107484634347,42,64,largest,0.5
7071,group-6955,3,0,-0.11280644886246072,0.013781095971152473,8,0.9413883350572199,42,64,largest,0.5
7072,group-6956,2,1,0.016896643804955258,0.11013525110177567,47,0.9828386681842729,42,64,largest,0.5
7073,group-6957,1,0,-0.1338582857498687,0.010682376276706347,34,0.8978767947990973,42,64,largest,0.5
7074,group-6958,0,0,-0.029808860417645855,0.050189390726101,62,0.969774583873443,42,64,largest,0.5
7075,group-6959,4,0,-0.06671453674619332,0.03139811090009519,40,0.9456084743907115,42,64,largest,0.5
7076,group-6960,2,0,-0.06557258775137587,0.032339688005894075,33,0.9465035028430612,42,64,largest,0.5
7077,group-6961,1,0,-0.07019091604743699,0.03275843524361484,46,0.9516674932905376,42,64,largest,0.5
7078,group-6962,0,0,-0.15548950569856024,0.008466823296915872,5,0.8423186493906635,42,64,largest,0.5
7079,group-6963,4,0,-0.12155802733229681,0.013632568901561762,16,0.8888020065620602,42,64,largest,0.5
7080,group-6964,3,0,-0.1237573061640651,0.01137539741447855,21,0.888249617708011,42,64,largest,0.5
7081,group-6965,2,0,-0.12940181492537717,0.011986735986534517,11,0.8606394341091825,42,64,largest,0.5
7082,group-6966,1,0,-0.0448363426978039,0.050687798815986514,19,0.9518077195867409,42,64,largest,0.5
7083,group-6967,0,0,-0.04139194188654316,0.04276051852260972,11,0.9646352336704289,42,64,largest,0.5
7084,group-6968,4,0,-0.04418685581345094,0.043984100260009026,54,0.9682578120622728,42,64,largest,0.5
7085,group-6969,3,0,-0.06035127509535798,0.03422536916994466,41,0.9679397167264333,42,64,largest,0.5
7086,group-6970,1,0,-0.06498194829041448,0.03585488448291946,46,0.9562090055281244,42,64,largest,0.5
7087,group-6971,0,0,-0.0845664220928215,0.02332653850294886,2,0.9192393953078382,42,64,largest,0.5
7088,group-6972,4,0,-0.03436904603701341,0.05086659500372213,27,0.9581793069019526,42,64,largest,0.5
7089,group-6973,3,0,-0.09820936151871562,0.01778227460006435,18,0.9578262367337658,42,64,largest,0.5
7090,group-6974,2,0,-0.022955516166801027,0.061686084974819935,11,0.9662920841905394,42,64,largest,0.5
7091,group-6975,1,0,-0.07388630045616817,0.030720062525671204,37,0.9400959848417353,42,64,largest,0.5
7092,group-6976,0,0,-0.0460585580718359,0.04007454436266869,22,0.9617437040766618,42,64,largest,0.5
7093,group-6977,4,0,-0.07956250757792194,0.025861232467909313,54,0.9418083989732983,42,64,largest,0.5
7094,group-6978,3,0,-0.06503597070617828,0.031582032172256594,41,0.9389236633475806,42,64,largest,0.5
7095,group-6979,2,0,-0.07250457657614251,0.02906757857126412,11,0.9281365652552676,42,64,largest,0.5
7096,group-6980,0,0,-0.02958537845598619,0.050344114360347296,44,0.9801621406843882,42,64,largest,0.5
7097,group-6981,4,0,-0.06692411732133507,0.03129919033431677,34,0.9325743031773076,42,64,largest,0.5
7098,group-6982,3,0,-0.0616513422223387,0.03347112375537835,28,0.9427104524551325,42,64,largest,0.5
7099,group-6983,2,0,-0.050479546445232226,0.04073893422376229,19,0.9529713449552718,42,64,largest,0.5
7100,group-6984,1,0,-0.000451643856218098,0.10591765985513472,13,0.9894121077476862,42,64,largest,0.5
7101,group-6985,0,1,0.00274889253773003,0.07811042562202511,40,0.9789493859196357,42,64,largest,0.5
7102,group-6986,4,0,-0.019594504108706334,0.06316869103717201,33,0.9857692113139392,42,64,largest,0.5
7103,group-6987,3,0,-0.0538597430531107,0.03824320000298648,6,0.9627938934121978,42,64,largest,0.5
7104,group-6988,2,0,-0.030255436022434856,0.05530939139224218,55,0.9650331038667205,42,64,largest,0.5
7105,group-6989,1,0,-0.0027731821623653286,0.10203469410325226,42,0.9988794282500797,42,64,largest,0.5
7106,group-6990,4,1,0.007460920996218645,0.09311691223962733,35,1.0060759000191193,42,64,largest,0.5
7107,group-6991,3,0,-0.04553570911400673,0.044061062653235,6,0.9554639363281432,42,64,largest,0.5
7108,group-6992,2,0,-0.017365609670929816,0.06702675757979672,3,0.9707983549044815,42,64,largest,0.5
7109,group-6993,1,0,-0.08627129461478344,0.024746650919363337,43,0.9269663891812308,42,64,largest,0.5
7110,group-6994,0,0,-0.033558021433590324,0.04765999316287774,55,0.9457363017534418,42,64,largest,0.5
7111,group-6995,4,0,-0.03959197056314989,0.04708704684599055,32,0.9817531523822466,42,64,largest,0.5
7112,group-6996,3,0,-0.04361694230373303,0.04551732922356143,20,0.9624494097912072,42,64,largest,0.5
7113,group-6997,2,0,-0.030514013765155057,0.05509529493490824,19,0.9616186760755745,42,64,largest,0.5
7114,group-6998,1,0,-0.04638324116867376,0.04936790135400902,36,0.9675716327196995,42,64,largest,0.5
7115,group-6999,0,0,-0.02201997568207459,0.055855909676438276,53,0.9680648219488153,42,64,largest,0.5
7116,group-7000,1,0,-0.07387814673567461,0.030724422024679635,12,0.9194966112221662,42,64,largest,0.5
7117,group-7001,0,0,-0.07600468231656599,0.026329136832401335,21,0.9206477177441481,42,64,largest,0.5
7118,group-7002,4,0,-0.07804755774740868,0.026461125316519292,34,0.9209578674505227,42,64,largest,0.5
7119,group-7003,3,0,-0.08375838667863633,0.022860176913064866,45,0.9380571411886686,42,64,largest,0.5
7120,group-7004,2,0,-0.057014532663081985,0.03687234951130303,11,0.9595688093669639,42,64,largest,0.5
7121,group-7005,1,0,-0.04893314033374796,0.047263073453074456,11,0.9684991564389799,42,64,largest,0.5
7122,group-7006,0,0,-0.0249731495227149,0.053639857540298125,10,0.9797362158026929,42,64,largest,0.5
7123,group-7007,4,0,-0.020800067671631672,0.062068799545905565,2,0.9761420314873078,42,64,largest,0.5
7124,group-7008,3,0,-0.016018012479622867,0.07219582204900629,0,0.9930219986735608,42,64,largest,0.5
7125,group-7009,2,0,-0.03630444588325543,0.05050083725994391,5,0.966744620391086,42,64,largest,0.5
7126,group-7010,0,0,-0.027205796682081118,0.05201981226624309,7,0.9692125131306557,42,64,largest,0.5
7127,group-7011,4,0,-0.06731628175870408,0.03111490100610732,34,0.9412545358746107,42,64,largest,0.5
7128,group-7012,3,0,-0.03354236211298278,0.05394471246396405,35,0.9803646663156577,42,64,largest,0.5
7129,group-7013,2,0,-0.0185618593117709,0.06584890100136685,5,0.9992650305055377,42,64,largest,0.5
7130,group-7014,1,0,-0.030024025978455104,0.06512520868092073,22,0.992955039496577,42,64,largest,0.5
7131,group-7015,0,0,-0.03134071718723053,0.04914090324574975,10,0.9678253825125558,42,64,largest,0.5
7132,group-7016,4,0,-0.09032237664083342,0.02196586210120915,14,0.9326763182043618,42,64,largest,0.5
7133,group-7017,3,0,-0.029675403070565598,0.057554982233605376,15,0.9986093272808912,42,64,largest,0.5
7134,group-7018,2,0,-0.08114670760868392,0.025435866961144565,5,0.9205365772052913,42,64,largest,0.5
7135,group-7019,1,0,-0.07668873468455384,0.029256668911995253,12,0.920819538252163,42,64,largest,0.5
7136,group-7020,4,0,-0.08706059324539561,0.023081869076037164,34,0.9318926774495222,42,64,largest,0.5
7137,group-7021,3,0,-0.015727856220360215,0.07254139487204676,48,0.9824433128187456,42,64,largest,0.5
7138,group-7022,2,0,-0.07538243451995941,0.027805545126345088,5,0.9242207803309136,42,64,largest,0.5
7139,group-7023,1,0,-0.0268095238092666,0.06872860296919017,23,0.9981945158186626,42,64,largest,0.5
7140,group-7024,0,0,-0.008207666359736576,0.06740854439071134,62,0.9974856651282655,42,64,largest,0.5
7141,group-7025,4,0,-0.03061038785845105,0.053762360607141485,32,0.9898197281207807,42,64,largest,0.5
7142,group-7026,3,0,-0.03590079288232473,0.05184877504415687,19,0.9954531543562488,42,64,largest,0.5
7143,group-7027,2,0,-0.021247574258641766,0.0632742526680667,29,0.9886269145621054,42,64,largest,0.5
7144,group-7028,1,0,-0.03135243011072708,0.06368803053300251,0,0.9901014570077042,42,64,largest,0.5
7145,group-7029,0,0,-0.042703313658748465,0.04198881885203715,52,0.965950975864255,42,64,largest,0.5
7146,group-7030,3,0,-0.005248313696126772,0.08608745016577252,3,0.9614052273246,42,64,largest,0.5
7147,group-7031,2,1,0.0010725030138624136,0.08781795167239097,47,0.9946442371555221,42,64,largest,0.5
7149,group-7032,1,0,-0.013227718970171387,0.0860751779730991,37,0.9775403996127313,42,64,largest,0.5
7150,group-7033,0,0,-0.012523324545835934,0.06357901322312906,57,0.9730799599021036,42,64,largest,0.5
7151,group-7034,4,0,-0.011552610363824156,0.07098244406783089,52,0.9959106845130543,42,64,largest,0.5
7152,group-7035,3,0,-0.04354236387161592,0.04557484698592627,26,0.9624477378072998,42,64,largest,0.5
7153,group-7036,2,0,-0.03274838409314529,0.05327754078058455,24,0.9843887164750935,42,64,largest,0.5
7154,group-7037,1,0,-0.0010859159905779459,0.10484403698329375,2,0.9945291920855402,42,64,largest,0.5
7155,group-7038,0,0,-0.054122236136018964,0.03581021790453731,47,0.9444115122194638,42,64,largest,0.5
7156,group-7039,4,0,-0.021220267417153993,0.061689652471188905,4,0.9696067984462154,42,64,largest,0.5
7157,group-7040,2,0,-0.027991190257670162,0.05721786079158397,5,0.9810685381723909,42,64,largest,0.5
7158,group-7041,1,0,-0.06131930765039373,0.038198928464396834,53,0.951270330645265,42,64,largest,0.5
7159,group-7042,0,0,-0.026556550334346896,0.052486087206471285,32,0.9754076722294639,42,64,largest,0.5
7160,group-7043,4,0,-0.005464511174265718,0.07748176516340831,63,0.9900954914790463,42,64,largest,0.5
7161,group-7044,3,0,-0.07391630383898085,0.027103282061285636,35,0.9852126452743516,42,64,largest,0.5
7162,group-7045,2,0,-0.05331288966191061,0.039017000760158405,57,0.9493951032217898,42,64,largest,0.5
7163,group-7046,1,0,-0.02883392389845041,0.0664383281078521,59,0.9855742008770468,42,64,largest,0.5
7164,group-7047,0,0,-0.039091798760035656,0.044146905678160465,52,0.9850189594680436,42,64,largest,0.5
7165,group-7048,4,0,-0.035970728943209185,0.04967799773903549,32,0.9877181686150276,42,64,largest,0.5
7166,group-7049,3,0,-0.033458617648733924,0.054020586307059956,17,0.982304636327151,42,64,largest,0.5
7167,group-7050,1,0,-0.04532934504052266,0.050263556082129,59,0.9745038220824208,42,64,largest,0.5
7168,group-7051,0,0,-0.037536076228438575,0.04510879848239471,3,0.9874240685890291,42,64,largest,0.5
7169,group-7052,4,0,-0.06192700560887654,0.03374189225393744,26,0.967803369033722,42,64,largest,0.5
7170,group-7053,3,0,-0.05268571453094972,0.03901670334255093,22,0.9750235762123655,42,64,largest,0.5
7171,group-7054,2,0,-0.010205741342152574,0.07449418119958319,34,1.0006630770526745,42,64,largest,0.5
7172,group-7055,1,1,0.0032980164490921116,0.11246442813449363,7,0.9869656422157983,42,64,largest,0.5
7173,group-7056,0,0,-0.008954078058783344,0.06673124022070223,63,1.0006768966249886,42,64,largest,0.5
7174,group-7057,4,0,-0.04652447193320086,0.04248130564721889,5,0.9582504197943073,42,64,largest,0.5
7175,group-7058,3,0,-0.07089628822596661,0.02855245287598333,17,0.9680191411254692,42,64,largest,0.5
7176,group-7059,2,0,-0.002633053159123988,0.08321841971753655,35,0.9967764777450321,42,64,largest,0.5
7177,group-7060,0,0,-0.024844633651182613,0.05373454537328059,11,0.9739290563559326,42,64,largest,0.5
7178,group-7061,4,0,-0.004940042082987484,0.07806647445470254,55,0.9894419194151937,42,64,largest,0.5
7179,group-7062,3,0,-0.05496568403861357,0.03752803971340592,6,0.9402275342247198,42,64,largest,0.5
7180,group-7063,2,0,-0.018664537615975973,0.06574870288655647,33,0.9955459779316063,42,64,largest,0.5
7181,group-7064,1,0,-0.022660652666870562,0.07365236669497503,4,0.9795250553796001,42,64,largest,0.5
7182,group-7065,0,0,-0.040608938294644625,0.04322773206619337,33,0.9626161980480263,42,64,largest,0.5
7183,group-7066,4,0,-0.006340952053038529,0.07651360463573569,17,0.9853571083943216,42,64,largest,0.5
7184,group-7067,3,0,-0.018933705687943614,0.068806659867685,17,0.9866374428246404,42,64,largest,0.5
7185,group-7068,2,0,-0.014322757114389684,0.07011146759966425,9,0.989590108081326,42,64,largest,0.5
7186,group-7069,1,0,-0.035326008438422596,0.05956374829862471,17,0.9664629403987248,42,64,largest,0.5
7187,group-7070,4,0,-0.06667410186801193,0.031417230660899506,9,0.9460889794771967,42,64,largest,0.5
7188,group-7071,3,0,-0.009191053184730125,0.0807410945313503,35,0.9997096058455595,42,64,largest,0.5
7189,group-7072,2,0,-0.01485509635856408,0.06956249147689608,38,1.0031277953595463,42,64,largest,0.5
7190,group-7073,1,0,-0.05313979667056079,0.04397599856965466,29,0.9595563067021166,42,64,largest,0.5
7191,group-7074,0,0,-0.05130639934888448,0.037247224575367735,2,0.9590914343481249,42,64,largest,0.5
7192,group-7075,4,0,-0.10188933033712666,0.01841783369519964,21,0.9139345113485271,42,64,largest,0.5
7193,group-7076,3,0,-0.04568664396723576,0.04394841368059409,19,0.9913671775823406,42,64,largest,0.5
7194,group-7077,2,0,-0.012416371106316326,0.07211044161196227,61,0.9884624763043532,42,64,largest,0.5
7195,group-7078,1,0,-0.009579513163049946,0.09136968403456876,16,0.9937972092748434,42,64,largest,0.5
7196,group-7079,0,0,-0.039155066056833054,0.04410820477502615,58,0.9617520011837698,42,64,largest,0.5
7197,group-7080,3,0,-0.05107078877427362,0.04010524679576061,61,1.0002495632539472,42,64,largest,0.5
7198,group-7081,2,0,-0.019893522402572583,0.06456035873652928,26,0.9921259535399657,42,64,largest,0.5
7199,group-7082,1,1,0.001045625054334809,0.10849056871611643,7,0.991122815022261,42,64,largest,0.5
7200,group-7083,0,0,-0.05630686570006904,0.034732256653729254,31,0.9576609100063967,42,64,largest,0.5
7201,group-7084,4,0,-0.02264203232132811,0.06042278200229563,28,0.9825300572610265,42,64,largest,0.5
7202,group-7085,3,0,-0.06474940819068431,0.03173789392935406,27,0.9885231659903335,42,64,largest,0.5
7203,group-7086,2,0,-0.012358918951679398,0.0721714926134222,11,0.9807061252056096,42,64,largest,0.5
7204,group-7087,1,0,-0.09240179588258546,0.02222463062122165,28,0.9310978946193077,42,64,largest,0.5
7205,group-7088,0,0,-0.044589117622921726,0.040902393233145165,2,0.9715008378988174,42,64,largest,0.5
7206,group-7089,4,0,-0.08431849558079196,0.02406274360458431,20,0.9468531415113884,42,64,largest,0.5
7207,group-7090,2,0,-0.0035359798947672827,0.0821313281313429,26,0.9786925889442891,42,64,largest,0.5
7208,group-7091,1,0,-0.03186852000726281,0.06313769448890892,14,0.9775706804568938,42,64,largest,0.5
7209,group-7092,0,0,-0.07766769446621791,0.02571788193992794,30,0.9494775024506809,42,64,largest,0.5
7210,group-7093,4,0,-0.06831565502565862,0.03065000310436764,36,0.9483326669406095,42,64,largest,0.5
7211,group-7094,3,0,-0.05946814870950834,0.034747045976126684,17,0.9457882644525526,42,64,largest,0.5
7212,group-7095,2,0,-0.07197622307023976,0.029305241434794994,25,0.9407237528344202,42,64,largest,0.5
7213,group-7096,1,0,-0.041353850241606094,0.05378245637697997,59,0.9655446451883213,42,64,largest,0.5
7214,group-7097,0,0,-0.04154968583275742,0.04266697922923659,59,0.9621777771056034,42,64,largest,0.5
7215,group-7098,4,0,-0.04144470331504013,0.04581160830810247,63,0.9545839586518824,42,64,largest,0.5
7216,group-7099,3,0,-0.09164261661764772,0.01993564349040537,18,0.9699520695717924,42,64,largest,0.5
7217,group-7100,0,0,-0.05403809655174252,0.035852372787850174,56,0.9565792458665402,42,64,largest,0.5
7218,group-7101,4,0,-0.01456873541245407,0.06795240940523085,9,0.9721448301329833,42,64,largest,0.5
7219,group-7102,3,0,-0.04821424767514282,0.042102323250202904,12,0.9760930403718113,42,64,largest,0.5
7220,group-7103,2,0,-0.01994313704208206,0.06451280713675657,27,0.9818813602379629,42,64,largest,0.5
7221,group-7104,1,0,-0.04088190165506611,0.054215317470139975,57,0.9599096803052896,42,64,largest,0.5
7222,group-7105,0,0,-0.06843321422931725,0.029295315692856923,14,0.9377566777112846,42,64,largest,0.5
7223,group-7106,4,0,-0.09771453660436813,0.019628378799320462,27,0.9116453835623262,42,64,largest,0.5
7224,group-7107,3,0,-0.02044591373998783,0.06710746298274513,39,0.9596151146914715,42,64,largest,0.5
7225,group-7108,2,0,-0.0440523601989512,0.04491856757398857,28,0.9703906814215965,42,64,largest,0.5
7226,group-7109,1,0,-0.028966208507848146,0.06629116347950205,22,0.9727971517767244,42,64,largest,0.5
7227,group-7110,4,0,-0.008329789719589087,0.07435767154251957,53,0.9929954867322042,42,64,largest,0.5
7228,group-7111,3,0,-0.0603979378166557,0.034198015897699774,28,0.9854185118227854,42,64,largest,0.5
7229,group-7112,2,0,-0.04591046247977759,0.0436699305624145,55,0.9801529850348522,42,64,largest,0.5
7230,group-7113,1,0,-0.04380181331397337,0.051589083742480044,8,0.9536210964728778,42,64,largest,0.5
7231,group-7114,0,0,-0.01855883479115572,0.058562714279232306,49,0.9964103903206555,42,64,largest,0.5
7232,group-6017,4,0,-0.012949433251019493,0.06956396702406319,15,0.9938993524312062,42,64,largest,0.5
7233,group-7115,4,0,-0.059443179281658654,0.03502353629154269,55,0.9607642857912885,42,64,largest,0.5
7234,group-7116,3,0,-0.07281208291771646,0.027624663343993633,9,0.9243082528076697,42,64,largest,0.5
7235,group-7117,0,0,-0.022914213796818683,0.05517593570484578,22,0.9849670821295916,42,64,largest,0.5
7236,group-7118,4,0,-0.022304406407795963,0.06072140314578944,31,0.9833642419745878,42,64,largest,0.5
7237,group-7119,3,0,-0.043548376342050776,0.04557020737308067,25,0.9928545798315791,42,64,largest,0.5
7238,group-7120,1,0,-0.013412617264334403,0.08581438004322155,0,0.9856967170697581,42,64,largest,0.5
7239,group-7121,0,0,-0.03132920537240724,0.04914870456090965,31,0.9792518493174187,42,64,largest,0.5
7240,group-7122,4,0,-0.02124857439296146,0.06166418896972299,37,0.993519924664202,42,64,largest,0.5
7241,group-7123,3,0,-0.06787599973767411,0.030076854436265527,5,0.9839055782618662,42,64,largest,0.5
7242,group-7124,2,0,-0.02648708412253209,0.0585196458813603,54,0.9881775055659202,42,64,largest,0.5
7243,group-7125,1,0,-0.05360022164780409,0.043629751290488565,28,0.9718618203679993,42,64,largest,0.5
7245,group-7126,0,0,-0.09004691826154032,0.021582797542158114,11,0.9209026873537794,42,64,largest,0.5
7246,group-7127,4,0,-0.09946314321482674,0.019112132568465164,17,0.9108173770167802,42,64,largest,0.5
7247,group-7128,3,0,-0.13635072595672804,0.009118550572445212,12,0.8907334555625479,42,64,largest,0.5
7248,group-7129,2,0,-0.05721862847323589,0.036757457533407284,45,0.9560854272165438,42,64,largest,0.5
7249,group-7130,0,0,-0.05166232777382607,0.03706256734125649,36,0.960954263190915,42,64,largest,0.5
7250,group-7131,4,0,-0.017067203851544144,0.0655336853316298,31,0.9936155228705138,42,64,largest,0.5
7251,group-7132,3,0,-0.004959365481599809,0.08649162453738951,42,1.0061714730643572,42,64,largest,0.5
7252,group-7133,2,0,-0.09090244178985529,0.02186617692443634,17,0.9438966430724814,42,64,largest,0.5
7253,group-7134,1,0,-0.005487085356358445,0.09765588569891974,3,0.9874906598612329,42,64,largest,0.5
7254,group-7135,0,1,0.014072282026402871,0.09078491453989466,40,0.9870688579630694,42,64,largest,0.5
7255,group-7136,4,0,-0.006576162209627201,0.07625567428824737,24,0.9948646709364697,42,64,largest,0.5
7256,group-7137,3,0,-0.03269262470173184,0.05471927208640385,33,0.9738136484439612,42,64,largest,0.5
7257,group-7138,2,0,-0.056737057178543604,0.0370291032887059,5,0.9310216455975832,42,64,largest,0.5
7258,group-7139,1,0,-0.07902830666428307,0.028086957707013686,12,0.9310639155365702,42,64,largest,0.5
7259,group-7140,4,0,-0.03391692394941992,0.051206953322301775,58,0.9725707159859709,42,64,largest,0.5
7260,group-7141,3,0,-0.05895051406679441,0.03505637565863935,17,0.990205161731014,42,64,largest,0.5
7261,group-7142,2,0,-0.012627513781968691,0.07188648177393626,20,0.9953581728608893,42,64,largest,0.5
7262,group-7143,1,0,-0.024826874566594492,0.07104232868708178,14,0.9797619555897283,42,64,largest,0.5
7263,group-7144,0,0,-0.042841405442086034,0.04190833554666498,57,0.9701048599174609,42,64,largest,0.5
7264,group-7145,4,1,0.015731694484046543,0.10455563914608182,35,0.9815340174799293,42,64,largest,0.5
7265,group-7146,3,0,-0.04417533055956391,0.045088870135347014,40,0.9793236888109061,42,64,largest,0.5
7266,group-7147,2,0,-0.0517320400765775,0.03996894887743121,13,0.939190038695937,42,64,largest,0.5
7267,group-7148,1,0,-0.012555946500568904,0.08702876117407038,14,0.9975597660948956,42,64,largest,0.5
7268,group-7149,0,0,-0.010900999429004576,0.06499421020215411,38,0.979968690758505,42,64,largest,0.5
7270,group-7150,3,0,-0.032443204200013676,0.05494860789176647,31,0.9887029163604851,42,64,largest,0.5
7271,group-7151,2,0,-0.03613427328173835,0.05063053510978774,18,0.9726828970846434,42,64,largest,0.5
7272,group-7152,1,1,0.004045521717477629,0.1138110728054456,7,0.9913652139841159,42,64,largest,0.5
7273,group-7153,0,0,-0.032680688731985263,0.04824081527951983,22,0.9823300347975066,42,64,largest,0.5
7274,group-7154,4,0,-0.029084806662999285,0.05498152675923232,24,0.9731004189194582,42,64,largest,0.5
7275,group-7155,3,1,0.025473551609043632,0.13975470455452016,37,0.9669810610677896,42,64,largest,0.5
7276,group-7156,2,0,-0.0045576406117651125,0.08091688923305215,26,0.9987880923858539,42,64,largest,0.5
7277,group-7157,1,0,-0.0050162430059446095,0.09840337134032143,3,0.994489090880956,42,64,largest,0.5
7278,group-7158,0,0,-0.0353053552132806,0.04652293880252986,30,0.9803381794383251,42,64,largest,0.5
7279,group-7159,4,0,-0.016696085002661287,0.06588782895244526,31,0.989839122595399,42,64,largest,0.5
7280,group-7160,2,0,-0.028480660512610556,0.05680012860378658,29,0.9752114363886052,42,64,largest,0.5
7281,group-7161,1,0,-0.014231974760211097,0.08466727951756793,59,0.9828809060129851,42,64,largest,0.5
7282,group-7162,0,0,-0.012756040776460864,0.06337837945325374,56,0.9897034862081431,42,64,largest,0.5
7283,group-7163,4,0,-0.013530859514249927,0.06898129254716132,22,0.9966537959936465,42,64,largest,0.5
7284,group-7164,3,0,-0.00315671006129159,0.08905213284595864,46,0.9905255928279844,42,64,largest,0.5
7285,group-7165,2,0,-0.025033305717383825,0.059804228245279,35,0.9885413695935125,42,64,largest,0.5
7286,group-7166,1,0,-0.0010886954655030534,0.10483935342157744,0,0.9971425669631063,42,64,largest,0.5
7287,group-7167,0,0,-0.02004671201897934,0.057384354451529694,44,0.9944802231817866,42,64,largest,0.5
7288,group-7168,4,0,-0.07240800061775554,0.028815515738389554,14,0.9445828153057251,42,64,largest,0.5
7289,group-7169,3,0,-0.04700288834883204,0.04297762731008641,26,1.0013572648699107,42,64,largest,0.5
7290,group-7170,1,0,-0.05550808802530072,0.04222254521186849,6,0.9576650873695363,42,64,largest,0.5
7291,group-7171,0,0,-0.042833926440823955,0.04191269071250591,58,0.9779394876937473,42,64,largest,0.5
7292,group-7172,4,0,-0.0170727487773078,0.06552840747863739,2,0.9700999480189756,42,64,largest,0.5
7293,group-7173,3,0,-0.05103191826553222,0.04013180297065176,4,0.9683016241454917,42,64,largest,0.5
7294,group-7174,2,0,-0.027866518271602025,0.05732472074954067,14,0.9767482699192143,42,64,largest,0.5
7295,group-7175,1,1,0.01196761847376826,0.12896388908902903,7,0.982663991019758,42,64,largest,0.5
7296,group-7176,0,0,-0.008915795746025745,0.06676582385235331,20,0.9833045795873437,42,64,largest,0.5
7297,group-7177,4,0,-0.013158361557752296,0.06935406786877864,51,0.986957086836672,42,64,largest,0.5
7298,group-7178,3,0,-0.01895901611167916,0.06877789460068313,31,0.9709709356618536,42,64,largest,0.5
7299,group-7179,2,0,-0.045511192481666796,0.0439354131671672,11,0.9541654188045791,42,64,largest,0.5
7300,group-7180,0,0,-0.030193872784310072,0.049923890337683775,11,0.9658090888613025,42,64,largest,0.5
7301,group-7181,4,0,-0.0711048772010262,0.02938780162414266,28,0.9679518810769893,42,64,largest,0.5
7302,group-7182,3,1,0.0024557442161011744,0.0974669387236689,37,0.9841137915704833,42,64,largest,0.5
7303,group-7183,2,0,-0.02961278510038645,0.05584488856403725,50,0.9829081474124268,42,64,largest,0.5
7304,group-7184,1,0,-0.0730757608652075,0.031156370960658188,28,0.9492034291693168,42,64,largest,0.5
7305,group-7185,0,0,-0.05789086640049179,0.03397029649654572,57,0.9631378822376255,42,64,largest,0.5
7306,group-7186,4,0,-0.04606240283581797,0.04277441466288125,11,0.9597286507481305,42,64,largest,0.5
7307,group-7187,3,0,-0.1295216234398341,0.010280958285882201,14,0.9051166360821131,42,64,largest,0.5
7308,group-7188,2,0,-0.06379280712672031,0.03323566180542715,45,0.9521934733297092,42,64,largest,0.5
7309,group-7189,1,0,-0.023204524463514176,0.07298888482862974,16,0.9835500468186416,42,64,largest,0.5
7310,group-7190,4,0,-0.08939016750983853,0.022279317824688054,20,0.942699205960593,42,64,largest,0.5
7311,group-7191,3,0,-0.07691475295030747,0.025735307236128248,45,0.9513373544591871,42,64,largest,0.5
7312,group-7192,2,0,-0.05992201667444852,0.03526776311110753,10,0.9540974345173996,42,64,largest,0.5
7313,group-7193,1,0,-0.0416669652807653,0.05349707480900085,2,0.9816398632733074,42,64,largest,0.5
7314,group-7194,0,0,-0.04930365170143769,0.038302856772234176,2,0.9652060042834117,42,64,largest,0.5
7315,group-7195,4,0,-0.05965739106766055,0.03491117999900699,20,0.9540837555481394,42,64,largest,0.5
7316,group-7196,3,0,-0.06472658845805412,0.031750337547322864,35,0.9907394300189558,42,64,largest,0.5
7317,group-7197,2,0,-0.021729478369472477,0.0628223218825533,51,0.9816692621524915,42,64,largest,0.5
7318,group-7198,1,0,-0.04312771030245399,0.05218449680598684,46,0.9723168860877943,42,64,largest,0.5
7319,group-7199,0,0,-0.04522191221153482,0.040543902930295535,2,0.9638794611710862,42,64,largest,0.5
7320,group-7200,2,0,-0.013364783444213879,0.07110948080429023,22,0.9733183819357504,42,64,largest,0.5
7321,group-7201,1,0,-0.08507775010895735,0.025269144675134855,15,0.9360270929516737,42,64,largest,0.5
7322,group-7202,0,0,-0.03747312223639032,0.045148139975136066,57,0.9742260150486325,42,64,largest,0.5
7323,group-7203,4,0,-0.06849638450874451,0.03056665087945533,2,0.9645906115664897,42,64,largest,0.5
7324,group-7204,3,1,0.002582461802777436,0.09766487850659683,37,0.9895378428196167,42,64,largest,0.5
7325,group-7205,2,1,0.0021802342560056642,0.08923691092113978,47,0.9911959415578394,42,64,largest,0.5
7326,group-7206,1,0,-0.09576387618337034,0.02094999842804827,28,0.9174223504519663,42,64,largest,0.5
7327,group-7207,0,0,-0.009682585892963225,0.06607628027237075,11,0.9848143639531795,42,64,largest,0.5
7328,group-7208,4,0,-0.015625165637095373,0.06691975875073473,24,0.9877119962455423,42,64,largest,0.5
7329,group-7209,3,0,-0.058620829141939335,0.03525477133378173,46,0.9599487803757417,42,64,largest,0.5
7330,group-7210,1,0,-0.14383144847912588,0.008946679547562373,30,0.8784238641108737,42,64,largest,0.5
7331,group-7211,0,0,-0.0014841728032605195,0.07380280621858198,38,0.9941015716027165,42,64,largest,0.5
7332,group-7212,4,0,-0.0013893945694856136,0.08213222943998945,31,0.9991153600817884,42,64,largest,0.5
7333,group-7213,3,0,-0.03304311864632159,0.054398525417460875,39,0.9913870600581338,42,64,largest,0.5
7334,group-7214,2,0,-0.020181195467095292,0.06428510076686868,9,0.9773642689940012,42,64,largest,0.5
7335,group-7215,1,0,-0.07178919411602147,0.03186126226137859,28,0.9441796914192281,42,64,largest,0.5
7336,group-7216,0,0,-0.006790019615226406,0.0687125238004092,47,0.9940147578929255,42,64,largest,0.5
7337,group-7217,4,0,-0.024378821948170315,0.05890824254173836,18,0.9779588033007639,42,64,largest,0.5
7338,group-7218,3,0,-0.023605778417890688,0.06368192251201313,42,0.9825772937134225,42,64,largest,0.5
7339,group-7219,2,0,-0.015493548160550596,0.06890933281606869,27,0.9837295482914955,42,64,largest,0.5
7341,group-7220,0,0,-0.027802913625809333,0.05159443401241848,55,0.9903576436602879,42,64,largest,0.5
7342,group-7221,4,1,0.005944914893103892,0.09114600410083099,35,0.9892303542139866,42,64,largest,0.5
7343,group-7222,3,0,-0.0486164984213473,0.04181545261355796,55,0.9835686523182536,42,64,largest,0.5
7344,group-7223,2,0,-0.08970291578954315,0.02227719646588157,11,0.9228056615811454,42,64,largest,0.5
7345,group-7224,1,0,-0.10627511131208156,0.01740959524604059,30,0.9020771029197742,42,64,largest,0.5
7346,group-7225,0,0,-0.05326227493711011,0.03624332587363472,11,0.9558907022238115,42,64,largest,0.5
7347,group-7226,4,0,-0.0011924792940036788,0.08236326465875457,33,0.9842468304288359,42,64,largest,0.5
7348,group-7227,3,0,-0.057747399782385855,0.03578562060425543,17,0.9779202081373157,42,64,largest,0.5
7349,group-7228,2,0,-0.008354467646682018,0.07654594942756231,18,1.000015831096719,42,64,largest,0.5
7350,group-7229,1,0,-0.0320799202497869,0.06291354925218091,50,0.9806454462694775,42,64,largest,0.5
7351,group-7230,4,0,-0.027464760429144475,0.05630466461650805,52,0.97594559805442,42,64,largest,0.5
7352,group-7231,3,0,-0.057944224126542876,0.03566532774243773,27,0.9743517284718395,42,64,largest,0.5
7353,group-7232,2,0,-0.02779587395910632,0.057385355196778044,27,0.9932357560949013,42,64,largest,0.5
7354,group-7233,1,0,-0.01285794508260829,0.08659889632177505,14,0.9913861753596127,42,64,largest,0.5
7355,group-7234,0,0,-0.09512599938160182,0.0200809745277181,17,0.9201523025406357,42,64,largest,0.5
7356,group-7235,4,0,-0.05644314825547403,0.03663415119941137,34,0.9427954019866401,42,64,largest,0.5
7357,group-7236,3,0,-0.052015981065883565,0.03946465519397459,46,0.9833489411163785,42,64,largest,0.5
7358,group-7237,2,0,-0.08623331138088475,0.02350901539849954,45,0.9342593655891279,42,64,largest,0.5
7359,group-7238,1,0,-0.03938716582249313,0.0556080223485214,46,0.9711899890356279,42,64,largest,0.5
7360,group-7239,0,0,-0.07201707766871668,0.027852946041137167,21,0.9348012982140973,42,64,largest,0.5
7361,group-7240,3,0,-0.05120199682695392,0.04001573028002933,3,0.9672797043440922,42,64,largest,0.5
7362,group-7241,2,0,-0.05286870523128817,0.03928225827059555,5,0.9591397222728273,42,64,largest,0.5
7363,group-7242,1,0,-0.03588054690007092,0.05900845969036037,23,0.9824195458086056,42,64,largest,0.5
7364,group-7243,0,0,-0.0646901187228518,0.030879040846373544,21,0.9434058830793949,42,64,largest,0.5
7365,group-7244,4,0,-0.018851329573031705,0.06385575290698323,51,0.9905199458710496,42,64,largest,0.5
7366,group-7245,3,0,-0.03114899180135422,0.05615320531240647,48,0.9602666885055142,42,64,largest,0.5
7367,group-7246,2,0,-0.059431590463558726,0.03553362308026521,5,0.9409335190990427,42,64,largest,0.5
7368,group-7247,1,0,-0.031038934727883882,0.06402450792564927,4,0.9620946341565978,42,64,largest,0.5
7369,group-7248,0,0,-0.022702813789707066,0.055335976245040525,37,0.9671297223385676,42,64,largest,0.5
7370,group-7249,4,0,-0.027085708331049174,0.056618542133140416,55,0.9636435272759767,42,64,largest,0.5
7371,group-7250,2,0,-0.042587081434225404,0.045927149655910784,41,0.9511154896077502,42,64,largest,0.5
7372,group-7251,1,0,-0.060613662438516624,0.03866714318738968,46,0.9397783697774839,42,64,largest,0.5
7373,group-7252,0,0,-0.02569136366743896,0.053113583764328814,49,0.9658483214813133,42,64,largest,0.5
7374,group-7253,4,0,-0.04902433007057616,0.040928548732623464,44,0.9743471606559195,42,64,largest,0.5
7375,group-7254,3,0,-0.12261879716471802,0.011604806095214566,11,0.9012301556583456,42,64,largest,0.5
7376,group-7255,2,0,-0.03643664168221916,0.05040030077434892,27,0.9969967797533207,42,64,largest,0.5
7377,group-7256,1,0,-0.006153590787435603,0.09660643336183564,10,0.9877195069287305,42,64,largest,0.5
7378,group-7257,0,0,-0.04362521659475249,0.041454299062441254,12,0.9693154866578962,42,64,largest,0.5
7379,group-7258,4,0,-0.05708169636371074,0.03628547342254952,14,0.9482020340918788,42,64,largest,0.5
7380,group-7259,3,0,-0.10557758203401912,0.015637353775596087,6,0.9039120822178047,42,64,largest,0.5
7381,group-7260,1,0,-0.05063278253646697,0.045907760221369075,11,0.9412798667093422,42,64,largest,0.5
7382,group-7261,0,0,-0.04105356519552783,0.04296183101081005,21,0.9728712385280088,42,64,largest,0.5
7383,group-7262,4,0,-0.02957510146062603,0.05458689551836387,55,0.9740482412182465,42,64,largest,0.5
7385,group-7263,3,0,-0.09289420024894668,0.01950639883226069,14,0.9180485468566574,42,64,largest,0.5
7386,group-7264,2,0,-0.05451081738673558,0.03831016419239581,2,0.9492123593895084,42,64,largest,0.5
7387,group-7265,1,0,-0.041609995529775845,0.05354889204964023,11,0.9715052049245495,42,64,largest,0.5
7388,group-7266,0,1,0.003395077918243339,0.0787879022144492,40,0.9841587789341327,42,64,largest,0.5
7389,group-7267,4,0,-0.021746001047326935,0.061218329081880234,5,0.9862881307753044,42,64,largest,0.5
7390,group-7268,3,0,-0.08576034310440805,0.02208011222458989,42,0.9890237428362649,42,64,largest,0.5
7391,group-7269,2,0,-0.01306749352385328,0.07142185412294504,48,0.9797812039392477,42,64,largest,0.5
7392,group-5858,0,0,-0.026011083752389696,0.052880878757741216,63,0.9797154425172707,42,64,largest,0.5
7393,group-7270,1,0,-0.01822395691436207,0.07927537147491687,22,0.9751965040968844,42,64,largest,0.5
7394,group-7271,0,0,-0.006436266401497526,0.06904153684516806,27,0.995057395673758,42,64,largest,0.5
7395,group-7272,4,0,-0.023993621712126822,0.05924104868418616,31,0.9957778218481446,42,64,largest,0.5
7396,group-7273,3,0,-0.0720221159047375,0.028003629303502187,3,0.9610372450922212,42,64,largest,0.5
7397,group-7274,2,0,-0.03648366780255419,0.050364582570137054,23,0.9673620641254628,42,64,largest,0.5
7398,group-7275,1,0,-0.03552248398002633,0.059366449342264704,23,0.9824593982032352,42,64,largest,0.5
7399,group-7276,0,0,-0.02052799010408346,0.05700798451153143,32,0.9873040117141537,42,64,largest,0.5
7400,group-7277,4,0,-0.032322136351743525,0.052424789724644594,23,0.9767680215504072,42,64,largest,0.5
7401,group-7278,3,0,-0.046095429325290094,0.04364469837675902,2,0.9893549212521727,42,64,largest,0.5
7402,group-7279,2,0,-0.041305130554088354,0.04682718963341188,31,0.9529951081046787,42,64,largest,0.5
7403,group-7280,0,0,-0.011187399032001388,0.06474226340525611,30,0.9950437007336949,42,64,largest,0.5
7404,group-7281,4,0,-0.032304442311695825,0.052438453805630114,15,0.9730795181034031,42,64,largest,0.5
7405,group-7282,3,0,-0.022575857054829118,0.06478014531663068,17,0.9650094361176317,42,64,largest,0.5
7406,group-7283,2,0,-0.06334039810802161,0.033467206710539474,10,0.9491872864084951,42,64,largest,0.5
7407,group-7284,1,0,-0.07902377997094279,0.028089176462526635,12,0.934285800492773,42,64,largest,0.5
7408,group-7285,0,0,-0.0439233636593217,0.04128283066024814,47,0.9654546594067113,42,64,largest,0.5
7409,group-7286,4,0,-0.04956216944636527,0.04060164986866354,37,0.9650149721648227,42,64,largest,0.5
7410,group-7287,3,0,-0.055809339568330785,0.0369911464263896,2,0.9492149698261922,42,64,largest,0.5
7411,group-7288,2,0,-0.04473671303692128,0.044454776131561034,48,0.9480135036436543,42,64,largest,0.5
7412,group-7289,1,0,-0.05328776886642106,0.04386443610045357,11,0.9648729715366144,42,64,largest,0.5
7413,group-7290,4,0,-0.041393414480051294,0.04584646926722485,38,0.9736015218132471,42,64,largest,0.5
7414,group-7291,3,0,-0.046554201111378646,0.04330623031759774,9,0.9428987126934483,42,64,largest,0.5
7415,group-7292,2,0,-0.04836647199127808,0.04207026318870568,5,0.9453701910184467,42,64,largest,0.5
7416,group-7293,1,0,-0.04571484769592371,0.04993416506438359,6,0.977138733581923,42,64,largest,0.5
7417,group-7294,0,0,-0.013140584702498126,0.06304814225048842,52,0.9934464463108956,42,64,largest,0.5
7418,group-7295,4,0,-0.009023560601869707,0.07361884651287405,49,0.9899249146520194,42,64,largest,0.5
7419,group-7296,3,0,-0.05230171702245645,0.03927294038718067,11,0.9897606768077236,42,64,largest,0.5
7420,group-7297,2,0,-0.04765669469167877,0.04252671573609064,22,0.9635707386906647,42,64,largest,0.5
7421,group-7298,1,0,-0.05576509057578671,0.042036332697252994,52,0.9485499686674295,42,64,largest,0.5
7422,group-7299,0,0,-0.06153396132759603,0.032278569564001776,24,0.9435764574324104,42,64,largest,0.5
7423,group-7300,2,0,-0.04650924496354536,0.04327465600060071,11,0.9380113141358202,42,64,largest,0.5
7424,group-7301,1,0,-0.0363677852077221,0.05852457037871651,19,0.974624807887203,42,64,largest,0.5
7425,group-7302,0,0,-0.010660296567418737,0.0652066626739842,52,0.9898283857597505,42,64,largest,0.5
7426,group-7303,4,0,-0.035745313603652074,0.04984367131275062,0,0.97674401901343,42,64,largest,0.5
7427,group-7304,3,0,-0.0016741840604844738,0.09120896970441766,3,0.9507843966071682,42,64,largest,0.5
7428,group-7305,2,0,-0.07772362252997633,0.02681826942389775,17,0.9436282121926417,42,64,largest,0.5
7429,group-7306,1,0,-0.029866809761565527,0.0652972816631242,10,0.9951866240570522,42,64,largest,0.5
7430,group-7307,0,0,-0.03296583599368419,0.04805130543402566,39,0.9658981369368761,42,64,largest,0.5
7431,group-7308,4,0,-0.07109071739315365,0.029394080252294806,41,0.9359573843213655,42,64,largest,0.5
7432,group-7309,3,0,-0.03256935960065699,0.05483249828629004,25,0.9623169755804504,42,64,largest,0.5
7433,group-7310,1,0,-0.05637768333799398,0.0415956369418523,44,0.9533571531804982,42,64,largest,0.5
7434,group-7311,0,0,-0.031864537461392395,0.04878716121692645,34,0.9730315081815208,42,64,largest,0.5
7435,group-7312,4,0,-0.019070963884747938,0.06365198021591502,63,0.9871074650339156,42,64,largest,0.5
7436,group-7313,3,1,0.0002707238160685188,0.09410971194054929,37,0.951927869103263,42,64,largest,0.5
7437,group-7314,2,0,-0.01027605016073696,0.07441726327083231,20,0.9851383955702463,42,64,largest,0.5
7438,group-7315,1,0,-0.04855926191204374,0.047566270688773865,22,0.9653550268566103,42,64,largest,0.5
7439,group-7316,0,0,-0.061711393752281296,0.03219828962034337,34,0.9326276165275736,42,64,largest,0.5
7440,group-7317,4,0,-0.06083222143052913,0.034301121196672286,37,0.9485525171769117,42,64,largest,0.5
7441,group-7318,3,0,-0.014625809613779572,0.07386785458398891,3,0.9708580322244691,42,64,largest,0.5
7442,group-7319,2,0,-0.07663441022104889,0.02727327519631602,57,0.9236528703370476,42,64,largest,0.5
7443,group-7320,0,0,-0.04913322258039232,0.03839400347877791,21,0.9454877601135551,42,64,largest,0.5
7444,group-7321,4,0,-0.017218513149434456,0.06538980557628764,44,0.9924598378622531,42,64,largest,0.5
7445,group-7322,3,0,-0.05032944440030451,0.04061464351266051,6,0.9753493814933313,42,64,largest,0.5
7446,group-7323,2,0,-0.008479648924447636,0.07640559246515383,41,0.9822495284863142,42,64,largest,0.5
7447,group-7324,1,0,-0.06077668317097873,0.03855848762365209,11,0.9598490092118691,42,64,largest,0.5
7448,group-7325,0,0,-0.0033846822281637934,0.0719408070984796,47,0.9860671674903662,42,64,largest,0.5
7449,group-7326,4,0,-0.07021331463750324,0.029785678670891557,42,0.951977435378575,42,64,largest,0.5
7450,group-7327,3,1,0.00024056387324966622,0.09406410520522511,37,0.9463772736830289,42,64,largest,0.5
7451,group-7328,2,1,0.027271976697846978,0.12734408653113066,47,0.9880074404796529,42,64,largest,0.5
7452,group-7329,1,0,-0.045500002677666185,0.050117485336754794,21,0.9607579087780849,42,64,largest,0.5
7453,group-7330,4,0,-0.10324925462246903,0.018039552399523963,54,0.9051454169956274,42,64,largest,0.5
7454,group-7331,3,0,-0.011928031822458274,0.07720966607953926,11,0.9637542654635919,42,64,largest,0.5
7455,group-7332,2,0,-0.024046230350015296,0.06069142551713508,39,0.9699468773195277,42,64,largest,0.5
7456,group-7333,1,0,-0.013166576189822865,0.0861615773362496,4,0.9845315688526581,42,64,largest,0.5
7457,group-7334,0,0,-0.03662923343033475,0.04567867243025744,30,0.9759285938982639,42,64,largest,0.5
7458,group-7335,4,0,-0.06358482341627236,0.032911776998670476,14,0.9639127309338906,42,64,largest,0.5
7459,group-7336,3,0,-0.05174743674246085,0.0396456530807895,35,0.9866789526748034,42,64,largest,0.5
7460,group-7337,2,0,-0.0019357576770377971,0.08406687431863892,12,0.989124782818756,42,64,largest,0.5
7461,group-7338,1,0,-0.025603734095258512,0.07012729417770135,10,0.9721260682232947,42,64,largest,0.5
7462,group-7339,0,0,-0.05575659227047336,0.035000793916004025,2,0.9433291567549098,42,64,largest,0.5
7463,group-7340,4,0,-0.022372496498178962,0.06066106835579473,4,0.9864200335622345,42,64,largest,0.5
7464,group-7341,3,0,-0.027295229351598782,0.059888737693801736,36,0.9827768302833945,42,64,largest,0.5
7465,group-7342,2,0,-0.05310298318759443,0.0391421376070375,39,0.9747257186772118,42,64,largest,0.5
7466,group-7343,1,0,-0.03716119960495878,0.057744566331466816,35,0.9725679588519967,42,64,largest,0.5
7467,group-7344,0,0,-0.0669499180002423,0.029913258245748295,13,0.9461458594556066,42,64,largest,0.5
7468,group-7345,4,0,-0.05877167472220546,0.03537801009727148,47,0.9553376577489016,42,64,largest,0.5
7469,group-7346,3,0,-0.04853549505052601,0.04187307056105979,27,0.9821299066490706,42,64,largest,0.5
7470,group-7347,2,0,-0.03836791109225557,0.04895299636266442,4,0.970607589728757,42,64,largest,0.5
7471,group-7348,1,0,-0.06409398497926144,0.03641012582995934,11,0.9471332950793869,42,64,largest,0.5
7472,group-7349,0,0,-0.03399872770895751,0.04737074402390115,26,0.9755864195693928,42,64,largest,0.5
7473,group-7350,3,0,-0.028608849375164502,0.05858998743047204,40,0.9978202382317266,42,64,largest,0.5
7474,group-7351,2,0,-0.012552176072826882,0.07196631903865149,38,0.986135760684912,42,64,largest,0.5
7475,group-7352,1,0,-0.023108054265865596,0.07310616799191424,1,0.9495899040648893,42,64,largest,0.5
7476,group-7353,0,0,-0.02291982039542917,0.05517169716325591,52,0.9644424939825907,42,64,largest,0.5
7477,group-7354,4,0,-0.04606013090787697,0.04277586060035026,18,0.9817509501444723,42,64,largest,0.5
7478,group-7355,3,0,-0.04662522439227068,0.043254055985181214,25,0.9771082009838647,42,64,largest,0.5
7479,group-7356,2,0,-0.01660132910317902,0.0677894947505721,54,0.9842987694485703,42,64,largest,0.5
7480,group-7357,1,0,-0.022719676595155835,0.07358009434129019,54,0.9841230780771466,42,64,largest,0.5
7481,group-7358,0,0,-0.07068542746969797,0.028380649252816796,2,0.9413880107645487,42,64,largest,0.5
7482,group-7359,4,0,-0.1277462570238117,0.012397883267485173,21,0.8825456935726674,42,64,largest,0.5
7483,group-7360,2,0,-0.03144199756653143,0.05433335555663562,5,0.9798089995748198,42,64,largest,0.5
7484,group-7361,1,0,-0.007670335860139876,0.09425569793016288,14,0.9920075052754559,42,64,largest,0.5
7485,group-7362,0,0,-0.020111358266479362,0.057333664334298616,19,0.9764787790551346,42,64,largest,0.5
7486,group-7363,4,0,-0.028223703181455395,0.05568112716223774,40,0.9879143242217927,42,64,largest,0.5
7487,group-7364,3,0,-0.05176608178138786,0.03963306072491272,25,0.9941073872550548,42,64,largest,0.5
7488,group-7365,2,1,0.01276254802654142,0.10386580735908944,47,0.9879940006265633,42,64,largest,0.5
7489,group-7366,1,0,-0.024956610801705525,0.07088875384310435,5,0.9622631153841922,42,64,largest,0.5
7490,group-7367,0,0,-0.04066705071046872,0.04319288992596184,14,0.9610344406392173,42,64,largest,0.5
7491,group-7368,4,0,-0.028270071302249677,0.055643243087472996,7,0.9821424828313114,42,64,largest,0.5
7492,group-7369,3,0,-0.05821411692519307,0.03550101066442632,17,0.9561338732973539,42,64,largest,0.5
7493,group-7370,1,0,-0.027786487321276865,0.06761434022676543,44,0.9824937142974982,42,64,largest,0.5
7494,group-7371,0,1,9.504913369196011e-05,0.07538366204008572,40,1.0015953879633677,42,64,largest,0.5
7495,group-7372,4,0,-0.01556968570707451,0.06697362553332185,24,0.9948506515009602,42,64,largest,0.5
7496,group-7373,3,0,-0.03610712345500655,0.0516691155854268,27,0.9936688437932213,42,64,largest,0.5
7497,group-7374,2,0,-0.05345849734691388,0.03893042153574797,20,0.9559720973559585,42,64,largest,0.5
7498,group-7375,1,1,0.00010705049161929825,0.10687136987752768,7,0.9897934572160034,42,64,largest,0.5
7499,group-7376,0,0,-0.07140910827331237,0.028092677876680936,5,0.9404625527494368,42,64,largest,0.5
7500,group-7377,4,0,-0.0378572226447208,0.04831180522996258,28,0.9823914504850945,42,64,largest,0.5
7501,group-7378,3,0,-0.04715690081202761,0.04286538389301433,40,0.9754675661453422,42,64,largest,0.5
7502,group-7379,2,0,-0.07777336612238106,0.026797666820439017,38,0.9445247803795539,42,64,largest,0.5
7503,group-7380,0,0,-0.03685066522783431,0.045538891923781626,5,0.9549354259291245,42,64,largest,0.5
7504,group-7381,4,0,-0.05924874796422741,0.0351258191574683,32,0.9752042060396313,42,64,largest,0.5
7505,group-7382,3,0,-0.05624271734478403,0.03671822852835227,18,0.9741029218873755,42,64,largest,0.5
7506,group-7383,2,0,-0.05941826939401251,0.03554087129202312,53,0.9417624564176615,42,64,largest,0.5
7507,group-7384,1,0,-0.027299044916663573,0.06816817613156484,29,0.9839478181197722,42,64,largest,0.5
7508,group-7385,0,0,-0.054291734163317784,0.03572544233789469,48,0.9521916520055349,42,64,largest,0.5
7509,group-7386,4,0,-0.08881689052619846,0.022474248665439678,20,0.9446141414596537,42,64,largest,0.5
7510,group-7387,3,0,-0.03750163140722207,0.05047021779050968,42,1.0052099529043128,42,64,largest,0.5
7511,group-7388,2,0,-0.026568574218094665,0.05844841106918043,26,0.995446601484011,42,64,largest,0.5
7512,group-7389,1,0,-0.05351992268586503,0.043689949573592984,61,0.9765909805987701,42,64,largest,0.5
7513,group-7390,4,0,-0.02427912837387236,0.058994207535513925,40,0.9917470927065104,42,64,largest,0.5
7514,group-7391,3,0,-0.024195364855617685,0.06306107019436892,55,0.9881941796263924,42,64,largest,0.5
7515,group-7392,2,0,-0.007756797163554041,0.07721933996528683,7,0.9915196519938173,42,64,largest,0.5
7516,group-7393,1,1,3.0084828279264286e-05,0.10673953932573195,7,0.9956865779196187,42,64,largest,0.5
7517,group-7394,0,0,-0.05002437669963178,0.03791970004530167,54,0.9571492810664048,42,64,largest,0.5
7518,group-7395,4,0,-0.014880822329428556,0.06764581941007385,28,0.9829414533570352,42,64,largest,0.5
7519,group-7396,3,0,-0.06547600284666033,0.03134413864456648,40,0.9935040344755688,42,64,largest,0.5
7520,group-7397,2,0,-0.0010173771527707265,0.08519632628128815,61,0.998057970263022,42,64,largest,0.5
7521,group-7398,1,0,-0.04686611331284796,0.04896260495525581,36,0.969655119044014,42,64,largest,0.5
7522,group-7399,0,0,-0.0156806218354415,0.06090683591573418,22,0.9963982010086003,42,64,largest,0.5
7523,group-7400,2,0,-0.03831218382482138,0.04899420088180906,10,0.9772086132198655,42,64,largest,0.5
7524,group-7401,1,0,-0.021970202101658787,0.07450266009166455,15,0.987751125970028,42,64,largest,0.5
7525,group-7402,0,0,-0.005677455006950605,0.06975220482025223,39,0.998109518826621,42,64,largest,0.5
7526,group-7403,4,0,-0.015383169884965575,0.06715501339886872,32,1.0009585054158756,42,64,largest,0.5
7527,group-7404,3,0,-0.027703440571408278,0.059482286731883875,42,0.981017452058002,42,64,largest,0.5
7528,group-7405,2,0,-0.04965294230950357,0.04125485807140569,50,0.9739820759852935,42,64,largest,0.5
7529,group-7406,1,0,-0.030665982369921796,0.06442695780485888,60,0.9825005013259316,42,64,largest,0.5
7530,group-7407,0,0,-0.0061948765990094135,0.06926688134264632,50,0.996529348828896,42,64,largest,0.5
7531,group-7408,4,0,-0.03893099689834667,0.0475501845477235,50,0.9745080243647299,42,64,largest,0.5
7532,group-7409,3,0,-0.06149018739805068,0.033563740722086385,13,0.978497993306727,42,64,largest,0.5
7533,group-7410,1,0,-0.06546117658181327,0.03555862031302471,60,0.9460739927297518,42,64,largest,0.5
7534,group-7411,0,0,-0.07687622069886257,0.02600705270725285,5,0.9274264501944852,42,64,largest,0.5
7535,group-7412,4,0,-0.0002351241544509275,0.0834949517582108,39,1.0032214702967794,42,64,largest,0.5
7536,group-7413,3,0,-0.05018624263972293,0.040713752664630586,39,0.9974589754399393,42,64,largest,0.5
7537,group-7414,2,0,-0.007965349724387893,0.0769837511040696,5,0.9721681445945305,42,64,largest,0.5
7538,group-7415,1,0,-0.07290983531007866,0.031246424367375337,46,0.9331707096283316,42,64,largest,0.5
7539,group-7416,0,0,-0.04218125140191864,0.042294427099605486,54,0.9808587010815786,42,64,largest,0.5
7540,group-7417,4,0,-0.02193809363461452,0.06104695808293666,63,0.9907144316144396,42,64,largest,0.5
7541,group-7418,3,0,-0.06175158197229391,0.033413639678245365,21,0.9497802074828859,42,64,largest,0.5
7542,group-7419,2,0,-0.01572786247297575,0.0686710487490141,33,0.9809388322174328,42,64,largest,0.5
7543,group-7420,0,0,-0.024805410037613718,0.053763475907359574,20,0.9675391036345028,42,64,largest,0.5
7544,group-7421,4,0,-0.0464675701093229,0.042517296871925035,54,0.9522938180343599,42,64,largest,0.5
7545,group-7422,3,0,-0.05345278597409164,0.038509639887076424,18,0.9825377989746886,42,64,largest,0.5
7546,group-7423,2,0,-0.024157857333920285,0.060590479481327314,35,0.9849738191565398,42,64,largest,0.5
7547,group-7424,1,0,-0.038743451555315556,0.05621811244922012,2,0.976486771910378,42,64,largest,0.5
7548,group-7425,0,0,-0.053157483718852205,0.03629644592323612,3,0.9556448608329455,42,64,largest,0.5
7549,group-7426,4,0,-0.029144833678864668,0.054933067909554156,33,0.9683403648033495,42,64,largest,0.5
7550,group-7427,3,0,-0.025243580401583032,0.06197118961377846,14,0.9753643608922081,42,64,largest,0.5
7551,group-7428,2,0,-0.025712867737159417,0.059200501987089836,18,0.9856187336458864,42,64,largest,0.5
7552,group-7429,1,1,0.006659612751139465,0.11863137392672429,7,0.9936944070896546,42,64,largest,0.5
7553,group-7430,4,0,-0.02341569594891424,0.059743672110374214,54,0.98986103080719,42,64,largest,0.5
7554,group-7431,3,0,-0.056514109457426964,0.036548307735723824,56,0.9824763662080368,42,64,largest,0.5
7555,group-7432,2,0,-0.02872194998569566,0.05659525936375627,44,0.9858292195754894,42,64,largest,0.5
7556,group-7433,1,0,-0.016551589708847514,0.081494935494251,2,0.9782565164810598,42,64,largest,0.5
7557,group-7434,0,0,-0.022732852440003892,0.05531320885324674,57,0.9784447929270186,42,64,largest,0.5
7558,group-7435,4,1,0.011329771361493601,0.09832089430336902,35,0.9801461629799461,42,64,largest,0.5
7559,group-7436,3,0,-0.029407043168004243,0.057813776289616814,42,0.9902714014670901,42,64,largest,0.5
7560,group-7437,2,0,-0.06551553558589918,0.032368043510935966,34,0.9719381439616102,42,64,largest,0.5
7561,group-7438,1,0,-0.021509827439605278,0.0750746200867816,36,0.9619902085760305,42,64,largest,0.5
7562,group-7439,0,0,-0.056808490344905316,0.03448919170446757,18,0.9620620765838561,42,64,largest,0.5
7563,group-7440,3,0,-0.0846647509511772,0.022503731382931588,14,0.9314774742309976,42,64,largest,0.5
7564,group-7441,2,0,-0.04847250860691954,0.04200247523526296,6,0.9456050438338577,42,64,largest,0.5
7565,group-7442,1,0,-0.06338366939560691,0.03686023181303716,44,0.9336378982954306,42,64,largest,0.5
7566,group-7443,0,0,-0.02461388714869006,0.053904950383804995,8,0.9788049414706792,42,64,largest,0.5
7567,group-7444,4,0,-0.016465667676261675,0.06610860107045544,53,0.9752764442703343,42,64,largest,0.5
7568,group-7445,3,0,-0.08505844035814936,0.022350602060866306,17,0.9606642469920748,42,64,largest,0.5
7569,group-7446,2,0,-0.0419184658871542,0.0463945017479493,7,0.9953427755647787,42,64,largest,0.5
7570,group-7447,1,0,-0.027915346878394365,0.06746862793014854,20,0.9933541990803385,42,64,largest,0.5
7571,group-7448,0,0,-0.06601752871706035,0.03030813928131773,45,0.9373171191371834,42,64,largest,0.5
7572,group-7449,4,0,-0.01795865732668489,0.06469022836605058,53,0.9867072887494549,42,64,largest,0.5
7573,group-7450,2,0,-0.01965807899991434,0.0647864572338249,19,0.9707284630087664,42,64,largest,0.5
7574,group-7451,1,0,-0.017395319371028117,0.08036814766528619,16,0.9955038271849295,42,64,largest,0.5
7575,group-7452,0,0,-0.03377320405815876,0.04751855315106575,3,0.9789489620954225,42,64,largest,0.5
7576,group-7453,4,0,-0.026792236013414517,0.056862683426406456,7,0.9870667424309365,42,64,largest,0.5
7577,group-7454,3,0,-0.04872142089195497,0.041740933643188274,27,0.9759210189737183,42,64,largest,0.5
7578,group-7455,2,0,-0.023267886330309406,0.06139967799084306,54,0.9928295888775357,42,64,largest,0.5
7579,group-7456,1,0,-0.05800094758944441,0.04044914461372544,25,0.9497323823319087,42,64,largest,0.5
7580,group-7457,0,0,-0.02906712710333581,0.05070465612970248,32,0.9756804705996494,42,64,largest,0.5
7581,group-7458,4,0,-0.024972048285530568,0.05839913190017515,30,0.9675785665499536,42,64,largest,0.5
7582,group-7459,3,0,-0.031018574830189882,0.05627596024311187,36,0.9692573562993496,42,64,largest,0.5
7583,group-7460,1,0,-0.030139113035929088,0.06499951355681372,31,0.9713800683317245,42,64,largest,0.5
7584,group-7461,0,0,-0.01039193649600656,0.06544428786183244,38,0.981613398443685,42,64,largest,0.5
7585,group-7462,4,0,-0.01708517319287517,0.06551658292323566,52,0.9738263672460082,42,64,largest,0.5
7586,group-7463,3,0,-0.030041552398314186,0.05720363867261018,13,0.9830583081192026,42,64,largest,0.5
7587,group-7464,2,0,-0.03987150266120565,0.047853579378191125,52,0.9707659951680604,42,64,largest,0.5
7588,group-7465,1,0,-0.011652918972236193,0.0883256675671786,13,0.9832145624559177,42,64,largest,0.5
7589,group-7466,0,0,-0.046985496495565604,0.039560612282597316,34,0.9477477134937234,42,64,largest,0.5
7590,group-7467,4,0,-0.012521217013286123,0.06999601103425936,31,0.9840105093617657,42,64,largest,0.5
7591,group-7468,3,0,-0.03256249894405516,0.05483880667974604,19,0.9780527445053051,42,64,largest,0.5
7592,group-7469,2,0,-0.01153743351254466,0.07304966449771777,18,1.0000352894419073,42,64,largest,0.5
7593,group-7470,0,0,-0.01666995087196832,0.06009135705901975,55,0.9853241354504163,42,64,largest,0.5
7594,group-7471,4,0,-0.028739473363755597,0.055261091715040886,55,0.977881390352314,42,64,largest,0.5
7595,group-7472,3,0,-0.05085832382433875,0.040250607777121666,19,0.9647169825133333,42,64,largest,0.5
7596,group-7473,2,0,-0.014916742505762692,0.06949917629330403,37,0.9793705736618857,42,64,largest,0.5
7597,group-7474,1,0,-0.05422562770882289,0.043163600902140165,11,0.9676320864859318,42,64,largest,0.5
7598,group-7475,0,0,-0.016530559266554667,0.06020563240373323,33,0.9854249062741106,42,64,largest,0.5
7599,group-7476,4,0,-0.023481413491410308,0.05968631678292461,53,0.981924363988157,42,64,largest,0.5
7600,group-7477,3,0,-0.011829450204307812,0.07733436840174737,40,0.9812796050716031,42,64,largest,0.5
7601,group-7478,2,0,-0.025801503167578566,0.059122180126125475,4,0.9842237363140717,42,64,largest,0.5
7602,group-7479,1,0,-0.01988193283813311,0.07712957406550727,16,0.9892957666624363,42,64,largest,0.5
7603,group-7480,4,0,-0.009763021879738876,0.07283880844201412,5,1.0038623066452619,42,64,largest,0.5
7604,group-7481,3,0,-0.06752602927042506,0.030258511158498466,46,0.9806933238463243,42,64,largest,0.5
7605,group-7482,2,0,-0.014980311093670373,0.06943394246830127,9,1.0080957686065144,42,64,largest,0.5
7606,group-7483,1,0,-0.0035973043262055304,0.10068690842710357,2,0.9887074258372792,42,64,largest,0.5
7607,group-7484,0,0,-0.02957670572962301,0.050350127858933676,42,0.9565958369687717,42,64,largest,0.5
7608,group-7485,4,0,-0.02804737578526817,0.05582541342177101,14,0.9751511247633964,42,64,largest,0.5
7609,group-7486,3,0,-0.03846322166959415,0.049658905085498396,25,0.9831747661755292,42,64,largest,0.5
7610,group-7487,2,0,-0.038128150401123495,0.04913050827203799,20,0.9645320588711166,42,64,largest,0.5
7611,group-7488,1,0,-0.03849294639878453,0.05645722984420542,10,0.9820005601280716,42,64,largest,0.5
7612,group-7489,0,0,-0.04791374973578422,0.03905228737347591,18,0.9522102857909125,42,64,largest,0.5
7613,group-7490,3,0,-0.04673260945387481,0.04317528392425155,6,0.972329335313992,42,64,largest,0.5
7614,group-7491,2,0,-0.045907095897168904,0.043672162657625774,41,0.9710402834705346,42,64,largest,0.5
7615,group-7492,1,0,-0.020303594589131557,0.07659239974371791,53,0.9849069172960844,42,64,largest,0.5
7616,group-7493,0,0,-0.0005258846412332652,0.07475840903934977,30,1.0038616937029576,42,64,largest,0.5
7617,group-7494,4,0,-0.06236052655068092,0.03352288512537061,10,0.9648048280844076,42,64,largest,0.5
7618,group-7495,3,0,-0.029870034194769968,0.05736796976569325,6,0.9672003273935672,42,64,largest,0.5
7619,group-7496,2,0,-0.032604380023462776,0.05339296786215013,5,0.9664099169097515,42,64,largest,0.5
7620,group-7497,1,0,-0.05496766760826355,0.042616685045270955,47,0.958270579028407,42,64,largest,0.5
7621,group-7498,0,0,-0.08657275218763616,0.022672773140105146,37,0.9122500752875651,42,64,largest,0.5
7622,group-7499,4,0,-0.023994558689078516,0.05924023701923907,14,0.9722790270173167,42,64,largest,0.5
7623,group-7500,1,0,-0.016442693952321452,0.0816414086748418,11,0.9835123773218518,42,64,largest,0.5
7624,group-7501,0,0,-0.052872936888088695,0.0364410646555959,53,0.9434619283815333,42,64,largest,0.5
7625,group-7502,4,0,-0.08623168234370449,0.023374188294348005,2,0.9262523812437448,42,64,largest,0.5
7626,group-7503,3,0,-0.010181964623730222,0.07944585613215506,19,0.9610420987815251,42,64,largest,0.5
7627,group-7504,2,0,-0.06153610402134102,0.03440623470161105,39,0.9414430132337935,42,64,largest,0.5
7628,group-7505,1,0,-0.03137039861997215,0.06366879479217082,35,0.9735659021580106,42,64,largest,0.5
7629,group-7506,0,0,-0.022051138329748587,0.05583208172940946,7,0.9738130937018258,42,64,largest,0.5
7631,group-7507,4,0,-0.011905291149766795,0.07062179487086027,18,0.9923962667943282,42,64,largest,0.5
7632,group-7508,3,0,-0.02309940528888066,0.06421969143558938,34,0.9947450090035823,42,64,largest,0.5
7633,group-7509,2,0,-0.009541666156279716,0.07522429375552794,35,1.002931139206522,42,64,largest,0.5
7634,group-7510,0,0,-0.03502159658512427,0.0467058200127749,60,0.9663759026797912,42,64,largest,0.5
7635,group-7511,4,0,-0.051398737124806027,0.039504132015430196,14,0.967732036163751,42,64,largest,0.5
7636,group-7512,3,0,-0.04866756974990083,0.04177916440099043,33,0.9772750170039419,42,64,largest,0.5
7637,group-7513,2,0,-0.007228738800267642,0.0778188113301097,2,1.0019556777396503,42,64,largest,0.5
7638,group-7514,1,0,-0.0008451475763204819,0.10525044605895106,35,1.009915314973917,42,64,largest,0.5
7639,group-7515,0,0,-0.07678310726324156,0.026041279746598908,21,0.9203562627055232,42,64,largest,0.5
7640,group-7516,4,0,-0.03674612904767671,0.04911207868751471,4,0.9711693317457062,42,64,largest,0.5
7641,group-7517,3,1,0.013930665055741698,0.116900643514251,37,0.940005669995688,42,64,largest,0.5
7642,group-7518,2,0,-0.038605073964692815,0.04877800641982758,52,0.964769512284964,42,64,largest,0.5
7643,group-7519,1,0,-0.018024134365272282,0.07953764093835308,59,0.987093610318106,42,64,largest,0.5
7644,group-7520,4,0,-0.0410437703305675,0.046084795677065825,18,0.9668661167479107,42,64,largest,0.5
7645,group-7521,3,0,-0.05382632084617911,0.03826501505592255,53,0.9112412217328766,42,64,largest,0.5
7646,group-7522,2,0,-0.043211992105522845,0.04549440074133609,3,0.9533442143446832,42,64,largest,0.5
7647,group-7523,1,0,-0.055252481858471314,0.04240852791659403,52,0.9673601273696989,42,64,largest,0.5
7648,group-7524,0,0,-0.00592969147816913,0.06951522407740984,53,0.9782209642638441,42,64,largest,0.5
7649,group-7525,4,0,-0.0061366529056342545,0.07673828719187051,4,0.9981330237569485,42,64,largest,0.5
7650,group-7526,3,0,-0.05210891141140206,0.03940220522402092,48,0.9670469297118162,42,64,largest,0.5
7651,group-7527,2,0,-0.02901082669630517,0.056350899321471776,12,0.9696526527867566,42,64,largest,0.5
7652,group-7528,1,1,0.01123987548723615,0.1275032082175025,7,0.9893533783924985,42,64,largest,0.5
7653,group-7529,0,0,-0.06373205660451131,0.03129754563806578,56,0.9532994435359704,42,64,largest,0.5
7654,group-7530,3,0,-0.055214609767349376,0.03736885194300949,49,0.957043889246828,42,64,largest,0.5
7655,group-7531,2,0,-0.062293405436786076,0.03400904910278647,46,0.951100395579606,42,64,largest,0.5
7656,group-7532,1,0,-0.08075215956485648,0.027254273793586265,43,0.939569548372872,42,64,largest,0.5
7657,group-7533,0,0,-0.030007104246102312,0.05005251731385947,36,0.9822865744766478,42,64,largest,0.5
7658,group-7534,4,0,-0.13657728901056232,0.01082492993796833,60,0.8871447374845141,42,64,largest,0.5
7659,group-7535,3,0,-0.04512264693443824,0.04437075811947408,58,0.97189932317862,42,64,largest,0.5
7660,group-7536,2,0,-0.03515750694796027,0.051381101387820274,41,0.9731823649471182,42,64,largest,0.5
7661,group-7537,1,0,-0.0404602314100565,0.05460484037445078,12,0.9598643892081137,42,64,largest,0.5
7662,group-7538,0,0,-0.06399326457025711,0.031182902458878982,24,0.9379363561611512,42,64,largest,0.5
7663,group-7539,4,0,-0.09421679066359256,0.020702358741873202,10,0.9277534883281716,42,64,largest,0.5
7664,group-7540,2,0,-0.05449806238467425,0.038317625117999084,22,0.9658677062009358,42,64,largest,0.5
7665,group-7541,1,0,-0.033261569291455184,0.061674276148975346,52,0.9557788839281932,42,64,largest,0.5
7666,group-7542,0,0,-0.013642181417714894,0.06261979481187614,13,0.9801805353634364,42,64,largest,0.5
7667,group-7543,4,0,-0.060115068980850506,0.034672286145124395,14,0.9634814835089516,42,64,largest,0.5
7668,group-7544,3,0,-0.09141392713192076,0.020015068981931592,6,0.9177050348424753,42,64,largest,0.5
7669,group-7545,2,0,-0.0151252966496348,0.06928537082428893,38,0.9886839915598226,42,64,largest,0.5
7670,group-7546,1,0,-0.03882010846095607,0.05614513082330838,3,0.9697802082308102,42,64,largest,0.5
7671,group-7547,0,0,-0.0315890451247387,0.04897290224391921,59,0.9661603316245594,42,64,largest,0.5
7672,group-7548,4,0,-0.015143030604053531,0.06738922177776058,32,0.9844643830057843,42,64,largest,0.5
7673,group-7549,3,0,-0.09423837130440726,0.01905548790142596,27,0.9747239421873544,42,64,largest,0.5
7674,group-7550,1,0,-0.024956269248245566,0.07088915775300447,10,0.9945322378855849,42,64,largest,0.5
7675,group-7551,0,0,-0.016706691896363313,0.060061270040033886,6,0.9990091247040548,42,64,largest,0.5
7676,group-7552,4,0,-0.038095804645598474,0.048141586303356576,31,0.9778639865975244,42,64,largest,0.5
7677,group-7553,3,0,-0.01605636904813057,0.07215025357848262,53,0.9771644877787179,42,64,largest,0.5
7678,group-7554,2,0,-0.04814477790389893,0.04221232769427965,24,0.9553741332493358,42,64,largest,0.5
7679,group-7555,1,0,-0.07782048608283754,0.028685044761356443,17,0.9302318201255642,42,64,largest,0.5
7680,group-7556,0,0,-0.03788969076939264,0.04488842241388248,13,0.9600741809614736,42,64,largest,0.5
7681,group-7557,4,0,-0.01938131792470943,0.06336507255288258,39,0.9778373482145576,42,64,largest,0.5
7682,group-7558,3,1,0.014340165167653796,0.1176527368627858,37,0.9366900155886886,42,64,largest,0.5
7683,group-7559,2,0,-0.03850789675881139,0.04884963646224132,41,0.969668545892382,42,64,largest,0.5
7684,group-7560,0,0,-0.034382241509877676,0.04712039026779194,47,0.947749509968063,42,64,largest,0.5
7685,group-7561,4,0,-0.07727411076553814,0.02677259511485109,2,0.9451054138808768,42,64,largest,0.5
7686,group-7562,3,0,-0.049344891279617276,0.04130074031945978,6,0.9416124071977118,42,64,largest,0.5
7687,group-7563,2,0,-0.022769072411203184,0.061857626481786374,46,0.9825615317975868,42,64,largest,0.5
7688,group-7564,1,0,-0.03152042055852633,0.06350840374763699,11,0.9887008201864308,42,64,largest,0.5
7689,group-7565,0,0,-0.004073728391082665,0.0712764921373105,34,0.9859964072547984,42,64,largest,0.5
7690,group-7566,4,0,-0.02229816317236122,0.06072693809989757,58,0.9774807709335025,42,64,largest,0.5
7691,group-7567,3,0,-0.0023724444558756996,0.09018731896559312,29,0.9635352048609908,42,64,largest,0.5
7692,group-7568,2,0,-0.07740521319079285,0.0269505122494794,5,0.9423756779462263,42,64,largest,0.5
7693,group-7569,1,0,-0.0299828216791439,0.06517026590629937,31,0.9839812480285962,42,64,largest,0.5
7694,group-7570,4,0,-0.024572666551248568,0.058741427890589636,0,0.9915532949954952,42,64,largest,0.5
7695,group-7571,3,0,-0.045071036090027605,0.04440959918898414,24,0.9502454749719118,42,64,largest,0.5
7696,group-7572,2,0,-0.04133387209102746,0.04680682800704359,46,0.9806594956010715,42,64,largest,0.5
7697,group-7573,1,0,-0.026653147125600962,0.06890852788137163,31,0.9710081392393252,42,64,largest,0.5
7698,group-7574,0,0,-0.034244157670622166,0.047210384711740515,56,0.984358465703118,42,64,largest,0.5
7699,group-7575,4,0,-0.10722874589237397,0.0169758881158,3,0.8915506960134101,42,64,largest,0.5
7700,group-7576,3,1,0.019684728625479986,0.12785828697309914,37,0.9547878249181649,42,64,largest,0.5
7701,group-7577,2,0,-0.0610274243575859,0.03467553207369172,46,0.9471228164020853,42,64,largest,0.5
7702,group-7578,1,0,-0.019033981085211593,0.0782202834288741,47,0.9768211414885326,42,64,largest,0.5
7703,group-7579,0,1,0.004211947265029492,0.07965201649434056,40,0.9799522834939245,42,64,largest,0.5
7704,group-7580,3,0,-0.04446868560992656,0.044865317066484195,2,0.9769893435343173,42,64,largest,0.5
7705,group-7581,2,0,-0.03181765773747858,0.054027745071407174,17,0.9767384291202131,42,64,largest,0.5
7706,group-7582,1,0,-0.050208738776290396,0.04624239318962384,61,0.9583065204309642,42,64,largest,0.5
7707,group-7583,0,0,-0.05238354226658437,0.036691093392322495,43,0.9513555413690646,42,64,largest,0.5
7708,group-7584,4,0,-0.05085783596094695,0.03982438090645596,23,0.9578368837720704,42,64,largest,0.5
7709,group-7585,3,0,-0.035753701331362686,0.05197721333989333,35,0.9983373441750039,42,64,largest,0.5
7710,group-7586,2,0,-0.013363928831667149,0.0711103769659611,61,0.9942213807884992,42,64,largest,0.5
7711,group-7587,1,0,-0.020706578629869243,0.07608222819549823,59,0.9968994974437839,42,64,largest,0.5
7712,group-7588,0,0,-0.02169166309989856,0.05610752988324899,44,0.9863614475831534,42,64,largest,0.5
7713,group-7589,4,0,-0.08442800096295244,0.024022804318412867,14,0.9327989130711202,42,64,largest,0.5
7714,group-7590,2,0,-0.007117477863125665,0.07794566118128116,5,0.9957199907757425,42,64,largest,0.5
7715,group-7591,1,0,-0.020646182989025652,0.07615848900136453,14,0.9939656953633973,42,64,largest,0.5
7716,group-7592,0,0,-0.025990202994674583,0.052896047178334515,15,0.9871810586051599,42,64,largest,0.5
7717,group-7593,4,0,-0.023317174960143294,0.059829753511016395,6,0.9921919733010034,42,64,largest,0.5
7718,group-7594,3,0,-0.03517047939210327,0.0524894402828687,26,0.9890892943171765,42,64,largest,0.5
7719,group-7595,2,0,-0.0018034498655270514,0.08422874795014355,27,1.0005293384507152,42,64,largest,0.5
7720,group-7596,1,0,-0.061417097578801094,0.038134473248753256,35,0.9542555033475864,42,64,largest,0.5
7721,group-7597,0,0,-0.0975408052441964,0.019403321799052638,24,0.9132887710026227,42,64,largest,0.5
7722,group-7598,4,0,-0.04750908822263733,0.041863114283222785,58,0.9678512568021541,42,64,largest,0.5
7723,group-7599,3,1,0.005675237818815404,0.10260822391540984,37,0.9816896072903768,42,64,largest,0.5
7724,group-7600,0,0,-0.05193848983076266,0.03691989999449689,34,0.9613270662130184,42,64,largest,0.5
7725,group-7601,4,0,-0.04162852899719094,0.04568686941354763,23,0.9752561997541753,42,64,largest,0.5
7726,group-7602,3,0,-0.04119829695902,0.04741834162764278,19,0.9943965068935078,42,64,largest,0.5
7727,group-7603,2,0,-0.004270018492124272,0.08125711709514824,51,1.0027923861594215,42,64,largest,0.5
7728,group-7604,1,0,-0.04941592587124677,0.04687427451232258,6,0.957745970883453,42,64,largest,0.5
7729,group-7605,0,0,-0.051476196799360774,0.03715902284885407,21,0.9595715252498255,42,64,largest,0.5
7730,group-7606,4,0,-0.01602896559557787,0.06652890986711074,9,1.0030662101416012,42,64,largest,0.5
7731,group-7607,3,0,-0.07174902792985327,0.028135806855846865,9,0.9551316617918236,42,64,largest,0.5
7732,group-7608,2,0,-0.04463940535863087,0.04452044279703218,3,0.9533543506140458,42,64,largest,0.5
7733,group-7609,1,0,-0.046150501895885654,0.049564384079778166,22,0.9565481199946828,42,64,largest,0.5
7734,group-7610,4,0,-0.0015740877828802624,0.08191607046397407,31,1.0032743688122026,42,64,largest,0.5
7735,group-7611,3,0,-0.01824476072863168,0.06959393604352632,11,0.9811248420897082,42,64,largest,0.5
7736,group-7612,2,0,-0.028575904001497898,0.05671917804233065,26,0.9926834780373783,42,64,largest,0.5
7737,group-7613,1,0,-0.011452582429520075,0.08861574206231447,16,0.9961815808882807,42,64,largest,0.5
7738,group-7614,0,0,-0.03989808763803515,0.04365611031182796,47,0.9623870208770825,42,64,largest,0.5
7739,group-7615,4,0,-0.020242660903597276,0.06257510706313844,31,0.9885980288133993,42,64,largest,0.5
7740,group-7616,3,0,-0.03253441606470997,0.05486463609532335,17,0.995460064608147,42,64,largest,0.5
7741,group-7617,2,0,-0.0050310525124726,0.08035971899738172,44,0.9910555276708677,42,64,largest,0.5
7742,group-7618,1,1,0.00040652521169770583,0.10738568953037064,7,0.9990365506801203,42,64,largest,0.5
7743,group-7619,0,0,-0.0304747032857976,0.04973107250366631,32,0.9646976254940144,42,64,largest,0.5
7744,group-7620,3,0,-0.013304549808486055,0.07548757194644337,15,0.9843323732389396,42,64,largest,0.5
7745,group-7621,2,0,-0.043366154514956956,0.04538824232774917,51,0.9794278370759616,42,64,largest,0.5
7746,group-7622,1,0,-0.02999380923370254,0.06515824809424946,2,0.9839161788235725,42,64,largest,0.5
7747,group-7623,0,0,-0.06383045853005587,0.031254309603095325,21,0.9538736507555708,42,64,largest,0.5
7748,group-7624,4,0,-0.08717664139503478,0.02304123004242866,2,0.916696926080385,42,64,largest,0.5
7749,group-7625,3,0,-0.06521575495325627,0.03148462553627045,6,0.9259960438170038,42,64,largest,0.5
7750,group-7626,2,0,-0.03895210543838257,0.048523019462904826,57,0.9604888456004892,42,64,largest,0.5
7751,group-7627,1,0,-0.12445835092451363,0.012621564645387183,43,0.8814028644178669,42,64,largest,0.5
7752,group-7628,0,0,-0.09700788896934331,0.019550916729262867,37,0.908376819668127,42,64,largest,0.5
7753,group-7629,4,0,-0.06861124259076257,0.030513792601592135,10,0.9366451504934672,42,64,largest,0.5
7754,group-7630,2,0,-0.04654815028581549,0.043249091933473684,3,0.9748766630443789,42,64,largest,0.5
7755,group-7631,1,0,-0.06741581063444713,0.03437448806345368,13,0.9431096679992759,42,64,largest,0.5
7756,group-7632,0,0,-0.09365450295500466,0.020505223001569643,55,0.9251236800999736,42,64,largest,0.5
7757,group-7633,4,0,-0.0500815204266416,0.040288362258232326,42,0.9664345308263658,42,64,largest,0.5
7758,group-7634,3,0,-0.07544233582308302,0.02639845296910279,33,0.9224408826334652,42,64,largest,0.5
7759,group-7635,2,0,-0.028405715790674635,0.05686390289719202,22,0.9667830551595952,42,64,largest,0.5
7760,group-7636,1,0,-0.006013362094322128,0.0968263917978727,16,1.008278509449709,42,64,largest,0.5
7761,group-7637,0,0,-0.024312081621894466,0.05412860132649809,30,0.9851852161527059,42,64,largest,0.5
7762,group-7638,4,0,-0.07059768620678097,0.029613509109083162,37,0.9511094712626218,42,64,largest,0.5
7763,group-7639,3,0,-0.08536487070700438,0.022232118106420267,6,0.9218165825625925,42,64,largest,0.5
7764,group-7640,1,0,-0.006057390861789691,0.09675728150972643,44,0.9839709066825204,42,64,largest,0.5
7765,group-7641,0,0,-0.014145808288344663,0.06219244718918142,36,0.9785230747627203,42,64,largest,0.5
7766,group-7642,4,0,-0.029607424095952073,0.05456097347903949,11,0.9600425953940277,42,64,largest,0.5
7767,group-7643,3,0,-0.031087223119603657,0.056211313640242705,13,0.9930134252219337,42,64,largest,0.5
7768,group-7644,2,0,-0.024368276453231363,0.06040062114445948,42,0.988811679297539,42,64,largest,0.5
7769,group-7645,1,0,-0.012659845239989531,0.08688065430162889,16,0.9922140185314483,42,64,largest,0.5
7770,group-7646,0,0,-0.0565133553195285,0.034632001647637634,27,0.9524300780700761,42,64,largest,0.5
7771,group-7647,4,0,-0.012363636847527282,0.07015562344782514,32,0.9927268215464051,42,64,largest,0.5
7772,group-7648,3,0,-0.03935387667974499,0.04891848113965451,4,1.0050850733870846,42,64,largest,0.5
7773,group-7649,2,0,-0.03771044743477181,0.04944122244546216,11,0.951938936564079,42,64,largest,0.5
7774,group-7650,0,0,-0.029528108413991117,0.05038383687232397,7,0.9880880982651119,42,64,largest,0.5
7775,group-7651,4,0,-0.027506797494193158,0.05626995640463233,63,0.9935078567148161,42,64,largest,0.5
7776,group-7652,3,0,-0.04451666034149393,0.0448288582619231,17,0.981952708454352,42,64,largest,0.5
7777,group-7653,2,0,-0.022823364746680674,0.061807627741617265,20,1.0073212413909878,42,64,largest,0.5
7778,group-7654,1,0,-0.03606396737461948,0.058825861379714,1,0.9576314876723243,42,64,largest,0.5
7779,group-7655,0,0,-0.08424870642103355,0.023431740620151124,11,0.9310324335172269,42,64,largest,0.5
7780,group-7656,4,0,-0.008718550836006589,0.07394282786418899,55,0.9989519093545307,42,64,largest,0.5
7781,group-7657,3,0,-0.08325755426519155,0.023059498224119644,23,0.9546994738607925,42,64,largest,0.5
7782,group-7658,2,1,0.011696869436117141,0.10230163972973427,47,0.9789307413288845,42,64,largest,0.5
7783,group-7659,1,0,-0.017892371898286408,0.07971101418232664,42,0.983024047732949,42,64,largest,0.5
7784,group-7660,4,0,-0.03490960353173456,0.050462472498468504,51,0.9868328337250704,42,64,largest,0.5
7785,group-7661,3,0,-0.0033225175178307476,0.08881379135241023,40,0.9911519124345634,42,64,largest,0.5
7786,group-7662,2,0,-0.012014613574080846,0.07253836535129113,35,1.0042626768257066,42,64,largest,0.5
7787,group-7663,1,0,-0.028210512544605937,0.06713595659080145,47,0.9800207774341321,42,64,largest,0.5
7788,group-7664,0,0,-0.024204959248647184,0.05420819379220889,20,0.9673729361649803,42,64,largest,0.5
7789,group-7665,4,0,-0.031504591448440644,0.05305965684120522,31,0.9890485963332034,42,64,largest,0.5
7790,group-7666,3,0,-0.03477304878532317,0.05284121997669029,2,0.9546942616006323,42,64,largest,0.5
7791,group-7667,2,0,-0.023606510258900815,0.06109060350955151,26,0.9849583417470261,42,64,largest,0.5
7792,group-7668,1,0,-0.037402033015029756,0.05750974058710339,1,0.9846045821868621,42,64,largest,0.5
7793,group-7669,0,0,-0.014672317570049387,0.06174859541089683,38,0.9887032329062779,42,64,largest,0.5
7794,group-7670,3,0,-0.040425547891091984,0.04804145347859147,10,0.9797555165417415,42,64,largest,0.5
7795,group-7671,2,0,-0.006004610106103758,0.07922490586787448,38,0.9921794211647039,42,64,largest,0.5
7796,group-7672,1,0,-0.017153841872523112,0.08068917678407166,14,0.9888448921445011,42,64,largest,0.5
7797,group-7673,0,0,-0.004236163889295597,0.0711207137677101,32,1.0042386546765603,42,64,largest,0.5
7798,group-7674,4,0,-0.01478661220077837,0.06773823474145219,54,0.9815363212286402,42,64,largest,0.5
7799,group-7675,3,0,-0.11371645487814919,0.013563385703316583,21,0.9169902786265783,42,64,largest,0.5
7800,group-7676,2,0,-0.04562761815714078,0.043857840773229635,22,0.9603325893650022,42,64,largest,0.5
7801,group-7677,1,0,-0.010964147514603284,0.08932657176465264,54,0.9977233454732383,42,64,largest,0.5
7802,group-7678,0,0,-0.031032396936289675,0.04935025136060156,22,0.9729679181906837,42,64,largest,0.5
7803,group-7679,4,0,-0.01210924757151921,0.07041400371330066,36,0.9807797853818666,42,64,largest,0.5
7804,group-7680,2,0,-0.007905723542305787,0.07705103976031666,25,0.9709582294972785,42,64,largest,0.5
7805,group-7681,1,0,-0.11156063359364288,0.0158583894913041,30,0.9087964859225485,42,64,largest,0.5
7806,group-7682,0,0,-0.007913573091446913,0.06767715604699287,19,0.9977665411044786,42,64,largest,0.5
7807,group-7683,4,0,-0.021400489204011275,0.061527701895062195,52,0.9772397288076186,42,64,largest,0.5
7808,group-7684,3,0,-0.02152183388998541,0.06592229946536753,27,1.0009354498591472,42,64,largest,0.5
7809,group-7685,2,0,-0.04998830281972466,0.04104479374468657,35,0.971562461184213,42,64,largest,0.5
7810,group-7686,1,0,-0.033213999908404124,0.061723721720574,29,0.9788736259159704,42,64,largest,0.5
7811,group-7687,0,0,-0.05550485221867907,0.03512431088067201,38,0.964367390975199,42,64,largest,0.5
7812,group-7688,4,0,-0.024122548161733648,0.05912946283592954,40,0.9957851277370827,42,64,largest,0.5
7813,group-7689,3,0,-0.00026162149751296493,0.09330762514446862,35,0.9990043335884297,42,64,largest,0.5
7814,group-7690,1,0,-0.033685070830634656,0.06123569989451687,57,0.9696940760623571,42,64,largest,0.5
7815,group-7691,0,0,-0.02524838499846327,0.053437599004712344,21,0.9806696301916817,42,64,largest,0.5
7816,group-7692,4,0,-0.018806343689259597,0.0638975649204819,11,1.0027877629106134,42,64,largest,0.5
7817,group-7693,3,0,-0.05207213211819062,0.0394269098774731,17,0.9617770563524065,42,64,largest,0.5
7818,group-7694,2,0,-0.028966101564002145,0.0563886671798021,14,0.9865304107649906,42,64,largest,0.5
7819,group-7695,1,0,-0.030447053565312743,0.06466429810904469,53,0.9828278676691438,42,64,largest,0.5
7820,group-7696,0,1,0.009842506695002529,0.08584715489259472,40,1.0018523257484473,42,64,largest,0.5
7821,group-7697,4,0,-0.03676484417694181,0.04909849545643821,0,0.9919561890428082,42,64,largest,0.5
7822,group-7698,3,0,-0.05602779402785085,0.036853332672279866,63,0.9917702696892101,42,64,largest,0.5
7823,group-7699,2,0,-0.005959894356330708,0.07927670566662486,35,0.9942940718288628,42,64,largest,0.5
7824,group-7700,4,0,-0.055117394240418505,0.037368396520758684,28,0.9502616394328255,42,64,largest,0.5
7825,group-7701,3,0,-0.0723451887152633,0.02784803718145956,14,0.9540223325751487,42,64,largest,0.5
7826,group-7702,2,0,-0.08863859640908744,0.02264820178204393,11,0.9215209880873831,42,64,largest,0.5
7827,group-7703,1,0,-0.028775213357146612,0.0665037398764439,61,0.9735821029649239,42,64,largest,0.5
7828,group-7704,0,0,-0.012505912264599517,0.06359404881379521,34,0.9990588330932607,42,64,largest,0.5
7829,group-7705,4,0,-0.012108608314085445,0.0704146541062518,11,0.9842672866401572,42,64,largest,0.5
7830,group-7706,3,0,-0.07889307456634842,0.02486979639651969,45,0.9456786314907063,42,64,largest,0.5
7831,group-7707,2,0,-0.034585036427363325,0.05182587819474181,46,0.9840725257466773,42,64,largest,0.5
7832,group-7708,1,0,-0.012967639390132346,0.0864432338275646,36,0.9818908985408771,42,64,largest,0.5
7833,group-7709,0,0,-0.02402238426938308,0.054344102237432884,62,0.9875038488815376,42,64,largest,0.5
7834,group-7710,3,0,-0.07468648783792309,0.02674529946502964,45,0.9540769673699993,42,64,largest,0.5
7835,group-7711,2,0,-0.03608963010637678,0.05066461229440225,27,0.9783997726618835,42,64,largest,0.5
7836,group-7712,1,0,-0.003724953150717969,0.10047956852937266,61,0.9905972979928136,42,64,largest,0.5
7837,group-7713,0,0,-0.0693127463487141,0.02893476732000343,45,0.9362891868656796,42,64,largest,0.5
7838,group-7714,4,0,-0.06338869333781849,0.03300894644237046,27,0.9538796525593454,42,64,largest,0.5
7839,group-7715,3,0,-0.059728775167052106,0.03459229755377566,41,0.9879979811180304,42,64,largest,0.5
7840,group-7716,2,0,-0.03935486328863147,0.04822867267238181,10,0.9633349311330518,42,64,largest,0.5
7841,group-7717,1,0,-0.07082703051006933,0.032398473098304174,29,0.9363738446928949,42,64,largest,0.5
7842,group-7718,0,0,-0.032418406723701665,0.048415755083012275,1,0.9615182399654489,42,64,largest,0.5
7843,group-7719,4,0,-0.042627981254859004,0.04501430966377581,28,0.9727092502680964,42,64,largest,0.5
7844,group-7720,2,0,-0.0990903660596506,0.019252173303268207,11,0.9220887702458039,42,64,largest,0.5
7845,group-7721,1,0,-0.03353475815054985,0.06139102826554494,1,0.9730608028404317,42,64,largest,0.5
7846,group-7722,0,0,-0.03436829658737384,0.04712947129196454,11,0.9682919190451283,42,64,largest,0.5
7847,group-7723,4,0,-0.1027193727002007,0.018186030717450483,20,0.9241457679658001,42,64,largest,0.5
7848,group-7724,3,0,-0.05622281566938758,0.036730718989890075,23,0.9785984574225348,42,64,largest,0.5
7849,group-7725,2,0,-0.04172197422718693,0.046532704442789535,33,0.9700428127648505,42,64,largest,0.5
7850,group-7726,1,0,-0.04404347719364743,0.0513771984268005,1,0.965636975668232,42,64,largest,0.5
7851,group-7727,0,0,-0.0546400065591659,0.03555185769324219,54,0.9424850005502691,42,64,largest,0.5
7852,group-7728,4,0,-0.028893438392753934,0.05513628420200146,42,0.9817333033960838,42,64,largest,0.5
7853,group-7729,3,0,-0.04371985802083489,0.04543807016444482,19,1.0022101933842489,42,64,largest,0.5
7854,group-7730,1,0,-0.002585789352527623,0.10234338331428686,42,0.9909526155385999,42,64,largest,0.5
7855,group-7731,0,0,-0.010701567944472523,0.06517018933162715,11,0.9865401095483173,42,64,largest,0.5
7856,group-7732,4,0,-0.05734592850255604,0.03614212613917685,20,0.9492294385546599,42,64,largest,0.5
7857,group-7733,3,0,-0.07089926496675092,0.02855098808476162,41,0.9536993649252802,42,64,largest,0.5
7858,group-7734,2,0,-0.011030201942673457,0.07359680243191243,54,0.9919697146494927,42,64,largest,0.5
7859,group-7735,1,0,-0.02594034007001167,0.06973421154852764,0,0.9862382160970865,42,64,largest,0.5
7860,group-7736,0,0,-0.03744852355396411,0.045163521174997674,11,0.9604781219557714,42,64,largest,0.5
7861,group-7737,4,0,-0.018800706918461807,0.06390280580060896,63,0.998935238869256,42,64,largest,0.5
7862,group-7738,3,0,-0.06832677761494554,0.02984442898001105,46,0.9862505784067922,42,64,largest,0.5
7863,group-7739,2,0,-0.07078833838999765,0.02984647409540348,25,0.9381913195636411,42,64,largest,0.5
7864,group-7740,0,0,-0.03997014290662093,0.043612503953641114,57,0.9733853870178101,42,64,largest,0.5
7865,group-7741,4,0,-0.031154549877596804,0.05333369595937478,53,0.9850634861251676,42,64,largest,0.5
7866,group-7742,3,0,-0.027104396190497648,0.06007963868720488,40,0.9714572160643827,42,64,largest,0.5
7867,group-7743,2,0,-0.03178649418093871,0.05405303575772186,13,0.9710554869371559,42,64,largest,0.5
7868,group-7744,1,0,-0.013062595342693939,0.08630869050837724,14,0.9806144137097892,42,64,largest,0.5
7869,group-7745,0,0,-0.01620226528693336,0.06047557684826871,34,0.9859275290140281,42,64,largest,0.5
7870,group-7746,4,0,-0.007202982643205069,0.075572197239627,39,0.9897215044068159,42,64,largest,0.5
7871,group-7747,3,0,-0.05742763536178408,0.035981883901634225,13,0.9912911001947783,42,64,largest,0.5
7872,group-7748,2,0,-0.017802725777179673,0.06659411217008374,27,0.9937403374824657,42,64,largest,0.5
7873,group-7749,1,0,-0.06130365364089341,0.03820925603107988,59,0.9624947612074247,42,64,largest,0.5
7874,group-7750,4,0,-0.0225477633992317,0.06050602180674951,52,0.9888052524555115,42,64,largest,0.5
7875,group-7751,3,0,-0.03934938730322579,0.04892218688084598,39,0.9858674689440721,42,64,largest,0.5
7876,group-7752,2,1,0.009560386005945887,0.0992285515195007,47,0.9931903099796531,42,64,largest,0.5
7877,group-7753,1,0,-0.032896342286582225,0.06205485856881012,16,0.9837118895326138,42,64,largest,0.5
7878,group-7754,0,0,-0.014360777570200045,0.0620108675650129,60,0.9933808821812661,42,64,largest,0.5
7879,group-7755,4,0,-0.02579399040330299,0.0577005540001883,36,0.9980231503271423,42,64,largest,0.5
7880,group-7756,3,0,-0.02092470210566677,0.0665776383429084,13,0.9834966578733678,42,64,largest,0.5
7881,group-7757,2,0,-0.01635608778216502,0.06803594169255034,45,0.9934390894614068,42,64,largest,0.5
7882,group-7758,1,0,-0.10367523480450891,0.018226381193996465,30,0.9248943972427417,42,64,largest,0.5
7883,group-7759,0,0,-0.025309557588734544,0.053392743778587604,34,0.9680985862750113,42,64,largest,0.5
7884,group-7760,3,0,-0.0949525214659599,0.018820095370907203,23,0.9201133476052001,42,64,largest,0.5
7885,group-7761,2,0,-0.06381679839241972,0.03322342625691136,25,0.9586868654126287,42,64,largest,0.5
7886,group-7762,1,0,-0.059261028719180264,0.03958009407212625,22,0.9540533973908644,42,64,largest,0.5
7887,group-7763,0,0,-0.03088408985732971,0.049451252157409566,3,0.9748719046258232,42,64,largest,0.5
7888,group-7764,4,0,-0.033736693329201706,0.05134323097997907,36,0.9742540614106666,42,64,largest,0.5
7889,group-7765,3,0,-0.02709207718241935,0.06009198162698988,29,0.9619829218020012,42,64,largest,0.5
7890,group-7766,2,0,-0.106392545901565,0.017181084102978895,24,0.9139013932244672,42,64,largest,0.5
7891,group-7767,1,0,-0.053832546317651775,0.0434560283652615,46,0.9594231122123019,42,64,largest,0.5
7892,group-7768,0,0,-0.042192401133227975,0.04228787803220797,33,0.9670142085520439,42,64,largest,0.5
7893,group-7769,4,0,-0.06848266728635244,0.030572969540144466,41,0.9487601261080921,42,64,largest,0.5
7894,group-7770,2,0,-0.017113426468529203,0.06727754686063701,28,0.9590486967090894,42,64,largest,0.5
7895,group-7771,1,0,-0.033754153740961024,0.06116443508358293,9,0.9782171598371144,42,64,largest,0.5
7896,group-7772,0,0,-0.036776128955549714,0.04558589797366381,37,0.9574267933276948,42,64,largest,0.5
7897,group-7773,4,0,-0.053148312636983386,0.03848509733522115,26,0.9700245902258888,42,64,largest,0.5
7898,group-7774,3,0,-0.041705801161673106,0.047013297890680456,53,0.9564551672650249,42,64,largest,0.5
7899,group-7775,2,0,-0.0852699540373324,0.02386267097185396,12,0.9188970965093427,42,64,largest,0.5
7900,group-7776,1,0,-0.05421356341883832,0.043172547948913516,22,0.9507232111073278,42,64,largest,0.5
7901,group-7777,0,0,-0.039464135376814924,0.04391961037153844,53,0.9700104414326444,42,64,largest,0.5
7902,group-7778,4,0,-0.0388267430425846,0.04762362823067425,38,0.9658948988427414,42,64,largest,0.5
7903,group-7779,3,1,0.03563639413367692,0.16286988508687175,37,0.932287292131555,42,64,largest,0.5
7904,group-7780,1,0,-0.02832589985046452,0.06700632175389587,47,0.9777776211212215,42,64,largest,0.5
7905,group-7781,0,0,-0.054062399818900486,0.03584019167139332,37,0.9491954788713808,42,64,largest,0.5
7906,group-7782,4,0,-0.11918672540646413,0.014137182440199804,62,0.9028400504799495,42,64,largest,0.5
7907,group-7783,3,0,-0.0066920110268029465,0.08409356587894565,22,0.9926662520433329,42,64,largest,0.5
7908,group-7784,2,0,-0.05818328048031207,0.03621906898077792,37,0.9648119049378324,42,64,largest,0.5
7909,group-7785,1,0,-0.05456520250892183,0.0429124925799139,37,0.9438274645178796,42,64,largest,0.5
7910,group-7786,0,0,-0.030901043788494897,0.04943969619735384,33,0.9532423722360559,42,64,largest,0.5
7911,group-7787,4,0,-0.05019793622824542,0.0402184552617459,55,0.9408942988648644,42,64,largest,0.5
7912,group-7788,3,0,-0.0021184610109944435,0.09055773313454576,2,0.9746779403776745,42,64,largest,0.5
7913,group-7789,2,0,-0.05358015591180876,0.038858223985568686,2,0.9493727897493291,42,64,largest,0.5
7914,group-7790,0,0,-0.04947321930383286,0.038212377022133856,22,0.9646414423487725,42,64,largest,0.5
7915,group-7791,4,0,-0.04021768898871825,0.046652565696568504,15,0.9660236358005403,42,64,largest,0.5
7916,group-7792,3,0,-0.0380139456112808,0.05003641823151507,53,0.9269866538616051,42,64,largest,0.5
7917,group-7793,2,0,-0.05952265851581051,0.03548410958759446,28,0.964310878110557,42,64,largest,0.5
7918,group-7794,1,0,-0.04122881645603271,0.05389681625973191,44,0.9815720100037525,42,64,largest,0.5
7919,group-7795,0,0,-0.05704207528472893,0.034376567349980125,13,0.9508928881874119,42,64,largest,0.5
7920,group-7796,4,0,-0.07631609042310428,0.027163339061186776,3,0.9478746439624447,42,64,largest,0.5
7921,group-7797,3,1,0.019997884275057887,0.12847909405345798,37,0.9421523814803355,42,64,largest,0.5
7922,group-7798,2,0,-0.017609217988896697,0.06678531997976164,3,0.9755217967584751,42,64,largest,0.5
7923,group-7799,1,0,-0.11146460096330546,0.01588532205462399,12,0.896277099305184,42,64,largest,0.5
7924,group-7800,3,0,-0.08933927776464445,0.02074991299559129,6,0.9102102657655768,42,64,largest,0.5
7925,group-7801,2,0,-0.02725699612851329,0.05784986301780259,57,0.9652360238584755,42,64,largest,0.5
7926,group-7802,1,0,-0.08374458325234457,0.025865467937000248,63,0.9241659402309798,42,64,largest,0.5
7927,group-7803,0,0,-0.061120895054914026,0.03246621310958641,17,0.9334150463115204,42,64,largest,0.5
7928,group-7804,4,0,-0.04708651728150215,0.042127364625407074,34,0.9558895734526686,42,64,largest,0.5
7929,group-7805,3,0,-0.10872772915781936,0.01479997492048288,6,0.9145503355989898,42,64,largest,0.5
7930,group-7806,2,0,-0.048658726671747976,0.04188368091459338,2,0.9697121305984417,42,64,largest,0.5
7931,group-7807,1,0,-0.0182197564776585,0.07928087645660072,23,0.9923298134150109,42,64,largest,0.5
7932,group-7808,0,0,-0.02765230992219203,0.051701410910218064,44,0.9787237603340028,42,64,largest,0.5
7933,group-7809,4,0,-0.016777002920553064,0.06581046095038844,31,0.9844711876240483,42,64,largest,0.5
7934,group-7810,2,0,-0.06787881243553351,0.03121336705214238,23,0.9526494475292776,42,64,largest,0.5
7935,group-7811,1,0,-0.037893152208775205,0.05703364874758473,54,0.9751835648100519,42,64,largest,0.5
7936,group-7812,0,0,-0.0057236423301139094,0.06970875517204088,17,0.9991520847405999,42,64,largest,0.5
7937,group-7813,4,0,-0.02170773621729971,0.061252519843652355,63,0.9887736794290185,42,64,largest,0.5
7938,group-7814,3,0,-0.045601498157717524,0.044011927724061095,40,0.9945259806030531,42,64,largest,0.5
7939,group-7815,2,0,-0.02418449418458235,0.06056641458131135,23,0.9726903403223343,42,64,largest,0.5
7940,group-7816,1,0,-0.05003211734745294,0.046382457127846284,52,0.9643526118022758,42,64,largest,0.5
7941,group-7817,0,0,-0.06963800551068,0.028802526588039844,21,0.9342750512706908,42,64,largest,0.5
7942,group-7818,4,0,-0.01910516444168786,0.0636203041506412,31,0.9864678509988359,42,64,largest,0.5
7943,group-7819,3,0,-0.012482399087117013,0.07651183644728568,29,0.9882545372440565,42,64,largest,0.5
7944,group-7820,1,0,-0.048055736067157184,0.047977526754547015,37,0.9636065151693731,42,64,largest,0.5
7945,group-7821,0,0,-0.03138341200257688,0.049111980118702096,60,0.9739354526320967,42,64,largest,0.5
7946,group-7822,4,0,-0.07968870228726577,0.025811863174789885,3,0.9331008152271186,42,64,largest,0.5
7947,group-7823,3,0,-0.02597503759678499,0.06122110552054506,2,0.953375393831763,42,64,largest,0.5
7948,group-7824,2,0,-0.05173874618059893,0.039964863995026384,3,0.9429896895590117,42,64,largest,0.5
7949,group-7825,1,0,-0.04584547202083733,0.049823018310819506,60,0.9588653718204735,42,64,largest,0.5
7950,group-7826,0,0,-0.05531740439063204,0.035216555391326565,24,0.9615487493744111,42,64,largest,0.5
7951,group-7827,4,0,-0.03405532533745037,0.05110253632771179,3,0.9627214140749419,42,64,largest,0.5
7952,group-7828,3,0,-0.027067019568766226,0.06011709524395695,3,0.9752970853108945,42,64,largest,0.5
7953,group-7829,2,0,-0.03640921151660248,0.05042114614833557,27,0.965144120667698,42,64,largest,0.5
7954,group-7830,0,0,-0.08123032246598294,0.024454558802309262,17,0.9216764311452859,42,64,largest,0.5
7955,group-7831,4,0,-0.026861532089352602,0.056804946559721084,39,0.9747661043335851,42,64,largest,0.5
7956,group-7832,3,0,-0.009243882686040705,0.08067155671035037,29,0.9612562900490589,42,64,largest,0.5
7957,group-7833,2,0,-0.018712292333868175,0.06570214998611257,34,0.985368480696346,42,64,largest,0.5
7958,group-7834,1,0,-0.018903554551858215,0.07838929679963796,23,0.9954759994841383,42,64,largest,0.5
7959,group-7835,0,0,-0.00015213348033094043,0.07513418662922702,48,1.00535015167717,42,64,largest,0.5
7960,group-7836,4,0,-0.0193504105125184,0.0633935908509093,17,0.9845424557850475,42,64,largest,0.5
7961,group-7837,3,1,0.001231841175038051,0.09557348858068627,37,0.996221503094593,42,64,largest,0.5
7962,group-7838,2,0,-0.0694385073942213,0.030473255808096643,5,0.9304572154448367,42,64,largest,0.5
7963,group-7839,1,0,-0.02457362862253709,0.07134299333752435,13,0.979826761440187,42,64,largest,0.5
7964,group-7840,4,0,-0.01494782353806312,0.06758016580924447,2,0.9822125693942162,42,64,largest,0.5
7965,group-7841,3,0,-0.07009641361022112,0.028948708440355755,6,0.9157177877162106,42,64,largest,0.5
7966,group-7842,2,0,-0.0644291194672707,0.03291261070033772,3,0.9315685748208637,42,64,largest,0.5
7967,group-7843,1,0,-0.013167248473527682,0.0861606269216967,23,0.9840880773542118,42,64,largest,0.5
7968,group-7844,0,0,-0.03922439644224007,0.04406583221440588,30,0.9642867244345252,42,64,largest,0.5
7969,group-7845,4,0,-0.11397814157851971,0.015311079286404912,21,0.9009803091664077,42,64,largest,0.5
7970,group-7846,3,0,-0.07534091518454289,0.026444737828255474,14,0.9426622271720418,42,64,largest,0.5
7971,group-7847,2,0,-0.0774763916948118,0.026920895239379454,11,0.9249000626455215,42,64,largest,0.5
7972,group-7848,1,0,-0.10407464159247937,0.01809849986699992,29,0.9122100981025834,42,64,largest,0.5
7973,group-7849,0,0,-0.01679073607952719,0.059992499744210025,7,0.9876936369508655,42,64,largest,0.5
7974,group-7850,3,0,-0.02352215043450534,0.06377044530210722,48,0.9661139010011438,42,64,largest,0.5
7975,group-7851,2,0,-0.053310217503035884,0.03901859136716402,39,0.9627657414690242,42,64,largest,0.5
7976,group-7852,1,0,-0.06433581845402336,0.03625809333538888,31,0.945418656638343,42,64,largest,0.5
7977,group-7853,0,0,-0.04318327277023504,0.041709721023566376,21,0.9556343845630677,42,64,largest,0.5
7978,group-7854,4,0,-0.028776147254559015,0.05523133892324373,34,0.9829133988773452,42,64,largest,0.5
7979,group-7855,3,0,-0.004705329746686027,0.0868483823821955,33,0.9622893673031918,42,64,largest,0.5
7980,group-7856,2,0,-0.056990471162618794,0.03688591722704829,31,0.9520985019273995,42,64,largest,0.5
7981,group-7857,1,0,-0.05141407480366478,0.04529723324683674,12,0.9473814052867453,42,64,largest,0.5
7982,group-7858,0,0,-0.10012073656630416,0.018704096510921087,21,0.9124514053821073,42,64,largest,0.5
7983,group-7859,4,0,-0.024548865791223173,0.05876188596428592,10,0.9689153609685287,42,64,largest,0.5
7984,group-7860,2,0,-0.008797486547505673,0.07605028354674076,3,0.9766264028445468,42,64,largest,0.5
7985,group-7861,1,0,-0.07833956554071597,0.028426507937083605,17,0.950859201383558,42,64,largest,0.5
7986,group-7862,0,0,-0.03790446912055245,0.04487923477086996,45,0.9630373656480892,42,64,largest,0.5
7987,group-7863,4,0,-0.02066300379527264,0.06219294251582777,53,0.9674110088665351,42,64,largest,0.5
7988,group-7864,3,0,-0.059868829511395494,0.03450941419546278,46,0.979663483418805,42,64,largest,0.5
7989,group-7865,2,0,-0.010223288381638329,0.07447497787527801,38,0.9925523129956654,42,64,largest,0.5
7990,group-7866,1,0,-0.01572314734781599,0.08261529647897702,10,0.9877208420665055,42,64,largest,0.5
7991,group-7867,0,0,-0.03928934165949938,0.044026174956003215,32,0.9719689254386349,42,64,largest,0.5
7992,group-7868,4,0,-0.012166970880375438,0.07035529777767957,24,0.9918158462090542,42,64,largest,0.5
7993,group-7869,3,0,-0.03089927844229312,0.05638846887830401,27,0.9927636820313691,42,64,largest,0.5
7994,group-7870,1,0,-0.05844668071494685,0.04013966273171282,22,0.9605711983913432,42,64,largest,0.5
7995,group-7871,0,0,-0.013570362518319556,0.06268095883558145,57,0.9836746330229863,42,64,largest,0.5
7996,group-7872,4,0,-0.006686017734190086,0.0761354807294179,55,0.9912641152400625,42,64,largest,0.5
7997,group-7873,3,0,-0.09904530776784437,0.017525084990359763,23,0.961520552748365,42,64,largest,0.5
7998,group-7269,2,0,-0.01306749352385328,0.07142185412294504,48,0.9797812039392477,42,64,largest,0.5
7999,group-7874,2,0,-0.03603986976744378,0.05070262111728517,46,0.9618974975018744,42,64,largest,0.5
8000,group-7875,1,0,-0.01810829408350978,0.07942708382349194,31,0.987366777821012,42,64,largest,0.5
8001,group-7876,0,0,-0.029490035444176832,0.05041026071313307,7,0.972995841345348,42,64,largest,0.5
8002,group-7877,4,0,-0.0615153130986994,0.03395114991234181,15,0.9515583328840169,42,64,largest,0.5
8003,group-7878,3,0,-0.0385472138591344,0.0495886291112887,48,0.9299305664355791,42,64,largest,0.5
8004,group-7879,2,0,-0.015973154923925814,0.06842241841753101,34,0.9776390035040392,42,64,largest,0.5
8005,group-7880,0,0,-0.038307541587385474,0.044629336173048345,47,0.9690488450035966,42,64,largest,0.5
8006,group-7881,4,0,-0.07759147300860769,0.026644363202991548,11,0.9332799333533272,42,64,largest,0.5
8007,group-7882,3,0,-0.0670241145791477,0.030520892952846327,47,0.9802357410099445,42,64,largest,0.5
8008,group-7883,2,0,-0.05559095625920485,0.0376833830710914,48,0.9676732295810092,42,64,largest,0.5
8009,group-7884,1,0,-0.018033757648754367,0.07952499211653127,59,0.9919435139293213,42,64,largest,0.5
8010,group-7885,0,0,-0.02785126580668129,0.05156013287651357,18,0.9728026284616723,42,64,largest,0.5
8011,group-7886,4,0,-0.021670789903366128,0.06128554940919039,63,0.9798978442163317,42,64,largest,0.5
8012,group-7887,3,0,-0.06043745717821869,0.034174866492361546,39,0.9561494810511102,42,64,largest,0.5
8013,group-7888,2,0,-0.01593219847082783,0.068463874111811,19,0.9819945639379595,42,64,largest,0.5
8014,group-7889,1,0,-0.01600487031090647,0.08223273877165901,16,0.984354614963742,42,64,largest,0.5
8015,group-7890,4,0,-0.035893164074779604,0.04973494663393499,54,0.9731729397091872,42,64,largest,0.5
8016,group-7891,3,0,-0.02396637882382069,0.06330152604071033,42,1.004458942464976,42,64,largest,0.5
8017,group-7892,2,0,-0.015641431520402316,0.06875885504496121,45,0.9889302829165014,42,64,largest,0.5
8018,group-7893,1,1,0.004001002805227749,0.11373047913725073,7,0.9867099603470185,42,64,largest,0.5
8019,group-7894,0,0,-0.002684955662128341,0.07262126022532496,29,0.9978905524858749,42,64,largest,0.5
8020,group-7895,4,0,-0.01064057645588612,0.07192298454142537,31,1.0033122671700192,42,64,largest,0.5
8021,group-7896,3,0,-0.06802682347503997,0.029998893656431883,23,0.974287646290778,42,64,largest,0.5
8022,group-7897,2,0,-0.043041071601955805,0.045612375416909004,34,0.9755016837611143,42,64,largest,0.5
8023,group-7898,1,0,-0.03519910610536536,0.059691508755353055,3,0.9687626805407756,42,64,largest,0.5
8024,group-7899,0,0,-0.02647713100634086,0.05254339476349001,56,0.9915402217133967,42,64,largest,0.5
8025,group-7900,2,0,-0.01683264505901816,0.06755780048981447,4,0.9925633612655524,42,64,largest,0.5
8026,group-7901,1,1,0.0024251875786103216,0.11090963996744906,7,1.0047391570712048,42,64,largest,0.5
8027,group-7902,0,0,-0.04635725285360193,0.039908241115603815,4,0.9853678846964323,42,64,largest,0.5
8028,group-7903,4,1,0.017309606752995865,0.10687425714765832,35,0.9866789295348353,42,64,largest,0.5
8029,group-7904,3,0,-0.03713246233598855,0.05078501494606305,14,0.9855093628242877,42,64,largest,0.5
8030,group-7905,2,0,-0.041309233397610834,0.04682428250369974,33,0.9766137578923377,42,64,largest,0.5
8031,group-7906,1,0,-0.03988255750536229,0.05514275566941536,44,0.9709170811920158,42,64,largest,0.5
8032,group-7907,0,0,-0.051599625794445214,0.037095033408622156,36,0.9687235456947748,42,64,largest,0.5
8033,group-7908,4,0,-0.019331856854958307,0.0634107160753329,55,1.0014043592147368,42,64,largest,0.5
8034,group-7909,3,0,-0.09659209893297471,0.018290409414122622,14,0.9474074917914173,42,64,largest,0.5
8035,group-7910,1,0,-0.03059067667273585,0.06450850490955609,61,0.956165154005413,42,64,largest,0.5
8036,group-7911,0,0,-0.04286569794687012,0.041894192540748415,57,0.9773022648664752,42,64,largest,0.5
8037,group-7912,4,0,-0.03270733657723279,0.05212815435397096,15,0.9672041162540028,42,64,largest,0.5
8038,group-7913,3,0,-0.0757035038746855,0.026279627434179206,18,0.9937828462125206,42,64,largest,0.5
8039,group-7914,2,0,-0.019142068408264157,0.06528456675741304,44,0.9916788746603151,42,64,largest,0.5
8040,group-7915,1,0,-0.06918845812892505,0.03333355703251036,29,0.9667631183327663,42,64,largest,0.5
8041,group-7916,0,0,-0.04911688071329923,0.0384027541584482,11,0.9637248472400158,42,64,largest,0.5
8042,group-7917,4,0,-0.013228438102807827,0.06928379705776519,5,1.000045079892545,42,64,largest,0.5
8043,group-7918,3,0,-0.021556456199632534,0.06588448670878196,40,0.9881783066651594,42,64,largest,0.5
8044,group-7919,2,0,-0.000564876780709489,0.08575787107437766,54,0.9918176881873964,42,64,largest,0.5
8045,group-7920,0,0,-0.01568065664004281,0.06090680704596424,52,0.978728773822859,42,64,largest,0.5
8046,group-7921,4,0,-0.0297717792730976,0.054429343612791864,33,0.9687294099380105,42,64,largest,0.5
8047,group-7922,3,0,-0.04201930630332207,0.04676473228876905,28,0.9729097548142058,42,64,largest,0.5
8048,group-7923,2,0,-0.012205158170991437,0.07233511965492809,16,0.9905839409937516,42,64,largest,0.5
8049,group-7924,1,0,-0.036552125723561146,0.05834246905169181,46,0.9533234545250229,42,64,largest,0.5
8050,group-7925,0,0,-0.005347575046459996,0.07006326080152138,42,0.9800874622939255,42,64,largest,0.5
8051,group-7926,4,0,-0.04639671439284976,0.042562154869123944,53,0.9547294260502776,42,64,largest,0.5
8052,group-7927,3,0,-0.07685500524611355,0.025761897866303878,10,0.9602078316768435,42,64,largest,0.5
8053,group-7928,2,0,-0.04116485781610102,0.046926685230580384,13,0.9614406562067506,42,64,largest,0.5
8054,group-7929,1,0,-0.019383596086080424,0.07776887834098624,10,0.9855335673041723,42,64,largest,0.5
8055,group-7930,4,0,-0.045921235304926755,0.04286434754705601,51,0.969676281289122,42,64,largest,0.5
8056,group-7931,3,0,-0.037998089019833925,0.050049791597353746,45,0.9629428725900859,42,64,largest,0.5
8057,group-7932,2,0,-0.06415505504196128,0.03305137765366694,11,0.9546701283543076,42,64,largest,0.5
8058,group-7933,1,0,-0.07920656418378069,0.02799972009946425,30,0.935855819872667,42,64,largest,0.5
8059,group-7934,0,0,-0.05331879820453467,0.0362147045541191,57,0.9450481534519743,42,64,largest,0.5
8060,group-7935,4,0,-0.06714733516105309,0.031194164744623703,16,0.9487762062794481,42,64,largest,0.5
8061,group-7936,3,0,-0.05909353886283231,0.034970642121577626,45,0.9524339333396633,42,64,largest,0.5
8062,group-7937,2,0,-0.08931690326283126,0.022411063031255507,11,0.9154341727005005,42,64,largest,0.5
8063,group-7938,1,0,-0.010239590771312312,0.09039050810701581,54,0.9838445552949289,42,64,largest,0.5
8064,group-7939,0,0,-0.020534638436398134,0.05700280164636108,32,0.9869749274364165,42,64,largest,0.5
8065,group-7940,3,0,-0.04023645164544487,0.04819511262172909,20,0.9917211345197604,42,64,largest,0.5
8066,group-7941,2,0,-0.044317913834835854,0.04473805475588135,39,0.971460139885351,42,64,largest,0.5
8068,group-7942,1,0,-0.022618452953997337,0.07370407854815185,23,0.9951637953549602,42,64,largest,0.5
8069,group-7943,0,0,-0.0482500453121214,0.03886967788061039,5,0.9416626588984963,42,64,largest,0.5
8070,group-7944,4,0,-0.03731539907838266,0.04870049943266913,42,0.9659135538129379,42,64,largest,0.5
8071,group-7945,3,0,-0.05255204594707319,0.03910571631953503,26,0.9873938779693994,42,64,largest,0.5
8072,group-7946,2,0,-0.025781497398148834,0.05913984954543235,7,0.9680121088765112,42,64,largest,0.5
8073,group-7947,1,0,-0.030874696017807568,0.064201447202068,19,0.9724529763759174,42,64,largest,0.5
8074,group-7948,0,0,-0.030995381695276936,0.04937544132701709,22,0.9640160701543357,42,64,largest,0.5
8075,group-7949,4,0,-0.06391135357754285,0.03275061560276199,47,0.9276271944098671,42,64,largest,0.5
8076,group-7950,2,0,-0.10342321864070625,0.017995452632156524,29,0.9132455152426315,42,64,largest,0.5
8077,group-7951,1,0,-0.002417757723794711,0.10262088246884364,3,0.992305994011368,42,64,largest,0.5
8078,group-7952,0,0,-0.04565041337556608,0.04030285960802426,50,0.9455958419381867,42,64,largest,0.5
8079,group-7953,4,0,-0.08132970443471321,0.025178173941514375,61,0.9384300112514998,42,64,largest,0.5
8080,group-7954,3,1,0.006804498883381527,0.10446773252414898,37,0.9771012314730998,42,64,largest,0.5
8081,group-7955,2,0,-0.024783717528794602,0.06002740776086602,22,0.9703610404807796,42,64,largest,0.5
8082,group-7956,1,0,-0.08988450837724893,0.02322830185995837,29,0.9459847913276546,42,64,largest,0.5
8083,group-7957,0,0,-0.06973249437053963,0.02876422027217188,11,0.9290113974004264,42,64,largest,0.5
8084,group-7958,4,0,-0.013702242874647719,0.06881040542381744,17,0.9893360055599066,42,64,largest,0.5
8085,group-7959,3,0,-0.027437419647243777,0.05974686625132986,40,0.9903163439020852,42,64,largest,0.5
8086,group-7960,1,0,-0.027851797616707752,0.06754045196294067,63,0.9955157213864557,42,64,largest,0.5
8087,group-7961,0,0,-0.02885462633130398,0.050853196034015245,15,0.9773718945431543,42,64,largest,0.5
8088,group-7962,4,0,-0.03360350952014657,0.051444155503630164,31,0.9797707539189113,42,64,largest,0.5
8089,group-7963,3,1,0.023714415257380606,0.13604464720276666,37,0.9465568950462036,42,64,largest,0.5
8090,group-7964,2,0,-0.055670376090935614,0.0376376883283996,46,0.9618490056525604,42,64,largest,0.5
8091,group-7965,1,0,-0.026464393809727205,0.06912628585190252,31,0.9894082500721629,42,64,largest,0.5
8092,group-7966,0,0,-0.022368057995255652,0.05559029756183867,44,0.9915643952068232,42,64,largest,0.5
8093,group-7967,4,0,-0.0014346411732973907,0.08207922629230929,1,0.9925726745160895,42,64,largest,0.5
8094,group-7968,3,0,-0.024949143651880834,0.062275540543789365,9,0.9756293772691317,42,64,largest,0.5
8095,group-7969,2,0,-0.06801156585246737,0.03114970099090362,19,0.9179349815969504,42,64,largest,0.5
8096,group-7970,0,1,0.0033362088765521714,0.07872596067373215,40,0.9879615358911628,42,64,largest,0.5
8097,group-7971,4,0,-0.03660862541967691,0.049211986611385664,32,0.9827459337822393,42,64,largest,0.5
8098,group-7972,3,0,-0.08880629735404122,0.020942920049769134,14,0.9815073849359311,42,64,largest,0.5
8099,group-7973,2,1,0.00481489080536901,0.09269517659209264,47,0.9852286187749634,42,64,largest,0.5
8100,group-7974,1,0,-0.019925505659065035,0.07707390508455583,59,0.9861871012100105,42,64,largest,0.5
8101,group-7975,0,0,-0.04314195951142907,0.04173367486165605,15,0.9436692835738443,42,64,largest,0.5
8102,group-7976,4,0,-0.0017335874392956363,0.08172981428778563,31,0.9905347841226302,42,64,largest,0.5
8103,group-7977,3,0,-0.048878435411787824,0.04162965461215446,18,0.9855219583960105,42,64,largest,0.5
8104,group-7978,2,0,-0.03943313559264883,0.04817166611787745,16,0.9714064533469425,42,64,largest,0.5
8105,group-7979,1,0,-0.0313770992649135,0.06366162296951718,6,0.9677442155336642,42,64,largest,0.5
8106,group-7980,4,0,-0.09136175750485998,0.021621451877967313,21,0.9318437822263073,42,64,largest,0.5
8108,group-7981,3,0,-0.011080726239366179,0.07828751588611879,33,0.9666826860153831,42,64,largest,0.5
8109,group-7982,2,0,-0.01625891760861986,0.0681338191053154,13,0.9746981718545875,42,64,largest,0.5
8110,group-7983,1,0,-0.061144228236734266,0.0383145880634906,31,0.9528120542864835,42,64,largest,0.5
8111,group-7984,0,0,-0.06419897142228681,0.031092904670186865,36,0.9380765485821585,42,64,largest,0.5
8112,group-7985,4,0,-0.07552749008848247,0.02748913718253274,4,0.937194326763045,42,64,largest,0.5
8113,group-7986,3,1,0.003213012845721175,0.09865517173442195,37,0.9605379149421233,42,64,largest,0.5
8114,group-7987,2,0,-0.037771622178961795,0.0493956006001055,37,0.9702494146199517,42,64,largest,0.5
8115,group-7988,1,0,-0.011296741464998594,0.08884198422942834,56,0.9894902234677193,42,64,largest,0.5
8116,group-7989,0,0,-0.030232794364361326,0.04989712461391514,0,0.9811425356352098,42,64,largest,0.5
8117,group-7990,3,0,-0.02535570718760094,0.061855652975793526,43,0.9977053770278594,42,64,largest,0.5
8118,group-7991,2,0,-0.03426043057983641,0.052079692946775565,37,0.9737537799718627,42,64,largest,0.5
8119,group-7992,1,0,-0.030363621530097085,0.06475496062231442,60,0.9757836532909543,42,64,largest,0.5
8120,group-7993,0,1,0.012333232726596588,0.08872455810477392,40,0.9921309925481272,42,64,largest,0.5
8121,group-7994,4,0,-0.006340561124534627,0.07651403399139614,39,0.9990620331943758,42,64,largest,0.5
8122,group-7995,3,0,-0.0685319786054146,0.029739202833032257,45,0.944274076344779,42,64,largest,0.5
8123,group-7996,2,0,-0.08290115046656577,0.024754488743312018,45,0.9248883176883045,42,64,largest,0.5
8124,group-7997,1,0,-0.032798449204541225,0.06215723951850439,46,0.9646449706578025,42,64,largest,0.5
8125,group-7998,0,0,-0.032418416650230486,0.04841574845072437,56,0.976933522135495,42,64,largest,0.5
8127,group-7999,4,0,-0.08827366597323205,0.0226604978581585,54,0.9065797144992855,42,64,largest,0.5
8128,group-8000,0,0,-0.07116034357956802,0.028191346325920037,2,0.9313631666589934,42,64,largest,0.5
8129,group-8001,4,0,-0.08170657080241728,0.025034797132893995,54,0.9199121880162119,42,64,largest,0.5
8130,group-8002,3,0,-0.03664486556281188,0.051203646495580374,36,0.9780465012610139,42,64,largest,0.5
8131,group-8003,2,0,-0.02522204814691309,0.05963597266054929,19,0.9810229787714589,42,64,largest,0.5
8132,group-8004,1,0,-0.016228723384061783,0.08192991442592079,10,0.9902529884365939,42,64,largest,0.5
8133,group-8005,0,0,-0.028743810782379198,0.05093082036661696,59,0.961289191005159,42,64,largest,0.5
8134,group-8006,4,0,-0.016135926760101782,0.0664257349791984,51,0.9789383635552353,42,64,largest,0.5
8135,group-8007,3,0,-0.05353849182272963,0.03845337947984906,41,0.9860353001288485,42,64,largest,0.5
8136,group-8008,2,0,-0.022493859605873134,0.06211165626911984,10,0.9925469032008273,42,64,largest,0.5
8137,group-8009,1,0,-0.029752646927216464,0.06542249769915139,13,0.9885062391231745,42,64,largest,0.5
8138,group-8010,4,0,-0.0209520067476604,0.061931454105778536,44,0.977402804468163,42,64,largest,0.5
8139,group-8011,3,0,-0.06620622423878808,0.03095318227735553,46,0.9898542589418028,42,64,largest,0.5
8140,group-8012,2,0,-0.021678940439571304,0.06286957475741707,3,0.9945866517181937,42,64,largest,0.5
8141,group-8013,1,0,-0.022531725472910602,0.07381045999985589,14,0.9842492989130022,42,64,largest,0.5
8142,group-8014,0,0,-0.018312426347591115,0.058760040761218,20,0.9946726397234382,42,64,largest,0.5
8143,group-8015,4,0,-0.014681750887701517,0.0678412360178378,52,0.9974012689204708,42,64,largest,0.5
8144,group-8016,3,0,-0.05451321123667019,0.03781906595103413,27,0.9728681777996622,42,64,largest,0.5
8145,group-8017,2,0,-0.021469503582313254,0.06306575147926273,27,0.9771191058115337,42,64,largest,0.5
8146,group-8018,1,0,-0.03204148846195265,0.06295424275063492,31,0.9677264016422126,42,64,largest,0.5
8147,group-8019,0,0,-0.023925392872621742,0.054416433002361125,6,0.9781684406245565,42,64,largest,0.5
8148,group-8020,3,0,-0.05215143386496135,0.039373661392249286,12,0.9889357754874384,42,64,largest,0.5
8149,group-8021,2,0,-0.026841010451921776,0.05821085016513133,38,0.9746259433023859,42,64,largest,0.5
8150,group-8022,1,0,-0.03192345540244701,0.06307937560380635,57,0.9807320127353216,42,64,largest,0.5
8151,group-8023,0,0,-0.06633957571457516,0.03017117986714196,2,0.9409132364564453,42,64,largest,0.5
8152,group-8024,4,0,-0.04192393031547681,0.045487095609379795,20,0.9755202688597291,42,64,largest,0.5
8153,group-8025,3,0,-0.08715343889832328,0.021552704289249686,41,0.9481254410415803,42,64,largest,0.5
8154,group-8026,2,0,-0.08561943024780261,0.023733779767191137,62,0.9199416570695422,42,64,largest,0.5
8155,group-8027,1,0,-0.04850322053701839,0.0476118764782201,59,0.9691892404181435,42,64,largest,0.5
8156,group-8028,0,0,-0.09635152961002336,0.019734212849427425,11,0.9121451179404111,42,64,largest,0.5
8157,group-8029,4,0,-0.10124143463600277,0.018600781651141488,20,0.9213387787907837,42,64,largest,0.5
8158,group-8030,2,0,-0.10957828459875518,0.016347615888069742,11,0.9039488819768164,42,64,largest,0.5
8159,group-8031,1,0,-0.07691851099832447,0.029139726802778383,63,0.9213185938582676,42,64,largest,0.5
8160,group-8032,0,0,-0.039306501330659493,0.04401570249680919,57,0.9874928906737594,42,64,largest,0.5
8161,group-8033,4,0,-0.044925699682445086,0.04350371478995604,4,0.9633850628485793,42,64,largest,0.5
8162,group-8034,3,0,-0.0057981364063127705,0.08532309265960329,3,0.9761034022263079,42,64,largest,0.5
8163,group-8035,2,0,-0.007577144805313907,0.07742281152527931,35,1.0018401078166408,42,64,largest,0.5
8164,group-8036,1,0,-0.04293301896152346,0.05235766633917382,41,0.9649464373049262,42,64,largest,0.5
8165,group-8037,0,0,-0.03350143060643118,0.047697256806135145,2,0.952663292509559,42,64,largest,0.5
8166,group-8038,4,0,-0.034540638183079286,0.050737981456659115,9,0.9762451127606893,42,64,largest,0.5
8167,group-8039,3,0,-0.031096869949496342,0.05620223474759804,35,0.9821882934878395,42,64,largest,0.5
8168,group-8040,1,0,-0.09819895138822199,0.020071763092842382,30,0.9058171412327061,42,64,largest,0.5
8169,group-8041,0,0,-0.026894442620546744,0.05224292956377802,15,0.9859959632320164,42,64,largest,0.5
8170,group-8042,4,0,-0.027408108406247855,0.05635147162290976,32,0.9718593596066963,42,64,largest,0.5
8171,group-8043,3,0,-0.12592445524231433,0.010951038024682867,14,0.9226830717057698,42,64,largest,0.5
8172,group-8044,2,0,-0.07044155385039996,0.030006297443224184,11,0.9263677342823687,42,64,largest,0.5
8173,group-8045,1,0,-0.016839404043140216,0.08110895530790176,11,0.9748547234088399,42,64,largest,0.5
8174,group-8046,0,0,-0.00880199030383555,0.06686873216501087,22,0.9861116870941552,42,64,largest,0.5
8175,group-8047,4,0,-0.018562846414840184,0.06412432586858303,63,0.9897710321672808,42,64,largest,0.5
8176,group-8048,3,0,-0.05889851366696963,0.03508759650518423,8,0.9676970272640387,42,64,largest,0.5
8177,group-8049,2,0,-0.019099958456298194,0.0653253727018981,16,0.9835895507737132,42,64,largest,0.5
8179,group-8050,0,0,-0.01383946014979165,0.06245207038234401,19,0.983194390969855,42,64,largest,0.5
8180,group-8051,4,0,-0.013295081067265957,0.06921703048649866,31,0.9927197616895905,42,64,largest,0.5
8181,group-8052,3,0,-0.04900484279491224,0.04154027366049366,16,0.9872248926002344,42,64,largest,0.5
8182,group-8053,2,0,-0.048068187558312214,0.04226151430074405,3,0.9594579849822673,42,64,largest,0.5
8183,group-8054,1,0,-0.05247374552016848,0.044481522123729696,46,0.9793882702173524,42,64,largest,0.5
8184,group-8055,0,0,-0.07542010515537323,0.026547343255625286,3,0.9425682824311356,42,64,largest,0.5
8185,group-8056,4,0,-0.012156375934930908,0.07036606969053052,31,0.9924828990128965,42,64,largest,0.5
8186,group-8057,3,0,-0.05098017037361069,0.04016718306966702,12,0.9780049043190134,42,64,largest,0.5
8187,group-8058,2,0,-0.03110899434301706,0.054605625045585936,61,0.9861881126223858,42,64,largest,0.5
8188,group-8059,1,0,-0.05286668201314182,0.044182622448191884,43,0.942221792727895,42,64,largest,0.5
8189,group-8060,4,0,-0.058768507098462264,0.03537969038500775,26,0.9531827962972408,42,64,largest,0.5
8190,group-8061,3,0,-0.05415198512673658,0.03805295839352776,18,0.9858842872490302,42,64,largest,0.5
8191,group-5743,2,0,-0.0324135646315451,0.05354628028397042,61,0.9966908591815362,42,64,largest,0.5
8192,group-8062,2,0,-0.03367966582573212,0.05253673607182246,27,0.9662871243168101,42,64,largest,0.5
8193,group-8063,1,0,-0.022301991047355085,0.07409293953930293,62,0.9683598126769956,42,64,largest,0.5
8194,group-8064,0,0,-0.05747741793068861,0.034167610165042335,62,0.9625712121960764,42,64,largest,0.5
8195,group-8065,4,1,0.007237380308125707,0.0928239092611703,35,0.9865817685967757,42,64,largest,0.5
8196,group-8066,3,0,-0.04370852622132049,0.045446790743076004,26,0.9937025231040245,42,64,largest,0.5
8197,group-8067,2,1,0.0003550842891164585,0.08690987735384446,47,1.0017065335454263,42,64,largest,0.5
8198,group-8068,1,0,-0.01022402336461381,0.09041349199055322,0,0.9957644008301494,42,64,largest,0.5
8199,group-8069,0,0,-0.06279046024805301,0.03171420313939458,2,0.9540677848229465,42,64,largest,0.5
8200,group-8070,3,0,-0.02987827232663698,0.057360066709651804,42,0.9877412421655433,42,64,largest,0.5
8201,group-8071,2,0,-0.08688693182405027,0.023271984489517054,15,0.9300655102294119,42,64,largest,0.5
8202,group-8072,1,0,-0.0706581785483964,0.032493648030607655,54,0.9298554712454037,42,64,largest,0.5
8203,group-8073,0,0,-0.006091192570503723,0.06936388229342609,22,0.9872778448466631,42,64,largest,0.5
8204,group-8074,4,0,-0.08086821509093123,0.02535483489843303,54,0.9279926767631261,42,64,largest,0.5
8205,group-8075,3,0,-0.042130912668181586,0.04667654610472263,29,0.9783272972239446,42,64,largest,0.5
8206,group-8076,2,0,-0.060710710837461934,0.03484422697000591,11,0.9422343248896176,42,64,largest,0.5
8207,group-8077,1,0,-0.016672158843836105,0.08133304010638666,44,0.9756730448971863,42,64,largest,0.5
8208,group-8078,0,0,-0.03520261223105381,0.04658907741165697,2,0.9839011484826519,42,64,largest,0.5
8209,group-8079,4,0,-0.08222901403510274,0.02483735145048464,20,0.9372849566510506,42,64,largest,0.5
8210,group-8080,2,0,-0.07196269348975748,0.029311351963118567,59,0.9375914172166759,42,64,largest,0.5
8211,group-8081,1,0,-0.0330840539463686,0.061858981713673884,6,0.9603841145509712,42,64,largest,0.5
8212,group-8082,0,0,-0.08634995598336148,0.022744478958585737,36,0.9303342356505274,42,64,largest,0.5
8213,group-8083,4,0,-0.04993589699154777,0.040375972156858356,11,0.9696051524760774,42,64,largest,0.5
8214,group-8084,3,0,-0.07158778303542745,0.02821413539089972,15,0.9596324775784704,42,64,largest,0.5
8215,group-8085,2,0,-0.07507281055199244,0.027938728484206678,57,0.9266583609219441,42,64,largest,0.5
8216,group-8086,1,0,-0.06976882460395284,0.03299941620990523,17,0.9405750282525437,42,64,largest,0.5
8217,group-8087,0,0,-0.05048787186749504,0.03767524161038696,24,0.9564447222412433,42,64,largest,0.5
8218,group-8088,4,1,0.003977062658356845,0.08864368398452255,35,0.9944347930243953,42,64,largest,0.5
8219,group-8089,3,0,-0.0073828252375400805,0.08315439552847817,48,0.9658311071288979,42,64,largest,0.5
8220,group-8090,1,0,-0.017800548078291123,0.07983204012098634,8,0.9862172223425695,42,64,largest,0.5
8221,group-8091,0,0,-0.061378324013013796,0.03234914749790487,24,0.9175420246229642,42,64,largest,0.5
8222,group-8092,4,0,-0.03025172448604141,0.05404667298979899,13,0.9565121007894948,42,64,largest,0.5
8223,group-8093,3,0,-0.08047931103370365,0.024196372123726228,26,0.9692970718212333,42,64,largest,0.5
8224,group-8094,2,0,-0.017649401988067526,0.06674557170860022,34,0.993004965188768,42,64,largest,0.5
8225,group-8095,1,1,0.004515596389145338,0.11466510174647089,7,0.9883335019789388,42,64,largest,0.5
8226,group-8096,0,0,-0.038567467174087544,0.044468890483144674,19,0.97308268547472,42,64,largest,0.5
8227,group-8097,4,0,-0.024414792708011945,0.05887725407293296,1,0.9737719753224406,42,64,largest,0.5
8228,group-8098,3,0,-0.05880592446352706,0.03514325305676584,55,0.9774432546918581,42,64,largest,0.5
8229,group-8099,2,0,-0.040017045699640263,0.0477484126229498,18,0.9775138781824635,42,64,largest,0.5
8230,group-8100,4,0,-0.012513512881072941,0.07000380670999283,47,0.9815161870584624,42,64,largest,0.5
8231,group-8101,3,0,-0.02313968387362919,0.06417676114532168,3,0.9761815825520422,42,64,largest,0.5
8232,group-8102,2,0,-0.02284952171005472,0.061783552824006605,7,0.9870471677746292,42,64,largest,0.5
8233,group-8103,1,0,-0.012828364972761963,0.08664091560427864,42,0.9900265891676193,42,64,largest,0.5
8234,group-8104,0,0,-0.019244172386016056,0.0580171519459192,15,0.9844819372551649,42,64,largest,0.5
8235,group-8105,4,0,-0.047792757443422595,0.04168661466168855,15,0.9589927621017845,42,64,largest,0.5
8236,group-8106,3,0,-0.06460792261231829,0.031815122233503065,55,0.9882854345161353,42,64,largest,0.5
8237,group-8107,2,0,-0.008855271950469423,0.07598584867706927,4,0.9819985826833227,42,64,largest,0.5
8238,group-8108,1,1,0.009562423172815082,0.12419008889401294,7,0.9929358117904281,42,64,largest,0.5
8239,group-8109,0,0,-0.008192545769069803,0.06742233071129337,32,0.9880335482721072,42,64,largest,0.5
8240,group-8110,3,0,-0.014914253256623544,0.07351853318015932,3,0.9633833312405693,42,64,largest,0.5
8241,group-8111,2,0,-0.012724397207874993,0.07178393207433828,61,0.9911582050075238,42,64,largest,0.5
8242,group-8112,1,0,-0.049357955305259216,0.04692079847900969,12,0.94697306306754,42,64,largest,0.5
8243,group-8113,0,1,0.009621228063633636,0.08559565427214873,40,1.0001435764923978,42,64,largest,0.5
8244,group-8114,4,0,-0.02672765758901241,0.05691653922660472,5,0.9763150164011197,42,64,largest,0.5
8245,group-8115,3,0,-0.05344473484945056,0.03851492899360214,17,0.9628562528718555,42,64,largest,0.5
8246,group-8116,2,0,-0.020973838759180796,0.06353231075028616,6,0.985102834340558,42,64,largest,0.5
8247,group-8117,1,0,-0.015554509485913526,0.08284506764177399,54,0.9984465621184386,42,64,largest,0.5
8248,group-8118,0,1,0.005938945641528526,0.08150745352053612,40,0.99572008296396,42,64,largest,0.5
8249,group-8119,4,0,-0.07928094008991593,0.025971717531055535,20,0.9345770135492508,42,64,largest,0.5
8250,group-8120,2,0,-0.05977654569514268,0.035346422355172574,13,0.9639897603480791,42,64,largest,0.5
8251,group-8121,1,0,-0.05861377719737759,0.0400242298365645,46,0.9508434098866718,42,64,largest,0.5
8252,group-8122,0,0,-0.03532755634554052,0.046508659034751404,57,0.9639223076319606,42,64,largest,0.5
8253,group-8123,4,0,-0.03064098298830298,0.053738173258611514,17,0.9796240226774273,42,64,largest,0.5
8254,group-8124,3,0,-0.06697556362424983,0.030546390114747263,10,0.9719368979852808,42,64,largest,0.5
8255,group-8125,2,0,-0.061279668395592735,0.034541739867325325,6,0.9264377109541906,42,64,largest,0.5
8256,group-8126,1,0,-0.01643424797212656,0.0816527791863353,29,0.9729154795988262,42,64,largest,0.5
8257,group-8127,0,0,-0.056293267732806296,0.03473886855974649,45,0.9716886393225608,42,64,largest,0.5
8258,group-8128,4,0,-0.018984686214514546,0.06373195468081781,31,0.9855930893412751,42,64,largest,0.5
8259,group-8129,3,0,-0.042666352478264336,0.046255661572874765,13,0.9949827936034433,42,64,largest,0.5
8260,group-8130,1,0,-0.00909043592190062,0.09210133640454453,2,0.9959936901593764,42,64,largest,0.5
8261,group-8131,0,0,-0.013504580506985886,0.06273703049990847,11,0.9837773565499437,42,64,largest,0.5
8262,group-8132,4,0,-0.012626746506281816,0.06988930838200595,28,0.9938559267399655,42,64,largest,0.5
8263,group-8133,3,0,-0.04276436379711812,0.04617901138565277,55,0.990189452472006,42,64,largest,0.5
8264,group-8134,2,0,-0.023734590941768996,0.06097407915375056,9,0.9843825871906136,42,64,largest,0.5
8265,group-8135,1,0,-0.006027959480793932,0.09680347395122661,10,0.9903302717668122,42,64,largest,0.5
8266,group-8136,0,0,-0.01823828956852913,0.058819532166969515,30,0.9906251342539913,42,64,largest,0.5
8267,group-8137,4,0,-0.040498816829646844,0.04645860220663258,51,0.9690154681365281,42,64,largest,0.5
8268,group-8138,3,0,-0.03129800979331332,0.05601325046566589,36,0.9897926718784344,42,64,largest,0.5
8269,group-8139,2,0,-0.04305065374876316,0.04560575381867274,17,0.969120015493734,42,64,largest,0.5
8270,group-8140,0,0,-0.03722580063822489,0.045303013994625066,34,0.9627629576694399,42,64,largest,0.5
8271,group-8141,4,0,-0.011686487406300294,0.0708453423639218,63,0.9961110642803901,42,64,largest,0.5
8272,group-8142,3,0,-0.06746133934367782,0.030292205508578883,47,0.9814204652720024,42,64,largest,0.5
8273,group-8143,2,0,-0.012092501901823982,0.07245522170069339,6,0.9863185398801088,42,64,largest,0.5
8274,group-8144,1,0,-0.017311412027247064,0.08047956483081369,4,0.9889053210160701,42,64,largest,0.5
8275,group-8145,0,0,-0.0559121010427307,0.0349247023704862,2,0.9472903452990261,42,64,largest,0.5
8276,group-8146,4,0,-0.03251658907786481,0.052274846600310614,47,0.970988586440764,42,64,largest,0.5
8277,group-8147,3,0,-0.023574845412029477,0.06371465269506515,19,0.9881756124625984,42,64,largest,0.5
8278,group-8148,2,0,-0.038018034137303536,0.04921223958953435,58,0.9872872710824774,42,64,largest,0.5
8279,group-8149,1,0,-0.03390304051407922,0.061011109441062104,59,0.9788998886907361,42,64,largest,0.5
8280,group-8150,4,0,-0.02162586038567349,0.061325738296293744,63,0.9852259517470311,42,64,largest,0.5
8281,group-8151,3,0,-0.035892005723116904,0.05185643943586117,49,0.98674669119918,42,64,largest,0.5
8282,group-8152,2,0,-0.032983779158774484,0.053089365819923975,5,0.9581715392673148,42,64,largest,0.5
8283,group-8153,1,0,-0.02755346773780243,0.06787857632818564,35,0.973802723349124,42,64,largest,0.5
8284,group-8154,0,0,-0.10844129194942542,0.01661332488588001,2,0.8978623092177546,42,64,largest,0.5
8285,group-8155,4,0,-0.016472012073087905,0.06610251305602922,63,1.0061148093413443,42,64,largest,0.5
8286,group-8156,3,0,-0.08210041611537455,0.023526527066701976,6,0.9218777115944102,42,64,largest,0.5
8287,group-8157,2,0,-0.04886305242405098,0.041753704828501215,39,0.9657641524636236,42,64,largest,0.5
8288,group-8158,1,0,-0.014752501599117118,0.08394578729669838,61,0.9778939499873105,42,64,largest,0.5
8289,group-8159,0,0,-0.05245992499004526,0.036651961528430005,37,0.9538241219584802,42,64,largest,0.5
8290,group-8160,3,0,-0.051737634184976566,0.039652275001780576,14,0.9664020579560922,42,64,largest,0.5
8291,group-8161,2,0,-0.11281251477394227,0.015542156945984731,57,0.8913697992593741,42,64,largest,0.5
8292,group-8162,1,0,-0.04328261908070341,0.052047098912722994,22,0.9623740721145435,42,64,largest,0.5
8293,group-8163,0,0,-0.010994626740592928,0.064911745697299,44,0.9999262794477066,42,64,largest,0.5
8294,group-8164,4,0,-0.06273381798780664,0.03333540490045329,41,0.9517145231212408,42,64,largest,0.5
8295,group-8165,3,0,-0.1067105572608561,0.015330946347896276,46,0.9522614520651543,42,64,largest,0.5
8296,group-8166,2,0,-0.03798739890787606,0.049235000812884386,25,0.9616283977767883,42,64,largest,0.5
8297,group-8167,1,0,-0.07426897166024182,0.030516134480153684,43,0.9392652764391272,42,64,largest,0.5
8298,group-8168,0,0,-0.04931336613758586,0.03829766768608672,47,0.9636349021222089,42,64,largest,0.5
8299,group-8169,4,0,-0.032301656341655605,0.052440605555265085,22,0.9645132143264928,42,64,largest,0.5
8300,group-8170,2,0,-0.09009221716324745,0.02214298085771593,11,0.9108553016541123,42,64,largest,0.5
8301,group-8171,1,0,-0.02810190700790549,0.0672581848719729,43,0.9666268237312855,42,64,largest,0.5
8302,group-8172,0,0,-0.0320405683474656,0.04866882873649852,49,0.9831065610184724,42,64,largest,0.5
8303,group-8173,4,0,-0.03682238338211474,0.04905675645841883,23,0.9737766833858817,42,64,largest,0.5
8304,group-8174,3,0,-0.06825446550135716,0.02988159622974745,53,0.9106525298273501,42,64,largest,0.5
8305,group-8175,2,0,-0.024493885323960907,0.060287551430295246,51,0.9885367388069777,42,64,largest,0.5
8306,group-8176,1,0,-0.046049090373651014,0.04965022918613884,44,0.9778158912617136,42,64,largest,0.5
8307,group-8177,0,0,-0.05426901216404656,0.035736795670082214,13,0.9560126041737491,42,64,largest,0.5
8308,group-8178,4,0,-0.09131091507623768,0.021638175557204112,42,0.9257464500887698,42,64,largest,0.5
8309,group-8179,3,0,-0.022841401555937946,0.0644953155685559,24,0.9375642160413548,42,64,largest,0.5
8310,group-8180,1,0,-0.10068379934908467,0.019212773744246892,12,0.9168412367741446,42,64,largest,0.5
8311,group-8181,0,0,-0.07316166810003977,0.027406997256506895,34,0.9244534276046883,42,64,largest,0.5
8312,group-8182,4,0,-0.0788661864153044,0.026135301127887207,34,0.923239967278497,42,64,largest,0.5
8313,group-8183,3,0,-0.009231305524600497,0.08068810667802533,2,0.9904216230532418,42,64,largest,0.5
8314,group-8184,2,0,-0.06514496887238908,0.03255280469415353,3,0.9435430273975998,42,64,largest,0.5
8315,group-8185,1,0,-0.04279110425526156,0.05248423528236835,31,0.9685380985734107,42,64,largest,0.5
8316,group-8186,0,0,-0.06238542952608317,0.03189507555701042,37,0.9420231349497786,42,64,largest,0.5
8317,group-8187,4,1,0.0007786467987733747,0.08470871831794809,35,1.0029591929011934,42,64,largest,0.5
8318,group-8188,3,0,-0.04306627090592541,0.045943662485890956,20,0.9885573160364921,42,64,largest,0.5
8319,group-8189,2,1,0.0008462141332922224,0.08753060411370757,47,0.9968050767528843,42,64,largest,0.5
8320,group-8190,0,0,-0.027514654715046327,0.05179937363976957,47,0.9695462654936954,42,64,largest,0.5
8321,group-8191,4,0,-0.03344234581769956,0.051566533630225675,24,0.9869136337744406,42,64,largest,0.5
8322,group-8192,3,0,-0.07259403974861045,0.02772876315311498,25,0.951483202122333,42,64,largest,0.5
8323,group-8193,2,0,-0.03743587286057293,0.0496464823492495,7,0.9765185300199167,42,64,largest,0.5
8324,group-8194,1,0,-0.05466235240668704,0.0428409093798138,36,0.9528602436973287,42,64,largest,0.5
8325,group-8195,0,0,-0.07035665006080227,0.02851242313733549,13,0.9392068633117466,42,64,largest,0.5
8326,group-8196,4,0,-0.037837828621534064,0.04832566718759092,37,0.9840529223795983,42,64,largest,0.5
8327,group-8197,3,0,-0.031866482420627285,0.05548235993517635,49,0.9671052777922609,42,64,largest,0.5
8328,group-8198,2,0,-0.014430357407113292,0.07000018249620212,27,0.9852692239376091,42,64,largest,0.5
8329,group-8199,1,0,-0.01905608076296772,0.07819167859709594,29,0.9844749567515106,42,64,largest,0.5
8330,group-8200,3,0,-0.08633904444845919,0.02185950880598765,23,0.9364171670039124,42,64,largest,0.5
8331,group-8201,2,0,-0.004049637993887134,0.08151868675420201,26,0.9819756168302022,42,64,largest,0.5
8332,group-8202,1,0,-0.007116306405287265,0.09510836306513264,10,1.0061634827752746,42,64,largest,0.5
8333,group-8203,0,0,-0.026017303326316132,0.05287636146302001,1,0.9860579231823149,42,64,largest,0.5
8334,group-8204,4,0,-0.03827352297941722,0.048015161428675554,23,0.9893794457718502,42,64,largest,0.5
8335,group-8205,3,0,-0.003847324342895697,0.08806319379054049,36,0.9810752277598579,42,64,largest,0.5
8336,group-8206,2,0,-0.0727790127846063,0.028944871109696912,57,0.9396588712401855,42,64,largest,0.5
8337,group-8207,1,0,-0.011986504133101983,0.08784456001952463,10,0.9880322713592757,42,64,largest,0.5
8338,group-8208,0,0,-0.06485193342814399,0.03080889309138364,24,0.9592417845142601,42,64,largest,0.5
8339,group-8209,4,0,-0.04636081996871899,0.042584896499850845,14,0.9502986349338214,42,64,largest,0.5
8340,group-8210,2,0,-0.0337828098977786,0.05245528925976932,20,0.9793963444812739,42,64,largest,0.5
8341,group-8211,1,0,-0.09963864152503099,0.019569594069456096,21,0.9128489993547542,42,64,largest,0.5
8342,group-8212,0,0,-0.024673993336903344,0.05386051327680462,38,1.010068063037873,42,64,largest,0.5
8343,group-8213,4,0,-0.039578143347168804,0.04709669138068077,7,0.9782447312258137,42,64,largest,0.5
8344,group-8214,3,0,-0.007398826628557065,0.08313275486817302,19,0.964837361542944,42,64,largest,0.5
8345,group-8215,2,0,-0.035818360713538056,0.05087214581386328,45,0.9567181441557762,42,64,largest,0.5
8346,group-8216,1,0,-0.04644540129956587,0.049315549718406855,9,0.9684185780987926,42,64,largest,0.5
8347,group-8217,0,0,-0.03354985838276825,0.04766536662014394,52,0.9663009964844272,42,64,largest,0.5
8348,group-8218,4,0,-0.018697490327083344,0.06399884395942457,0,0.9921219129965226,42,64,largest,0.5
8349,group-8219,3,0,-0.03544957043968722,0.052243730461016415,2,0.9796679293354386,42,64,largest,0.5
8350,group-8220,1,0,-0.015647944577011685,0.08271768945580626,3,0.992969789822596,42,64,largest,0.5
8351,group-8221,0,0,-0.031972304870523605,0.04871468483659456,2,0.9806172037066105,42,64,largest,0.5
8352,group-8222,4,0,-0.035893211588570506,0.049734911729908834,6,0.9710237521356021,42,64,largest,0.5
8353,group-8223,3,0,-0.01635703788326004,0.07179397016090396,25,0.9830537379062039,42,64,largest,0.5
8354,group-8224,2,0,-0.012079007194354618,0.07246962063544174,9,1.0033898129491556,42,64,largest,0.5
8355,group-8225,1,0,-0.034566071762993644,0.060332665172957156,37,0.9625241056574702,42,64,largest,0.5
8356,group-8226,0,0,-0.01812101002023203,0.05891375902068389,29,0.9767020743361651,42,64,largest,0.5
8357,group-8227,4,0,-0.04386862736742292,0.04419256337712137,44,0.9559510174551517,42,64,largest,0.5
8358,group-8228,3,0,-0.03445449866738559,0.05312478579269637,58,0.964669121248816,42,64,largest,0.5
8359,group-8229,2,0,-0.021501879467636265,0.06303538815287592,27,0.9731485514120733,42,64,largest,0.5
8360,group-8230,0,0,-0.08405043771182641,0.023497625929537365,17,0.9175107370657231,42,64,largest,0.5
8361,group-8231,4,0,-0.06147101840672442,0.03397373876611043,47,0.9409731238276837,42,64,largest,0.5
8362,group-8232,3,1,0.010327978376124425,0.11046213416830722,37,0.9671121749787667,42,64,largest,0.5
8363,group-8233,2,0,-0.03851614692346206,0.048843551330235525,5,0.9651659959384131,42,64,largest,0.5
8364,group-8234,1,0,-0.07538968392219814,0.029926414565047306,46,0.9312361809811729,42,64,largest,0.5
8365,group-8235,0,0,-0.039991564316251504,0.043599548177886915,7,0.9883933490395634,42,64,largest,0.5
8366,group-8236,4,0,-0.07335797204191463,0.02840515170956779,33,0.9382296981584366,42,64,largest,0.5
8367,group-8237,3,0,-0.02416835937487738,0.06308938399666204,53,0.9397639545048375,42,64,largest,0.5
8368,group-8238,2,0,-0.04992730147238533,0.04108292765994565,5,0.939859765945123,42,64,largest,0.5
8369,group-8239,1,0,-0.041432701108621406,0.053710454574854335,19,0.9566741058872589,42,64,largest,0.5
8370,group-8240,4,0,-0.0575621686462936,0.03602522046060551,53,0.9640924900980691,42,64,largest,0.5
8371,group-8241,3,0,-0.00604949065792415,0.08497571633284648,42,0.9980318140234515,42,64,largest,0.5
8372,group-8242,2,0,-0.009865616129403287,0.07486731172062289,54,1.0064852109253528,42,64,largest,0.5
8373,group-8243,1,1,0.002427084838022897,0.11091299910104613,7,0.9927794503509678,42,64,largest,0.5
8374,group-8244,0,0,-0.02689332083692575,0.05224373506991172,60,0.9839766814713236,42,64,largest,0.5
8375,group-8245,4,0,-0.017641323147292054,0.06498931238079492,42,0.9898570295599143,42,64,largest,0.5
8376,group-8246,3,0,-0.032539125549187364,0.05486030371596279,36,1.0042567842885313,42,64,largest,0.5
8377,group-8247,2,0,-0.02931057296853634,0.05609839372822566,27,0.9847142322881015,42,64,largest,0.5
8378,group-8248,1,0,-0.03449791781738287,0.060402076591015964,54,0.9845444648380016,42,64,largest,0.5
8379,group-8249,0,0,-0.004351132427675486,0.07101064708068919,32,1.0092898659830498,42,64,largest,0.5
8380,group-8250,3,0,-0.026623133488755446,0.06056360485461784,27,0.9981530557127873,42,64,largest,0.5
8381,group-8251,2,1,0.010676270763687823,0.10082324072565237,47,1.0006552437473897,42,64,largest,0.5
8382,group-8252,1,0,-0.031021187972955944,0.06404360512219977,44,0.9760967187449444,42,64,largest,0.5
8383,group-8253,0,0,-0.02635534790403904,0.052631386067933356,38,0.9887610486690752,42,64,largest,0.5
8384,group-8254,4,0,-0.0014910785694326467,0.08201315758998136,9,1.0025445111239055,42,64,largest,0.5
8385,group-8255,3,0,-0.023618717396497457,0.06366823644016512,15,1.0102415348728762,42,64,largest,0.5
8386,group-8256,2,0,-0.044133808530687935,0.04486312856061577,3,0.9635057993030736,42,64,largest,0.5
8387,group-8257,1,0,-0.023746069145005655,0.07233371675707725,60,0.9937738550134557,42,64,largest,0.5
8388,group-8258,0,0,-0.012269665973525523,0.0637983764348467,22,1.0091398297865786,42,64,largest,0.5
8389,group-8259,4,0,-0.028738734955441103,0.05526169092583859,22,0.9760649391438041,42,64,largest,0.5
8390,group-8260,2,0,-0.020522895780266448,0.0639595674486896,46,0.9901992714887237,42,64,largest,0.5
8391,group-8261,1,0,-0.025075862476050537,0.0707478606065514,3,0.9789177698989986,42,64,largest,0.5
8392,group-8262,0,0,-0.06998150484816468,0.028663506688820686,5,0.9211013643022093,42,64,largest,0.5
8393,group-8263,4,0,-0.024644076044293972,0.05868008753816578,8,0.9756482907109109,42,64,largest,0.5
8394,group-8264,3,0,-0.051062131964692004,0.040111159635323405,47,0.9736461996180401,42,64,largest,0.5
8395,group-8265,2,0,-0.04571485086219018,0.0437998048003674,3,0.9593544894694744,42,64,largest,0.5
8396,group-8266,1,0,-0.02228259652019804,0.07411683236062289,10,0.9970226745580428,42,64,largest,0.5
8397,group-8267,0,0,-0.040614749081410384,0.04322424691767516,0,0.9777854657606555,42,64,largest,0.5
8398,group-8268,4,0,-0.041061079763225594,0.04607296943385001,39,0.9738221448178539,42,64,largest,0.5
8399,group-8269,3,0,-0.06346994392584449,0.0324429180925517,3,0.9482669383379211,42,64,largest,0.5
8400,group-8270,1,0,-0.030340303231425225,0.06478032090355991,15,0.9639772140736732,42,64,largest,0.5
8401,group-8271,0,0,-0.053409027460160186,0.03616906082571103,17,0.9437593250582769,42,64,largest,0.5
8402,group-8272,4,0,-0.012096711052559606,0.0704267596249243,24,0.999105359932805,42,64,largest,0.5
8403,group-8273,3,0,-0.03227436670581785,0.055104363172666024,35,0.9778285670540896,42,64,largest,0.5
8404,group-8274,2,0,-0.04083139707790584,0.047164016690526944,5,0.9709652705991271,42,64,largest,0.5
8405,group-8275,1,0,-0.034333281961376305,0.060570058435578486,6,0.9522330794128907,42,64,largest,0.5
8406,group-8276,0,0,-0.026926927439811066,0.05221960865657288,52,0.9777614878108792,42,64,largest,0.5
8407,group-8277,4,0,-0.028926308922955446,0.05510967301546975,2,0.9611888934924875,42,64,largest,0.5
8408,group-8278,3,0,-0.07086674782722702,0.02856699303594621,48,0.9765990491138313,42,64,largest,0.5
8409,group-8279,2,0,-0.04702317903378728,0.04293811876970741,22,0.9650653634680032,42,64,largest,0.5
8410,group-8280,0,0,-0.056137418140637885,0.034814735913965625,56,0.9667075860167279,42,64,largest,0.5
8411,group-8281,4,0,-0.056973222395019785,0.03634447938346061,15,0.9573331866233571,42,64,largest,0.5
8412,group-8282,3,0,-0.04446035945221172,0.04487164747784611,38,0.9663793030191121,42,64,largest,0.5
8413,group-8283,2,0,-0.06479795589804838,0.03272674596590616,57,0.9281487744081809,42,64,largest,0.5
8414,group-8284,1,0,-0.04424762676115346,0.051198846422742056,23,0.9732313021662927,42,64,largest,0.5
8415,group-8285,0,0,-0.08149936673799252,0.024361649860878475,36,0.92011538604674,42,64,largest,0.5
8416,group-8286,4,0,-0.01922307130056411,0.06351121311534906,51,0.9964268580125422,42,64,largest,0.5
8417,group-8287,3,0,-0.049223467577974245,0.04138612021610138,28,0.9705779792831234,42,64,largest,0.5
8418,group-8288,2,0,-0.03495614512895251,0.05153713484762717,15,0.9645985383489859,42,64,largest,0.5
8420,group-8289,1,0,-0.0021350279111129744,0.10308930625566845,10,0.9992487758289619,42,64,largest,0.5
8421,group-8290,4,0,-0.01935948863305237,0.06338521321966488,7,0.983789706562135,42,64,largest,0.5
8422,group-8291,3,0,-0.04329665709503461,0.04576483553743096,10,0.978825605095015,42,64,largest,0.5
8423,group-8292,2,0,-0.052381544492130394,0.03957516888230263,39,0.9642312871392443,42,64,largest,0.5
8424,group-8293,1,0,-0.046232459515758384,0.04949510956141773,46,0.9589248450647823,42,64,largest,0.5
8425,group-8294,0,0,-0.0051351293479861004,0.07026426217987249,22,0.9941134143048393,42,64,largest,0.5
8426,group-8295,4,0,-0.0415541191582961,0.04573732281500725,26,0.9728831340995406,42,64,largest,0.5
8427,group-8296,3,0,-0.040247745976293325,0.04818592178897648,26,0.988853230045565,42,64,largest,0.5
8428,group-8297,2,0,-0.038759428495514836,0.04866443535394512,34,0.9763597457315265,42,64,largest,0.5
8429,group-8298,1,0,-0.03114633936887068,0.06390904348149418,29,0.9691441729802539,42,64,largest,0.5
8430,group-8299,0,0,-0.06624624444912508,0.030210809748124633,45,0.9480092656213156,42,64,largest,0.5
8431,group-8300,2,0,-0.06901434738550372,0.030672830063690645,10,0.9401088845579965,42,64,largest,0.5
8432,group-8301,1,0,-0.007640374748864365,0.0943016331227513,57,0.9796157169349546,42,64,largest,0.5
8433,group-8302,0,0,-0.04634299302869316,0.03991616545161517,5,0.9698385219927381,42,64,largest,0.5
8434,group-8303,4,0,-0.009296694625851032,0.07332983309796724,7,1.0033180436901703,42,64,largest,0.5
8435,group-8304,3,0,-0.03753929054369798,0.05043820920818728,36,0.9683257592260379,42,64,largest,0.5
8436,group-8305,2,1,0.008864500953248644,0.09824547273667666,47,0.9871783654537107,42,64,largest,0.5
8437,group-8306,1,0,-0.043596706347742153,0.05176956480765947,43,0.9785216069100798,42,64,largest,0.5
8438,group-8307,0,0,-0.08592387076205499,0.022882229682161737,10,0.9061600457980381,42,64,largest,0.5
8439,group-8308,4,0,-0.08670836902332368,0.023205643891795545,62,0.9249141694678713,42,64,largest,0.5
8440,group-8309,3,0,-0.01516890500687662,0.07321140033541353,58,0.9711558027881326,42,64,largest,0.5
8441,group-8310,1,0,-0.04651151073909343,0.04925992971185906,59,0.9578732719669663,42,64,largest,0.5
8442,group-8311,0,0,-0.05210272882420253,0.036835303516494736,13,0.9449784665432717,42,64,largest,0.5
8443,group-8312,4,0,-0.06191757561136213,0.03374667143426773,58,0.9459628051669573,42,64,largest,0.5
8444,group-8313,3,0,-0.0748500349986082,0.02666987652149863,53,0.922604874479698,42,64,largest,0.5
8445,group-8314,2,0,-0.05969613009864816,0.0353899772832245,3,0.9658190199966671,42,64,largest,0.5
8446,group-8315,1,0,-0.12716187352331143,0.012030726785718024,12,0.8758534587468837,42,64,largest,0.5
8447,group-8316,0,0,-0.051468164666682914,0.037163190632597196,17,0.9535857963595163,42,64,largest,0.5
8448,group-8317,4,0,-0.03546175223478698,0.050052824050922845,13,0.9746083610333048,42,64,largest,0.5
8449,group-8318,3,0,-0.04561067397476104,0.044005078866768355,23,0.9706172849114116,42,64,largest,0.5
8450,group-8319,2,0,-0.06906346789790596,0.030649653410551207,45,0.9444126096050921,42,64,largest,0.5
8451,group-8320,0,0,-0.044490015658560034,0.04095881054641554,22,0.9772611761460072,42,64,largest,0.5
8452,group-8321,4,0,-0.05103285712766703,0.039720485524999044,20,0.9511501272129788,42,64,largest,0.5
8453,group-8322,3,0,-0.054167656873370884,0.038042782232827636,45,0.9790536719584468,42,64,largest,0.5
8454,group-8323,2,0,-0.029967711973876154,0.05554854088455596,25,0.9657996126575966,42,64,largest,0.5
8455,group-8324,1,1,0.004092651553702198,0.11389644732974809,7,0.9808178386177359,42,64,largest,0.5
8456,group-8325,0,0,-0.06708576158752111,0.02985614414766007,57,0.948387191576544,42,64,largest,0.5
8457,group-8326,4,0,-0.04415289510516718,0.04400630223887253,33,0.9729353649607765,42,64,largest,0.5
8458,group-8327,3,0,-0.04749105964335154,0.04262281294503949,17,0.985173703455674,42,64,largest,0.5
8459,group-8328,2,0,-0.021199123931545216,0.06331985684475437,25,0.9705202539667486,42,64,largest,0.5
8460,group-8329,1,1,0.004361195970264298,0.11438397448142466,7,0.9851495429633823,42,64,largest,0.5
8461,group-8330,4,0,-0.011608873084278937,0.07092479633484224,32,1.0012172482608979,42,64,largest,0.5
8462,group-8331,3,0,-0.07836716831790935,0.025097071719062197,26,0.9429562396403687,42,64,largest,0.5
8463,group-8332,2,0,-0.06598430616494333,0.032135770479240704,48,0.9339431713721515,42,64,largest,0.5
8464,group-8333,1,0,-0.10794508112670964,0.01690402889040487,60,0.905752623479639,42,64,largest,0.5
8465,group-8334,0,0,-0.061211620447578996,0.032424909164246646,3,0.9412014512865234,42,64,largest,0.5
8466,group-8335,4,0,-0.01425462018264212,0.0682622923988972,62,0.9688541479875141,42,64,largest,0.5
8467,group-8336,3,0,-0.0422644579431154,0.046571232649995735,10,0.9732514530043365,42,64,largest,0.5
8468,group-8337,2,0,-0.012847892033624242,0.07165341028006185,16,0.9806273773987974,42,64,largest,0.5
8469,group-8338,1,0,-0.045362331543732703,0.05023529059175278,28,0.9621923208005921,42,64,largest,0.5
8470,group-8339,0,0,-0.0386397886176435,0.04442434611868264,2,0.9740664532597536,42,64,largest,0.5
8471,group-8340,3,0,-0.06170807411723489,0.03343857823303715,14,0.9717835839234119,42,64,largest,0.5
8472,group-8341,2,0,-0.011337278266839168,0.0732651179325897,4,0.9988978506906764,42,64,largest,0.5
8473,group-8342,1,0,-0.045594120435279994,0.05003709937751972,19,0.9647728101393674,42,64,largest,0.5
8474,group-8343,0,1,0.006175837993274702,0.08176501472620633,40,0.9862301700222125,42,64,largest,0.5
8475,group-8344,4,0,-0.017079808097263283,0.06552168874455536,53,0.9825019436579994,42,64,largest,0.5
8476,group-8345,3,0,-0.07754479415774451,0.025456529985336613,17,0.9507210437254121,42,64,largest,0.5
8477,group-8346,2,0,-0.06821110799920294,0.0310542406836934,45,0.9461392589146829,42,64,largest,0.5
8478,group-8347,1,0,-0.03348966639793016,0.06143769641228084,1,0.9637733148392845,42,64,largest,0.5
8479,group-8348,0,0,-0.04152359276349693,0.04268243843934999,24,0.9595281087753074,42,64,largest,0.5
8480,group-8349,4,0,-0.022177712607336808,0.06083381623277045,36,0.9667983162002992,42,64,largest,0.5
8481,group-8350,2,0,-0.05325498509365145,0.03905148248605605,36,0.9436185825479313,42,64,largest,0.5
8482,group-8351,1,0,-0.05006300227675353,0.04635793574485903,56,0.9511767485837402,42,64,largest,0.5
8483,group-8352,0,0,-0.08543245751509465,0.023042112395532666,22,0.9242808567073133,42,64,largest,0.5
8484,group-8353,4,0,-0.05174463306033872,0.039300634972280146,37,0.9583751826430614,42,64,largest,0.5
8485,group-8354,3,0,-0.07693239962454601,0.02572745872186815,6,0.9382522706247866,42,64,largest,0.5
8486,group-8355,2,0,-0.0930736011238672,0.021140999749012766,12,0.9008948481814015,42,64,largest,0.5
8487,group-8356,1,0,-0.06271529328309489,0.037288645337203837,2,0.9431339474836543,42,64,largest,0.5
8488,group-8357,0,0,-0.06832433633953194,0.02934025018621025,3,0.9479570659505471,42,64,largest,0.5
8489,group-8358,4,0,-0.02807071669079142,0.05580629370103021,6,0.9702068911157511,42,64,largest,0.5
8490,group-8359,3,0,-0.05793976601623052,0.03566804808443075,21,0.9450910355890324,42,64,largest,0.5
8491,group-8360,1,0,-0.015290689592335038,0.08320569170926788,41,0.9712666315804919,42,64,largest,0.5
8492,group-8361,0,0,-0.015365840538169917,0.06116846518085085,32,0.9762078700746576,42,64,largest,0.5
8493,group-8362,4,0,-0.006553360226892457,0.07628064387530234,53,0.9811950167572258,42,64,largest,0.5
8494,group-8363,3,0,-0.04909652989456148,0.04147555785634726,18,0.9878033746306859,42,64,largest,0.5
8495,group-8364,2,0,-0.05726294507590379,0.03673255585735214,8,0.9368019614720982,42,64,largest,0.5
8496,group-8365,1,0,-0.034786018034883126,0.060109169620372285,52,0.9806445098321019,42,64,largest,0.5
8497,group-8366,0,0,-0.018635651706097267,0.05850132565109964,22,0.9746404484141047,42,64,largest,0.5
8498,group-8367,4,0,-0.03921276125536155,0.047352228161464095,12,0.9620781409020532,42,64,largest,0.5
8499,group-8368,3,0,-0.021559535893020065,0.06588112419807989,19,0.9827419292602841,42,64,largest,0.5
8500,group-8369,2,0,-0.027271953593638543,0.05783692232914716,5,0.9796460239079243,42,64,largest,0.5
8501,group-8370,0,0,-0.0078018209955565965,0.06777948544928653,20,0.985059265757775,42,64,largest,0.5
8502,group-8371,4,0,-0.058741937739389405,0.03539378731085313,10,0.9508604978969772,42,64,largest,0.5
8503,group-8372,3,0,-0.01028028295527339,0.07931838282473139,29,0.9445568812968544,42,64,largest,0.5
8504,group-8373,2,0,-0.053124242105403674,0.03912944649059835,37,0.9626180181245636,42,64,largest,0.5
8505,group-8374,1,0,-0.03879426443432965,0.05616972580786303,31,0.9820770755534313,42,64,largest,0.5
8506,group-8375,0,0,-0.04942855475528696,0.03823618969429398,4,0.9814871980546976,42,64,largest,0.5
8507,group-8376,4,0,-0.028632812994492718,0.0553477089174059,42,0.9769473124550357,42,64,largest,0.5
8508,group-8377,3,0,-0.05354871272020978,0.03844667538285265,41,0.9828354412916108,42,64,largest,0.5
8509,group-8378,2,0,-0.04071365040706276,0.0472480918603384,46,0.9628820889154616,42,64,largest,0.5
8510,group-8379,1,0,-0.0181167432070648,0.0794159923212615,54,0.9930550415931927,42,64,largest,0.5
8511,group-8380,4,0,-0.03555079648770909,0.04998705628855797,19,0.9835068123502,42,64,largest,0.5
8512,group-8381,3,0,-0.03527632781017098,0.05239612384027088,19,0.9942446090637796,42,64,largest,0.5
8513,group-8382,2,0,-0.023563419095604887,0.06112985347288298,25,0.975562069558289,42,64,largest,0.5
8514,group-8383,1,0,-0.028923083024727236,0.066339106626787,15,0.9703432388156732,42,64,largest,0.5
8515,group-8384,0,0,-0.017145424747097127,0.059703082202117695,32,0.9786928416074692,42,64,largest,0.5
8516,group-8385,4,0,-0.05711112397392892,0.03626948175867601,62,0.9473578557942218,42,64,largest,0.5
8517,group-8386,3,0,-0.046014511621122134,0.04370465837369327,59,0.9687545148107914,42,64,largest,0.5
8518,group-8387,2,0,-0.03429108978656903,0.052055669848880194,45,0.9741658267929388,42,64,largest,0.5
8519,group-8388,1,0,-0.049815218111255666,0.04655501427333721,62,0.9540557326275576,42,64,largest,0.5
8520,group-8389,0,0,-0.0029889541917064166,0.0723249093407718,1,0.9945081252615403,42,64,largest,0.5
8521,group-8390,3,0,-0.10028942631192306,0.017149067362434767,21,0.9544759050938884,42,64,largest,0.5
8522,group-8391,2,0,-0.06666967246563416,0.03179907368315635,11,0.9408966066131175,42,64,largest,0.5
8523,group-8392,1,0,-0.032288311830691696,0.06269332079027055,0,0.9778973311468183,42,64,largest,0.5
8524,group-8393,0,0,-0.03438899880669888,0.047115990470449516,6,0.9613476867680429,42,64,largest,0.5
8525,group-8394,4,0,-0.024424802475274565,0.058868633471554084,13,0.9897498261969478,42,64,largest,0.5
8526,group-8395,3,0,-0.052698287686192447,0.03900834059906837,47,0.9700411579011311,42,64,largest,0.5
8527,group-8396,2,1,0.026577464366656645,0.1261238636099947,47,0.9801233772209462,42,64,largest,0.5
8528,group-8397,1,0,-0.045726741281757244,0.049924035234030405,18,0.9497529960399969,42,64,largest,0.5
8529,group-8398,0,1,0.005685827848000202,0.08123306840690338,40,0.9943420544159961,42,64,largest,0.5
8530,group-8399,4,0,-0.07379198677381427,0.02821956142712169,27,0.9322643201130335,42,64,largest,0.5
8531,group-8400,1,0,-0.06180355840511542,0.03788077009856075,23,0.9581877548661445,42,64,largest,0.5
8532,group-8401,0,0,-0.0748588341325509,0.026758504901778203,29,0.9513605409523975,42,64,largest,0.5
8533,group-8402,4,0,-0.06431467375247713,0.03255260622535702,39,0.9523638972788868,42,64,largest,0.5
8534,group-8403,3,0,-0.033935435063562114,0.053589922989318375,40,0.9788317349040021,42,64,largest,0.5
8535,group-8404,2,0,-0.02321491479781501,0.06144815904484322,15,0.9773711448581891,42,64,largest,0.5
8536,group-8405,1,0,-0.03347038944770098,0.061457657393562286,44,0.9873679902022118,42,64,largest,0.5
8538,group-8406,0,0,-0.0076141484976872675,0.06795165665166773,6,0.991558666356191,42,64,largest,0.5
8539,group-8407,4,0,-0.010728492352128027,0.0718318223716173,12,1.0001953439705789,42,64,largest,0.5
8540,group-8408,3,0,-0.029901344977089295,0.057337937952413785,27,0.9931502371054675,42,64,largest,0.5
8541,group-8409,2,0,-0.02807051832118712,0.05714996385348697,61,0.9829871280469717,42,64,largest,0.5
8542,group-8410,0,0,-0.020378446494137448,0.057124681826999105,15,1.000963986301396,42,64,largest,0.5
8543,group-8411,4,1,0.02137574640850526,0.11305863953467668,35,0.9798965290314631,42,64,largest,0.5
8544,group-8412,3,0,-0.04131198779609424,0.04732731669475192,5,0.981814565156028,42,64,largest,0.5
8545,group-8413,2,0,-0.019702407645478814,0.06474383178097853,9,0.997202909516111,42,64,largest,0.5
8546,group-8414,1,0,-0.015106285395997454,0.08345860676567649,10,0.9877992161391417,42,64,largest,0.5
8547,group-8415,4,0,-0.0237446348664353,0.059457105504987603,31,0.9829717665302936,42,64,largest,0.5
8548,group-8416,0,0,-0.06884071435873518,0.0291277298058594,29,0.9467941354348982,42,64,largest,0.5
8549,group-8417,4,0,-0.026930083010351158,0.05674788476119811,37,0.9767247283252121,42,64,largest,0.5
8550,group-8418,3,0,-0.07011517579664228,0.028939352887444307,42,0.9490310909161925,42,64,largest,0.5
8551,group-8419,2,0,-0.031135637613791567,0.054583793792936444,26,0.9829921701267096,42,64,largest,0.5
8552,group-8420,0,0,-0.03998025792016757,0.0436063858850212,18,0.9540880571935365,42,64,largest,0.5
8553,group-8421,4,0,-0.023355639815192286,0.059796131545406965,18,0.9907677738369222,42,64,largest,0.5
8554,group-8422,3,0,-0.07544784713158814,0.02639594005821898,21,0.9641824628384031,42,64,largest,0.5
8555,group-8423,2,0,-0.023418119661945402,0.06126237456961677,11,0.9669091305307144,42,64,largest,0.5
8556,group-8424,1,0,-0.002442691616472703,0.10257966283438712,15,0.9956478674487543,42,64,largest,0.5
8557,group-8425,0,0,-0.0019903646650971663,0.07330258172627759,30,1.0015469767416194,42,64,largest,0.5
8558,group-8426,4,0,-0.028525452327472167,0.05543502388128965,37,0.982683253409293,42,64,largest,0.5
8559,group-8427,3,0,-0.0868533816406667,0.02166525094587382,14,0.9325641860107885,42,64,largest,0.5
8560,group-8428,2,0,-0.004400420629462665,0.08110270327276599,48,0.9995970198638658,42,64,largest,0.5
8562,group-8429,1,0,-0.03860978144766025,0.056345587267326865,2,0.9773549806062576,42,64,largest,0.5
8563,group-8430,4,0,-0.01932306827338981,0.06341882953543686,31,0.9766309347062406,42,64,largest,0.5
8564,group-8431,3,0,-0.05746402748942814,0.035959495186043584,45,0.9287307975164273,42,64,largest,0.5
8565,group-8432,2,0,-0.11401851898155801,0.0152519171308267,11,0.8852570858446919,42,64,largest,0.5
8566,group-8433,1,0,-0.025114584943656815,0.07070216652997692,15,0.9785219658711534,42,64,largest,0.5
8567,group-8434,0,0,-0.05109287607709556,0.037358425491373234,45,0.9627861715617455,42,64,largest,0.5
8568,group-8435,4,0,-0.048071054210353625,0.0415141496150473,36,0.9547652916100445,42,64,largest,0.5
8569,group-8436,3,0,-0.10222595306503413,0.016579497507652165,47,0.9189561391917725,42,64,largest,0.5
8570,group-8437,2,0,-0.05856211090835617,0.036009719423442735,11,0.9355363520969234,42,64,largest,0.5
8571,group-8438,1,0,-0.058492892606467284,0.040107706952149214,28,0.93614213007097,42,64,largest,0.5
8572,group-8439,0,0,-0.05749038087805436,0.03416140698861534,2,0.9575960227194603,42,64,largest,0.5
8573,group-8440,3,0,-0.0693416028331012,0.029327529275967844,23,0.9262330924390427,42,64,largest,0.5
8574,group-8441,2,0,-0.013889487108687981,0.07056123239824635,41,0.9833289455031157,42,64,largest,0.5
8575,group-8442,1,0,-0.0787214124170541,0.02823776770990389,46,0.9223232513024495,42,64,largest,0.5
8576,group-8443,0,0,-0.01682368232411313,0.05996556114973874,57,0.9788087983057078,42,64,largest,0.5
8577,group-8444,4,0,-0.07966778582226997,0.025820039666622704,18,0.9408167273675913,42,64,largest,0.5
8578,group-8445,3,0,-0.07161912490624645,0.028198893773407497,5,0.9679222233360024,42,64,largest,0.5
8579,group-8446,2,0,-0.03150291732740329,0.05428368510105954,20,0.9774693188620922,42,64,largest,0.5
8580,group-8447,1,0,-0.006051477538758565,0.0967665608677671,62,0.9908510230746849,42,64,largest,0.5
8581,group-7114,0,0,-0.01855883479115572,0.058562714279232306,49,0.9964103903206555,42,64,largest,0.5
8582,group-8448,0,0,-0.036933579039953424,0.04548665683869956,29,0.9918500209371499,42,64,largest,0.5
8583,group-8449,4,0,-0.02883210845148043,0.05518596779217095,47,0.9895517566770111,42,64,largest,0.5
8584,group-8450,2,0,-0.22960502732405286,0.0024660865280910402,40,0.7734056670836957,42,64,largest,0.5
8585,group-8451,1,0,-0.11479467860949488,0.01497717206996971,39,0.8962603718455371,42,64,largest,0.5
8586,group-8452,0,0,-0.019428191339941003,0.057871478032251886,32,0.9750187241062152,42,64,largest,0.5
8587,group-8453,4,0,-0.03779700716537249,0.048354856828303504,37,0.9721418934301721,42,64,largest,0.5
8588,group-8454,3,0,-0.06383831840304954,0.03223839506958866,26,0.9705493282486624,42,64,largest,0.5
8589,group-8455,2,0,-0.010031897275201596,0.07468468074321839,18,0.9976474584574933,42,64,largest,0.5
8590,group-8456,1,0,-0.0009573540015807014,0.10506087266944192,23,0.994208050650042,42,64,largest,0.5
8591,group-8457,0,0,-0.029820991745827197,0.05018100472409448,3,0.9720703871850878,42,64,largest,0.5
8592,group-8458,4,0,-0.027247056809480252,0.056484735517617186,0,0.9795061082137613,42,64,largest,0.5
8593,group-8459,3,0,-0.03732899867127193,0.05061719421136213,21,0.947952925062813,42,64,largest,0.5
8594,group-8460,1,0,-0.01156504350205989,0.08845279989974335,16,0.9883663642018162,42,64,largest,0.5
8595,group-8461,0,0,-0.020214535665898148,0.05725284846131831,52,0.9792730551516698,42,64,largest,0.5
8596,group-8462,4,0,-0.022956259998473172,0.06014609107583781,24,0.9825442730985665,42,64,largest,0.5
8597,group-8463,3,0,-0.023851414219152378,0.06342257128528876,36,0.9959899288543528,42,64,largest,0.5
8598,group-8464,2,0,-0.03909890430525664,0.0484155377843713,45,0.9829444060499996,42,64,largest,0.5
8599,group-8465,1,0,-0.04112700662708646,0.05399010411436922,21,0.9706899197980544,42,64,largest,0.5
8600,group-8466,0,0,-0.017655089338227015,0.059289496753873516,29,0.9874990349241253,42,64,largest,0.5
8601,group-8467,4,0,-0.09770269350182936,0.019631921452432078,34,0.9015298046516949,42,64,largest,0.5
8602,group-8468,3,0,-0.0056732879003791314,0.08549611385142608,29,0.9731571894932465,42,64,largest,0.5
8603,group-8469,2,0,-0.01278403808237627,0.07172087021291623,23,0.9874277124521114,42,64,largest,0.5
8604,group-8470,0,0,-0.03807951214490102,0.04477054745010384,21,0.9578955883663114,42,64,largest,0.5
8605,group-8471,4,0,-0.06822580843857884,0.030691522113532467,36,0.9653447279989144,42,64,largest,0.5
8606,group-8472,3,0,-0.07367299953869832,0.027217335370735823,4,0.9439159283085353,42,64,largest,0.5
8607,group-8473,2,0,-0.02109861772697752,0.06341455668703484,25,0.9734828640005125,42,64,largest,0.5
8608,group-8474,1,0,-0.03225367059239881,0.06272987977522075,61,0.984155923269006,42,64,largest,0.5
8609,group-8475,0,0,-0.03650587366389901,0.045756721312863805,52,0.9652039341183758,42,64,largest,0.5
8610,group-8476,4,0,-0.013487390288940748,0.06902469833949025,52,0.9945279740399791,42,64,largest,0.5
8611,group-8477,3,0,-0.10083976817692963,0.016985273589797324,45,0.9267560731191656,42,64,largest,0.5
8612,group-8478,2,0,-0.02097605323191476,0.06353021917424678,44,1.000301481558977,42,64,largest,0.5
8613,group-8479,1,0,-0.025206818067688874,0.07059343752048067,10,0.9861632303659805,42,64,largest,0.5
8614,group-8480,4,0,-0.019119578470296994,0.06360695848554843,63,0.9974774169227828,42,64,largest,0.5
8615,group-8481,3,0,-0.04243085595569629,0.04644032783977715,29,0.9791111647178672,42,64,largest,0.5
8616,group-8482,2,0,-0.012335361055750504,0.07219653997139437,15,0.9895030467690643,42,64,largest,0.5
8618,group-8483,1,0,-0.02570590618036417,0.07000776333567688,63,0.9886236349719215,42,64,largest,0.5
8619,group-8484,0,0,-0.11538793526724433,0.01504517391098742,61,0.8784763064189466,42,64,largest,0.5
8620,group-8485,4,0,-0.055668938552249525,0.03706123072229882,26,0.9716108928892673,42,64,largest,0.5
8621,group-8486,3,0,-0.015456085567013611,0.07286645290599264,48,0.9640786922434572,42,64,largest,0.5
8622,group-8487,2,0,-0.02710024252000931,0.057985644462362186,4,0.9826481412924777,42,64,largest,0.5
8623,group-8488,1,0,-0.04267372712003137,0.05258913831893959,1,0.962049310284152,42,64,largest,0.5
8624,group-8489,0,0,-0.05950187117364991,0.033211900272566174,45,0.9542952707448644,42,64,largest,0.5
8625,group-8490,3,0,-0.003407706616096462,0.08869155949178005,18,1.0032138938720592,42,64,largest,0.5
8626,group-8491,2,0,-0.030194538467952947,0.05535992701021189,27,0.977800106515609,42,64,largest,0.5
8627,group-8492,1,0,-0.02526898447142667,0.07052023984897175,51,0.9662266447315929,42,64,largest,0.5
8629,group-8493,0,0,-0.02920719185942977,0.050606974300596234,47,0.9885594959686682,42,64,largest,0.5
8630,group-8494,4,0,-0.011756937453975658,0.07077329367412553,4,0.9915854806089128,42,64,largest,0.5
8631,group-8495,3,0,-0.02520005112358692,0.0620160969331412,25,0.9690115814666219,42,64,largest,0.5
8632,group-8496,2,0,-0.029876342076785023,0.05562468879099593,10,0.9870846364786686,42,64,largest,0.5
8633,group-8497,1,0,-0.017375688522510035,0.08039420205339921,36,0.9811449170243002,42,64,largest,0.5
8634,group-8498,0,0,-0.0068824011345689495,0.06862684253529794,22,0.9897288441114545,42,64,largest,0.5
8635,group-8499,4,0,-0.012657590041411204,0.06985815038365505,53,0.9888153017775572,42,64,largest,0.5
8636,group-8500,1,0,-0.032218205511178266,0.0627673288179031,57,0.9771336237231206,42,64,largest,0.5
8637,group-8501,0,0,-0.07096142118723237,0.028270487683997148,47,0.9500471369205982,42,64,largest,0.5
8638,group-8502,4,0,-0.017221050657292514,0.06538739517092636,60,0.989532520185985,42,64,largest,0.5
8639,group-8503,3,0,-0.031937611429843416,0.05541626763012359,42,0.9850996969267479,42,64,largest,0.5
8640,group-8504,2,0,-0.039496903555979235,0.0481252705239053,11,0.9632447444389746,42,64,largest,0.5
8641,group-8505,1,1,0.001068489118742466,0.1085302806256189,7,0.9883949885821234,42,64,largest,0.5
8642,group-8506,0,0,-0.05351270916350126,0.03611668035519197,34,0.964335856674563,42,64,largest,0.5
8643,group-8507,4,0,-0.050077998458129325,0.04029047899252949,10,0.9534273719684051,42,64,largest,0.5
8644,group-8508,3,0,-0.01665974654922997,0.07143691004879614,9,0.9943205225636047,42,64,largest,0.5
8645,group-8509,2,0,-0.02695525453615566,0.05811150061143518,29,0.9836406184708814,42,64,largest,0.5
8646,group-8510,0,0,-0.012583796134096992,0.06352682144141869,33,0.9814554968123267,42,64,largest,0.5
8647,group-8511,4,0,-0.09199711954459755,0.021413524264171577,14,0.9194802880479426,42,64,largest,0.5
8648,group-8512,3,0,-0.07950714773857881,0.024606956544851063,53,0.9432894522994039,42,64,largest,0.5
8650,group-8513,2,0,-0.009389040777983526,0.075393023179215,50,0.997047605474489,42,64,largest,0.5
8651,group-8514,1,0,-0.030033643563956547,0.06511469594809188,59,0.9866093303992984,42,64,largest,0.5
8652,group-8515,0,0,-0.01008968952268452,0.06571288306898819,38,1.0006384499880403,42,64,largest,0.5
8653,group-8516,4,0,-0.0043110207829658576,0.07877307007465324,63,0.9948786366127946,42,64,largest,0.5
8654,group-8517,3,0,-0.04079682157430753,0.04774110975784549,13,1.0024598668899323,42,64,largest,0.5
8655,group-8518,2,0,-0.023729189804912232,0.06097898876264326,25,0.978549146258329,42,64,largest,0.5
8656,group-8519,1,0,-0.0008682109238247193,0.10521145577539849,62,0.9982556743601079,42,64,largest,0.5
8657,group-8520,4,0,-0.020287455553512412,0.06253427686049444,42,0.9866033973909021,42,64,largest,0.5
8658,group-8521,3,0,-0.02362815253670736,0.06365825824579316,36,0.9965794526140771,42,64,largest,0.5
8659,group-8522,2,0,-0.011442358947327147,0.073151932894524,15,0.9980316267735316,42,64,largest,0.5
8660,group-8523,1,0,-0.05265023126892676,0.044347034848329595,44,0.9604272129295415,42,64,largest,0.5
8661,group-8524,0,0,-0.050144058889285636,0.03785643125912904,48,0.9695891906389784,42,64,largest,0.5
8662,group-8525,4,0,-0.044668939408677555,0.04367008608663471,4,0.9666648218024433,42,64,largest,0.5
8663,group-8526,3,0,-0.009350041799895736,0.08053198796230111,58,0.9811005809209812,42,64,largest,0.5
8664,group-8527,2,0,-0.043632721503097494,0.04520523701989866,5,0.9576107466201228,42,64,largest,0.5
8665,group-8528,1,0,-0.038030637241686316,0.05690103530967374,4,0.9650925952042455,42,64,largest,0.5
8666,group-8529,0,0,-0.038048659950776,0.04478968589570136,8,0.9631716083907987,42,64,largest,0.5
8667,group-8530,3,0,-0.017565116574639106,0.07037874274327306,22,0.9850604880137732,42,64,largest,0.5
8668,group-8531,2,0,-0.09081422283151763,0.021896151044169806,11,0.913456011265827,42,64,largest,0.5
8669,group-8532,1,0,-0.12134838817734128,0.01333671701585115,30,0.8798700835356311,42,64,largest,0.5
8670,group-8533,0,0,-0.07438290701497496,0.026938837431949282,47,0.9306913522505006,42,64,largest,0.5
8671,group-8534,4,0,-0.08328560579838662,0.02444266382314632,26,0.922256851919824,42,64,largest,0.5
8672,group-8535,3,0,-0.021514980742295298,0.06592978652182607,48,0.9715700683316897,42,64,largest,0.5
8673,group-8536,2,0,-0.0030541238034311746,0.08270984712090562,5,0.9850396822817743,42,64,largest,0.5
8674,group-8537,1,0,-0.02229187518399256,0.07410540075399816,13,0.9768139508329047,42,64,largest,0.5
8675,group-8538,0,0,-0.07090665412891295,0.0282923146247261,24,0.9386936433004047,42,64,largest,0.5
8676,group-8539,4,0,-0.0525417139715294,0.038835518515513576,14,0.9642672922861846,42,64,largest,0.5
8677,group-8540,2,0,-0.03994447050064065,0.04780082667315736,24,0.9821582637531587,42,64,largest,0.5
8678,group-8541,1,0,-0.06712198458655816,0.03455003044806896,43,0.9409167929064653,42,64,largest,0.5
8679,group-8542,0,0,-0.056324735166512596,0.034723569609042014,17,0.9501111283260191,42,64,largest,0.5
8680,group-8543,4,0,-0.03737576062567016,0.04865705073757829,44,0.9769250682897823,42,64,largest,0.5
8681,group-8544,3,0,-0.020042425988198276,0.06755699596279709,2,0.9759500438638437,42,64,largest,0.5
8682,group-8545,2,0,-0.061477155974290154,0.03443733845458841,25,0.9344628970218105,42,64,largest,0.5
8683,group-8546,1,0,-0.028681489411715555,0.0666082854488393,15,0.9675926079336239,42,64,largest,0.5
8684,group-8547,0,0,-0.083151343035621,0.023798673591300612,45,0.9442569941585612,42,64,largest,0.5
8685,group-8548,4,0,-0.008391364696959225,0.07429182304005595,31,0.9806408169504374,42,64,largest,0.5
8686,group-8549,3,0,-0.04687923850584197,0.04306794572212316,18,0.9876400809322464,42,64,largest,0.5
8687,group-8550,1,0,-0.05181275678083386,0.04498867799522287,15,0.9540857002352389,42,64,largest,0.5
8688,group-8551,0,0,-0.03779072114292248,0.04494999765546839,5,0.9536285379758905,42,64,largest,0.5
8689,group-8552,4,0,-0.06998846288838667,0.029886844742446548,21,0.9434453628655324,42,64,largest,0.5
8690,group-8553,3,0,-0.11925093754256977,0.012310528897853338,14,0.9006135070817111,42,64,largest,0.5
8691,group-8554,2,0,-0.033411658746291706,0.05274892426781421,13,0.9606238851510709,42,64,largest,0.5
8692,group-8555,1,0,-0.015703220537611084,0.08264241676130271,46,0.9850931209345761,42,64,largest,0.5
8693,group-8556,0,0,-0.06827688097952989,0.029359856178276564,11,0.9270480728903493,42,64,largest,0.5
8694,group-8557,4,0,-0.061682924761817914,0.0338658045070414,33,0.9472737037865647,42,64,largest,0.5
8695,group-8558,3,0,-0.05541329402833994,0.03724225949807128,10,0.9308705741559947,42,64,largest,0.5
8696,group-8559,2,0,-0.05864857460980211,0.03596210131133473,22,0.9518478996564997,42,64,largest,0.5
8697,group-8560,0,0,-0.07753543243082173,0.02576598606273107,11,0.9157726373828433,42,64,largest,0.5
8698,group-8561,4,0,-0.052992287949578776,0.03857493897058212,21,0.9545952131707081,42,64,largest,0.5
8699,group-8562,3,0,-0.08417309758830438,0.022696404550369847,14,0.9594415333184871,42,64,largest,0.5
8700,group-8563,2,0,-0.025698103656414895,0.059213557570497226,61,0.9858518294867799,42,64,largest,0.5
8701,group-8564,1,0,-0.1048794919442716,0.01784347423178635,41,0.9003740322914254,42,64,largest,0.5
8702,group-8565,0,0,-0.03912952090590571,0.04412382696721152,3,0.9780921351048404,42,64,largest,0.5
8703,group-8566,4,0,-0.066935821910442,0.03129367475062011,6,0.9366933884652943,42,64,largest,0.5
8704,group-8567,3,0,-0.08439552351936763,0.022609039659196792,17,0.9732127689455965,42,64,largest,0.5
8705,group-8568,2,0,-0.023921078579510313,0.06080478927816464,9,0.9790326804094998,42,64,largest,0.5
8706,group-8569,1,0,-0.027678391059820395,0.0677367987885477,15,0.9635638867985394,42,64,largest,0.5
8707,group-8570,4,0,-0.022738123936021926,0.060338043041232706,5,0.9794974657820755,42,64,largest,0.5
8708,group-8571,3,0,-0.0859876923866415,0.021993187378445942,12,0.9811229704733814,42,64,largest,0.5
8709,group-8572,2,0,-0.02450928372692207,0.060273703841467935,31,0.9705654094603396,42,64,largest,0.5
8710,group-8573,1,0,-0.06034643782330007,0.038845888006074296,12,0.931713246450294,42,64,largest,0.5
8711,group-8574,0,0,-0.05544505775572772,0.03515371087613615,13,0.9457762523592363,42,64,largest,0.5
8712,group-8575,4,0,-0.03537056313106246,0.0501202609437453,47,0.9720063971499445,42,64,largest,0.5
8713,group-8576,3,0,-0.07230564523294059,0.02786703616053158,45,0.9537275410785572,42,64,largest,0.5
8714,group-8577,2,0,-0.043864637461444644,0.045046592575428555,5,0.9604382733404804,42,64,largest,0.5
8715,group-8578,1,0,-0.04689180164243134,0.048941132226588795,25,0.9735346910217493,42,64,largest,0.5
8716,group-8579,0,0,-0.035699394378567284,0.046270111666625986,11,0.9587384659098649,42,64,largest,0.5
8717,group-8580,3,0,-0.04964302084509209,0.04109182291251456,26,0.988785047777433,42,64,largest,0.5
8718,group-8581,2,0,-0.10267819871396755,0.01820565836165204,24,0.9161179457246551,42,64,largest,0.5
8719,group-8582,1,0,-0.007194870602906356,0.0949870321358887,0,0.9827365270987531,42,64,largest,0.5
8720,group-8583,0,1,0.004954134768990648,0.08044462669305834,40,0.9973244758281615,42,64,largest,0.5
8721,group-8584,4,0,-0.002312472681166522,0.08105705654866657,17,1.0007290854481337,42,64,largest,0.5
8722,group-8585,3,0,-0.08115958694863401,0.02391304476716956,18,0.9677066524795196,42,64,largest,0.5
8723,group-8586,2,0,-0.026949865245582405,0.05811618369749964,35,0.9868595400945599,42,64,largest,0.5
8724,group-8587,1,0,-0.08638564206261778,0.02469714965815104,46,0.9331386900636461,42,64,largest,0.5
8725,group-8588,0,0,-0.03257093641431108,0.0483139459826879,48,0.9726204291969095,42,64,largest,0.5
8726,group-8589,4,0,-0.022694833296226236,0.06037620537527134,33,0.9906808678075847,42,64,largest,0.5
8727,group-8590,2,0,-0.04397446047050546,0.0449716522548149,10,0.9645384723570078,42,64,largest,0.5
8728,group-8591,1,0,-0.034282080186766595,0.06062238984846209,59,0.96132204734278,42,64,largest,0.5
8729,group-8592,0,0,-0.027751218648555676,0.051631130401512404,3,0.9736999007712731,42,64,largest,0.5
8730,group-8593,4,0,-0.03239809090854828,0.05236617262570866,16,0.979230899968527,42,64,largest,0.5
8731,group-8594,3,0,-0.060460165845345526,0.03416157119010045,41,0.9709253701394446,42,64,largest,0.5
8732,group-8595,2,0,-0.022515235318777083,0.062091890994249284,11,0.965568855473295,42,64,largest,0.5
8733,group-8596,1,0,-0.04646789413047703,0.049296619093516805,29,0.9595458916877135,42,64,largest,0.5
8734,group-8597,0,0,-0.03051555774462844,0.0497030807570217,53,0.9777062062359126,42,64,largest,0.5
8735,group-8598,4,0,-0.027508532661659202,0.05626852418332058,39,0.9679337008571818,42,64,largest,0.5
8736,group-8599,3,0,-0.036344609750454504,0.05146305639341133,25,0.9966065448155474,42,64,largest,0.5
8737,group-8600,0,0,-0.00955169305259318,0.06619351672298084,6,0.9945505075223051,42,64,largest,0.5
8738,group-8601,4,0,-0.06874315683339893,0.030453194214298387,62,0.9472291865049296,42,64,largest,0.5
8739,group-8602,3,0,-0.04278147142774824,0.04616564468271126,19,0.9750111419444442,42,64,largest,0.5
8740,group-8603,2,0,-0.030478730989207725,0.05512446222194119,48,0.9612716949210901,42,64,largest,0.5
8741,group-8604,1,0,-0.12921512087371223,0.011600334310288098,58,0.8853084917901413,42,64,largest,0.5
8742,group-8605,0,0,-0.03002300194402785,0.050041556400414966,3,0.9653883324224504,42,64,largest,0.5
8743,group-8606,4,0,-0.07873594138904638,0.026186877825742673,12,0.9205172001764651,42,64,largest,0.5
8744,group-8607,3,0,-0.09752738817321116,0.017994834407200802,27,0.9277153820732392,42,64,largest,0.5
8745,group-8608,2,0,-0.007667155820778038,0.07732080508164327,18,0.9964414965179983,42,64,largest,0.5
8746,group-8609,1,0,-0.029253516034015936,0.06597258077386266,31,0.9674087119728816,42,64,largest,0.5
8747,group-8610,4,0,-0.011660973541185227,0.07087145189394062,52,0.9962346035634961,42,64,largest,0.5
8748,group-8611,3,0,-0.04122111011086105,0.04740006327460235,18,1.001081860582438,42,64,largest,0.5
8750,group-6573,3,0,-0.03763946797412654,0.0503531564213325,27,1.0016471404859217,42,64,largest,0.5
8751,group-6574,2,0,-0.022980407819779947,0.06166321654129869,34,0.9888667992330717,42,64,largest,0.5
8752,group-8612,2,0,-0.034030936676295975,0.052259846468013155,18,0.9824086902906178,42,64,largest,0.5
8753,group-8613,1,0,-0.025951041093675964,0.06972174856635363,0,0.9894037519602289,42,64,largest,0.5
8754,group-8614,0,0,-0.02242077528019193,0.05555017423260727,33,0.9805431430292932,42,64,largest,0.5
8755,group-8615,4,0,-0.12894649273910685,0.012171522881549058,34,0.8802188318822364,42,64,largest,0.5
8756,group-8616,3,0,-0.04447891412798144,0.04485754144791258,17,0.967830410757924,42,64,largest,0.5
8757,group-8617,2,0,-0.027597992541511407,0.057555518822205796,22,0.9795324889769405,42,64,largest,0.5
8758,group-8618,1,0,-0.0372510734459085,0.057656829334362565,59,0.9567091903307722,42,64,largest,0.5
8759,group-8619,0,0,-0.022833182494004567,0.05523722893913944,52,0.9811035687041237,42,64,largest,0.5
8760,group-8620,3,0,-0.07380873535060106,0.027153649331875255,12,0.9772490696140094,42,64,largest,0.5
8761,group-8621,2,0,-0.05883530292966499,0.035859471252391084,11,0.9302274215012059,42,64,largest,0.5
8762,group-8622,1,0,-0.035844058638255016,0.05904484769613161,46,0.9732353752303081,42,64,largest,0.5
8763,group-8623,0,0,-0.07055949936826678,0.028431051194466324,11,0.9526935440761528,42,64,largest,0.5
8764,group-8624,4,0,-0.015270300219333066,0.06726500120570139,33,0.9884272173759099,42,64,largest,0.5
8765,group-8625,3,0,-0.0492602600241383,0.041360231540696554,13,0.9841910951855957,42,64,largest,0.5
8766,group-8626,2,0,-0.021287297787583426,0.06323688549581936,16,0.9849588870874576,42,64,largest,0.5
8767,group-8627,1,0,-0.03342891015004612,0.06150062911185488,46,0.9707225679240216,42,64,largest,0.5
8768,group-8628,0,0,-0.051360719602667304,0.03721898590688915,20,0.9734833825331186,42,64,largest,0.5
8769,group-8629,4,0,-0.03561597359985713,0.04993896861296916,16,0.9691069152637426,42,64,largest,0.5
8770,group-8630,2,0,-0.014237334461919438,0.07019993203892474,45,0.9834002829526882,42,64,largest,0.5
8771,group-8631,1,0,-0.04658191711541293,0.049200759961038336,59,0.9709571392579082,42,64,largest,0.5
8772,group-8632,0,0,-0.08415834218343621,0.023461746546277248,45,0.9317202378598204,42,64,largest,0.5
8773,group-8633,4,0,-0.008985533319373795,0.07365916767474855,32,0.9803357253807099,42,64,largest,0.5
8775,group-8634,3,0,-0.013685736838203177,0.07501696058388212,22,0.9909728755541837,42,64,largest,0.5
8776,group-8635,2,0,-0.06710260205816432,0.03158815123866434,13,0.9510712437895231,42,64,largest,0.5
8777,group-8636,1,0,-0.07528065600208678,0.029983296765105787,62,0.9315907243401703,42,64,largest,0.5
8778,group-8637,0,0,-0.28222522198635036,0.0013571153091996198,51,0.7219299657868514,42,64,largest,0.5
8779,group-8638,4,0,-0.41086980289220243,0.0001539863431527196,48,0.5956659790726577,42,64,largest,0.5
8780,group-8639,3,0,-0.06548389960938139,0.0313398853136902,58,0.9490832897474677,42,64,largest,0.5
8781,group-8640,1,0,-0.07770793454950453,0.028741403377901053,62,0.9350062890917995,42,64,largest,0.5
8782,group-8641,0,0,-0.012006606829202071,0.06402661405527926,18,0.978709484170517,42,64,largest,0.5
8783,group-8642,4,0,-0.042334573092451366,0.045210768048569556,33,0.9716986753895549,42,64,largest,0.5
8784,group-8643,3,0,-0.04184330580840456,0.04690412173311486,58,0.9900025038136603,42,64,largest,0.5
8785,group-8644,2,0,-0.04182688749595853,0.0464588648886554,11,0.973876597293898,42,64,largest,0.5
8786,group-8645,1,0,-0.020510304543852054,0.07633031744574889,35,0.9800483860437968,42,64,largest,0.5
8787,group-8646,0,0,-0.06283483554160796,0.031694447105223914,2,0.9414531957909169,42,64,largest,0.5
8788,group-8647,4,0,-0.07688453032232856,0.026930827907678315,27,0.9346662048521731,42,64,largest,0.5
8789,group-8648,3,0,-0.036037595971377456,0.05172958981737809,47,0.9760983758880117,42,64,largest,0.5
8790,group-8649,2,0,-0.06683725871202573,0.03171726489159777,13,0.9597527056786502,42,64,largest,0.5
8791,group-8650,0,0,-0.028220931496893642,0.05129860309161841,0,0.9897825362683276,42,64,largest,0.5
8792,group-8651,4,0,-0.015578047212908674,0.06696550457355586,32,0.9925361869964765,42,64,largest,0.5
8793,group-8652,3,0,-0.06853899281338272,0.02973561234258643,47,0.9739242122189654,42,64,largest,0.5
8794,group-8653,2,0,-0.03139474737777026,0.05437191012718867,4,0.9815378431865609,42,64,largest,0.5
8795,group-8654,1,0,-0.07196237017080387,0.0317654908306786,30,0.9376378101570513,42,64,largest,0.5
8796,group-8655,0,0,-0.08039288743567052,0.0247459662077385,11,0.9403503341047814,42,64,largest,0.5
8797,group-8656,4,0,-0.05414633348540687,0.03791515495633501,54,0.9653603631834611,42,64,largest,0.5
8798,group-8657,3,0,-0.07752671256261645,0.02546448948956764,41,0.9548546088329111,42,64,largest,0.5
8799,group-8658,2,0,-0.08213206059063671,0.02505096469553065,45,0.9147667004018506,42,64,largest,0.5
8800,group-8659,1,0,-0.07465333047436395,0.030312627164430537,19,0.9342111263520689,42,64,largest,0.5
8801,group-8660,4,0,-0.07342968066202904,0.02837440667489866,20,0.9376900278060386,42,64,largest,0.5
8802,group-8661,3,0,-0.06890198521232604,0.029550373312173535,45,0.9446839857385878,42,64,largest,0.5
8803,group-8662,2,0,-0.03978960971007317,0.047912850415434347,62,0.9755164494555402,42,64,largest,0.5
8804,group-8663,1,0,-0.04705795569628535,0.04880246059202383,52,0.9628131476737203,42,64,largest,0.5
8805,group-8664,0,0,-0.04034692182259991,0.0433851613697923,11,0.9534630260183777,42,64,largest,0.5
8806,group-8665,4,0,-0.030130612327096906,0.05414299834367914,52,0.981127938119943,42,64,largest,0.5
8807,group-8666,3,0,-0.0936256232661199,0.019259756431252537,45,0.9190118254443187,42,64,largest,0.5
8808,group-8667,2,0,-0.03129956831328007,0.05444965134995658,25,0.977824162634379,42,64,largest,0.5
8809,group-8668,1,0,-0.08269845541595555,0.02634297056295257,30,0.9333960477355696,42,64,largest,0.5
8810,group-8669,0,0,-0.03563868432192985,0.046308979659408674,3,0.9672429198646364,42,64,largest,0.5
8811,group-8670,3,0,-0.07680373190169809,0.025784738319471836,17,0.9703093062931576,42,64,largest,0.5
8812,group-8671,2,0,-0.04109813992602829,0.04697407880296326,11,0.9697836626625954,42,64,largest,0.5
8813,group-8672,1,0,-0.036848007638023206,0.05805129209332846,30,0.960865829801816,42,64,largest,0.5
8815,group-8673,0,0,-0.060907406245090834,0.03256360744103299,46,0.9439624267525853,42,64,largest,0.5
8816,group-8674,4,0,-0.022174639822126974,0.06083654507479706,7,0.9731121088421871,42,64,largest,0.5
8817,group-8675,3,0,-0.047086846252340275,0.04291640450359456,58,0.9621396078100689,42,64,largest,0.5
8818,group-8676,2,0,-0.04622046362673149,0.043464861076317356,7,0.9586234937718957,42,64,largest,0.5
8819,group-8677,1,0,-0.007593186365204674,0.09437402115772975,36,0.9889879218384151,42,64,largest,0.5
8820,group-8678,0,1,0.0035818548389435767,0.078984722534025,40,0.9988190908885145,42,64,largest,0.5
8821,group-8679,4,0,-0.048552186151202714,0.041217593390304494,9,0.9706280673657172,42,64,largest,0.5
8822,group-8680,2,1,0.0023120878565791037,0.08940718082639662,47,0.9903408417934827,42,64,largest,0.5
8823,group-8681,1,0,-0.04021979550401111,0.05482812489647178,28,0.9677037122206937,42,64,largest,0.5
8824,group-8682,0,0,-0.006820328753887495,0.06868440201001,38,0.9907228684036437,42,64,largest,0.5
8825,group-8683,4,0,-0.07375630035288427,0.028234776871315658,20,0.9393115048224889,42,64,largest,0.5
8826,group-8684,3,0,-0.02025708189623332,0.06731749731778143,40,0.9862150874493456,42,64,largest,0.5
8827,group-8685,2,0,-0.08027424133072614,0.025781476103475604,6,0.9269910911925764,42,64,largest,0.5
8828,group-8686,1,0,-0.058068983914668415,0.04040175818203878,59,0.9626952498649008,42,64,largest,0.5
8829,group-8687,0,0,-0.04002882728197876,0.043577020101665004,18,0.9491708179622813,42,64,largest,0.5
8830,group-8688,4,0,-0.016502597546508624,0.06607317087623873,22,0.9840591747807731,42,64,largest,0.5
8831,group-8689,3,0,-0.05895817369455281,0.03505177910931882,49,0.9785395419962013,42,64,largest,0.5
8832,group-8690,1,0,-0.03388620486005456,0.061028428991164785,54,0.9717440654900942,42,64,largest,0.5
8833,group-8691,0,0,-0.005943536466012311,0.06950223805110016,52,1.0014910045559464,42,64,largest,0.5
8834,group-8692,4,1,0.010576660977207553,0.09728798114460284,35,0.9957670218983792,42,64,largest,0.5
8835,group-8693,3,0,-0.049405213298339024,0.04125838717508309,48,0.9687308728015273,42,64,largest,0.5
8836,group-8694,2,0,-0.003378883842237612,0.08231953254698486,33,0.9842064932609059,42,64,largest,0.5
8837,group-8695,1,0,-0.05467336313641935,0.04283280351663196,35,0.9630812235472168,42,64,largest,0.5
8838,group-8696,0,0,-0.022479536748394868,0.05550548277588062,58,0.9702403450959484,42,64,largest,0.5
8839,group-8697,4,0,-0.007737276242591906,0.07499405593249177,24,0.9971517931230015,42,64,largest,0.5
8840,group-8698,3,0,-0.04547122271658188,0.04410927547259707,34,0.9710775593840935,42,64,largest,0.5
8841,group-8699,2,0,-0.023935164066093084,0.06079202061603144,33,0.979631997821745,42,64,largest,0.5
8842,group-8700,4,0,-0.013907808821754797,0.06860595186544284,24,0.9875013087668827,42,64,largest,0.5
8843,group-8701,3,0,-0.05825087052453126,0.03547869069572936,13,0.9848185856700451,42,64,largest,0.5
8844,group-8702,2,0,-0.021972517773233946,0.06259554297006178,18,0.9779890818782235,42,64,largest,0.5
8845,group-8703,1,0,-0.016502808657532064,0.08156052013292929,3,0.9848016420751387,42,64,largest,0.5
8846,group-8704,0,0,-0.0399454062135145,0.04362746940071604,38,0.9704222212595368,42,64,largest,0.5
8847,group-8705,4,0,-0.012612666694437058,0.0699035360159922,32,0.9901698834600652,42,64,largest,0.5
8848,group-8706,3,0,-0.033788700185484744,0.05372210834312183,17,0.977252490294427,42,64,largest,0.5
8849,group-8707,2,0,-0.07504994464978987,0.027948588680869083,11,0.940670054696827,42,64,largest,0.5
8850,group-8708,1,0,-0.0714512608849579,0.032048953970179046,19,0.9452063915220116,42,64,largest,0.5
8851,group-8709,0,0,-0.021556039848684816,0.056211783000840995,22,0.9755109463602275,42,64,largest,0.5
8853,group-8710,3,0,-0.04369047594686171,0.045460684929924916,28,0.9824885371794179,42,64,largest,0.5
8854,group-8711,2,0,-0.024739905667174766,0.060066664292371716,50,0.9887739720687813,42,64,largest,0.5
8855,group-7116,3,0,-0.07281208291771646,0.027624663343993633,9,0.9243082528076697,42,64,largest,0.5
8856,group-8415,4,0,-0.0237446348664353,0.059457105504987603,31,0.9829717665302936,42,64,largest,0.5
8857,group-8712,1,0,-0.017144159418547966,0.08070207335837574,10,0.9879571274282501,42,64,largest,0.5
8858,group-8713,0,0,-0.02337757071898039,0.05482667436370413,62,0.9818370549337009,42,64,largest,0.5
8859,group-8714,4,0,-0.019488804500597423,0.06326598769615419,1,0.9897990342555456,42,64,largest,0.5
8860,group-8715,3,0,-0.040874037722446466,0.047678869788372796,15,0.9748770273665716,42,64,largest,0.5
8861,group-8716,2,0,-0.01122045427072993,0.07339114130048956,38,0.9926391038444355,42,64,largest,0.5
8862,group-8717,1,0,-0.09900566627470697,0.01978884325720286,63,0.9046370757305502,42,64,largest,0.5
8863,group-8718,0,0,-0.04489685007727717,0.04072767941604052,20,0.957765466534077,42,64,largest,0.5
8864,group-8719,4,0,-0.027674871558809433,0.05613138576094489,4,0.9736632614913542,42,64,largest,0.5
8865,group-8720,2,0,-0.038292529511877116,0.04900874104770669,61,0.9762304527755449,42,64,largest,0.5
8866,group-8721,1,0,-0.021403240437042004,0.07520761556484,10,0.9940466309709209,42,64,largest,0.5
8867,group-8722,0,0,-0.010560803840291788,0.06529466687766215,53,0.9916370324380359,42,64,largest,0.5
8868,group-8723,4,1,7.613494574343349e-06,0.08378412912405934,35,0.9850901867831658,42,64,largest,0.5
8869,group-8724,3,0,-0.053968037226455934,0.03817259717866125,6,0.9546013695750624,42,64,largest,0.5
8870,group-8725,2,0,-0.02585239785509663,0.05907725141501064,37,0.9580426992166531,42,64,largest,0.5
8872,group-8726,1,0,-0.050122730922361636,0.0463105486055676,8,0.9680240206522116,42,64,largest,0.5
8873,group-8727,0,0,-0.05637412964493782,0.03469956792200784,47,0.9361867346952707,42,64,largest,0.5
8874,group-8728,4,0,-0.08936783060356579,0.02228688199538716,11,0.931753207217488,42,64,largest,0.5
8875,group-8729,3,0,-0.04753274337888291,0.04259264625447961,35,0.9906370343352356,42,64,largest,0.5
8876,group-8730,1,0,-0.022604800070114228,0.07372081605087265,1,0.9755689474512544,42,64,largest,0.5
8877,group-8731,0,0,-0.02566921641655584,0.053129739163447105,35,0.9754519807842598,42,64,largest,0.5
8878,group-8732,4,0,-0.03145631890787137,0.05309736909006683,2,0.985709402098673,42,64,largest,0.5
8879,group-8733,3,0,-0.04143050749312227,0.04723260239877122,2,0.9822650649279192,42,64,largest,0.5
8880,group-8734,2,0,-0.04358752796955134,0.04523621401785795,37,0.9780959092057601,42,64,largest,0.5
8881,group-8735,1,0,-0.01908180833054618,0.07815839004732048,60,0.9845492758281384,42,64,largest,0.5
8882,group-8736,0,0,-0.014047369373473728,0.06227576189678771,39,0.998389790534256,42,64,largest,0.5
8883,group-8737,4,0,-0.07940033534697444,0.02592481169560259,47,0.9437556850473962,42,64,largest,0.5
8884,group-8738,3,0,-0.04119315894653586,0.04742245922989251,13,0.9797017699814344,42,64,largest,0.5
8885,group-8739,2,0,-0.09407615534061176,0.020814133893003704,15,0.9277219648300301,42,64,largest,0.5
8886,group-8740,0,0,-0.05009445729357187,0.03788264032953255,18,0.9399789395850278,42,64,largest,0.5
8887,group-8741,4,0,-0.033000822029572885,0.05190321213732451,15,0.9744264690025671,42,64,largest,0.5
8888,group-8742,3,0,-0.025278152482972382,0.06193554469710436,2,0.9783045069241321,42,64,largest,0.5
8889,group-8743,2,0,-0.020305248573387447,0.06416673900839684,54,0.976537188417771,42,64,largest,0.5
8890,group-8744,1,0,-0.052932859510329666,0.04413247126830252,6,0.9614047323519642,42,64,largest,0.5
8891,group-8745,0,0,-0.03970388068194075,0.04377384764529904,36,0.958273630338648,42,64,largest,0.5
8892,group-8746,4,0,-0.04435110971667178,0.0438768692165672,9,0.9769063837777643,42,64,largest,0.5
8893,group-8747,3,0,-0.050204214146398196,0.040701301986980985,42,0.9914074492485473,42,64,largest,0.5
8894,group-8748,2,0,-0.0465761972326576,0.04323067167658585,3,0.9485934267905607,42,64,largest,0.5
8895,group-8749,1,0,-0.04619544921724017,0.04952638107176721,6,0.9641312198809752,42,64,largest,0.5
8896,group-8750,4,0,-0.12646329357623753,0.012644443182870464,14,0.9048403093880943,42,64,largest,0.5
8897,group-8751,3,0,-0.06506750039133524,0.031564928416034775,6,0.9432977068847914,42,64,largest,0.5
8898,group-8752,2,0,-0.06098565203986517,0.034697736603198255,41,0.9381899748296951,42,64,largest,0.5
8899,group-8753,1,0,-0.07268555899798601,0.03136854712859683,12,0.9232536654575046,42,64,largest,0.5
8900,group-8754,0,0,-0.0397406713036198,0.04375152021242515,21,0.971209777347065,42,64,largest,0.5
8901,group-8755,4,0,-0.06665607795271566,0.031425756956081914,51,0.96671380339857,42,64,largest,0.5
8902,group-8756,3,0,-0.07047362962145398,0.02876117630720892,45,0.9591177264874683,42,64,largest,0.5
8903,group-8757,2,0,-0.053516869185262106,0.0388957650681152,11,0.9645387712893769,42,64,largest,0.5
8904,group-8758,1,0,-0.036217819541995766,0.05867310748837036,25,0.9721434147119856,42,64,largest,0.5
8905,group-8759,0,0,-0.038427952783149255,0.044554940800669844,11,0.9687642230741587,42,64,largest,0.5
8906,group-8760,3,0,-0.04791772316257836,0.04231499751462083,5,0.9699175658405917,42,64,largest,0.5
8907,group-8761,2,0,-0.012268289362757923,0.07226789621996761,9,0.9934238154019168,42,64,largest,0.5
8908,group-8762,1,0,-0.06140818236552137,0.03814034510702514,63,0.9470151404862134,42,64,largest,0.5
8909,group-8763,0,0,-0.09911773706405325,0.01897294824827543,21,0.9112227077557191,42,64,largest,0.5
8910,group-8764,4,0,-0.07567739666603679,0.027426914640962943,20,0.9384795765667951,42,64,largest,0.5
8911,group-8765,3,0,-0.046937633810298696,0.043025269068986134,18,0.9804439885288674,42,64,largest,0.5
8912,group-8766,2,0,-0.035078929596283115,0.05144193703870037,9,0.9622668234772843,42,64,largest,0.5
8913,group-8767,1,0,-0.07536903070673007,0.029937181754523323,28,0.9373247880246924,42,64,largest,0.5
8914,group-8768,0,0,-0.027230355257195527,0.05200225188441234,9,0.9739323254039134,42,64,largest,0.5
8915,group-8769,4,0,-0.07602578008067606,0.027282837449668678,34,0.9245560198332787,42,64,largest,0.5
8916,group-8770,2,0,-0.044005320864573205,0.04495061532801842,51,0.9712639853476985,42,64,largest,0.5
8917,group-8771,1,0,-0.017199033233253003,0.08062900887417102,60,0.9986401618022938,42,64,largest,0.5
8918,group-8772,0,0,-0.06351648288510814,0.03139246723075996,37,0.93686245296238,42,64,largest,0.5
8919,group-8773,4,1,0.0029647326379256267,0.08738070314106289,35,0.972678956393817,42,64,largest,0.5
8920,group-8774,3,0,-0.06544309533038428,0.03136186920775575,42,0.9794148000727575,42,64,largest,0.5
8921,group-8775,2,0,-0.05413709503148889,0.038529349087186436,29,0.9473621358688219,42,64,largest,0.5
8922,group-8776,1,0,-0.0481532846763737,0.047897590841487356,63,0.9570970978977991,42,64,largest,0.5
8923,group-8777,0,0,-0.05555961789217134,0.0350974042506447,1,0.9780876242507055,42,64,largest,0.5
8924,group-8778,4,0,-0.013426791304971819,0.0690852510929632,26,0.9779865996005231,42,64,largest,0.5
8925,group-8779,3,0,-0.02370657000853349,0.06357538371361883,13,0.9775528583607414,42,64,largest,0.5
8926,group-8780,1,0,-0.029175088754214817,0.06605940387557098,13,0.978069230088727,42,64,largest,0.5
8927,group-8781,0,0,-0.025355984158970446,0.053358724889942415,39,0.9840647368161838,42,64,largest,0.5
8928,group-8782,4,0,-0.02085499930814294,0.06201911125569253,0,0.9938887234921031,42,64,largest,0.5
8929,group-8783,3,0,-0.04998594843318738,0.0408527637382649,18,0.9773208051662613,42,64,largest,0.5
8930,group-8784,2,0,-0.05324140964506663,0.03905957079097069,10,0.9763868180084587,42,64,largest,0.5
8931,group-8785,1,0,-0.02742897361598695,0.06802014044274157,3,0.9881416891682824,42,64,largest,0.5
8932,group-8786,0,0,-0.0455270721025508,0.04037210129874307,26,0.9643273704374872,42,64,largest,0.5
8933,group-8787,4,0,-0.013063316543292736,0.06944948176874303,31,0.9904243973255864,42,64,largest,0.5
8934,group-8788,3,0,-0.047031753280349475,0.04295656935661595,46,0.9986717029119554,42,64,largest,0.5
8935,group-8789,2,0,-0.02037320179392732,0.06410198944568131,27,0.9981436208510441,42,64,largest,0.5
8936,group-8790,0,0,-0.024876517052073388,0.05371103964939198,45,0.9834800333936186,42,64,largest,0.5
8937,group-8791,4,0,-0.07702395061333756,0.026874096467968164,36,0.9421271273574908,42,64,largest,0.5
8938,group-8792,3,0,-0.09565670471000287,0.018590781472615465,47,0.9611083625474385,42,64,largest,0.5
8939,group-8793,2,0,-0.05295695527160316,0.03922941990160687,11,0.9506109674733816,42,64,largest,0.5
8940,group-8794,1,0,-0.011122178212219502,0.08909602536747097,57,0.9868546974844599,42,64,largest,0.5
8941,group-8795,0,0,-0.05509794183585737,0.035324851219442066,11,0.9527685572627801,42,64,largest,0.5
8942,group-8796,4,0,-0.08133391087744335,0.025176569216785783,18,0.9473820673951803,42,64,largest,0.5
8943,group-8797,3,0,-0.04452210930115996,0.044824719064904026,36,0.9738201357044846,42,64,largest,0.5
8944,group-8798,2,0,-0.06244979893600067,0.033927577476509645,15,0.9355745965828228,42,64,largest,0.5
8945,group-8799,1,0,-0.03511742162196585,0.05977388131362783,14,0.9660432445365881,42,64,largest,0.5
8946,group-8800,3,0,-0.0376714011980831,0.05032607298851138,18,0.9861435232375665,42,64,largest,0.5
8947,group-8801,2,0,-0.014381296554547895,0.07005090318156396,17,0.9860664362131438,42,64,largest,0.5
8948,group-8802,1,0,-0.030486069765003232,0.06462194120485665,42,0.9796845389164938,42,64,largest,0.5
8949,group-8803,0,0,-0.006302079482424672,0.06916672037936561,52,0.9878222158149956,42,64,largest,0.5
8950,group-8804,4,0,-0.09595737991889508,0.02016090817447818,21,0.9253311339853043,42,64,largest,0.5
8951,group-8805,3,0,-0.05214259712085678,0.039379591555890464,22,0.9910242351224353,42,64,largest,0.5
8952,group-8806,2,0,-0.06571143648498368,0.032270779064778786,33,0.9416338795926075,42,64,largest,0.5
8953,group-8807,1,0,-0.03869446233725338,0.05626479961856442,36,0.9647450767881816,42,64,largest,0.5
8954,group-8808,0,0,-0.08616120243214243,0.022805401604764863,5,0.9189574970407065,42,64,largest,0.5
8955,group-8809,4,0,-0.050354285788433484,0.040124751115737864,54,0.9607592627729747,42,64,largest,0.5
8956,group-8810,2,0,-0.030097996201062904,0.05544013135168451,41,0.9870262980747712,42,64,largest,0.5
8957,group-8811,1,0,-0.061608621636094374,0.038008538550835046,57,0.9566735485694805,42,64,largest,0.5
8958,group-8812,0,0,-0.012108788470771459,0.06393786813749593,38,0.987945899135621,42,64,largest,0.5
8959,group-8813,4,0,-0.023514765296690054,0.05965722855096691,63,0.9900542582577927,42,64,largest,0.5
8960,group-8814,3,0,-0.10581962344680695,0.015571392690413481,10,0.9380103742860308,42,64,largest,0.5
8961,group-8815,2,0,-0.054989422519631015,0.038031214402564774,5,0.951986964600386,42,64,largest,0.5
8962,group-8816,1,0,-0.024068580396626738,0.07194611865483559,56,0.9821481777867713,42,64,largest,0.5
8963,group-8817,0,0,-0.021462715271207466,0.05628362705689863,24,0.9857922178646445,42,64,largest,0.5
8964,group-8818,4,0,-0.02694598256071057,0.0567346576712042,55,0.9701959399411493,42,64,largest,0.5
8965,group-8819,3,0,-0.008192679498525757,0.08206553986890583,29,0.9723306885363229,42,64,largest,0.5
8966,group-8820,1,0,-0.021573707759538707,0.07499501609040228,63,0.9827222525000835,42,64,largest,0.5
8967,group-8821,0,0,-0.05141726397845181,0.037189612879956646,53,0.9475289965762982,42,64,largest,0.5
8968,group-8822,4,0,-0.03098819270206421,0.053464400706217725,33,0.9800695282158104,42,64,largest,0.5
8969,group-8823,3,0,-0.05864346137446297,0.03524111734184522,17,0.9610455469133073,42,64,largest,0.5
8970,group-8824,2,0,-0.04273294389856086,0.0458257910761496,19,0.9715368349111866,42,64,largest,0.5
8971,group-8825,1,0,-0.016095032023081046,0.082110647289164,35,0.9864885789018853,42,64,largest,0.5
8972,group-8826,0,0,-0.042887153857092075,0.0418817047856241,1,0.9595924696038793,42,64,largest,0.5
8973,group-8827,4,0,-0.010975431449459339,0.07157633507819287,14,0.994171279725394,42,64,largest,0.5
8974,group-8828,3,0,-0.02288218050337454,0.06445167845028943,27,0.973037203191211,42,64,largest,0.5
8975,group-8829,2,0,-0.02300332119534798,0.0616421725904489,20,0.9911618848585764,42,64,largest,0.5
8976,group-8830,0,0,-0.04155851441247038,0.04266174982292292,29,0.9643018601645925,42,64,largest,0.5
8977,group-8831,4,0,-0.02060038981876433,0.0622497310312912,55,0.9800991900698601,42,64,largest,0.5
8978,group-8832,3,0,-0.017429887719614068,0.07053586847776523,33,0.9426691765473837,42,64,largest,0.5
8979,group-8833,2,0,-0.028189978137203364,0.05704786091513922,9,0.9931032858870851,42,64,largest,0.5
8980,group-8834,1,0,-0.004281595329575172,0.09957984258228743,31,0.9972741746697857,42,64,largest,0.5
8981,group-8835,0,0,-0.038307848465585326,0.044629146419666574,52,0.9659569014094992,42,64,largest,0.5
8982,group-8836,4,0,-0.02304944721453761,0.06006426400792539,5,0.9841957665646043,42,64,largest,0.5
8983,group-8837,3,0,-0.07161251619126086,0.028202106940062303,12,0.9649717044973396,42,64,largest,0.5
8984,group-8838,2,1,0.012893753913211792,0.10405984225520795,47,0.9866013334943596,42,64,largest,0.5
8985,group-8839,1,0,-0.0048743199801633,0.09862967894701748,18,0.9822353669536175,42,64,largest,0.5
8986,group-8840,4,0,-0.015762485026519002,0.06678660501205277,24,1.0069853659716932,42,64,largest,0.5
8987,group-8841,3,0,-0.03888770050134027,0.04930470961229957,60,0.9885214856343102,42,64,largest,0.5
8988,group-8842,2,0,-0.036747426267381034,0.05016469142415748,29,0.9823151849612555,42,64,largest,0.5
8989,group-8843,1,0,-0.02486857464490988,0.07099293287688614,42,0.9936642304424895,42,64,largest,0.5
8990,group-8844,0,0,-0.07777880946374394,0.025677536656771572,47,0.9386471512646015,42,64,largest,0.5
8991,group-8845,4,0,-0.052553700318702545,0.03882856465566299,8,0.9637068003376491,42,64,largest,0.5
8992,group-8846,3,0,-0.09582233821921826,0.018537243184688232,14,0.9283160689406653,42,64,largest,0.5
8993,group-8847,2,0,-0.09504126510062727,0.020504151212876437,11,0.9186307998486204,42,64,largest,0.5
8994,group-8848,1,0,-0.01471936914714278,0.08399154463541798,0,0.9928874900026594,42,64,largest,0.5
8995,group-8849,0,0,-0.014990547310664293,0.061481761604551544,42,0.9783282603632067,42,64,largest,0.5
8996,group-8850,3,0,-0.04833576644679738,0.04201546269224101,15,0.9898067618437865,42,64,largest,0.5
8997,group-8851,2,0,-0.03534290197832124,0.05123783561783547,58,0.9812029947896804,42,64,largest,0.5
8998,group-8852,1,0,-0.0329261032672683,0.062023764436439775,16,0.9952332681486302,42,64,largest,0.5
8999,group-8853,0,0,-0.0012595290073302845,0.07402580672203268,22,0.9977403823999953,42,64,largest,0.5
9000,group-8854,4,0,-0.039015085919724135,0.04749102479284473,14,0.9735000086091791,42,64,largest,0.5
9001,group-8855,3,0,-0.036027371168525946,0.051738488879459234,49,0.9776343777521384,42,64,largest,0.5
9002,group-8856,2,0,-0.023759023145993208,0.060951875008302306,48,0.9792104733536897,42,64,largest,0.5
9003,group-8857,1,0,-0.03432758414633508,0.06057587986811715,27,0.9801818904642405,42,64,largest,0.5
9004,group-8858,0,0,-0.0624460558596851,0.03186793862935148,4,0.9625061387392424,42,64,largest,0.5
9005,group-8859,4,0,-0.015291171168461237,0.06724465055813171,40,0.9960126285509617,42,64,largest,0.5
9006,group-8860,2,0,-0.07789923573674928,0.026745603368593777,3,0.9288709960408817,42,64,largest,0.5
9007,group-7115,4,0,-0.059443179281658654,0.03502353629154269,55,0.9607642857912885,42,64,largest,0.5
9008,group-8861,1,0,-0.04917703379746974,0.04706627853787579,2,0.970733515257376,42,64,largest,0.5
9009,group-8862,0,0,-0.012244316838378788,0.0638203370167539,19,1.0069188383794505,42,64,largest,0.5
9010,group-8863,4,0,-0.012452037933971205,0.07006604089555708,39,0.9884625700672078,42,64,largest,0.5
9011,group-8864,3,0,-0.07638413733849936,0.02597239501315652,14,0.9588297244684575,42,64,largest,0.5
9012,group-8865,2,0,-0.013243061393825029,0.0712372257660229,44,0.9814971388528434,42,64,largest,0.5
9014,group-8866,1,0,-0.0298381335139023,0.06532871335377664,5,0.9720320159315302,42,64,largest,0.5
9015,group-8867,0,0,-0.0495646755556326,0.03816366202308149,34,0.9490108313326816,42,64,largest,0.5
9016,group-8868,4,0,-0.07193860219622028,0.029020402072859153,41,0.9389225292854557,42,64,largest,0.5
9017,group-8869,3,0,-0.00963733483567697,0.08015538440226148,33,0.9599836068729741,42,64,largest,0.5
9018,group-8870,1,0,-0.03606475310571733,0.058825080311207686,14,0.971674417152535,42,64,largest,0.5
9019,group-8871,0,0,-0.013240907777432698,0.06296225150636099,38,0.9787676619697483,42,64,largest,0.5
9020,group-8872,4,0,-0.00961301250456037,0.07299643109374736,32,0.9873847747056809,42,64,largest,0.5
9021,group-8873,3,0,-0.04666160022191901,0.04322735722403664,29,0.9661074559514377,42,64,largest,0.5
9022,group-8874,2,0,-0.02128543684575801,0.06323863558907161,35,0.9882394750962304,42,64,largest,0.5
9023,group-8875,1,0,-0.043703618569073566,0.051675414505337185,10,0.9921028272625307,42,64,largest,0.5
9024,group-8876,0,0,-0.00460800626872826,0.07076529364704043,52,0.9919909208301938,42,64,largest,0.5
9025,group-8877,4,0,-0.03985490304874317,0.04690400737108901,39,0.9635084886596865,42,64,largest,0.5
9026,group-8878,3,0,-0.02501969250343339,0.062202489316530656,11,0.9725824028968576,42,64,largest,0.5
9027,group-8879,2,0,-0.007713850087158969,0.07726793656651468,3,0.9793624136647031,42,64,largest,0.5
9028,group-8880,0,0,-0.07124855425955956,0.0281563205564464,13,0.9397266935837203,42,64,largest,0.5
9029,group-8881,4,0,-0.06036481723475906,0.03454259063372282,10,0.9407030394886591,42,64,largest,0.5
9030,group-8882,3,0,-0.026769666147115845,0.06041586414591136,36,0.9680331342058069,42,64,largest,0.5
9031,group-8883,2,0,-0.03966875663651148,0.048000446696794534,32,0.975813613550756,42,64,largest,0.5
9032,group-8884,1,0,-0.09105340915153437,0.022756860181476435,6,0.9129815089508445,42,64,largest,0.5
9033,group-8885,0,0,-0.04384299304808803,0.04132898595127263,37,0.945165488806686,42,64,largest,0.5
9034,group-8886,4,0,-0.032752747889745804,0.0520932886603257,2,0.9696241208277876,42,64,largest,0.5
9035,group-8887,3,0,-0.056973698823266195,0.036262279107022836,25,0.9781638694643434,42,64,largest,0.5
9036,group-8888,2,0,-0.02159590774379705,0.06294728217736742,12,0.9731651326747304,42,64,largest,0.5
9037,group-8889,1,1,0.004023396601986029,0.11377101295139976,7,1.0002884919289434,42,64,largest,0.5
9038,group-8890,4,0,-0.026583369870016527,0.0570370425861646,55,0.9777489779227014,42,64,largest,0.5
9039,group-8891,3,0,-0.04487784237264125,0.044555280098260534,42,0.9964561888670813,42,64,largest,0.5
9040,group-8892,2,0,-0.00823619451231894,0.07667877798565913,16,0.9875308141991361,42,64,largest,0.5
9041,group-8893,1,0,-0.03789699919974998,0.05702993412376552,56,0.9840586955728767,42,64,largest,0.5
9042,group-8894,0,0,-0.028971133121925896,0.05077170583747021,24,0.978744561384573,42,64,largest,0.5
9043,group-8895,4,0,-0.034479192554575544,0.0507840014137069,53,0.9542183014267692,42,64,largest,0.5
9044,group-8896,3,0,-0.01075137003544091,0.078710191136825,26,0.9882422948932881,42,64,largest,0.5
9045,group-8897,2,0,-0.004896678324321058,0.08051751048458385,19,0.9974490573741351,42,64,largest,0.5
9046,group-8898,1,0,-0.053508104451440386,0.04369881612063556,6,0.9569575790241797,42,64,largest,0.5
9047,group-8899,0,0,-0.012564922070953721,0.06354310696764626,54,0.9918195488448217,42,64,largest,0.5
9048,group-8900,2,0,-0.009399966918519298,0.07538093264037904,3,0.9900144077124912,42,64,largest,0.5
9049,group-8901,1,0,-0.02725929969614116,0.06821351989537344,8,0.9675957970048455,42,64,largest,0.5
9050,group-8902,0,0,-0.0066662960058913034,0.06882742918231263,53,0.9913042315502416,42,64,largest,0.5
9051,group-8903,4,0,-0.0025423587439579176,0.08079129540450056,12,0.99741176465022,42,64,largest,0.5
9052,group-8904,3,0,-0.07217620483102571,0.027929314924198975,14,0.970058838967975,42,64,largest,0.5
9053,group-8905,2,0,-0.029525226834241303,0.05591822412264954,38,0.9832316915975517,42,64,largest,0.5
9054,group-8906,1,0,-0.03330415266309261,0.061630044636243386,16,0.976677236165826,42,64,largest,0.5
9055,group-8907,0,0,-0.06056136727751604,0.03272207158223845,55,0.9359041649783468,42,64,largest,0.5
9056,group-8908,4,0,-0.08029740433210264,0.025575015455343762,14,0.9313283012393777,42,64,largest,0.5
9057,group-8909,3,0,-0.04627566344442169,0.04351142700220761,25,0.9851102130837357,42,64,largest,0.5
9058,group-8910,1,0,-0.04067105354865641,0.05440976239713168,31,0.9721298007591507,42,64,largest,0.5
9059,group-8911,0,0,-0.05752634865299733,0.034144200969924765,13,0.9348420236167853,42,64,largest,0.5
9060,group-8912,4,0,-0.07534103234998801,0.02756672265287929,14,0.9631883837222662,42,64,largest,0.5
9061,group-8913,3,0,-0.06522172564314976,0.031481395623765424,42,0.9945677768585721,42,64,largest,0.5
9062,group-8914,2,0,-0.06590251871708319,0.03217617930131308,5,0.9386431302612557,42,64,largest,0.5
9063,group-8915,1,0,-0.008630971158887446,0.09279348049803712,15,0.9920204395923471,42,64,largest,0.5
9064,group-8916,0,0,-0.06365230271529299,0.03133263052149081,34,0.9495100965271902,42,64,largest,0.5
9065,group-8917,4,0,-0.04135690505552103,0.04587130006366078,18,0.9815156732916456,42,64,largest,0.5
9066,group-8918,3,0,-0.022789049751334556,0.06455137700371348,19,0.9632464902305572,42,64,largest,0.5
9067,group-8919,2,0,-0.013197180255227758,0.07128543210534115,61,0.9902436473215355,42,64,largest,0.5
9068,group-8920,0,1,0.003743733430204288,0.07915566920259122,40,0.9785988648376618,42,64,largest,0.5
9069,group-8921,4,0,-0.07364363449593503,0.028282865948986026,47,0.940966537303404,42,64,largest,0.5
9070,group-8922,3,0,-0.04751874182875082,0.042602776957684364,3,0.950493609258532,42,64,largest,0.5
9071,group-8923,2,0,-0.020853131674190006,0.0636464160993801,18,0.9842242952151108,42,64,largest,0.5
9072,group-8924,1,0,-0.037120719619549214,0.05778412478725505,52,0.9834794839204347,42,64,largest,0.5
9073,group-8925,0,0,-0.06817705673944907,0.029401139643749605,13,0.9265863177354181,42,64,largest,0.5
9074,group-8926,4,0,-0.014166122737923725,0.0683498336548051,53,0.9800648336235521,42,64,largest,0.5
9075,group-8927,3,0,-0.04858862268079167,0.04183527215188396,25,1.003105784578192,42,64,largest,0.5
9076,group-8928,2,0,-0.024104942536527396,0.06063831156840565,38,0.9868322545819699,42,64,largest,0.5
9077,group-8929,1,0,-0.03982826262553485,0.05519356944825972,37,0.9875139047647841,42,64,largest,0.5
9078,group-8930,4,0,-0.07984827218826895,0.025749568340368838,20,0.9539082362442726,42,64,largest,0.5
9079,group-8931,3,0,-0.03922857291804205,0.04902201278064101,5,0.9784531341321171,42,64,largest,0.5
9080,group-8932,2,0,-0.0708851091514826,0.02980202258331713,11,0.9301666118999932,42,64,largest,0.5
9081,group-8933,1,0,-0.016683445194981883,0.08131790026159699,44,0.9936248605465269,42,64,largest,0.5
9082,group-8934,0,0,-0.011905694333154582,0.06411437031873367,38,0.9862107458290384,42,64,largest,0.5
9083,group-8935,4,0,-0.04882093306682389,0.041052828904619226,28,0.9448561497644904,42,64,largest,0.5
9084,group-8936,3,0,-0.06606460590576535,0.031028633131945153,21,0.9704444173537624,42,64,largest,0.5
9085,group-8937,2,0,-0.009889588084537437,0.07484095738979588,58,0.9831710298027428,42,64,largest,0.5
9086,group-8938,1,0,-0.027062061855103847,0.06843895463935828,28,0.9865854038431148,42,64,largest,0.5
9087,group-8939,0,0,-0.017764024548949653,0.05920144627573124,58,0.9785267676596858,42,64,largest,0.5
9088,group-8940,3,0,-0.009854002567523112,0.07987242554427373,15,0.9944695303952138,42,64,largest,0.5
9089,group-8941,2,0,-0.020257718563136407,0.06421206441552336,10,0.9830623119352809,42,64,largest,0.5
9090,group-8942,1,0,-0.039215554520214635,0.055770057771444746,43,0.977057496947064,42,64,largest,0.5
9091,group-8943,0,0,-0.013983778433508731,0.062329638076243324,32,0.9864590321987105,42,64,largest,0.5
9092,group-8944,4,0,-0.05966747721517207,0.03490589828312129,20,0.9533407174983629,42,64,largest,0.5
9093,group-8945,3,0,-0.057358214621341275,0.03602462929215119,17,0.9601282403056038,42,64,largest,0.5
9094,group-8946,2,0,-0.04848940706931815,0.04199168190075126,10,0.9608016629726609,42,64,largest,0.5
9095,group-8947,1,1,0.0005120956972169965,0.10756751535782984,7,0.9969170721366357,42,64,largest,0.5
9096,group-8948,0,0,-0.03208094806533546,0.04864172287838624,38,0.9798547677334453,42,64,largest,0.5
9097,group-8949,4,0,-0.0006173201139030304,0.08304147376725526,36,0.9959887088445077,42,64,largest,0.5
9098,group-8950,2,0,-0.0007861153739349147,0.08548290013536755,15,0.9962190139951987,42,64,largest,0.5
9099,group-8951,1,0,-0.021687265297542835,0.07485369866092537,16,0.970225899859995,42,64,largest,0.5
9100,group-8952,0,0,-0.020268072316932284,0.057210956925485786,17,0.9905082241139579,42,64,largest,0.5
9101,group-8953,4,0,-0.03439214752120989,0.050849261779997997,21,0.9710548731907138,42,64,largest,0.5
9102,group-8954,3,0,-0.09332234258053396,0.019361652178358033,18,0.9654580793338355,42,64,largest,0.5
9103,group-8955,2,0,-0.033207858289235115,0.05291081982049977,9,0.9938727337451899,42,64,largest,0.5
9104,group-8956,1,0,-0.006005943602630293,0.09683804066069769,19,0.9901506846148502,42,64,largest,0.5
9107,group-8957,0,0,-0.011979209724426676,0.06405042825399934,53,0.9768371184969076,42,64,largest,0.5
9108,group-8958,4,0,-0.016246141501506384,0.06631957717345342,63,0.9929089602610238,42,64,largest,0.5
9109,group-8959,3,0,-0.030639543345920117,0.056634157379943144,56,0.9951265384667052,42,64,largest,0.5
9110,group-8960,1,0,-0.02346698475664455,0.07267067685887182,53,0.9767041295904207,42,64,largest,0.5
9111,group-8961,0,0,-0.020513225190260664,0.05701949643390524,38,0.9764152210528882,42,64,largest,0.5
9112,group-8962,4,0,-0.04661338726791986,0.04242512370291387,63,0.9611002870472071,42,64,largest,0.5
9113,group-8963,3,0,-0.018605598039228455,0.06918056347041933,36,0.9888680720522228,42,64,largest,0.5
9114,group-8964,2,0,-0.02319767375116566,0.06146394625664006,55,0.9732164208962745,42,64,largest,0.5
9115,group-8965,1,0,-0.019634880146819467,0.07744590782368604,10,0.9879951896422413,42,64,largest,0.5
9116,group-8966,0,0,-0.02966582375350557,0.0502883675712947,23,0.978531914776234,42,64,largest,0.5
9117,group-8967,4,0,-0.05228175514659272,0.0389866275375691,27,0.9672592199215141,42,64,largest,0.5
9118,group-8968,3,0,-0.039962567587411124,0.04841849763897225,36,0.9782703231878696,42,64,largest,0.5
9119,group-8969,2,0,-0.012630324320569541,0.07188350495704263,25,0.9853013424968975,42,64,largest,0.5
9120,group-8970,0,0,-0.02005096980199983,0.057381014564025126,57,0.9844485309115424,42,64,largest,0.5
9121,group-8971,4,0,-0.023382217467997624,0.05977291046924364,36,0.9826664597946047,42,64,largest,0.5
9122,group-8972,3,0,-0.033957387708328346,0.053570173467865356,49,0.9894204273465814,42,64,largest,0.5
9123,group-8973,2,0,-0.036910334824306945,0.050041605698252875,38,0.9810629993755189,42,64,largest,0.5
9124,group-8974,1,0,-0.01505660522328145,0.08352686377927665,22,0.9965691618493666,42,64,largest,0.5
9125,group-8975,0,1,0.01702983729141705,0.09438794319127772,40,0.9835839464519012,42,64,largest,0.5
9126,group-8976,4,0,-0.021727167627184296,0.06123515507187769,52,0.9806287527783722,42,64,largest,0.5
9127,group-8977,3,0,-0.04650532384242212,0.043342170890692824,22,0.9642217372944212,42,64,largest,0.5
9128,group-8978,2,0,-0.02806735131789717,0.057152673042476024,25,0.9899387134115057,42,64,largest,0.5
9129,group-8979,1,0,-0.018822823174985293,0.07849408000042672,9,0.9614443574454672,42,64,largest,0.5
9130,group-8980,4,0,-0.028338114764341227,0.05558769355530702,41,0.9778316319046912,42,64,largest,0.5
9131,group-8981,3,0,-0.08105104938040886,0.02395803149476006,41,0.9473706807771547,42,64,largest,0.5
9132,group-8982,2,0,-0.03855925497177759,0.04881176751690789,22,0.9552434039536635,42,64,largest,0.5
9133,group-8983,1,1,0.010788407427831603,0.1266041664693952,7,0.9934823072148856,42,64,largest,0.5
9134,group-8984,0,0,-0.014500850489728156,0.06189281770986408,19,0.995525071416866,42,64,largest,0.5
9135,group-8985,4,0,-0.01666380324488781,0.0659187180754265,19,1.0087799692065618,42,64,largest,0.5
9136,group-8986,3,0,-0.05292343280260636,0.0388588813358647,17,0.9901067533944786,42,64,largest,0.5
9137,group-8987,2,0,-0.041186288697498186,0.046911471286609,10,0.9605450485589212,42,64,largest,0.5
9138,group-8988,1,1,0.01051128230976106,0.12605499548095814,7,0.9867222717914488,42,64,largest,0.5
9139,group-8989,0,0,-0.016874449830373228,0.059924073117119184,7,0.9874368470248875,42,64,largest,0.5
9140,group-8990,3,0,-0.010394917807237669,0.07916999058704233,49,0.9980293911280161,42,64,largest,0.5
9141,group-8991,2,0,-0.01807355181559389,0.06632735866189401,28,0.9853348355565676,42,64,largest,0.5
9142,group-8992,1,0,-0.004910487118271689,0.0985719635840757,11,1.004754592712663,42,64,largest,0.5
9143,group-8993,0,0,-0.006551464452147604,0.06893423547769494,32,0.994232630686652,42,64,largest,0.5
9144,group-8994,4,0,-0.022512468999425828,0.06053721448658221,22,0.994120584830561,42,64,largest,0.5
9145,group-8995,3,0,-0.046306642230686035,0.04348855936469666,31,0.9891268658171092,42,64,largest,0.5
9146,group-8996,2,0,-0.025506519179601117,0.05938321674281463,61,0.9859921404576877,42,64,largest,0.5
9147,group-8997,1,0,-0.0321638196354016,0.06282479763097575,46,0.9733384317495856,42,64,largest,0.5
9148,group-8998,0,0,-0.05007770466291783,0.03789149621727281,47,0.935091000328628,42,64,largest,0.5
9149,group-8999,4,0,-0.027521546443913247,0.056257783594451834,15,0.9920988374872731,42,64,largest,0.5
9150,group-9000,0,0,-0.0232561544130242,0.054917991621411144,8,0.9683874326104837,42,64,largest,0.5
9151,group-9001,4,0,-0.026329133073428546,0.057249954485126764,42,0.9940122768289628,42,64,largest,0.5
9152,group-9002,3,0,-0.0737117923655316,0.027199119317242556,56,0.9711428521097171,42,64,largest,0.5
9153,group-9003,2,1,0.0019135147056642543,0.08889337513419215,47,0.999042080708156,42,64,largest,0.5
9154,group-9004,1,0,-0.05628840659297818,0.041659585927208566,15,0.9570706801893377,42,64,largest,0.5
9155,group-9005,0,0,-0.04306510599861313,0.04177827030096361,11,0.9634559748488223,42,64,largest,0.5
9156,group-9006,4,0,-0.07466497806730887,0.027849818487806318,54,0.9391107298551916,42,64,largest,0.5
9157,group-9007,3,0,-0.030789612913451503,0.05649208117079799,58,0.9934641332288592,42,64,largest,0.5
9158,group-9008,2,0,-0.127801034120403,0.012291465262404027,11,0.8849845765038507,42,64,largest,0.5
9159,group-9009,1,0,-0.019100618561864735,0.07813405995357234,59,0.9879498946363827,42,64,largest,0.5
9160,group-9010,4,0,-0.01496148964863997,0.06756678182649066,9,0.9835468137209615,42,64,largest,0.5
9161,group-9011,3,0,-0.05670442521050367,0.036429601036451736,14,0.960461775498776,42,64,largest,0.5
9162,group-9012,2,0,-0.03686251752664427,0.05007770441238047,2,0.9951581002452451,42,64,largest,0.5
9163,group-9013,1,0,-0.05713479470620253,0.041057080272594984,44,0.9576160653131577,42,64,largest,0.5
9164,group-9014,0,0,-0.040411712544006884,0.043346181815962954,32,0.9844652102218188,42,64,largest,0.5
9165,group-9015,4,0,-0.05423228481745479,0.03786645144143537,7,0.9539059055670462,42,64,largest,0.5
9166,group-9016,3,0,-0.008911296118485401,0.08111024213071301,59,0.9804766932186904,42,64,largest,0.5
9167,group-9017,2,0,-0.01703037177379907,0.06736033289828268,18,0.9869374242621617,42,64,largest,0.5
9168,group-9018,1,0,-0.028502124592811207,0.06680878585963702,62,0.9910837053332742,42,64,largest,0.5
9169,group-9019,0,0,-0.032931959636271046,0.04807378272190045,0,0.9722085861966184,42,64,largest,0.5
9170,group-9020,3,0,-0.02661233648820671,0.06057450422781464,46,1.0050129077959784,42,64,largest,0.5
9171,group-9021,2,0,-0.013660445388860354,0.07080006976165339,4,0.9901250416747484,42,64,largest,0.5
9172,group-9022,1,0,-0.021812006366275116,0.07469874593162637,10,0.9903592161157778,42,64,largest,0.5
9173,group-9023,0,0,-0.034542806375904456,0.04701594914451363,54,0.9802721970913381,42,64,largest,0.5
9174,group-9024,4,0,-0.028861567017763212,0.05516209805023169,7,0.9794672388097827,42,64,largest,0.5
9175,group-9025,3,0,-0.018922500570487832,0.06881939802833716,36,0.9843245494032624,42,64,largest,0.5
9176,group-9026,2,0,-0.022594314940430404,0.06201882024711166,14,0.9834822442371833,42,64,largest,0.5
9177,group-6600,1,0,-0.0203503615797761,0.07653303292863421,35,0.988593427492671,42,64,largest,0.5
9178,group-9027,1,0,-0.0052605831686066695,0.09801483508797551,1,0.9737763577031732,42,64,largest,0.5
9179,group-9028,0,0,-0.007638480836763328,0.06792931124950234,32,0.9850064312061118,42,64,largest,0.5
9181,group-9029,4,0,-0.01180270336816891,0.07072652552292899,55,0.9827068244770264,42,64,largest,0.5
9182,group-9030,2,0,-0.0011826469519201632,0.08499206212829144,54,0.9893971332149827,42,64,largest,0.5
9183,group-9031,1,0,-0.0677283484069644,0.03418871075109935,2,0.9456515440339277,42,64,largest,0.5
9184,group-9032,0,0,-0.016848452879461684,0.05994531489021661,31,0.9856105799331867,42,64,largest,0.5
9185,group-9033,4,0,-0.04168449272305419,0.04564895827136682,17,0.985825178562717,42,64,largest,0.5
9186,group-9034,3,0,-0.01328473816657072,0.07551210526087479,60,0.9944602815072913,42,64,largest,0.5
9187,group-9035,2,0,-0.03837831002855119,0.048945311070604486,22,0.9607683974590393,42,64,largest,0.5
9188,group-9036,1,0,-0.02375343945296282,0.07232483756978421,6,0.9782923725120147,42,64,largest,0.5
9189,group-9037,0,0,-0.06523888993011762,0.030641769950463794,47,0.9636563841811782,42,64,largest,0.5
9190,group-9038,4,0,-0.025539585994290404,0.05791593272754725,32,0.9867269867331725,42,64,largest,0.5
9191,group-9039,3,0,-0.029959606058626242,0.05728209598849605,49,0.9801327503704378,42,64,largest,0.5
9192,group-9040,1,0,-0.0074697574627711205,0.09456359927313074,10,0.9950653433249008,42,64,largest,0.5
9193,group-9041,0,0,-0.04352879261647702,0.041509899470124074,32,0.977003093644485,42,64,largest,0.5
9194,group-9042,4,0,-0.033025654551716244,0.051884221383588065,63,0.9808075488323524,42,64,largest,0.5
9195,group-9043,3,1,0.014529978662364718,0.11800277110919703,37,0.9661021128584285,42,64,largest,0.5
9196,group-9044,2,0,-0.030743524206891526,0.05490591952208507,23,0.9767174587071433,42,64,largest,0.5
9197,group-9045,1,0,-0.05200209460241845,0.044842844574739235,31,0.9471942187666424,42,64,largest,0.5
9198,group-9046,0,0,-0.058100851193797265,0.033870505015876615,17,0.9568431577516208,42,64,largest,0.5
9199,group-9047,4,0,-0.07521615207910315,0.027618804534049024,34,0.9230181188252046,42,64,largest,0.5
9200,group-9048,3,0,-0.08617780955279453,0.021920754777058606,6,0.9356810340086181,42,64,largest,0.5
9201,group-9049,2,0,-0.05561999875185486,0.037666667095667794,3,0.953922447143597,42,64,largest,0.5
9202,group-9050,0,0,-0.03582601892841564,0.046189143544030586,34,0.9660059891301085,42,64,largest,0.5
9203,group-9051,4,0,-0.052712629568130276,0.03873647499071742,2,0.9662157125242893,42,64,largest,0.5
9204,group-9052,3,0,-0.03548095087924008,0.05221617140387197,2,0.9676780052458845,42,64,largest,0.5
9205,group-9053,2,0,-0.04867583117116181,0.041872785545186114,14,0.9658754404055786,42,64,largest,0.5
9206,group-9054,1,0,-0.054240761630558354,0.04315237987695306,10,0.9650932723867826,42,64,largest,0.5
9207,group-9055,0,0,-0.019658981530821795,0.0576892641255519,10,0.9873751967229222,42,64,largest,0.5
9208,group-9056,4,0,-0.006922791365978287,0.07587701625773452,2,0.9886475214589993,42,64,largest,0.5
9209,group-9057,3,0,-0.013166022034958091,0.0756592682425721,24,0.9782795722504346,42,64,largest,0.5
9210,group-9058,2,0,-0.10492012656621152,0.01758028123679105,57,0.9267175899525494,42,64,largest,0.5
9211,group-9059,1,0,-0.047158951199655075,0.04871835230680764,44,0.9804068529823213,42,64,largest,0.5
9212,group-9060,4,1,0.009716349049654793,0.09611989460829737,35,1.0043105899043117,42,64,largest,0.5
9213,group-9061,3,0,-0.06764654309811025,0.03019583721337572,14,0.9440570009011912,42,64,largest,0.5
9214,group-9062,2,0,-0.004344002931919944,0.08116947661889984,35,0.9993307492452008,42,64,largest,0.5
9215,group-9063,1,0,-0.014617917246488865,0.08413179498393494,59,1.002312430170654,42,64,largest,0.5
9216,group-9064,0,0,-0.0097010009256282,0.06605980201820076,7,0.9867046886368357,42,64,largest,0.5
9217,group-9065,4,0,-0.005389089314957962,0.0775656022918941,11,1.008627402240852,42,64,largest,0.5
9218,group-9066,3,0,-0.04180479189774877,0.04693467674245653,40,0.9819056472881807,42,64,largest,0.5
9219,group-9067,2,0,-0.028656165141297096,0.05665104567080851,16,0.9811164904189114,42,64,largest,0.5
9220,group-9068,1,1,0.008057964457598876,0.1212817564859903,7,1.0053725162006888,42,64,largest,0.5
9221,group-9069,0,0,-0.01690743249523763,0.059897133549511976,33,0.9831364846297705,42,64,largest,0.5
9222,group-9070,3,0,-0.05422557509445303,0.038005196774733095,27,0.9903946741835788,42,64,largest,0.5
9223,group-9071,2,1,0.0055654187392116805,0.09370212529006437,47,0.9925016019889781,42,64,largest,0.5
9224,group-9072,1,0,-0.010011913409284534,0.09072717814892133,62,0.9924090124517709,42,64,largest,0.5
9225,group-9073,0,0,-0.023172521765789655,0.05498097507552959,62,0.9899937866524757,42,64,largest,0.5
9226,group-9074,4,0,-0.022888431934038223,0.06020571604398276,31,0.9920304287186837,42,64,largest,0.5
9227,group-9075,3,0,-0.01428113546890164,0.0742872770467508,9,0.9742729910753677,42,64,largest,0.5
9228,group-9076,2,0,-0.07516439486419169,0.027899269504490825,46,0.9216502451009863,42,64,largest,0.5
9229,group-9077,1,0,-0.019596900435381648,0.07749464346937558,8,0.9858108629602834,42,64,largest,0.5
9230,group-9078,0,0,-0.04554823768074934,0.04036021120920141,37,0.9675507440296981,42,64,largest,0.5
9231,group-9079,4,0,-0.0044661176748155285,0.07859830442975828,52,1.003596315690449,42,64,largest,0.5
9232,group-9080,2,1,0.0015605542383615445,0.08844059560144228,47,0.9962584542915325,42,64,largest,0.5
9233,group-9081,1,0,-0.04352402371071473,0.051833664026509116,27,0.9581537420503364,42,64,largest,0.5
9234,group-9082,0,0,-0.059657294510411685,0.033139603915921426,47,0.9288635660799605,42,64,largest,0.5
9235,group-9083,4,0,-0.03598431644008504,0.049668028027459184,34,0.9648348077553244,42,64,largest,0.5
9236,group-9084,3,0,-0.037228206790237195,0.05070319387165788,11,0.9776590604549058,42,64,largest,0.5
9237,group-9085,2,0,-0.05965934047636423,0.03540992061755008,37,0.9637584951085932,42,64,largest,0.5
9238,group-9086,1,0,-0.06584001164497832,0.035326090289540577,43,0.943238873147947,42,64,largest,0.5
9239,group-9087,0,0,-0.0649017095509109,0.030787345857112885,37,0.9516121889017396,42,64,largest,0.5
9240,group-9088,4,0,-0.038645095606077984,0.04775185086939453,6,0.9753782997209022,42,64,largest,0.5
9241,group-9089,3,0,-0.0197468159977523,0.06788811149166563,29,0.9489911035262589,42,64,largest,0.5
9242,group-9090,1,0,-0.03931189164229065,0.055679041623504365,47,0.9716334164906543,42,64,largest,0.5
9243,group-9091,0,1,0.004253557887160309,0.07969626465778719,40,0.9970330684534214,42,64,largest,0.5
9244,group-9092,4,0,-0.00019744844868918587,0.08353977589958485,63,0.999038459397293,42,64,largest,0.5
9245,group-9093,3,0,-0.06466375314153716,0.03178462608507643,6,0.9500069273359094,42,64,largest,0.5
9246,group-9094,2,0,-0.005511089124411228,0.07979832915095735,9,1.0016056797962947,42,64,largest,0.5
9247,group-9095,1,0,-0.0032675977432017334,0.10122420949112358,23,1.007743341834682,42,64,largest,0.5
9248,group-9096,0,0,-0.012614057823684077,0.06350071819690713,3,0.977884497847936,42,64,largest,0.5
9249,group-9097,4,0,-0.0340748417180563,0.05108782840107969,24,0.9774933631495273,42,64,largest,0.5
9250,group-9098,3,0,-0.08469514551328361,0.02249187269995547,55,0.9685771894407176,42,64,largest,0.5
9251,group-9099,2,0,-0.06181506142039905,0.03425941079919636,32,0.9611731796909723,42,64,largest,0.5
9252,group-9100,4,0,-0.04710329406319902,0.042116843106714964,38,0.9607367316672943,42,64,largest,0.5
9253,group-9101,3,0,-0.0004996553210471211,0.09295096660482895,3,0.9636781592077174,42,64,largest,0.5
9254,group-9102,2,0,-0.044529258954923545,0.0445948850752474,19,0.9746379674309469,42,64,largest,0.5
9255,group-9103,1,0,-0.04035200212935841,0.054705242939003064,11,0.9852807960619929,42,64,largest,0.5
9256,group-9104,0,0,-0.02961980217747462,0.05032025233293546,52,0.9807766837840358,42,64,largest,0.5
9257,group-9105,4,0,-0.003930527129589967,0.07920332256628804,23,0.9907222159148938,42,64,largest,0.5
9258,group-9106,3,0,-0.10341019368779358,0.016240396713584803,17,0.946629212302402,42,64,largest,0.5
9259,group-9107,2,0,-0.012318002580005816,0.07221500107646582,58,1.0015930006970644,42,64,largest,0.5
9260,group-9108,1,0,-0.03319926982962651,0.061739040277639934,37,0.9749960003093429,42,64,largest,0.5
9261,group-9109,0,0,-0.019089475150808832,0.05813988022716653,36,0.9750786679745396,42,64,largest,0.5
9262,group-9110,3,0,-0.04130520018430983,0.04733274643442282,3,0.9675797278771091,42,64,largest,0.5
9263,group-9111,2,0,-0.09430543744578157,0.020740078130119778,10,0.9191323164577804,42,64,largest,0.5
9264,group-9112,1,0,-0.04061970404931503,0.05445721653119516,31,0.9660355542507391,42,64,largest,0.5
9265,group-9113,0,0,-0.029192500920681153,0.050617211462617696,30,0.9912177315877081,42,64,largest,0.5
9266,group-9114,4,0,-0.052409169601862704,0.038912493629801974,19,0.9605116918029937,42,64,largest,0.5
9267,group-9115,3,0,-0.007015268160848076,0.08365290052811508,61,0.976650165595403,42,64,largest,0.5
9268,group-9116,2,0,-0.049082539598290786,0.041614514034265186,29,0.9765543427126766,42,64,largest,0.5
9269,group-9117,1,0,-0.032653928081538,0.06230867447484038,6,0.9612949883810659,42,64,largest,0.5
9270,group-9118,0,0,-0.03717316101789836,0.045336042444189345,13,0.9527014082613313,42,64,largest,0.5
9271,group-9119,4,0,-0.07119313440638453,0.02934869662939338,26,0.9495004194376129,42,64,largest,0.5
9272,group-9120,2,0,-0.02006586789619469,0.06439531965415789,18,0.98095673375812,42,64,largest,0.5
9273,group-9121,1,0,-0.002392867704281043,0.10266204420389902,62,1.0003310272760986,42,64,largest,0.5
9274,group-9122,0,0,-0.027967134163875196,0.051478023362156615,62,0.9950139476175868,42,64,largest,0.5
9275,group-9123,4,1,0.0030866209166231506,0.08753190467849845,35,1.0057536643840732,42,64,largest,0.5
9276,group-9124,3,0,-0.028524154680888092,0.058672920784368386,56,0.9814314794431731,42,64,largest,0.5
9277,group-9125,2,0,-0.02762665812624654,0.057530839192033625,29,0.980601519470955,42,64,largest,0.5
9278,group-9126,1,0,-0.006038120747103526,0.09678752365711525,14,0.9942535930928981,42,64,largest,0.5
9279,group-9127,0,0,-0.03670116589145678,0.04563321977672173,57,0.9723832693918651,42,64,largest,0.5
9280,group-9128,4,0,-0.013975161777870726,0.06853908586405427,19,1.0033763061634489,42,64,largest,0.5
9281,group-9129,3,0,-0.06352002662877998,0.032415038488808,35,0.9849784282294,42,64,largest,0.5
9282,group-9130,1,0,-0.01383924792505109,0.08521535040354468,5,0.9912499654451452,42,64,largest,0.5
9283,group-9131,0,0,-0.032935082042480524,0.04807171055783951,57,0.9622990175980809,42,64,largest,0.5
9284,group-9132,4,0,-0.01135249550344375,0.07118783599343724,52,0.991698641044877,42,64,largest,0.5
9285,group-9133,3,0,-0.08589979144712445,0.02202675573557977,18,0.9801149573673567,42,64,largest,0.5
9287,group-9134,2,0,-0.013552776788976373,0.07091260099362924,34,0.9806315004547147,42,64,largest,0.5
9289,group-9135,1,0,-0.009451092751372459,0.09156129140227491,16,0.9903687157420067,42,64,largest,0.5
9290,group-9136,0,0,-0.12413601916239636,0.013276367335717697,5,0.8681152983821193,42,64,largest,0.5
9291,group-9137,4,0,-0.08649358219977665,0.02328143974224241,37,0.9342151964644475,42,64,largest,0.5
9292,group-9138,3,0,-0.027915743492115563,0.05927192204115793,58,0.999502066645267,42,64,largest,0.5
9293,group-9139,2,0,-0.0243024237028725,0.060459979269635825,38,0.9959067663449036,42,64,largest,0.5
9294,group-9140,0,0,-0.031249045163950107,0.04920306002195686,21,0.9801644526790728,42,64,largest,0.5
9295,group-9141,4,0,-0.02003254980930813,0.06276695499380504,24,0.9862992436454077,42,64,largest,0.5
9296,group-9142,3,0,-0.042833862742346684,0.046124732682422474,14,0.9620673162714314,42,64,largest,0.5
9297,group-9143,2,0,-0.04742834053869538,0.042674572204110486,11,0.9552760521114693,42,64,largest,0.5
9298,group-9144,1,0,-0.04256766771627529,0.052684096687495734,44,0.9666809522833247,42,64,largest,0.5
9299,group-9145,0,0,-0.06749735876881968,0.029683736731176583,11,0.9378548755153151,42,64,largest,0.5
9300,group-9146,4,0,-0.018052336605940078,0.06460218188567873,2,0.9858582640351953,42,64,largest,0.5
9301,group-9147,3,0,-0.0793284405732757,0.024683167424518693,40,0.977107315769203,42,64,largest,0.5
9302,group-9148,2,0,-0.019068974218545365,0.06535541260720036,35,0.9969554903379517,42,64,largest,0.5
9303,group-9149,1,1,0.02012379575326073,0.14632644791031074,7,0.9971940321883344,42,64,largest,0.5
9304,group-9150,4,0,-0.10177222390041618,0.01845077010786899,21,0.9221189559845291,42,64,largest,0.5
9305,group-9151,3,0,-0.032228093506360245,0.05514712347112336,33,0.9569546800680269,42,64,largest,0.5
9306,group-9152,2,0,-0.06722686825795177,0.0315278593923571,7,0.9498505860915365,42,64,largest,0.5
9307,group-9153,1,0,-0.03513563303814504,0.05975550727688,2,0.9793426626104874,42,64,largest,0.5
9308,group-9154,0,0,-0.06645730854291099,0.030121260548462703,2,0.946583757479782,42,64,largest,0.5
9309,group-9155,4,0,-0.004232133846401975,0.07886209741076224,5,1.0001645527947944,42,64,largest,0.5
9310,group-9156,3,0,-0.05941547116695256,0.03477840453697942,41,0.974982515983464,42,64,largest,0.5
9311,group-9157,2,0,-0.028480549426884494,0.05680022308254661,26,0.9785313595127068,42,64,largest,0.5
9312,group-9158,1,0,-0.010465665925278311,0.09005732100905367,42,0.9896355082091405,42,64,largest,0.5
9313,group-9159,0,0,-0.04006414748104181,0.04355567682070251,22,0.9840029958267594,42,64,largest,0.5
9314,group-9160,3,0,-0.04204043642432276,0.04674802409532702,36,0.9716516912758879,42,64,largest,0.5
9315,group-9161,2,0,-0.01785133279205242,0.06654616283235276,22,0.9831094213663352,42,64,largest,0.5
9316,group-9162,1,0,-0.027893073456074835,0.0674937935140435,23,0.9864918041321927,42,64,largest,0.5
9317,group-9163,0,0,-0.027853117298793473,0.05155881985299815,38,0.9947906313221324,42,64,largest,0.5
9318,group-9164,4,0,-0.012823512946235294,0.06969075617580313,39,0.9901154156886256,42,64,largest,0.5
9319,group-9165,3,0,-0.055246936258451895,0.037348226857818294,28,0.9968020267693806,42,64,largest,0.5
9320,group-9166,2,0,-0.03743435832427855,0.04964761678679715,4,0.9803026541855576,42,64,largest,0.5
9321,group-9167,1,1,0.016517211493274342,0.13842133850265753,7,0.9814951142251302,42,64,largest,0.5
9322,group-9168,0,0,-0.03875997751159066,0.04435041323163712,32,0.9710959412046488,42,64,largest,0.5
9323,group-9169,4,0,-0.01685830970096025,0.06573280621056635,63,0.974897193759733,42,64,largest,0.5
9324,group-9170,2,0,-0.034886813837450514,0.05159096266951722,35,0.9799089977926516,42,64,largest,0.5
9325,group-9171,1,0,-0.050106527274303536,0.04632339959713108,46,0.9596944591827226,42,64,largest,0.5
9326,group-9172,0,0,-0.027269626700876293,0.051974182844608204,48,0.9837237970289732,42,64,largest,0.5
9327,group-9173,4,0,-0.006944218425170234,0.0758536660465318,28,1.0008455229854887,42,64,largest,0.5
9328,group-9174,3,0,-0.044508215576984256,0.04483527388402456,5,0.989886459829745,42,64,largest,0.5
9329,group-9175,2,0,-0.028148482788636908,0.05708330776903966,3,0.9698340998341187,42,64,largest,0.5
9330,group-9176,1,0,-0.01104640933897516,0.08920649531165001,4,0.9939216184929348,42,64,largest,0.5
9331,group-9177,0,0,-0.005515602293348909,0.06990466176805349,32,1.00063469807354,42,64,largest,0.5
9332,group-9178,4,0,-0.026647139617060334,0.05698375510148345,55,0.9762644522420584,42,64,largest,0.5
9333,group-9179,3,0,-0.05426044527961105,0.037982585315616546,2,0.9449277023325594,42,64,largest,0.5
9334,group-9180,1,0,-0.053928747520585185,0.04338428650490544,11,0.95420871659722,42,64,largest,0.5
9335,group-9181,0,0,-0.09841516013191254,0.019163525788566612,21,0.9255254362493233,42,64,largest,0.5
9336,group-9182,4,1,0.003922996404402634,0.08857581650436283,35,0.9932801293128237,42,64,largest,0.5
9337,group-9183,3,0,-0.00025751111849736663,0.09331379471016743,3,0.9644108737212073,42,64,largest,0.5
9338,group-9184,2,0,-0.021630135290251595,0.06291523895552713,44,0.9863348044691024,42,64,largest,0.5
9339,group-9185,1,0,-0.044833963366778806,0.05068985449501667,31,0.9751842946410684,42,64,largest,0.5
9340,group-9186,0,0,-0.024538141858617246,0.05396099887346523,17,0.9924121136532726,42,64,largest,0.5
9341,group-9187,4,0,-0.007396481683309308,0.07536234719224466,24,0.9812417097710598,42,64,largest,0.5
9342,group-9188,3,0,-0.015208395125854146,0.07316387767700888,35,0.9889004761194593,42,64,largest,0.5
9343,group-9189,2,0,-0.12367328150760393,0.013112978417750902,11,0.8836827355307605,42,64,largest,0.5
9344,group-9190,0,0,-0.05435758907666177,0.03569255672142603,53,0.9356398235286238,42,64,largest,0.5
9345,group-9191,4,0,-0.025215783975526707,0.05819115483203161,52,0.9802217975277969,42,64,largest,0.5
9346,group-9192,3,0,-0.03928070477546086,0.04897891385857952,43,0.9593273726073797,42,64,largest,0.5
9347,group-9193,2,0,-0.055778436090743067,0.03757560076676608,28,0.9553667967634868,42,64,largest,0.5
9348,group-9194,1,1,0.001774474363742451,0.10976278175603951,7,1.0075324573468567,42,64,largest,0.5
9349,group-9195,0,0,-0.06405574724964969,0.031155539344205507,11,0.9362956794404003,42,64,largest,0.5
9350,group-9196,4,0,-0.0007013319839042076,0.08294209387906927,52,1.002036337028848,42,64,largest,0.5
9351,group-9197,3,0,-0.030763567976866635,0.056516714787204485,53,0.9752985030847107,42,64,largest,0.5
9352,group-9198,2,0,-0.036983283922813026,0.04998658171972894,61,0.981221026095179,42,64,largest,0.5
9353,group-9199,1,0,-0.011873777131679475,0.08800687312109709,9,0.9835216414897782,42,64,largest,0.5
9354,group-9200,3,0,-0.06817660045059237,0.029921667759158815,40,0.9843584745047615,42,64,largest,0.5
9355,group-9201,2,0,-0.011455228388027372,0.07313808197233858,9,0.9927472841195908,42,64,largest,0.5
9356,group-9202,1,0,-0.04073724183381899,0.054348652636772625,54,0.9812773207795367,42,64,largest,0.5
9357,group-9203,0,0,-0.0358732123709995,0.04615900092504915,38,0.9824506716845147,42,64,largest,0.5
9358,group-9204,4,0,-0.04871666908406358,0.041116676522941153,14,0.9616822506740482,42,64,largest,0.5
9359,group-9205,3,0,-0.03475758990861244,0.052854948049199754,9,0.9880566816906055,42,64,largest,0.5
9360,group-9206,2,0,-0.07343952094573025,0.028651597891284176,32,0.9356365706686604,42,64,largest,0.5
9361,group-9207,1,0,-0.0215198160741652,0.07506216770363,57,0.9873810345324949,42,64,largest,0.5
9362,group-9208,0,0,-0.03795313844211545,0.04484898991232761,34,0.9653732374002739,42,64,largest,0.5
9363,group-9209,4,0,-0.028456030350574535,0.05549155283822408,4,0.968634635106889,42,64,largest,0.5
9364,group-9210,2,0,-0.014220346595358757,0.07021753711807377,18,0.9929365378283719,42,64,largest,0.5
9365,group-9211,1,0,-0.05766348638811647,0.04068496992338778,11,0.9435278054568195,42,64,largest,0.5
9366,group-9212,0,0,-0.05192879991251986,0.03692489692532662,47,0.9700994834601139,42,64,largest,0.5
9367,group-9213,4,0,-0.05838958111629833,0.035581249862250516,2,0.954268780693111,42,64,largest,0.5
9368,group-9214,3,0,-0.05025501243637709,0.04066612859641927,20,0.9999421227970519,42,64,largest,0.5
9369,group-9215,2,0,-0.011767898635408836,0.07280230756981372,4,0.9876676643593619,42,64,largest,0.5
9372,group-9216,1,0,-0.03614072871450047,0.0587496014540347,5,0.9530512736494257,42,64,largest,0.5
9373,group-9217,0,0,-0.05551030558549541,0.03512163072537519,20,0.9441458585832923,42,64,largest,0.5
9374,group-9218,4,0,-0.028791521230241313,0.055218870812379764,0,0.9766918964364596,42,64,largest,0.5
9375,group-9219,3,0,-0.008616099894737328,0.08150143006339457,58,0.9537806074341274,42,64,largest,0.5
9376,group-9220,1,0,-0.045227971986225524,0.05035051497125384,29,0.9611078700105885,42,64,largest,0.5
9377,group-9221,0,0,-0.06142169100588979,0.03232946658933574,53,0.9553664360133687,42,64,largest,0.5
9378,group-9222,4,0,-0.015034468667505463,0.06749535102293931,39,0.9861649993564152,42,64,largest,0.5
9379,group-9223,3,0,-0.028776972790125588,0.05842568596829536,22,0.9737889545965023,42,64,largest,0.5
9380,group-9224,2,0,-0.021848325048313688,0.06271133100062731,46,0.9753282959441387,42,64,largest,0.5
9381,group-9225,1,0,-0.03315144753608179,0.06178879759537369,60,0.9656875935156125,42,64,largest,0.5
9382,group-9226,0,0,-0.017409949337929054,0.059488088175129204,10,0.9940649746618099,42,64,largest,0.5
9383,group-9227,4,0,-0.060733056708142996,0.03435221504160869,47,0.9593185893041654,42,64,largest,0.5
9384,group-9228,3,0,-0.05997103348663846,0.0344490513591524,49,0.9615077757204195,42,64,largest,0.5
9385,group-9229,2,0,-0.05849598078244389,0.03604618019380379,11,0.9651166156143929,42,64,largest,0.5
9386,group-9230,0,0,-0.03132281997658026,0.04915303231596135,37,0.9659344182743322,42,64,largest,0.5
9387,group-9231,4,0,-0.04856468681664172,0.04120991541557659,3,0.9661775941835175,42,64,largest,0.5
9388,group-9232,3,0,-0.025418234191377787,0.06179131189545011,40,0.9661592052108243,42,64,largest,0.5
9389,group-9233,2,0,-0.04102513671430952,0.04702598933957348,17,0.9663639653590861,42,64,largest,0.5
9390,group-9234,1,0,-0.06954320347583043,0.03312892944487521,46,0.9525413266260853,42,64,largest,0.5
9391,group-9235,0,0,-0.08048488248616059,0.024713789372224803,45,0.9349570805724259,42,64,largest,0.5
9392,group-9236,4,0,-0.02367066430870335,0.05952143510088846,36,0.9773147602822153,42,64,largest,0.5
9393,group-9237,3,0,-0.01760857445352504,0.0703283166911658,53,0.9454895440802545,42,64,largest,0.5
9394,group-5744,1,0,-0.016259360726696426,0.08188854788919546,59,0.9965792970698207,42,64,largest,0.5
9395,group-9238,2,0,-0.03564247832754752,0.05100713355998576,48,0.9563831578623174,42,64,largest,0.5
9396,group-9239,1,0,-0.025195691592641012,0.07060654576476295,0,0.9812122935952512,42,64,largest,0.5
9397,group-9240,4,0,-0.084384820030587,0.024038545731358583,9,0.9199897229073788,42,64,largest,0.5
9398,group-9241,3,0,-0.062315624169913875,0.03309195367343841,21,0.9643452845365488,42,64,largest,0.5
9399,group-9242,2,0,-0.049953428689880286,0.04106659054119261,3,0.9665342285918522,42,64,largest,0.5
9400,group-9243,1,1,0.013408857199190716,0.13189873495656712,7,0.9793327291719606,42,64,largest,0.5
9401,group-9244,0,0,-0.012311048837892358,0.0637625405680239,33,0.9830580468990022,42,64,largest,0.5
9402,group-9245,4,0,-0.05676067798976936,0.03646036375568414,20,0.9535844461061429,42,64,largest,0.5
9403,group-9246,3,0,-0.06099566232321496,0.03384949499329036,18,0.9894047366109769,42,64,largest,0.5
9404,group-9247,2,0,-0.013558072481725691,0.07090706227078512,54,0.9893571651786865,42,64,largest,0.5
9405,group-9248,1,0,-0.036919079253983966,0.0579815540065478,59,0.9960423918773884,42,64,largest,0.5
9406,group-9249,0,0,-0.01562517465994262,0.06095284456959368,32,0.9996898189929392,42,64,largest,0.5
9407,group-9250,3,0,-0.1444004802868205,0.007914629681335635,14,0.8837563859370797,42,64,largest,0.5
9408,group-9251,2,0,-0.07948250643120347,0.026099058982485972,33,0.912709878680432,42,64,largest,0.5
9409,group-9252,1,0,-0.009326775728460635,0.09174712048457437,14,0.9920069787211977,42,64,largest,0.5
9410,group-9253,0,0,-0.030198518563020582,0.04992069479806266,44,0.9889703193949938,42,64,largest,0.5
9411,group-9254,4,0,-0.014180231729223003,0.06833587013980968,47,0.9783265969082076,42,64,largest,0.5
9412,group-9255,3,0,-0.028786166458146467,0.058416713773271095,9,0.9774201042793068,42,64,largest,0.5
9413,group-9256,2,0,-0.007937577642671778,0.07701508543192911,51,0.9927285258278593,42,64,largest,0.5
9414,group-9257,1,0,-0.045514081749850055,0.050105452627613005,57,0.9820580684417883,42,64,largest,0.5
9415,group-9258,0,0,-0.039212974434267966,0.044072810315513744,29,0.9730795737338269,42,64,largest,0.5
9416,group-9259,4,0,-0.04636232204522406,0.04258394459649285,2,0.959527343272961,42,64,largest,0.5
9417,group-9260,2,0,-0.060545302105757814,0.03493264478163626,24,0.9590164644741277,42,64,largest,0.5
9418,group-9261,1,1,0.0038077230504441895,0.1133811567231123,7,0.9946016006582482,42,64,largest,0.5
9419,group-9262,0,0,-0.05302842565381438,0.03636197011922931,5,0.9578831662845381,42,64,largest,0.5
9420,group-9263,4,0,-0.05846001341799456,0.03554370180219598,18,0.9622289412503805,42,64,largest,0.5
9421,group-9264,3,0,-0.03782089796146282,0.05019946410286777,17,0.9568259854720302,42,64,largest,0.5
9422,group-9265,2,0,-0.021156568472587622,0.06335993771819837,13,0.9766567639922662,42,64,largest,0.5
9423,group-9266,1,0,-0.0295660598130284,0.06562763093784178,14,0.9713049259833985,42,64,largest,0.5
9424,group-9267,0,0,-0.06156230418433262,0.03226573276300469,36,0.9446089148857965,42,64,largest,0.5
9425,group-9268,4,0,-0.06365831262916433,0.032875439176603176,12,0.9571037586968483,42,64,largest,0.5
9426,group-9269,3,0,-0.05948313131527194,0.03473813191892047,6,0.9507560117974094,42,64,largest,0.5
9427,group-9270,1,0,-0.04495731932504088,0.050583382165151916,28,0.9657845787299378,42,64,largest,0.5
9428,group-9271,0,0,-0.03702905996863903,0.045426575252979814,11,0.9763565879415467,42,64,largest,0.5
9429,group-9272,4,0,-0.10152840242405836,0.018519530905203193,11,0.9109562787302097,42,64,largest,0.5
9430,group-9273,3,0,-0.0646934373929623,0.0317684232563077,6,0.928235526321996,42,64,largest,0.5
9432,group-9274,2,0,-0.03980799917099653,0.047899534748375966,33,0.9648858341214417,42,64,largest,0.5
9433,group-9275,1,0,-0.0671572325886779,0.03452892646666419,30,0.9551309237940221,42,64,largest,0.5
9434,group-9276,0,0,-0.017093984494306325,0.05974497501755678,47,0.9731073354332053,42,64,largest,0.5
9435,group-9277,4,0,-0.048027234566777044,0.0415412600129795,54,0.9581789071517045,42,64,largest,0.5
9436,group-9278,3,0,-0.05394976928261197,0.03818449825585573,43,0.9953689764972219,42,64,largest,0.5
9437,group-9279,2,0,-0.057891891230123504,0.03638089324267155,11,0.9399146335204197,42,64,largest,0.5
9438,group-9280,0,0,-0.04467758926811194,0.040852090466750805,31,0.9479531529680992,42,64,largest,0.5
9439,group-9281,4,0,-0.04705315231344531,0.042148296854236766,9,0.9692614007540065,42,64,largest,0.5
9440,group-9282,3,0,-0.04755823450796437,0.042574208273495034,49,0.9611147845468344,42,64,largest,0.5
9441,group-9283,2,0,-0.03512219299143071,0.051408433508216035,39,0.9532273754066026,42,64,largest,0.5
9442,group-9284,1,0,-0.043608938050526014,0.051758784970990714,46,0.9537714616699907,42,64,largest,0.5
9443,group-9285,0,0,-0.0656082044966354,0.030483085188503612,57,0.9397454538897377,42,64,largest,0.5
9444,group-9286,4,0,-0.021388133143821375,0.061538792578599615,32,0.9924894113603348,42,64,largest,0.5
9445,group-9287,3,0,-0.07370113369094888,0.027204123159073355,18,0.9744600997646643,42,64,largest,0.5
9446,group-9288,2,0,-0.020920537828469588,0.06358267300635163,20,0.9876039199183837,42,64,largest,0.5
9447,group-9289,1,0,-0.03442473586902928,0.060476691971587164,1,0.9741673348850626,42,64,largest,0.5
9448,group-9290,4,0,-0.03590364694563419,0.04972724639217256,20,0.9644252664752349,42,64,largest,0.5
9449,group-9291,3,0,-0.04803570041284344,0.042230258770402616,2,0.9652897706791371,42,64,largest,0.5
9450,group-9292,2,0,-0.08606698434375704,0.023569707835177433,19,0.9245935411975649,42,64,largest,0.5
9451,group-9293,1,0,-0.067811941987302,0.034139185814469904,56,0.952222056564018,42,64,largest,0.5
9452,group-9294,0,0,-0.008941215724283635,0.06674285799304555,54,1.0031776264107135,42,64,largest,0.5
9453,group-9295,4,0,-0.024626364400489487,0.05869529613710333,7,0.9860526790081471,42,64,largest,0.5
9454,group-9296,3,0,-0.02952043670709603,0.05770429174020279,42,1.0062202297427063,42,64,largest,0.5
9455,group-9297,2,0,-0.04429939681618211,0.044750619431936305,48,0.9658172932085384,42,64,largest,0.5
9456,group-9298,1,0,-0.02460766351720256,0.07130251739931964,31,0.976749870187414,42,64,largest,0.5
9457,group-9299,0,0,-0.015564149423554108,0.06100351932255031,58,0.9915791657889756,42,64,largest,0.5
9458,group-9300,2,0,-0.0275538649456627,0.05759352989822928,48,0.9810262118644196,42,64,largest,0.5
9459,group-9301,1,0,-0.004622707574587159,0.09903203449008201,16,0.9994079291945074,42,64,largest,0.5
9460,group-9302,0,0,-0.004744585588432604,0.07063515883042414,52,0.9822275747972623,42,64,largest,0.5
9461,group-9303,4,1,0.005653111835669189,0.09077097427756747,35,0.9924131410544097,42,64,largest,0.5
9462,group-9304,3,0,-0.05984393424814782,0.03452413306270722,18,0.9940900663011598,42,64,largest,0.5
9463,group-9305,2,0,-0.016433133057028648,0.06795842831547799,23,0.9860000210405424,42,64,largest,0.5
9464,group-9306,1,1,0.003480578416816149,0.11279202708557724,7,0.9887696058761754,42,64,largest,0.5
9465,group-9307,0,0,-0.013397297861577395,0.06282857713702834,52,0.9885406186803519,42,64,largest,0.5
9466,group-9308,4,0,-0.054409939633775606,0.03776597542957695,33,0.9511918051639563,42,64,largest,0.5
9467,group-9309,3,0,-0.026299499835560236,0.06089110497982389,46,0.992957863298875,42,64,largest,0.5
9468,group-9310,1,0,-0.017393811528862657,0.08037014862520263,10,0.9855748772023064,42,64,largest,0.5
9469,group-9311,0,0,-0.025694274256500615,0.05311146096847243,6,0.9814325706786277,42,64,largest,0.5
9470,group-9312,4,1,0.0007533786545379506,0.08467827166756373,35,0.9993151073033806,42,64,largest,0.5
9471,group-9313,3,0,-0.02630632169949554,0.06088418455864954,31,0.974793555808548,42,64,largest,0.5
9472,group-9314,2,1,0.01173701209613165,0.10236017960303323,47,0.9780185824967609,42,64,largest,0.5
9473,group-9315,1,0,-0.03797258400674175,0.05695699612813993,23,0.9635513866951926,42,64,largest,0.5
9474,group-9316,0,0,-0.016465052860028973,0.060259405770304086,62,0.9980122141828103,42,64,largest,0.5
9475,group-9317,4,0,-0.07143980901406521,0.029239667500574624,2,0.9554075109510148,42,64,largest,0.5
9476,group-9318,3,0,-0.018513561683937252,0.06928578320763165,36,0.9969475017935511,42,64,largest,0.5
9478,group-9319,2,0,-0.030272330996282015,0.05529537885634006,61,0.9807626700999741,42,64,largest,0.5
9479,group-9320,0,0,-0.010374824666071758,0.06545946718021096,52,1.006208497413485,42,64,largest,0.5
9480,group-9321,4,1,0.003548883921738799,0.08810749027679378,35,0.9921304104558611,42,64,largest,0.5
9481,group-9322,3,0,-0.05009814876663721,0.04077483695979195,38,0.9702044775816825,42,64,largest,0.5
9482,group-9323,2,0,-0.01880377119382526,0.06561305888936259,34,0.9983786720277638,42,64,largest,0.5
9483,group-9324,1,0,-0.04003305368658494,0.05500213869406731,16,0.9797581890069218,42,64,largest,0.5
9484,group-9325,0,0,-0.02149897050397298,0.056255706441586756,18,0.9806606049718294,42,64,largest,0.5
9485,group-9326,4,0,-0.061731802642021605,0.03384095561707221,18,0.9487443074665612,42,64,largest,0.5
9486,group-9327,3,0,-0.07672269368214224,0.025820878175173704,42,0.967204841756269,42,64,largest,0.5
9487,group-9328,2,0,-0.005225834301453736,0.08013149371633554,26,1.0006973879180563,42,64,largest,0.5
9488,group-9329,1,0,-0.017594065538407366,0.08010480208506317,54,0.986707036856809,42,64,largest,0.5
9489,group-9330,4,0,-0.039538018669618924,0.047124689124718636,22,0.9744218894112978,42,64,largest,0.5
9490,group-9331,3,0,-0.047815495624703996,0.04238855522099244,46,0.9951710441816933,42,64,largest,0.5
9491,group-9332,2,0,-0.00419385640034442,0.08134742727002012,16,0.9896112511864344,42,64,largest,0.5
9492,group-9333,1,0,-0.005328412888591427,0.09790721874663667,19,0.9979921226288481,42,64,largest,0.5
9493,group-9334,0,0,-0.36667414689630706,0.00039916922167779033,41,0.6517980412551752,42,64,largest,0.5
9494,group-9335,4,0,-0.03591673060691858,0.04971763731268018,39,0.9647162817722608,42,64,largest,0.5
9495,group-9336,3,0,-0.04003873587687168,0.04835627488294132,19,0.9980332445501381,42,64,largest,0.5
9496,group-9337,2,0,-0.02142304603286349,0.06310934495306134,9,1.0023949638128002,42,64,largest,0.5
9497,group-9338,1,0,-0.04388556953636269,0.05151555481923448,50,0.9563997116406862,42,64,largest,0.5
9498,group-9339,0,1,0.022664229644118294,0.10160775229230977,40,0.9700293673550494,42,64,largest,0.5
9499,group-9340,3,0,-0.02875748297347447,0.05844471055501199,42,0.9886951247254312,42,64,largest,0.5
9500,group-9341,2,0,-0.05395836197806936,0.038634599512439534,11,0.9571987099960807,42,64,largest,0.5
9501,group-9342,1,1,0.007886095954321881,0.12095327308515012,7,0.997724415266732,42,64,largest,0.5
9502,group-9343,0,0,-0.05148435888847214,0.03715478809250923,21,0.9439476931074718,42,64,largest,0.5
9503,group-9344,4,0,-0.04880032758488162,0.04106543945265297,26,0.9732600986255171,42,64,largest,0.5
9505,group-9345,3,0,-0.029454321105139014,0.057768104473758186,15,0.9965641478917473,42,64,largest,0.5
9506,group-9346,2,0,-0.013571513448875638,0.07089300626448948,10,1.009957131815482,42,64,largest,0.5
9507,group-9347,1,0,-0.039473160101269,0.05552699326396276,43,0.9562870540538763,42,64,largest,0.5
9508,group-9348,0,0,-0.08120570863712961,0.024463075912626715,13,0.9308242858384983,42,64,largest,0.5
9509,group-9349,4,0,-0.03491957571410076,0.05045504589589905,36,0.9723472442098733,42,64,largest,0.5
9510,group-9350,2,0,-0.020611551450886334,0.063875357643007,4,0.9884903299652276,42,64,largest,0.5
9511,group-9351,1,0,-0.06012983922552162,0.03899135094314072,51,0.9454405006674438,42,64,largest,0.5
9512,group-9352,0,0,-0.03179688339939091,0.04883271258618492,38,0.9843649402429615,42,64,largest,0.5
9513,group-9353,4,0,-0.007176106387212111,0.07560138699086719,38,0.9880240981371892,42,64,largest,0.5
9514,group-9354,3,0,-0.07580049206330453,0.0262356326606462,55,0.9549208678693469,42,64,largest,0.5
9515,group-9355,2,0,-0.048589664182807635,0.04192770050396434,39,0.9574919895664726,42,64,largest,0.5
9516,group-9356,1,0,-0.032619456673548264,0.06234484582272222,22,0.9615646606456407,42,64,largest,0.5
9517,group-9357,0,0,-0.020645653157257526,0.05691632287920654,47,0.9809877954007672,42,64,largest,0.5
9518,group-9358,4,0,-0.10486237555416533,0.0176007216939932,47,0.9091158360967342,42,64,largest,0.5
9519,group-9359,3,0,-0.026562951883217,0.06062438047250821,19,0.9792430653568674,42,64,largest,0.5
9520,group-9360,1,0,-0.015517446697757675,0.08289564400728648,22,0.9909780734694837,42,64,largest,0.5
9521,group-9361,0,0,-0.02475585744523856,0.05380004588838462,7,0.9772329577818685,42,64,largest,0.5
9522,group-9362,4,0,-0.03574182495397704,0.04984623947598269,5,0.9603060014241346,42,64,largest,0.5
9523,group-9363,3,0,-0.04582097922057693,0.043848384826736184,49,0.9619983857945947,42,64,largest,0.5
9524,group-9363,3,0,-0.04582097922057693,0.043848384826736184,49,0.9619983857945947,42,64,largest,0.5
9525,group-9364,3,0,-0.02097527183810266,0.0665219055106339,48,0.9434117651905577,42,64,largest,0.5
9526,group-9365,2,0,-0.06634891931730147,0.031956221780168007,39,0.9395243531688338,42,64,largest,0.5
9527,group-9366,1,0,-0.022320658295440388,0.07406994937195356,59,0.9828017218744739,42,64,largest,0.5
9528,group-9367,0,0,-0.00904874941780398,0.0666457870379412,3,1.0031425102825167,42,64,largest,0.5
9529,group-9368,4,0,-0.06433373603429149,0.03254327631581213,55,0.962913751291349,42,64,largest,0.5
9530,group-9369,3,0,-0.04423861873793933,0.045040551369752824,9,0.9570957749709681,42,64,largest,0.5
9531,group-9370,1,0,-0.06636370039185713,0.03500705965465767,61,0.9377748678237576,42,64,largest,0.5
9532,group-9371,0,0,-0.0835650274672961,0.023659693336094696,37,0.919304716162211,42,64,largest,0.5
9533,group-9372,4,0,-0.01755719054119631,0.06506882196792117,23,0.9868389399836485,42,64,largest,0.5
9534,group-9373,3,0,-0.06613454074830971,0.03099135129945264,6,0.9522752224268874,42,64,largest,0.5
9535,group-9374,2,0,-0.030131037205320732,0.055412669599454796,2,0.9742064496619278,42,64,largest,0.5
9536,group-9375,1,0,-0.022233244384164408,0.07417766301605883,36,0.9639680561674894,42,64,largest,0.5
9537,group-9376,0,0,-0.038797964338707525,0.04432707046143009,47,0.9682948010380656,42,64,largest,0.5
9538,group-9377,4,0,-0.07023483505323669,0.0297760135541703,47,0.9425654364107265,42,64,largest,0.5
9539,group-9378,3,0,-0.052177424476065215,0.039356224572156186,6,0.9452051496563759,42,64,largest,0.5
9540,group-9379,2,0,-0.08094872463769787,0.025513895818999672,28,0.9396006057205921,42,64,largest,0.5
9541,group-9380,0,0,-0.0774695929871233,0.02578996472268189,5,0.9403653458932929,42,64,largest,0.5
9542,group-9381,4,0,-0.0434947188790642,0.044438705125728145,7,0.9741866515774456,42,64,largest,0.5
9543,group-9382,3,0,-0.011624315973439048,0.07759444773443526,3,0.9503671620570031,42,64,largest,0.5
9544,group-9383,2,0,-0.08486992810926564,0.024011043796812168,5,0.9045685001979742,42,64,largest,0.5
9545,group-9384,1,0,-0.014489409060655989,0.08430975411246723,2,0.9884199670334626,42,64,largest,0.5
9546,group-9385,0,0,-0.03143697096743081,0.04907572002330391,62,0.980024626980805,42,64,largest,0.5
9547,group-9386,4,0,-0.00804402948735461,0.0746639676543052,52,0.9986246859260629,42,64,largest,0.5
9548,group-9387,3,0,-0.03582335170629902,0.05191635815991799,59,0.9636341962490413,42,64,largest,0.5
9549,group-9388,2,0,-0.0011884797340686593,0.08498486126061465,6,0.9875206267050916,42,64,largest,0.5
9550,group-9389,1,0,-0.041502637803087716,0.053646668745047414,52,0.9658387770539828,42,64,largest,0.5
9551,group-9390,4,0,-0.005855240349138202,0.07704876751378238,33,0.983437064790522,42,64,largest,0.5
9552,group-9391,3,0,-0.01892417167789029,0.06881749814757447,33,0.956966966394114,42,64,largest,0.5
9553,group-9392,2,0,-0.040532423447952826,0.04737777252080488,32,0.9459563192828101,42,64,largest,0.5
9554,group-9393,1,0,-0.028692029452779377,0.0665965208130403,16,0.9723930937197488,42,64,largest,0.5
9555,group-9394,0,0,-0.16184188267463973,0.007727440957250406,5,0.8506070509418764,42,64,largest,0.5
9556,group-9395,4,0,-0.03584531328843221,0.0497701100058145,20,0.9708626718621325,42,64,largest,0.5
9557,group-9396,3,0,-0.023688342533747853,0.06359463821846024,23,0.9798521915962694,42,64,largest,0.5
9559,group-9397,2,0,-0.07392229676068429,0.028439066184151707,11,0.9134833729606676,42,64,largest,0.5
9560,group-9398,1,0,-0.03267795165641296,0.06228347777505607,30,0.9687012906299793,42,64,largest,0.5
9561,group-9399,0,0,-0.03266079581149839,0.04825406262619886,13,0.9731353562946461,42,64,largest,0.5
9562,group-9400,2,0,-0.005606315543288165,0.07968739099895604,61,1.005082328085015,42,64,largest,0.5
9563,group-9401,1,0,-0.08396582364086647,0.0257655679246766,1,0.9377878005166804,42,64,largest,0.5
9564,group-9402,0,0,-0.07836840174542625,0.025464487659955216,61,0.9237704675879685,42,64,largest,0.5
9565,group-9403,4,0,-0.025227667757245276,0.05818103231448381,14,0.9790497072779881,42,64,largest,0.5
9566,group-9404,3,0,-0.06534151144377676,0.031416663826208766,34,0.9270167602722184,42,64,largest,0.5
9567,group-9405,2,0,-0.020244699118454723,0.06422448517605366,54,0.9862611084256329,42,64,largest,0.5
9568,group-9406,1,0,-0.09307104638796326,0.021965003185915547,20,0.9076077159333847,42,64,largest,0.5
9569,group-9407,0,0,-0.07339782454173205,0.027315854604721745,17,0.9290786949485791,42,64,largest,0.5
9570,group-9408,4,0,-0.049265434317699475,0.04078169509509604,15,0.9478980178856441,42,64,largest,0.5
9571,group-9409,3,0,-0.03660932914935744,0.05123428398126523,29,0.9783472795185606,42,64,largest,0.5
9572,group-9410,1,0,-0.018203078743520895,0.07930273730304122,3,0.983779899789822,42,64,largest,0.5
9573,group-9411,0,0,-0.051883444540912094,0.03694829458935478,37,0.9481691209157729,42,64,largest,0.5
9574,group-9412,4,0,-0.07165685837016822,0.02914405759004994,4,0.9483035816659577,42,64,largest,0.5
9575,group-9413,3,0,-0.01412734325057663,0.07447512750181869,11,0.9660379512037871,42,64,largest,0.5
9576,group-9414,2,0,-0.016352337732377098,0.06803971661732705,54,0.9955454397902919,42,64,largest,0.5
9577,group-9415,1,0,-0.0210468971951826,0.07565382080415138,22,0.9843452935233826,42,64,largest,0.5
9578,group-9416,0,0,-0.043061468772275235,0.04178038198692666,53,0.9685934834207592,42,64,largest,0.5
9579,group-9417,4,0,-0.04290045123322084,0.044832599595629095,14,0.9717757301408024,42,64,largest,0.5
9580,group-9418,3,0,-0.053903371132068,0.038214741430502325,49,0.9667829845291991,42,64,largest,0.5
9581,group-9419,2,0,-0.05813128812199586,0.03624789229528008,54,0.9574898755740934,42,64,largest,0.5
9582,group-9420,0,0,-0.009159642398777534,0.06654582096409431,27,0.9943695907391622,42,64,largest,0.5
9583,group-9421,4,0,-0.022183144469382188,0.060828992650279586,33,0.9994658928241512,42,64,largest,0.5
