{
  "decision_threshold": 0.36053770780563354,
  "quality_by_split": {
    "high": {
      "calib_neg": 444,
      "calib_pos": 40,
      "ignore": 916,
      "profile": 167,
      "test_neg": 446,
      "test_pos": 52
    },
    "low": {
      "calib_neg": 714,
      "calib_pos": 89,
      "ignore": 1747,
      "profile": 284,
      "test_neg": 791,
      "test_pos": 94
    },
    "mid": {
      "calib_neg": 764,
      "calib_pos": 90,
      "ignore": 1599,
      "profile": 299,
      "test_neg": 825,
      "test_pos": 111
    }
  },
  "rows_valid": 9472,
  "score_calibrated_by_split": {
    "calib_neg": {
      "max": 0.6187211871147156,
      "median": 0.14357337355613708,
      "min": 0.01345983799546957,
      "n": 1922,
      "p10": 0.05919809117913246,
      "p90": 0.2830350995063782
    },
    "calib_pos": {
      "max": 0.9877499938011169,
      "median": 0.892164409160614,
      "min": 0.2020314335823059,
      "n": 219,
      "p10": 0.6719942569732666,
      "p90": 0.9659883975982666
    },
    "profile": {
      "max": 0.9989001750946045,
      "median": 0.9685319662094116,
      "min": 0.7219786643981934,
      "n": 750,
      "p10": 0.9237943530082703,
      "p90": 0.9905541241168976
    },
    "test_neg": {
      "max": 0.6737308502197266,
      "median": 0.1406230628490448,
      "min": 0.007739678490906954,
      "n": 2062,
      "p10": 0.05858319960534573,
      "p90": 0.28212302029132846
    },
    "test_pos": {
      "max": 0.9925751686096191,
      "median": 0.8720313906669617,
      "min": 0.2617291212081909,
      "n": 257,
      "p10": 0.7147360920906067,
      "p90": 0.96482173204422
    }
  },
  "split_counts": {
    "calib_neg": 1922,
    "calib_pos": 219,
    "ignore": 4262,
    "profile": 750,
    "test_neg": 2062,
    "test_pos": 257
  }
}