sample_id,group_id,fold,y_true,score_raw,prob_calibrated,cluster_label,distance_to_centroid,seed,k,target_rule,threshold
0,0,1,0,-0.08400543094387325,0.026581343481269806,14,0.9159576289023167,42,64,largest,0.5
1,1,0,1,0.020424046395961515,0.1753223836221389,36,0.9399526831076193,42,64,largest,0.5
10,10,4,0,-0.0245033129602098,0.04743658761709141,3,0.9924302282818626,42,64,largest,0.5
100,100,3,0,-0.0737605413518515,0.03064034413517073,15,0.9832133467463052,42,64,largest,0.5
1000,1000,2,0,-0.06075004108315751,0.040698814578280736,11,0.9637584022952715,42,64,largest,0.5
1001,1001,1,0,-0.02108091790776989,0.08117786542107587,52,0.9875230552509783,42,64,largest,0.5
1002,1002,0,0,-0.012470978998468718,0.09929023163902802,2,0.9787243869699904,42,64,largest,0.5
1003,1003,4,0,-0.029477438954047974,0.04442077838741875,10,0.9275610076899562,42,64,largest,0.5
1004,1004,3,0,-0.026452998788290993,0.0752249444402992,19,0.9231742615369672,42,64,largest,0.5
1005,1005,2,0,-0.07136067850344707,0.03297800750874962,15,0.9945342327403912,42,64,largest,0.5
1006,1006,1,0,-0.034645900121757056,0.06418976660444768,12,0.9648871179497047,42,64,largest,0.5
1007,1007,0,0,-0.010941891015756489,0.10205410618683947,60,0.9823232498478693,42,64,largest,0.5
1008,1008,4,0,-0.023314772364476655,0.04818549501899758,4,0.915926693092929,42,64,largest,0.5
1009,1009,3,0,-0.06511830719031664,0.036206516535110644,10,0.9734810345328299,42,64,largest,0.5
101,101,2,0,-0.05372238293489873,0.04673622529531252,5,0.9851824615151905,42,64,largest,0.5
1010,1010,1,0,-0.03460150931527062,0.06423954132923167,60,0.985102492255958,42,64,largest,0.5
1011,1011,0,1,0.03473570953507077,0.2205223892293494,36,0.9309798363576759,42,64,largest,0.5
1012,1012,4,0,-0.04554381595765444,0.03588168672516122,15,0.9814392378492212,42,64,largest,0.5
1013,1013,3,0,-0.06599845946142846,0.03559781268854281,4,0.9925510374675848,42,64,largest,0.5
1014,1014,2,0,-0.027022192666826483,0.0782861725705431,7,0.9455213610178621,42,64,largest,0.5
1015,1015,1,0,-0.05546615617096251,0.04444374648816022,26,0.9596624847499412,42,64,largest,0.5
1016,1016,0,0,-0.0820407180095194,0.02674914446212145,14,0.9578119751122328,42,64,largest,0.5
1017,1017,4,0,-0.04229397064011964,0.03747069054004321,18,0.9848041200376288,42,64,largest,0.5
1018,1018,3,0,-0.06689457847291114,0.03498819738545385,10,0.9809580849378086,42,64,largest,0.5
1019,1019,2,0,-0.05957488167794822,0.04165363861502783,4,0.9872930217209073,42,64,largest,0.5
102,102,1,0,-0.05533654696302526,0.04454656866147504,16,0.9648551704742866,42,64,largest,0.5
1020,1020,0,0,-0.020738403141529305,0.08547348896437436,0,0.9630846896753585,42,64,largest,0.5
1021,1021,4,0,-0.054843678438521115,0.03168520204173458,44,0.9652979814261582,42,64,largest,0.5
1022,1022,3,0,-0.05559670518681703,0.04346392991794369,27,0.9790580793592122,42,64,largest,0.5
1023,1023,2,0,-0.006402693422275507,0.11491404774976785,32,0.9445384131434297,42,64,largest,0.5
1024,1024,1,0,-0.01832962546275596,0.08509035986442305,9,0.9919176397197241,42,64,largest,0.5
1025,1025,0,0,-0.04821633824814353,0.051231297677314616,60,0.9881173624995545,42,64,largest,0.5
1026,1026,4,0,-0.054857447075637,0.03167935553492998,14,0.9314864953078897,42,64,largest,0.5
1027,1027,3,1,0.030502147442883265,0.20245046693477542,47,0.9174417635558922,42,64,largest,0.5
1028,1028,2,0,-0.07680959738263804,0.02958309092862977,16,0.9639566515074968,42,64,largest,0.5
1029,1029,1,0,-0.0031132639907270887,0.10995720623871771,34,0.9964654459830489,42,64,largest,0.5
103,103,0,0,-0.08476383785718367,0.02536956399334365,7,0.9182480496265341,42,64,largest,0.5
1030,1030,4,0,-0.02887656144859896,0.044775147747783794,38,0.9890086161164963,42,64,largest,0.5
1031,1031,3,0,-0.0354754410939746,0.06360503226943108,41,0.9723063431346999,42,64,largest,0.5
1032,1032,2,0,-0.10285420975346071,0.01752340898582518,0,0.9453005427838234,42,64,largest,0.5
1033,1033,1,0,-0.053108857362030415,0.04634967452665459,28,0.953022878236399,42,64,largest,0.5
1034,1034,0,0,-0.06954558408975675,0.03407026158015718,21,0.9794615432869502,42,64,largest,0.5
1035,1035,4,0,-0.07914164116883593,0.022842645701906073,1,0.9660615896619082,42,64,largest,0.5
1036,1036,3,0,-0.08213319101942163,0.026043161428486325,23,0.9413569329126437,42,64,largest,0.5
1037,1037,2,0,-0.055895843651702526,0.0447832796562514,18,0.9770097217095326,42,64,largest,0.5
1038,1038,1,0,-0.03230070446123334,0.06686912049873825,9,0.9775372339960924,42,64,largest,0.5
1039,1039,0,0,-0.033836969748883394,0.06712458438800784,15,0.9881532088009688,42,64,largest,0.5
104,104,4,0,-0.048237215198503325,0.034614105724612855,36,0.9928152613199237,42,64,largest,0.5
1040,1040,3,0,-0.03475604499837415,0.06446654254565731,30,0.9545217829131697,42,64,largest,0.5
1041,1041,2,0,-0.1144028209745992,0.013867848956269873,45,0.9395987033436238,42,64,largest,0.5
1042,1042,1,0,-0.04468724720086159,0.05381235655254654,60,0.9800587505184469,42,64,largest,0.5
1043,1043,0,1,0.016443367230054684,0.1641260865588325,36,0.977550287815899,42,64,largest,0.5
1044,1044,4,0,-0.030681848353379837,0.04371851121428748,10,0.9495157102362325,42,64,largest,0.5
1045,1045,3,0,-0.08427105274604796,0.024981319154098958,60,0.9606513442675078,42,64,largest,0.5
1046,1046,2,0,-0.13432098625784072,0.00924717687657062,24,0.912944726559537,42,64,largest,0.5
1047,1047,1,0,-0.01998833831033564,0.08271155214743298,36,0.9737223732571711,42,64,largest,0.5
1048,1048,0,0,-0.023513133722934287,0.0812413257273101,2,0.99372598000516,42,64,largest,0.5
1049,1049,4,0,-0.0776425427080123,0.02331039997461973,48,0.9576614798284757,42,64,largest,0.5
105,105,3,0,-0.02151668192550893,0.08238040974352884,30,0.9471037057110061,42,64,largest,0.5
1050,1050,2,0,-0.007647302042208537,0.11233437341182666,47,0.9756693641352461,42,64,largest,0.5
1051,1051,1,0,-0.04398703631779044,0.054481511416957056,31,0.9607132246828619,42,64,largest,0.5
1052,1052,0,0,-0.02952076830208339,0.0727263044297554,25,0.9876565044375215,42,64,largest,0.5
1053,1053,4,0,-0.024225357921339508,0.04761073196318061,44,0.9742385823668076,42,64,largest,0.5
1054,1054,3,0,-0.007716244662425487,0.10577065533588968,59,0.9891039277336663,42,64,largest,0.5
1055,1055,2,0,-0.04587088264343431,0.05448610824104866,43,0.9958180361586203,42,64,largest,0.5
1056,1056,1,0,-0.06261411638569758,0.03911125288591572,46,0.96478494361536,42,64,largest,0.5
1057,1057,0,0,-0.050549182486221755,0.04901410523380618,27,0.9502655685014841,42,64,largest,0.5
1058,1058,4,0,-0.027012307072422637,0.04589182125158964,32,1.0079315230495647,42,64,largest,0.5
1059,1059,3,0,-0.020006261747537613,0.084690750342033,51,0.9859734819381898,42,64,largest,0.5
106,106,2,0,-0.040554031504528965,0.06040606112732809,32,0.973134673955514,42,64,largest,0.5
1060,1060,1,0,-0.011314121364657814,0.09585058016797031,22,0.9965007285495194,42,64,largest,0.5
1061,1061,0,0,-0.057067897427690806,0.04329154519344279,2,0.990065410164586,42,64,largest,0.5
1062,1062,4,0,-0.03957250748322916,0.038853175150844785,12,0.9889913781786959,42,64,largest,0.5
1063,1063,3,0,-0.07164741501278582,0.03191957161592019,30,0.9794630172277211,42,64,largest,0.5
1064,1064,2,0,-0.010692971193787981,0.10623424654830187,17,0.9784715011773665,42,64,largest,0.5
1065,1065,1,0,-0.011210803631465871,0.09601778686483134,51,0.9856970793561415,42,64,largest,0.5
1066,1066,0,0,-0.059740316365051505,0.04113472732177057,20,0.9769415921428909,42,64,largest,0.5
1067,1067,4,0,-0.04040787145402058,0.03842368925215853,60,0.999159175470052,42,64,largest,0.5
1068,1068,3,0,-0.050106615157056056,0.048259955845735905,41,0.9575041640274041,42,64,largest,0.5
1069,1069,2,0,-0.012462319958039036,0.10282599798573279,2,0.9779729531016663,42,64,largest,0.5
107,107,1,0,-0.05087502497231666,0.04822734203046378,52,0.9552778959546326,42,64,largest,0.5
1070,1070,0,0,-0.10531198701568789,0.016977136346866446,16,0.951280222215472,42,64,largest,0.5
1071,1071,4,0,-0.032268066286042396,0.04280977269134538,31,1.002937672251039,42,64,largest,0.5
1072,1072,3,0,-0.055051125271656454,0.043919408236086775,10,0.9857128555012019,42,64,largest,0.5
1073,1073,2,0,-0.10145726492951601,0.01802530759241669,45,0.9363420167913186,42,64,largest,0.5
1074,1074,1,0,-0.025375912604933215,0.07539724841280332,37,0.988441559139494,42,64,largest,0.5
1075,1075,0,0,-0.047511617566806996,0.051919536897067735,0,0.9417991976877811,42,64,largest,0.5
1076,1076,4,0,-0.04362179287249368,0.0368134436767089,44,0.9585670653957853,42,64,largest,0.5
1077,1077,3,0,-0.0004515887755212056,0.12030613967271879,41,0.9655926889618978,42,64,largest,0.5
1078,1078,2,0,-0.1088308034977985,0.015526766803031887,39,0.9625991028253871,42,64,largest,0.5
1079,1079,1,0,-0.05443740609519354,0.045266147053941504,61,0.9670769982558249,42,64,largest,0.5
108,108,0,0,-0.11160649075212359,0.015002258719963758,16,0.9287009196062935,42,64,largest,0.5
1080,1080,4,0,-0.031781380985665963,0.04308665713763653,29,0.9945337041721236,42,64,largest,0.5
1081,1081,3,0,-0.08323371983777483,0.025491171461625366,31,0.9629061520776421,42,64,largest,0.5
1082,1082,2,0,-0.09467194801175716,0.020670870282461156,16,0.9441555689657181,42,64,largest,0.5
1083,1083,1,0,-0.03630470514336015,0.06235533764496552,12,0.9852873470171987,42,64,largest,0.5
1084,1084,0,0,-0.08364067465800917,0.025929976166965702,44,0.9690974326466839,42,64,largest,0.5
1085,1085,4,0,-0.053723946693260305,0.03216417737521818,29,0.9659710929853368,42,64,largest,0.5
1086,1086,3,0,-0.056400780086815705,0.04280085857316679,35,0.9799017023645974,42,64,largest,0.5
1087,1087,2,0,-0.07466794628144946,0.030875018664121272,5,0.9759764954111874,42,64,largest,0.5
1088,1088,1,0,-0.018741502346193428,0.08449394749134308,47,0.9852511956594623,42,64,largest,0.5
1089,1089,0,0,-0.0679636791858983,0.03512510058326623,41,0.9673388619482971,42,64,largest,0.5
109,109,4,0,-0.052955446034691156,0.03249695343272575,1,0.9578931926866242,42,64,largest,0.5
1090,1090,3,0,-0.03071820221677035,0.0695067770518763,13,0.9831378366723241,42,64,largest,0.5
1091,1091,2,0,-0.07145920730421418,0.03291340154557356,17,0.9687226884400355,42,64,largest,0.5
1092,1092,1,0,-0.009812228885426544,0.09830697124685482,44,0.9780520428428657,42,64,largest,0.5
1093,1093,0,0,-0.03886060692245574,0.061110082615849014,31,0.9764182294719181,42,64,largest,0.5
1094,1094,4,0,-0.04243960443862338,0.037398057506084006,21,0.9786257691044086,42,64,largest,0.5
1095,1095,3,0,-0.012695914386055773,0.09672214895217818,7,0.9834034828296878,42,64,largest,0.5
1096,1096,2,0,-0.11769221036059818,0.012971873069332408,24,0.9419963800491535,42,64,largest,0.5
1097,1097,1,0,-0.05854491915291038,0.04206683810737166,14,0.9464628778558608,42,64,largest,0.5
1098,1098,0,0,-0.07880242283715544,0.02848484212527056,37,0.9850105127157688,42,64,largest,0.5
1099,1099,4,0,-0.03736098436472668,0.040012535917055635,34,0.9493540508226032,42,64,largest,0.5
11,11,3,0,-0.09419876680305572,0.020578935258470436,7,0.9644151417051641,42,64,largest,0.5
110,110,2,0,-0.05541623193593448,0.045207429940362,15,0.9991025198470512,42,64,largest,0.5
1100,1100,1,0,-0.023333373886893605,0.0780975898400612,36,0.9837845527780263,42,64,largest,0.5
1101,1101,0,0,-0.08136217011753244,0.02710410893241329,34,0.9754631984123299,42,64,largest,0.5
1102,1102,4,0,-0.022637120773140174,0.04861749872981835,48,0.9901128185913985,42,64,largest,0.5
1103,1103,3,0,-0.06018176032188771,0.03981046265690137,39,0.9841081047763762,42,64,largest,0.5
1104,1104,2,0,-0.07545043889297176,0.03039677512238533,11,0.9950774338839417,42,64,largest,0.5
1105,1105,1,0,-0.03551594718743134,0.06322142101806431,52,0.9579083981347231,42,64,largest,0.5
1106,1106,0,0,-0.06793850427581405,0.03514213945977228,35,0.9783162047125071,42,64,largest,0.5
1107,1107,4,0,-0.029525954360610673,0.044392283240830235,2,0.9787990277138873,42,64,largest,0.5
1108,1108,3,0,-0.09560531244815873,0.020020050844940823,15,0.9310050574488108,42,64,largest,0.5
1109,1109,2,0,-0.07312056219189311,0.03184228266811094,40,0.9743662024979971,42,64,largest,0.5
111,111,1,0,-0.07612378242655349,0.030663606962081574,63,0.9459462824954321,42,64,largest,0.5
1110,1110,0,0,-0.09382946319397545,0.021258534921076627,8,0.9340168883425689,42,64,largest,0.5
1111,1111,4,0,-0.02339528128720969,0.04813441333220648,19,0.9865694703821112,42,64,largest,0.5
1112,1112,3,0,-0.06314644615510823,0.03760679928916662,46,0.9970817324677291,42,64,largest,0.5
1113,1113,2,0,-0.03076029469168584,0.07291191512518061,7,0.9701498783901708,42,64,largest,0.5
1114,1114,1,0,-0.03189331277511431,0.06734502083539246,8,0.9539464490472229,42,64,largest,0.5
1115,1115,0,0,-0.05429195690587152,0.04564603226192288,62,0.9985848422102275,42,64,largest,0.5
1116,1116,4,0,-0.03240594692827059,0.04273163927800681,41,0.9935417025972516,42,64,largest,0.5
1117,1117,3,0,-0.09209584286150552,0.021443117233307527,23,0.9429258854149642,42,64,largest,0.5
1118,1118,2,1,0.005273067407739251,0.14170442800187424,10,0.9274717457329482,42,64,largest,0.5
1119,1119,1,0,-0.06890681086774786,0.034929533378269255,52,0.9456466167140588,42,64,largest,0.5
112,112,0,0,-0.09778732237699927,0.019675099225611795,14,0.9393672690675484,42,64,largest,0.5
1120,1120,4,0,-0.03946568783313653,0.03890842546414466,30,0.9761671266019429,42,64,largest,0.5
1121,1121,3,0,-0.06477016141346692,0.03645004517641036,39,0.985820156310867,42,64,largest,0.5
1122,1122,2,0,-0.07117145909591749,0.03310242354232799,36,0.9907353241785076,42,64,largest,0.5
1123,1123,1,0,-0.06670331210174796,0.036342372768763,3,0.9495421317542065,42,64,largest,0.5
1124,1124,0,0,-0.09455504411241344,0.020959197513955783,4,0.9779312557429476,42,64,largest,0.5
1125,1125,4,0,-0.009838269790115928,0.057498305245024015,3,0.9729602772753436,42,64,largest,0.5
1126,1126,3,1,0.014920682856996992,0.15678038476549694,47,0.9530485490657896,42,64,largest,0.5
1127,1127,2,0,-0.08178985784997139,0.026778300715452463,47,0.954202251556235,42,64,largest,0.5
1128,1128,1,0,-0.042218438696403626,0.05620673913699667,52,0.9700324831162724,42,64,largest,0.5
1129,1129,0,0,-0.07046818257088583,0.033469235831044566,32,0.9790299706903299,42,64,largest,0.5
113,113,4,0,-0.10388581320612156,0.016326483219943344,18,0.9313980091874656,42,64,largest,0.5
1130,1130,3,0,-0.058432928367912806,0.04116788297998309,38,0.9482267442655639,42,64,largest,0.5
1131,1131,2,0,-0.024771839165499188,0.08169400979199523,55,1.0036793711687044,42,64,largest,0.5
1132,1132,1,0,-0.08386232405750471,0.026650525257772076,14,0.9146021526691336,42,64,largest,0.5
1133,1133,0,0,-0.0658496247478565,0.036584009689271856,47,0.9856632075382071,42,64,largest,0.5
1134,1134,4,0,-0.09864620708969496,0.017532972895973872,41,0.9370949770998327,42,64,largest,0.5
1135,1135,3,0,-0.0997385716067476,0.018462395904422772,43,0.9428010851913753,42,64,largest,0.5
1136,1136,2,0,-0.020182369460887806,0.08906577640658853,58,0.9958375097851686,42,64,largest,0.5
1137,1137,1,0,-0.029477872327775656,0.07023174913964289,55,0.9738119187842088,42,64,largest,0.5
1138,1138,0,0,-0.0127099204126504,0.09886440233281023,2,0.9797448382448396,42,64,largest,0.5
1139,1139,4,0,-0.04753127226798359,0.034942103407519125,23,0.9856171997208151,42,64,largest,0.5
114,114,3,0,-0.06316556132798545,0.037592978368563255,4,0.9782989609234095,42,64,largest,0.5
1140,1140,2,0,-0.06977476459519094,0.0340349032062674,42,0.9441953152577747,42,64,largest,0.5
1141,1141,1,0,-0.010175423547948315,0.09770786256739239,25,1.0074489613223323,42,64,largest,0.5
1142,1142,0,0,-0.10442899498315228,0.01727387252899068,28,0.9929028988910993,42,64,largest,0.5
1143,1143,4,0,-0.0008292328073205013,0.0646406638913759,0,0.9682720259396508,42,64,largest,0.5
1144,1144,3,0,-0.00816585126651892,0.10492396416725315,21,0.8986803469476238,42,64,largest,0.5
1145,1145,2,0,-0.07048881727264722,0.03355505424939658,47,0.9530275830117858,42,64,largest,0.5
1146,1146,1,0,-0.042708328426409925,0.055723782914933094,62,0.9688444281889484,42,64,largest,0.5
1147,1147,0,0,-0.09613080597036128,0.020323255936406125,14,0.9395044526712927,42,64,largest,0.5
1148,1148,4,0,-0.0654786400335019,0.02746730642084218,7,0.9390875903618625,42,64,largest,0.5
1149,1149,3,0,-0.09215850114103041,0.021416862428072145,2,0.9460997385198806,42,64,largest,0.5
115,115,2,1,0.014323971389491041,0.1659050919785443,10,0.9624791889983965,42,64,largest,0.5
1150,1150,1,0,-0.04997989999742858,0.04899983595670983,23,0.9692259644101966,42,64,largest,0.5
1151,1151,0,0,-0.08378815472443912,0.025855708043021206,27,0.942081832595537,42,64,largest,0.5
1152,1152,4,0,-0.029121380066049474,0.04463044110300547,8,0.9917686891193578,42,64,largest,0.5
1153,1153,3,0,-0.11265596758969676,0.014322656766040848,49,0.9596920376583453,42,64,largest,0.5
1154,1154,2,0,-0.11206093165850262,0.014542658498035311,11,0.9752257444526691,42,64,largest,0.5
1155,1155,1,0,-0.038701295708532424,0.05979131045773961,60,0.9771835295285574,42,64,largest,0.5
1156,1156,0,1,0.011469003354157237,0.15095131985542642,36,0.9547808602364238,42,64,largest,0.5
1157,1157,4,0,-0.03490019795676391,0.041341527292344075,36,0.9727732195695707,42,64,largest,0.5
1158,1158,3,0,-0.04767219007751866,0.050543871621791775,8,0.9666152460689349,42,64,largest,0.5
1159,1159,2,0,-0.14842194562497013,0.006934041711648733,45,0.9143934345829533,42,64,largest,0.5
116,116,1,0,-0.009403437657147018,0.09898520704640959,37,1.0000509397470196,42,64,largest,0.5
1160,1160,0,0,-0.07132754662616514,0.032918620201887364,24,1.0043027651882244,42,64,largest,0.5
1161,1161,4,0,-0.03834622628262063,0.03949199685890556,19,0.9911595034951062,42,64,largest,0.5
1162,1162,3,1,0.04312448174229966,0.2462260996122645,47,0.9151416624665498,42,64,largest,0.5
1163,1163,2,0,-0.05372161917980711,0.04673692559482056,4,0.983570993703514,42,64,largest,0.5
1164,1164,1,0,-0.029070171028443115,0.07073014670323259,47,0.9846854895742596,42,64,largest,0.5
1165,1165,0,0,-0.1185057287148038,0.013097030625434443,44,0.9161269846042831,42,64,largest,0.5
1166,1166,4,0,-0.04014024898785251,0.03856078351542423,58,0.9844512587553439,42,64,largest,0.5
1167,1167,3,0,-0.06252617185925669,0.03805793751414529,36,0.9999473120326052,42,64,largest,0.5
1168,1168,2,0,-0.08629759063561415,0.024463812661467587,18,0.9404120504319692,42,64,largest,0.5
1169,1169,1,0,-0.008264233240623864,0.10089730814062625,3,0.9917700911875812,42,64,largest,0.5
117,117,0,0,-0.027007897991523255,0.07618307471564956,7,0.9495369651187789,42,64,largest,0.5
1170,1170,4,0,-0.022592332623552425,0.0486461803469287,10,0.9742860470400846,42,64,largest,0.5
1171,1171,3,0,-0.06490254727638878,0.036357255857319276,45,0.9527913726773577,42,64,largest,0.5
1172,1172,2,0,-0.08849867117729981,0.023405693528572726,60,0.9577097419696629,42,64,largest,0.5
1173,1173,1,0,-0.016045464242619656,0.08846768395608405,62,0.9837999483722449,42,64,largest,0.5
1174,1174,0,0,-0.08259355922921896,0.026463286047735957,21,0.9352509847067164,42,64,largest,0.5
1175,1175,4,0,-0.026161589073816716,0.046410159359866504,0,1.0040462234106,42,64,largest,0.5
1176,1176,3,0,-0.017718943293312472,0.08830145891469536,51,0.9959518488220456,42,64,largest,0.5
1177,1177,2,0,-0.050483361278787386,0.049797478650534376,5,0.9866164087207128,42,64,largest,0.5
1178,1178,1,0,-0.02440866293074917,0.07666514516063194,26,0.9762599812249217,42,64,largest,0.5
1179,1179,0,0,-0.09088235760689667,0.022517925845238502,5,0.9842764262509729,42,64,largest,0.5
118,118,4,0,-0.06284936107583072,0.028456343782058996,23,0.9483657753734085,42,64,largest,0.5
1180,1180,3,0,-0.05101466835924706,0.04743339244026599,1,0.9688554529828172,42,64,largest,0.5
1181,1181,2,0,-0.031018553639503232,0.07255344827364599,32,0.9984875360848012,42,64,largest,0.5
1182,1182,1,0,-0.0422466110614762,0.056178859140321086,3,0.97142674699184,42,64,largest,0.5
1183,1183,0,0,-0.026062317655506262,0.07752244818430958,7,0.9447022332738374,42,64,largest,0.5
1184,1184,4,0,-0.07763300862008016,0.023313404556037972,17,0.9374454232070925,42,64,largest,0.5
1185,1185,3,0,-0.08455050376588391,0.024845675644590212,38,0.9541380899577278,42,64,largest,0.5
1186,1186,2,0,-0.026035633337440967,0.07976386439375337,2,0.9575253759070879,42,64,largest,0.5
1187,1187,1,0,-0.07668472247588465,0.03035401657975298,27,0.9515095703892942,42,64,largest,0.5
1188,1188,0,0,-0.03644922633775605,0.0639314891365608,10,0.9885261077437033,42,64,largest,0.5
1189,1189,4,0,-0.037496875708727506,0.039940350588445694,15,0.9741496994907677,42,64,largest,0.5
119,119,3,0,-0.06132540489990912,0.0389460921089314,18,0.9870688586458837,42,64,largest,0.5
1190,1190,2,0,-0.1403767573801824,0.00817246455455845,45,0.9258410893305544,42,64,largest,0.5
1191,1191,1,0,-0.06039126141676521,0.04070020428438675,32,0.9425465250624991,42,64,largest,0.5
1192,1192,0,0,-0.06739517535870176,0.03551182171885997,22,0.9906224210894209,42,64,largest,0.5
1193,1193,4,0,-0.0052515081201854885,0.06103697186294782,29,0.9995125446775465,42,64,largest,0.5
1194,1194,3,0,-0.05175743445547676,0.04676730234740735,39,0.980724104009062,42,64,largest,0.5
1195,1195,2,0,-0.08405525975822259,0.025589674777183703,61,0.9708657603586194,42,64,largest,0.5
1196,1196,1,0,-0.04398854760409798,0.05448005875042936,23,0.9551317431541778,42,64,largest,0.5
1197,1197,0,0,-0.08113765667354622,0.027222562371404024,49,0.9753637162250075,42,64,largest,0.5
1198,1198,4,0,-0.022194094637755235,0.048901912556195457,3,0.9826537115553919,42,64,largest,0.5
1199,1199,3,0,-0.07071559513115755,0.03249994276039878,44,0.9601328596115997,42,64,largest,0.5
12,12,2,0,-0.08009841721499789,0.02770061877524149,16,0.9897818790890391,42,64,largest,0.5
120,120,1,0,-0.02489567479765864,0.07602433163061602,40,0.9797071477311724,42,64,largest,0.5
1200,1200,0,0,-0.06606992177802828,0.036429302053816316,35,0.9721296390593386,42,64,largest,0.5
1201,1201,4,0,-0.015021667928485027,0.05373153340420435,22,0.9874200517599659,42,64,largest,0.5
1202,1202,3,0,-0.03835214465580106,0.060266264322486385,18,1.0032732693015511,42,64,largest,0.5
1203,1203,2,0,-0.0781013033371879,0.028829383608593464,24,0.9631550575670597,42,64,largest,0.5
1204,1204,1,0,-0.05401667126660881,0.04560664991067609,8,0.9636651022002976,42,64,largest,0.5
1205,1205,0,0,-0.04998406840506986,0.04954270275652985,3,0.9887881535937797,42,64,largest,0.5
1206,1206,4,0,-0.03236368827398717,0.04275557168040828,0,0.969510568395702,42,64,largest,0.5
1207,1207,3,0,-0.016358675312279858,0.09051414670112995,2,0.9885172342243539,42,64,largest,0.5
1208,1208,2,0,-0.07691450726361271,0.029521170046806305,41,0.9884252171427786,42,64,largest,0.5
1209,1209,1,0,-0.024714113214373667,0.07626265488376142,25,0.9910785540289612,42,64,largest,0.5
121,121,0,0,-0.07678927702733751,0.02961847313905341,37,0.9819974294860454,42,64,largest,0.5
1210,1210,4,0,-0.05370510799332817,0.03217229537928664,23,0.9499250975001907,42,64,largest,0.5
1211,1211,3,0,-0.062408106772966376,0.03814439557719832,49,0.9599517896542477,42,64,largest,0.5
1212,1212,2,0,-0.09298933685986177,0.02138365147644827,15,0.9717322856254562,42,64,largest,0.5
1213,1213,1,0,-0.16423448804908858,0.0060739263448846515,45,0.8352046082603,42,64,largest,0.5
1214,1214,0,0,-0.02161572014196622,0.08411419237050947,0,0.9648868768657085,42,64,largest,0.5
1215,1215,4,0,-0.01930721481644193,0.05079422011293157,12,0.9796839184136855,42,64,largest,0.5
1216,1216,3,0,-0.0602692978610776,0.03974365665046414,20,0.9636170299807655,42,64,largest,0.5
1217,1217,2,0,-0.029014546917373263,0.07537812043968682,58,0.9835192268223576,42,64,largest,0.5
1218,1218,1,0,-0.05238680994155587,0.04694886242771708,26,0.9527982073256067,42,64,largest,0.5
1219,1219,0,0,-0.07614729409252008,0.02998909583059292,41,0.9787257606148336,42,64,largest,0.5
122,122,4,0,-0.025343799449851878,0.04691368123354581,4,0.9554526137336237,42,64,largest,0.5
1220,1220,3,1,0.022493226640015407,0.17783650118191124,47,0.9606987057530312,42,64,largest,0.5
1221,1221,2,0,-0.12118554882966281,0.012082865571908862,54,0.9293682371158275,42,64,largest,0.5
1222,1222,1,0,-0.10246739196809296,0.018981994115895212,1,0.906703728529014,42,64,largest,0.5
1223,1223,0,0,-0.051230159754831694,0.04838423764184599,25,0.9745170218800463,42,64,largest,0.5
1224,1224,4,0,-0.024099408379363085,0.04768984165404667,32,1.002817059270188,42,64,largest,0.5
1225,1225,3,0,-0.06882081805282136,0.03371168705914082,18,0.9606026453770553,42,64,largest,0.5
1226,1226,2,0,-0.07479566009796812,0.03079646809194218,28,0.9982168799029741,42,64,largest,0.5
1227,1227,1,0,-0.030600123077990538,0.06887656975514679,26,0.987122475250534,42,64,largest,0.5
1228,1228,0,1,0.0024491481781421243,0.12929054452409902,36,0.952842916680712,42,64,largest,0.5
1229,1229,4,1,0.010222446266093255,0.07452865568950505,42,0.9697887588379398,42,64,largest,0.5
123,123,3,0,-0.0834351864177294,0.02539136336976928,7,0.9813380235215581,42,64,largest,0.5
1230,1230,2,0,-0.06028454291142116,0.04107450185108291,4,1.0004499540928806,42,64,largest,0.5
1231,1231,1,1,0.006970589519575632,0.12976747433930252,7,0.9846644553895153,42,64,largest,0.5
1232,1232,0,0,-0.038346427300883446,0.06170175693359183,28,0.993553944711311,42,64,largest,0.5
1233,1233,4,0,-0.053132447246807324,0.03242001468717162,6,0.9684616363924752,42,64,largest,0.5
1234,1234,3,0,-0.12850365165836586,0.010475985864628957,15,0.9055983912035371,42,64,largest,0.5
1235,1235,2,0,-0.1195887998752071,0.012481493010864259,18,0.9371341077233563,42,64,largest,0.5
1236,1236,1,0,-0.03137866652153565,0.06795070417074599,51,0.9898516675387601,42,64,largest,0.5
1237,1237,0,0,-0.041042405335954935,0.058658011417108705,1,0.9964028025637971,42,64,largest,0.5
1238,1238,4,0,-0.08815657289783851,0.02021723877118794,11,0.9488176919359276,42,64,largest,0.5
1239,1239,3,0,-0.04679019073098867,0.05139632481619989,13,0.9802042209164894,42,64,largest,0.5
124,124,2,0,-0.05182013244616568,0.04851169654703484,23,0.9972202282321166,42,64,largest,0.5
1240,1240,1,0,-0.034333016653153026,0.06454136498052646,26,0.9821549700306356,42,64,largest,0.5
1241,1241,0,0,-0.058697971358688816,0.04196345540105149,39,0.9553498736653827,42,64,largest,0.5
1242,1242,4,0,-0.027470712894615557,0.04561480624987615,22,0.9895636608818409,42,64,largest,0.5
1243,1243,3,0,-0.03985417113412626,0.058588824225766875,17,1.0010988170819308,42,64,largest,0.5
1244,1244,2,1,0.0010580923303756817,0.13147813228350436,10,0.967137837997185,42,64,largest,0.5
1245,1245,1,0,-0.04560206439909498,0.05294978859933838,23,0.9670854025867271,42,64,largest,0.5
1246,1246,0,0,-0.06896875369323541,0.034451313348931034,56,0.9752095932201056,42,64,largest,0.5
1247,1247,4,0,-0.058266931158858504,0.03026329133669539,4,0.9335017215491527,42,64,largest,0.5
1248,1248,3,0,-0.11993940804755088,0.012406917415754042,61,0.9360694517406807,42,64,largest,0.5
1249,1249,2,0,-0.02677714241307505,0.07865085928132563,7,0.9483099050266052,42,64,largest,0.5
125,125,1,1,0.000980029749616862,0.11765790777841108,7,0.9916522076208183,42,64,largest,0.5
1250,1250,0,1,0.0436586667491613,0.2526606090617316,36,0.8905223879053685,42,64,largest,0.5
1251,1251,4,0,-0.028912279690532228,0.04475400768887575,44,0.9666608301857283,42,64,largest,0.5
1252,1252,3,0,-0.03605812269434849,0.06291512211136929,41,0.985484241922756,42,64,largest,0.5
1253,1253,2,0,-0.048109006405195665,0.052161229151106006,15,1.0040457950753228,42,64,largest,0.5
1254,1254,1,0,-0.014208591245365332,0.09127097220947776,32,0.9835957176837076,42,64,largest,0.5
1255,1255,0,0,-0.02395492545409572,0.08058536931031308,2,0.9870540880049948,42,64,largest,0.5
1256,1256,4,0,-0.03383832528301023,0.041927967544540555,21,0.9880157930022245,42,64,largest,0.5
1257,1257,3,0,-0.03955447182314187,0.05891998934316859,17,0.9772364649593169,42,64,largest,0.5
1258,1258,2,0,-0.07692449385199329,0.02951528222478891,18,0.9918196693418673,42,64,largest,0.5
1259,1259,1,0,-0.23196966797770036,0.0017236636365336253,20,0.7743380861839686,42,64,largest,0.5
126,126,0,0,-0.016928473752833906,0.09161006628032842,6,0.9799943537622426,42,64,largest,0.5
1260,1260,4,0,-0.07118568149218563,0.02543415583071234,23,0.9395124786773452,42,64,largest,0.5
1261,1261,3,0,-0.047686539774086656,0.05053011389501055,16,0.9757678637507763,42,64,largest,0.5
1262,1262,2,0,-0.035861691879192414,0.06612555150974465,14,0.9730520223156963,42,64,largest,0.5
1263,1263,1,1,0.00362041964120563,0.1228698695943359,7,0.9890277450204535,42,64,largest,0.5
1264,1264,0,0,-0.09066279380199671,0.02261461776791588,39,0.9635747973135625,42,64,largest,0.5
1265,1265,4,0,-0.0335225573378064,0.04210388578968683,14,0.9071563140747528,42,64,largest,0.5
1266,1266,3,0,-0.06214264860422458,0.038339477677724644,28,0.9729340404844505,42,64,largest,0.5
1267,1267,2,0,-0.021830751687413552,0.08635145059496503,9,0.961543080050968,42,64,largest,0.5
1268,1268,1,0,-0.022068297044724794,0.07981419965467368,55,0.981506904603634,42,64,largest,0.5
1269,1269,0,0,-0.03697259943506759,0.06330899046273578,10,0.9796054002274417,42,64,largest,0.5
127,127,4,0,-0.015197536601356365,0.05360790121323512,0,0.972384012779016,42,64,largest,0.5
1270,1270,3,0,-0.06148599627138551,0.03882616759569945,42,0.9710026331061149,42,64,largest,0.5
1271,1271,2,0,-0.12491334807999044,0.011200522665360355,40,0.9283659359909728,42,64,largest,0.5
1272,1272,1,0,-0.05327197162003339,0.04621532576659501,39,0.9523289750419275,42,64,largest,0.5
1273,1273,0,0,-0.03734797410658519,0.06286600589855189,15,1.0041260511245815,42,64,largest,0.5
1274,1274,4,0,-0.04841383041245473,0.03453251150795848,46,0.9892341847879448,42,64,largest,0.5
1275,1275,3,0,-0.024234294236730403,0.07836760667819263,14,0.9780843434251147,42,64,largest,0.5
1276,1276,2,1,0.0229389921990103,0.19191289626680222,10,0.9444435114748784,42,64,largest,0.5
1277,1277,1,0,-0.03311904785832942,0.06592258283940208,26,0.968126175821423,42,64,largest,0.5
1278,1278,0,0,-0.10800436850204198,0.016102931561337012,5,0.9500748453956951,42,64,largest,0.5
1279,1279,4,0,-0.020195879772860303,0.05020444627976242,32,0.9621567657591653,42,64,largest,0.5
128,128,3,1,0.029692518381087107,0.19985100078370605,47,0.9387101231684135,42,64,largest,0.5
1280,1280,2,0,-0.02533415314314036,0.08083000881168247,33,0.971653383531437,42,64,largest,0.5
1281,1281,1,0,-0.054865207645946934,0.0449224088959271,27,0.9325197402614387,42,64,largest,0.5
1282,1282,0,0,-0.13150180740507644,0.010134124566441987,48,0.933162548962845,42,64,largest,0.5
1283,1283,4,0,-0.014718438444458082,0.05394532951706158,10,0.9658793982008294,42,64,largest,0.5
1284,1284,3,0,-0.09616616458596317,0.019801368859006734,42,0.9463237147874831,42,64,largest,0.5
1285,1285,2,0,-0.09044053206012481,0.022509374197621286,23,0.9642141321579957,42,64,largest,0.5
1286,1286,1,0,-0.00874346529348613,0.10008897549765264,47,1.0019881852720003,42,64,largest,0.5
1287,1287,0,0,-0.014826757618595754,0.09516240741845286,15,0.9688788820574584,42,64,largest,0.5
1288,1288,4,0,-0.027212356117418124,0.04577073506494579,19,0.9941932988332484,42,64,largest,0.5
1289,1289,3,0,-0.06417664293044478,0.03686885029357809,52,0.957269309934626,42,64,largest,0.5
129,129,2,0,-0.0800474012109752,0.027728911265744685,14,0.9780852201478097,42,64,largest,0.5
1290,1290,1,0,-0.03277388084861288,0.06632029256997787,62,0.9653557118305033,42,64,largest,0.5
1291,1291,0,0,-0.11905520630773148,0.01295598414951436,21,0.9166702134207612,42,64,largest,0.5
1292,1292,4,0,-0.055660466187877455,0.03134017303505457,48,0.9427149675872866,42,64,largest,0.5
1293,1293,3,1,0.0031141944790404885,0.12805276543665778,47,0.9549001123076349,42,64,largest,0.5
1294,1294,2,0,-0.08803607005812919,0.02362430556090984,39,0.9840723352627209,42,64,largest,0.5
1295,1295,1,0,-0.07160115016986224,0.03327383002093045,32,0.9293044851480227,42,64,largest,0.5
1296,1296,0,0,-0.09390525148324658,0.02122707397293636,28,1.0006169933549094,42,64,largest,0.5
1297,1297,4,0,-0.11438811807540805,0.01414888977941876,7,0.9436000547857784,42,64,largest,0.5
1298,1298,3,0,-0.07992705330138528,0.027184935849219074,60,0.9806193707308836,42,64,largest,0.5
1299,1299,2,0,-0.09305274764387816,0.021356358801667037,56,0.9400702023096031,42,64,largest,0.5
13,13,1,0,-0.1304960367502188,0.011338959107171505,56,0.8880929698688251,42,64,largest,0.5
130,130,0,1,0.0186436006306534,0.17024190824616828,36,0.9452627868018816,42,64,largest,0.5
1300,1300,4,0,-0.022697802425360125,0.048578664764299305,19,0.990983501207648,42,64,largest,0.5
1301,1301,3,0,-0.05425255660792694,0.04459431306253937,35,0.9873426292540469,42,64,largest,0.5
1302,1302,2,0,-0.061664800725071856,0.0399701096394352,11,0.9858925232125989,42,64,largest,0.5
1303,1303,1,0,-0.0606425648249268,0.0405175122445212,54,0.9464826533983134,42,64,largest,0.5
1304,1304,0,0,-0.04051322630929133,0.059244130852078525,0,0.9720301872081558,42,64,largest,0.5
1305,1305,4,0,-0.009419514741861201,0.05781321239894358,14,0.9248248407395506,42,64,largest,0.5
1306,1306,3,0,-0.06166063317564907,0.038696156549616396,7,0.9900586518307497,42,64,largest,0.5
1307,1307,2,0,-0.03340955864058626,0.06931108785107988,32,0.9837235969461477,42,64,largest,0.5
1308,1308,1,0,-0.020130285309650886,0.08251081683604211,61,0.9981396726943877,42,64,largest,0.5
1309,1309,0,0,-0.07088364920524737,0.03320193477166244,24,0.9936359357745581,42,64,largest,0.5
131,131,4,0,-0.033027568223209736,0.04238107117883388,52,0.970318580335892,42,64,largest,0.5
1310,1310,3,0,-0.023569479583030573,0.07933242210030315,21,0.9414657500772226,42,64,largest,0.5
1311,1311,2,0,-0.0028819166178281064,0.12249200380043966,7,0.9663243125068058,42,64,largest,0.5
1312,1312,1,1,0.006381001815053966,0.12853014492059583,7,0.9890451658321474,42,64,largest,0.5
1313,1313,0,0,-0.05660680111534322,0.04367444404792091,37,0.9864792553767211,42,64,largest,0.5
1314,1314,4,1,0.003985915234949067,0.06878912765638433,42,0.9752749276003035,42,64,largest,0.5
1315,1315,3,0,-0.06074682559636768,0.0393811100715819,57,0.9766830658339971,42,64,largest,0.5
1316,1316,2,0,-0.06462451185810059,0.03769712548675521,5,0.9936553868033651,42,64,largest,0.5
1317,1317,1,0,-0.033649108116180604,0.06531614865103542,16,0.9774226735056456,42,64,largest,0.5
1318,1318,0,0,-0.07240605069584094,0.03223996901804158,4,0.9652177838321981,42,64,largest,0.5
1319,1319,4,1,0.023718357343122887,0.08848129343088904,42,0.9512507249270242,42,64,largest,0.5
132,132,3,0,-0.019816485199334433,0.0849851564726434,36,0.9822741886123357,42,64,largest,0.5
1320,1320,2,0,-0.033839147462687125,0.06874293299884339,17,0.9615152939322966,42,64,largest,0.5
1321,1321,1,0,-0.013330677715811645,0.09263880235279232,53,0.9805336193503642,42,64,largest,0.5
1322,1322,0,0,-0.06434880652232955,0.03765492765195642,35,0.9666593123382589,42,64,largest,0.5
1323,1323,4,0,-0.0038285700041937876,0.062175530793741045,44,0.9955791504524079,42,64,largest,0.5
1324,1324,3,0,-0.054252274314295135,0.044594553380383026,44,0.992641093080252,42,64,largest,0.5
1325,1325,2,0,-0.08848307715676873,0.023413030555601674,3,0.9714333942832704,42,64,largest,0.5
1326,1326,1,0,-0.08032364045629026,0.028417985939266255,28,0.9239485893996099,42,64,largest,0.5
1327,1327,0,0,-0.08347168801142757,0.02601532988277693,28,0.9794793425003167,42,64,largest,0.5
1328,1328,4,0,-0.04386655450755872,0.03669350754006245,36,0.9760967524895112,42,64,largest,0.5
1329,1329,3,0,-0.04701553643615053,0.05117724337043626,13,0.9933801318503584,42,64,largest,0.5
133,133,2,0,-0.07098173342016312,0.033227627536531835,15,0.9816820259368911,42,64,largest,0.5
1330,1330,1,0,-0.03951375872265417,0.05894471797823492,8,0.9568876732707046,42,64,largest,0.5
1331,1331,0,0,-0.041086195118620994,0.058609754125376085,49,0.9984257857577481,42,64,largest,0.5
1332,1332,4,0,-0.04169449119727764,0.03777110346935316,32,0.9767331409380307,42,64,largest,0.5
1333,1333,3,0,-0.017157398060061335,0.08920891712169125,12,0.9625142160671237,42,64,largest,0.5
1334,1334,2,0,-0.08855307869412332,0.023380112220832215,56,0.9706986317082853,42,64,largest,0.5
1335,1335,1,0,-0.01897051617610601,0.08416397108561681,27,0.9673172422345782,42,64,largest,0.5
1336,1336,0,0,-0.022678478557200732,0.08249388899343028,0,0.9721532890260104,42,64,largest,0.5
1337,1337,4,0,-0.02327657478143097,0.0482097488019484,4,0.9571331079117598,42,64,largest,0.5
1338,1338,3,0,-0.049010306755714605,0.0492761014759764,36,0.9737125880958168,42,64,largest,0.5
1339,1339,2,0,-0.03773554174589666,0.06378351926202037,34,0.9915235042914017,42,64,largest,0.5
134,134,1,0,-0.02401975834985559,0.07718042131639567,42,0.9887075654677973,42,64,largest,0.5
1340,1340,0,0,-0.027473831292064377,0.07553093730911455,21,1.012153274378808,42,64,largest,0.5
1341,1341,4,0,-0.028323859169469334,0.04510348340307009,1,0.9727320229672466,42,64,largest,0.5
1342,1342,3,0,-0.034845248433495346,0.06435913008056306,14,0.9753253765179808,42,64,largest,0.5
1343,1343,2,0,-0.06758068089169722,0.035551112512039365,4,0.9862866215204198,42,64,largest,0.5
1344,1344,1,0,-0.020446992018989474,0.08206454125145582,60,0.9848499773733398,42,64,largest,0.5
1345,1345,0,0,-0.005386457738790984,0.11267647688051835,6,0.9885602821256846,42,64,largest,0.5
1346,1346,4,0,-0.060562980932168387,0.02934442744998369,15,0.9729091072673639,42,64,largest,0.5
1347,1347,3,0,-0.020592257855022722,0.0837875098576941,30,0.9510671305694737,42,64,largest,0.5
1348,1348,2,0,-0.045150087608886946,0.055255410695067536,5,0.9991270195960497,42,64,largest,0.5
1349,1349,1,0,-0.022196477893609567,0.07963871148596957,8,0.9745859065911338,42,64,largest,0.5
135,135,0,0,-0.06467602426999164,0.03741890097843885,57,0.9837437277821949,42,64,largest,0.5
1350,1350,4,0,-0.07851775010782003,0.02303619043195794,41,0.9417304561889619,42,64,largest,0.5
1351,1351,3,0,-0.05889767474531293,0.04080289039336045,13,0.9873320583943594,42,64,largest,0.5
1352,1352,2,0,-0.08037538615367179,0.027547505932303037,24,0.9686728346838811,42,64,largest,0.5
1353,1353,1,0,-0.03398087795357918,0.0649392199846448,51,0.9611223673529189,42,64,largest,0.5
1354,1354,0,1,0.0035091290447071266,0.13169172786611089,36,0.9510913268955484,42,64,largest,0.5
1355,1355,4,0,-0.03146265052154251,0.0432689147986251,44,0.9760480890511332,42,64,largest,0.5
1356,1356,3,0,-0.037455581395162585,0.061288849598306896,33,0.9744135674484978,42,64,largest,0.5
1357,1357,2,0,-0.03240499523825269,0.07065667956275686,36,0.9442520610680675,42,64,largest,0.5
1358,1358,1,0,-0.0682085068774001,0.035371445001402164,8,0.9418814033347793,42,64,largest,0.5
1359,1359,0,0,-0.013704287120864023,0.09710971177840527,6,0.9697806617516228,42,64,largest,0.5
136,136,4,0,-0.008344720321238785,0.0586288907783745,18,0.9698859595269498,42,64,largest,0.5
1360,1360,3,0,-0.027233289382226245,0.07414749862844724,56,1.0028370363515233,42,64,largest,0.5
1361,1361,2,0,-0.07048087615144583,0.03356035466449656,41,0.9603774469312402,42,64,largest,0.5
1362,1362,1,0,-0.03282897922799555,0.06625665772243332,47,0.9689483197668639,42,64,largest,0.5
1363,1363,0,0,-0.08164478785647455,0.026955711832736404,5,0.9550114359414525,42,64,largest,0.5
1364,1364,4,0,-0.09410578388402435,0.018648976186412446,47,0.9475397856860671,42,64,largest,0.5
1365,1365,3,0,-0.019805872870745644,0.0850016470798119,51,0.9811540990534445,42,64,largest,0.5
1366,1366,2,0,-0.035498658967449415,0.06658843510343963,35,0.9848328955466986,42,64,largest,0.5
1367,1367,1,0,-0.039118873813003274,0.059354778322398,16,0.9579071219342383,42,64,largest,0.5
1368,1368,0,0,-0.07123668426243412,0.032976421776580625,45,0.956758315952045,42,64,largest,0.5
1369,1369,4,0,-0.05559560137571684,0.03136743993745306,12,0.9728489311281303,42,64,largest,0.5
137,137,3,0,-0.11944444244528074,0.012528684316680024,2,0.9360681764969803,42,64,largest,0.5
1370,1370,2,0,-0.016274594460793157,0.09581013985597966,46,0.9716071915698895,42,64,largest,0.5
1371,1371,1,0,-0.03354432358971027,0.06543561815525786,63,0.9836045437262314,42,64,largest,0.5
1372,1372,0,0,-0.08976848595861497,0.02301266188693499,16,0.9689083938462733,42,64,largest,0.5
1373,1373,4,0,-0.018242042503205713,0.051509776090611956,40,0.9629415353707872,42,64,largest,0.5
1374,1374,3,1,0.001499339311010428,0.12449308568890226,47,0.9511296757826782,42,64,largest,0.5
1375,1375,2,0,-0.02917761239687222,0.07514455287194954,23,0.9919510733972413,42,64,largest,0.5
1376,1376,1,0,-0.0360665651993457,0.06261564972697914,23,0.9716570027098128,42,64,largest,0.5
1377,1377,0,0,-0.05008923311558511,0.0494439260437637,8,0.9876786412124228,42,64,largest,0.5
1378,1378,4,0,-0.009831835634662056,0.057503131575580686,54,0.9782109382626003,42,64,largest,0.5
1379,1379,3,0,-0.01270119542657655,0.09671293035499635,37,0.988590547322985,42,64,largest,0.5
138,138,2,0,-0.001711942724533566,0.12510380115068118,2,0.969572111572045,42,64,largest,0.5
1380,1380,1,0,-0.015172600700074312,0.08978995250487425,36,0.9857912468022052,42,64,largest,0.5
1381,1381,0,0,-0.029829072546391,0.07231228585306565,0,0.9859980829946273,42,64,largest,0.5
1382,1382,4,0,-0.11624574339968019,0.013794690400696955,48,0.9069599722569799,42,64,largest,0.5
1383,1383,3,0,-0.056487445291906746,0.04272997064823916,35,0.9835928804980542,42,64,largest,0.5
1384,1384,2,0,-0.025269426167006448,0.0809290363938347,58,0.9912199362978097,42,64,largest,0.5
1385,1385,1,0,-0.004403787764927225,0.10762253801331874,53,0.9873838113217985,42,64,largest,0.5
1386,1386,0,0,-0.026720401987031628,0.07658803813716338,10,0.9967201657690791,42,64,largest,0.5
1387,1387,4,0,-0.049495074765727454,0.034037017936963385,6,0.9652376550550974,42,64,largest,0.5
1388,1388,3,0,-0.0718201853264041,0.03181307090421381,62,0.9814343576004091,42,64,largest,0.5
1389,1389,2,0,-0.0747550773964345,0.030821407546041808,4,0.9774069602099256,42,64,largest,0.5
139,139,1,0,-0.04637413032551907,0.05223199176002451,52,0.9693791945089195,42,64,largest,0.5
1390,1390,0,0,-0.022053738214940277,0.08344290858395742,0,0.9643967346799113,42,64,largest,0.5
1391,1391,4,0,-0.03166907622637982,0.04315079186635211,31,0.9728098750577403,42,64,largest,0.5
1392,1392,3,0,-0.07944771106182325,0.02743937776205955,2,0.9573669580297857,42,64,largest,0.5
1393,1393,2,1,0.0006192358893543082,0.13045018565907449,10,0.9787149967067902,42,64,largest,0.5
1394,1394,1,0,-0.0427216200049666,0.05571073401749601,18,0.9642752953661179,42,64,largest,0.5
1395,1395,0,0,-0.11690850828701871,0.013515683392697866,41,0.9372252498207314,42,64,largest,0.5
1396,1396,4,0,-0.04490215445558399,0.03619019823280663,38,0.9643257134666406,42,64,largest,0.5
1397,1397,3,0,-0.07197376687104695,0.031718687311410476,38,0.9614183347251997,42,64,largest,0.5
1398,1398,2,1,0.007723079083104989,0.14794856579986607,10,0.9668153916965121,42,64,largest,0.5
1399,1399,1,0,-0.011913314760940041,0.09488598539544565,36,0.9846414723328366,42,64,largest,0.5
14,14,0,0,-0.10935104778834426,0.01568243552836245,39,0.9593525003063882,42,64,largest,0.5
140,140,4,0,-0.034799495987992146,0.041396803376289544,51,0.9792890749684681,42,64,largest,0.5
1400,1400,3,0,-0.025422153193540242,0.07667041446563334,7,0.9542747411933377,42,64,largest,0.5
1401,1401,2,0,-0.044394703016668036,0.05607259803543392,54,0.9878658356763514,42,64,largest,0.5
1402,1402,1,0,-0.07035721606565892,0.034028609278484716,14,0.9337888690870146,42,64,largest,0.5
1403,1403,0,0,-0.07921584987013486,0.028257303168753706,24,0.9911061974484506,42,64,largest,0.5
1404,1404,4,0,-0.027547622651927228,0.04556848586861678,57,0.9710846732136247,42,64,largest,0.5
1405,1405,3,0,-0.03770701355950479,0.06100045059943051,60,0.9905730738199108,42,64,largest,0.5
1406,1406,2,1,0.013111343997566083,0.1624803015834333,10,0.9336129142914901,42,64,largest,0.5
1407,1407,1,0,-0.10266370503966116,0.01891390017946645,11,0.9118932536575451,42,64,largest,0.5
1408,1408,0,0,-0.12323731311148467,0.011930495883814939,48,0.9251674192263349,42,64,largest,0.5
1409,1409,4,0,-0.023622386330773515,0.04799059557324879,51,0.972708244540647,42,64,largest,0.5
141,141,3,0,-0.03403555652124557,0.06534024046031638,52,0.9915600021253537,42,64,largest,0.5
1410,1410,2,0,-0.06210372026538036,0.039624917456478885,12,0.9923016237932772,42,64,largest,0.5
1411,1411,1,0,-0.004232325681955418,0.10793019767850673,2,0.9968967718473274,42,64,largest,0.5
1412,1412,0,0,-0.049321897623798794,0.050168960371320785,40,0.9793328085420676,42,64,largest,0.5
1413,1413,4,1,0.004347557639613253,0.06911046108462633,42,0.9666579976340653,42,64,largest,0.5
1414,1414,3,0,-0.03175262215343755,0.06818185204868767,63,0.9776359430917704,42,64,largest,0.5
1415,1415,2,0,-0.039909506459014144,0.06116333650297259,33,0.9943526442283163,42,64,largest,0.5
1416,1416,1,0,-0.06199970024591184,0.03954440360362945,63,0.9620184836010823,42,64,largest,0.5
1417,1417,0,0,-0.06780533211696427,0.035232405584983986,24,0.9899030106761706,42,64,largest,0.5
1418,1418,4,0,-0.025176740181565238,0.04701717842834395,22,0.9790475285095681,42,64,largest,0.5
1419,1419,3,0,-0.05182919283224541,0.04670342480915291,17,0.9882402254113123,42,64,largest,0.5
142,142,2,0,-0.03790795111452805,0.06357195935939937,16,0.9907838530940561,42,64,largest,0.5
1420,1420,1,0,-0.031104904170751402,0.06827494720490011,27,0.9532699167474019,42,64,largest,0.5
1421,1421,0,0,-0.04841768935438018,0.05103624617431284,10,0.9663496563683522,42,64,largest,0.5
1422,1422,4,0,-0.03869206585392293,0.03931082161069392,38,0.9528417528031089,42,64,largest,0.5
1423,1423,3,0,-0.015974940375806268,0.09114732180806819,41,0.9706896034232463,42,64,largest,0.5
1424,1424,2,0,-0.03970913009929755,0.06140056869460395,23,0.9805402371499221,42,64,largest,0.5
1425,1425,1,0,-0.021037672535532126,0.08123807435814615,23,0.9800070874731734,42,64,largest,0.5
1426,1426,0,0,-0.04492523123523229,0.05452101711544624,8,0.9875903149536153,42,64,largest,0.5
1427,1427,4,0,-0.02963950135821347,0.04432566041478186,22,0.9887109741556303,42,64,largest,0.5
1428,1428,3,0,-0.04634016359562254,0.05183649899981405,13,0.9913027598472194,42,64,largest,0.5
1429,1429,2,0,-0.10215398768332218,0.017773247342739294,24,0.9503251224796263,42,64,largest,0.5
143,143,1,0,-0.03371334841241802,0.06524300577670387,53,0.9812354300300415,42,64,largest,0.5
1430,1430,0,0,-0.0508525730960504,0.048732530202860565,60,0.9566756198471619,42,64,largest,0.5
1431,1431,4,0,-0.05083540275039733,0.03343231250837028,54,0.9879406907875125,42,64,largest,0.5
1432,1432,3,0,-0.05545761900514001,0.043579616217549674,30,0.9653590780242408,42,64,largest,0.5
1433,1433,2,1,0.014836669261317548,0.1673703909632346,10,0.9483759370338019,42,64,largest,0.5
1434,1434,1,0,-0.020090684102402778,0.08256677451763202,34,0.9898434078335706,42,64,largest,0.5
1435,1435,0,0,-0.07017997693408395,0.03365587944992518,8,0.9820576096994796,42,64,largest,0.5
1436,1436,4,0,-0.037416287898441425,0.03998314366753427,14,0.9270841015271863,42,64,largest,0.5
1437,1437,3,0,-0.010166171706418758,0.10122917515754074,36,0.9971083105732532,42,64,largest,0.5
1438,1438,2,0,-0.04280273423723424,0.057832171395569,42,0.9909901064995218,42,64,largest,0.5
1439,1439,1,0,-0.022043669086291517,0.07984795739975946,34,0.9750150760814663,42,64,largest,0.5
144,144,0,0,-0.027503303318898276,0.07548986002241556,15,0.9709160113538226,42,64,largest,0.5
1440,1440,4,0,-0.06439001375152964,0.02787268919309902,31,0.9608506804216623,42,64,largest,0.5
1441,1441,3,0,-0.05755786828451692,0.04186361583826666,14,0.9484850097301413,42,64,largest,0.5
1442,1442,2,0,-0.08503130604804732,0.025093535819985583,61,0.9634542990668807,42,64,largest,0.5
1443,1443,1,0,-0.034806490213602714,0.0640099993093099,8,0.9794177673688464,42,64,largest,0.5
1444,1444,0,0,-0.020448162295553796,0.08592754817130374,0,0.9706361845351567,42,64,largest,0.5
1445,1445,4,0,-0.012831914361465468,0.05529356791787807,29,1.000269840248937,42,64,largest,0.5
1446,1446,3,0,-0.10208420638513371,0.017631968496932944,16,0.9367915038881023,42,64,largest,0.5
1447,1447,2,0,-0.055411045611504006,0.045212037378336525,17,0.9910233885136195,42,64,largest,0.5
1448,1448,1,0,-0.04590232679395145,0.052669531851730136,8,0.967847765111339,42,64,largest,0.5
1449,1449,0,0,-0.0769658341559305,0.02951732603892811,21,0.957798538738631,42,64,largest,0.5
145,145,4,0,-0.004351165920167932,0.06175509159688176,17,0.9965703172351531,42,64,largest,0.5
1450,1450,3,0,-0.0669553921378977,0.034947193358308995,36,0.9943529822269305,42,64,largest,0.5
1451,1451,2,0,-0.04897063985711414,0.05129143177464913,32,0.9930993125825345,42,64,largest,0.5
1452,1452,1,0,-0.10577586625603608,0.017865878489895192,14,0.9014059267794928,42,64,largest,0.5
1453,1453,0,0,-0.023654126453330315,0.08103145773819274,0,0.9871254942902457,42,64,largest,0.5
1454,1454,4,0,-0.02874264227706702,0.04485449339344619,21,0.9909885677947278,42,64,largest,0.5
1455,1455,3,0,-0.06715707397921045,0.03481153924178959,44,0.9871672272687311,42,64,largest,0.5
1456,1456,2,0,-0.09504285516448385,0.020516904484651183,56,0.9343919780390318,42,64,largest,0.5
1457,1457,1,0,-0.029080312948146947,0.07071770909823873,31,0.9717001302202573,42,64,largest,0.5
1458,1458,0,0,-0.016667403206679254,0.09204475746706213,6,0.9497699235407959,42,64,largest,0.5
1459,1459,4,0,-0.004241728188844496,0.06184291607803124,0,0.9453474030392125,42,64,largest,0.5
146,146,3,0,-0.1178409226068361,0.012931326841888746,58,0.9382645217480011,42,64,largest,0.5
1460,1460,2,1,0.018752289734327632,0.17890359117808188,10,0.9126716508105169,42,64,largest,0.5
1461,1461,1,0,-0.004160574433715536,0.10805917243149661,36,0.9876482729284548,42,64,largest,0.5
1462,1462,0,0,-0.09608853276944174,0.020340067186741854,5,0.9449684263589225,42,64,largest,0.5
1463,1463,4,0,-0.03586865688910401,0.040813526619007674,29,0.9788697067717613,42,64,largest,0.5
1464,1464,3,0,-0.07261457352166911,0.03132779403256682,52,0.965913059326381,42,64,largest,0.5
1465,1465,2,0,-0.09658506223859331,0.01988867854556981,5,1.004504887906594,42,64,largest,0.5
1466,1466,1,0,-0.048767811896272995,0.05006458898855897,15,0.9504476341677973,42,64,largest,0.5
1467,1467,0,0,-0.027626827127220865,0.0753179190926357,52,1.0016702092896086,42,64,largest,0.5
1468,1468,4,0,-0.0371924758288924,0.040102221109732404,22,0.987374661949725,42,64,largest,0.5
1469,1469,3,0,-0.03692121827048678,0.061906014738045634,60,0.9923852637901229,42,64,largest,0.5
147,147,2,0,-0.06013709117960708,0.04119419570681176,41,0.9836386910234927,42,64,largest,0.5
1470,1470,1,0,-0.023376851841300006,0.07803919849225603,3,0.9840185663272325,42,64,largest,0.5
1471,1471,0,0,-0.08205745018174893,0.026740448826793915,4,0.9895584551873563,42,64,largest,0.5
1472,1472,4,1,0.0021240052973880985,0.06715654796715452,42,0.9752044388089804,42,64,largest,0.5
1473,1473,3,0,-0.03969224995209719,0.058767528362520076,52,0.9963322579128105,42,64,largest,0.5
1474,1474,2,0,-0.08323760328940644,0.02601264336175327,24,0.9766538168266534,42,64,largest,0.5
1475,1475,1,0,-0.07412713810900029,0.03179058137438915,33,0.9257143340928745,42,64,largest,0.5
1476,1476,0,0,-0.05650966818299241,0.04375551531783657,40,0.9850412997183977,42,64,largest,0.5
1477,1477,4,0,-0.04361740292055016,0.03681559824399685,58,0.9758954274504884,42,64,largest,0.5
1478,1478,3,0,-0.012370254189626784,0.09729214009519672,13,0.9817086185383807,42,64,largest,0.5
1479,1479,2,1,0.008941515283366286,0.1511376598244673,10,0.9242466509342216,42,64,largest,0.5
148,148,1,0,-0.015449244378485827,0.08936895845713855,36,0.9815993291007233,42,64,largest,0.5
1480,1480,0,0,-0.06764624931671126,0.03534052716948907,57,0.9743695000014377,42,64,largest,0.5
1481,1481,4,0,-0.03331735452711171,0.04221858488722394,43,0.9678455763956475,42,64,largest,0.5
1482,1482,3,0,-0.059580895904181586,0.04027193754422167,60,0.975125360122946,42,64,largest,0.5
1483,1483,2,0,-0.03189413566873933,0.07135018787432638,60,0.9795566830714476,42,64,largest,0.5
1484,1484,1,0,-0.04257607651993467,0.0558537768953067,18,0.9741848572410924,42,64,largest,0.5
1485,1485,0,0,-0.061144502872202966,0.04004304937716084,24,0.9801564039868463,42,64,largest,0.5
1486,1486,4,0,-0.05799474429537055,0.030374049844594336,49,0.9662225471041439,42,64,largest,0.5
1487,1487,3,0,-0.05196449084017318,0.046583211501392746,44,0.9921565716354676,42,64,largest,0.5
1488,1488,2,0,-0.02897830115391442,0.07543012772358437,4,0.9796440889306968,42,64,largest,0.5
1489,1489,1,0,-0.04200746304581793,0.05641593925328626,22,0.97340191708887,42,64,largest,0.5
149,149,0,0,-0.015914233286832502,0.09330921321313923,0,0.9792768530235475,42,64,largest,0.5
1490,1490,4,0,-0.017102782413716544,0.05228564765236264,4,0.9506384687214747,42,64,largest,0.5
1491,1491,3,0,-0.05380735353216515,0.044974854580918246,30,0.9492753052871642,42,64,largest,0.5
1492,1492,2,0,-0.015758315137683665,0.09673458424299368,9,0.9648210424844913,42,64,largest,0.5
1493,1493,1,0,-0.0391412609608045,0.05933145954203567,8,0.9766326673237132,42,64,largest,0.5
1494,1494,0,0,-0.014122721962683382,0.09637967186418728,15,0.9856536280433741,42,64,largest,0.5
1495,1495,4,0,-0.008814332657706037,0.058271175433863634,32,0.9808883180495206,42,64,largest,0.5
1496,1496,3,0,-0.034797909601495536,0.06441611138272785,45,0.9807664067625014,42,64,largest,0.5
1497,1497,2,0,-0.07873083401442682,0.02846883940681249,23,0.98056714420965,42,64,largest,0.5
1498,1498,1,0,-0.004609034358456832,0.10725527214261116,8,0.9916815807043649,42,64,largest,0.5
1499,1499,0,0,-0.06712749295539988,0.03569532805135093,37,0.9747266632066206,42,64,largest,0.5
15,15,4,0,-0.07324252829139655,0.02473793901854416,40,0.9497021764464956,42,64,largest,0.5
150,150,3,0,-0.0710427264500012,0.03229504103268561,28,0.9623615222041365,42,64,largest,0.5
1500,1500,2,0,-0.016914427775452934,0.09467542637341178,18,0.9810391058504643,42,64,largest,0.5
1501,1501,1,0,-0.04789408694927422,0.05084566402479381,14,0.963084653070497,42,64,largest,0.5
1502,1502,0,0,-0.03265611208341623,0.06861607494011239,9,0.9870935490262943,42,64,largest,0.5
1503,1503,4,0,-0.012653614327596596,0.05542262171820513,36,0.9936476784470845,42,64,largest,0.5
1504,1504,3,0,-0.04916718446257262,0.04912946061509538,30,0.9924923007587786,42,64,largest,0.5
1505,1505,2,0,-0.049354459446657506,0.05090840794429567,36,0.950013020331055,42,64,largest,0.5
1506,1506,1,0,-0.014294577199313152,0.09113798335379693,25,0.9901098308218158,42,64,largest,0.5
1507,1507,0,0,-0.07930075070004639,0.02821079495663381,10,0.9802461127119894,42,64,largest,0.5
1508,1508,4,0,-0.05647795909378017,0.030998487695632192,55,0.9726527498579046,42,64,largest,0.5
1509,1509,3,0,-0.012922842847745475,0.09632672894793055,7,0.9793821425306726,42,64,largest,0.5
151,151,2,0,-0.05076784294111547,0.049521170799406135,23,0.9790838921739947,42,64,largest,0.5
1510,1510,1,0,-0.08337908295924523,0.026885433684169378,12,0.9333179772410077,42,64,largest,0.5
1511,1511,0,0,-0.024138738367426638,0.08031387662042257,31,0.9997857469297257,42,64,largest,0.5
1512,1512,4,0,-0.024187351825673886,0.04763459068529142,31,1.0033155505251663,42,64,largest,0.5
1513,1513,3,0,-0.029333498052737106,0.07131765709415758,46,0.9873072186753733,42,64,largest,0.5
1514,1514,2,0,-0.057975561782124485,0.04298756781280448,14,1.0063196601559727,42,64,largest,0.5
1515,1515,1,0,-0.030233180116124414,0.06931698768665792,23,0.9745701106128288,42,64,largest,0.5
1516,1516,0,0,-0.0734685971962219,0.03158459577679775,35,1.001471794932001,42,64,largest,0.5
1517,1517,4,0,-0.086230542088648,0.020752111668627202,63,0.9295243436691596,42,64,largest,0.5
1518,1518,3,0,-0.035920512609146416,0.06307742368624569,1,0.9652621483938937,42,64,largest,0.5
1519,1519,2,0,-0.02413966103519194,0.08267539814586274,7,0.986819895392634,42,64,largest,0.5
152,152,1,0,-0.023748331776868192,0.07754192428798687,9,0.9850550174255303,42,64,largest,0.5
1520,1520,0,0,-0.1163550819270962,0.013663801230258309,51,0.9394397019924265,42,64,largest,0.5
1521,1521,4,0,-0.012853492993188498,0.05527796848095339,55,0.9843186462608653,42,64,largest,0.5
1522,1522,3,0,-0.10009802542667878,0.0183326919123069,2,0.9311606260288552,42,64,largest,0.5
1523,1523,2,0,-0.05227947775188202,0.048077190175187995,58,0.9794828450910387,42,64,largest,0.5
1524,1524,1,1,0.0003346552443067585,0.11641346449944688,7,0.9924167539844171,42,64,largest,0.5
1525,1525,0,0,-0.03452408487217862,0.06627062044538298,8,0.9790900209799236,42,64,largest,0.5
1526,1526,4,1,0.006195426777095947,0.07077415420080795,42,0.9787773114704104,42,64,largest,0.5
1527,1527,3,0,-0.06489865632273029,0.03635997978382969,41,0.9509382373462361,42,64,largest,0.5
1528,1528,2,0,-0.08159066556430683,0.02688534658880081,40,0.9528438656403793,42,64,largest,0.5
1529,1529,1,0,-0.051018186050376446,0.04810487113004678,52,0.9592475611391775,42,64,largest,0.5
153,153,0,0,-0.05863297159778036,0.04201565969282871,9,0.9870302511786028,42,64,largest,0.5
1530,1530,4,0,-0.056195144426683274,0.03111628506753668,38,0.9663968715894722,42,64,largest,0.5
1531,1531,3,0,-0.02966854904458449,0.07087553167791347,6,0.9995343939779007,42,64,largest,0.5
1532,1532,2,0,-0.025167958389059608,0.0810844974184632,47,0.9703979478433948,42,64,largest,0.5
1533,1533,1,0,-0.011330371334992817,0.09582430534667377,60,0.9911265074960798,42,64,largest,0.5
1534,1534,0,0,-0.04683638136600898,0.052587172536901476,20,0.997194286866444,42,64,largest,0.5
1535,1535,4,0,-0.036334289234514205,0.0405619694641289,19,0.9778963798882647,42,64,largest,0.5
1536,1536,3,0,-0.05112015983659335,0.04733824454500449,41,0.9662012962512403,42,64,largest,0.5
1537,1537,2,0,-0.0753330042717667,0.030468088430224697,15,0.9915605670597639,42,64,largest,0.5
1538,1538,1,0,-0.07337534495278686,0.03222521804398041,11,0.9273289821233722,42,64,largest,0.5
1539,1539,0,0,-0.05692263783256846,0.04341182308577566,39,0.9739437756469014,42,64,largest,0.5
154,154,4,0,-0.029544654021246175,0.044381304795107865,3,0.9830764433573772,42,64,largest,0.5
1540,1540,3,0,-0.049507851963004446,0.048812446845566695,41,0.9676389509335318,42,64,largest,0.5
1541,1541,2,0,-0.10129795171728195,0.01808343502255998,41,0.9895744744727525,42,64,largest,0.5
1542,1542,1,0,-0.0016213281604461338,0.11271145647058954,1,0.9772494380319179,42,64,largest,0.5
1543,1543,0,0,-0.0639106233107617,0.03797323655590259,48,0.9556552053520472,42,64,largest,0.5
1544,1544,4,0,-0.028994180040343376,0.04470557037884284,29,0.9845805056602578,42,64,largest,0.5
1545,1545,3,0,-0.07638411664532752,0.029121072977237893,61,0.9484443774381309,42,64,largest,0.5
1546,1546,2,0,-0.030216173603466734,0.07367250838178054,23,0.9956890310201825,42,64,largest,0.5
1547,1547,1,0,-0.02575089312401191,0.07491091431005699,4,0.9626052567979988,42,64,largest,0.5
1548,1548,0,0,-0.060294229284023615,0.0407007291228432,15,1.0025139186825605,42,64,largest,0.5
1549,1549,4,0,-0.07926321274420556,0.02280511683012678,15,0.9670142007837704,42,64,largest,0.5
155,155,3,0,-0.05207062642458571,0.046489115277152826,6,0.9961670347315398,42,64,largest,0.5
1550,1550,2,0,-0.07327117511007986,0.031746862034886345,18,0.9527516769315092,42,64,largest,0.5
1551,1551,1,0,-0.016929134619566355,0.0871469794968749,26,0.9994044554142956,42,64,largest,0.5
1552,1552,0,0,-0.04658630619997828,0.05283648440672604,57,0.9321261366766509,42,64,largest,0.5
1553,1553,4,0,-0.058331239217553454,0.03023718024464574,41,0.9608320139297901,42,64,largest,0.5
1554,1554,3,0,-0.06182560846386531,0.0385737220990916,16,0.9718729299883013,42,64,largest,0.5
1555,1555,2,0,-0.012167213033817625,0.10338764887117141,32,0.9581203532185258,42,64,largest,0.5
1556,1556,1,0,-0.02355847449332993,0.07779570929006777,50,0.9919166894892177,42,64,largest,0.5
1557,1557,0,0,-0.05817991734313954,0.04238125674720756,9,0.9733512071850045,42,64,largest,0.5
1558,1558,4,1,0.004017152578710048,0.06881682857187693,42,0.9891706051856236,42,64,largest,0.5
1559,1559,3,0,-0.01581922952874404,0.09140538450692612,30,0.9411654070270645,42,64,largest,0.5
156,156,2,1,0.010202153664431113,0.15449646301351047,10,0.9730407059881073,42,64,largest,0.5
1560,1560,1,0,-0.07170456997282137,0.03321181108350221,18,0.9488627017220141,42,64,largest,0.5
1561,1561,0,0,-0.12579434265591172,0.01134343402167296,56,0.9350350256681267,42,64,largest,0.5
1562,1562,4,0,-0.05782425367338939,0.030443625931353323,7,0.9489990201133366,42,64,largest,0.5
1563,1563,3,1,0.017702859387305647,0.16427045596246787,47,0.962275695202785,42,64,largest,0.5
1564,1564,2,0,-0.040232810738705216,0.060782371848102874,41,0.9794156785344116,42,64,largest,0.5
1565,1565,1,0,-0.0193524372596805,0.083616279469827,32,0.9670720668459145,42,64,largest,0.5
1566,1566,0,0,-0.01457756681951805,0.09559167268225151,25,0.9808881878946621,42,64,largest,0.5
1567,1567,4,0,-0.06601946072198661,0.027268051383580644,17,0.9654461296576053,42,64,largest,0.5
1568,1568,3,1,0.006507787181332492,0.1358166390820282,47,0.9864728781471122,42,64,largest,0.5
1569,1569,2,0,-0.029675099470938715,0.0744360783828875,32,0.9721606015971846,42,64,largest,0.5
157,157,1,0,-0.01617060404743198,0.08827956163396168,50,0.9958896349326486,42,64,largest,0.5
1570,1570,0,0,-0.09538844985907036,0.020620464970774095,16,0.9576254619105596,42,64,largest,0.5
1571,1571,4,1,0.013103818544052626,0.07732654689501675,42,0.9612184519175986,42,64,largest,0.5
1572,1572,3,0,-0.017994633755914924,0.08785900045855745,13,0.9846796642419391,42,64,largest,0.5
1573,1573,2,0,-0.0868087040882436,0.024214023420439514,0,0.966346408112008,42,64,largest,0.5
1574,1574,1,0,-0.05959569492182226,0.04128377859643767,47,0.9352057880581494,42,64,largest,0.5
1575,1575,0,0,-0.10763128192178462,0.01622137566131805,14,0.9416312823052928,42,64,largest,0.5
1576,1576,4,0,-0.01743777233142918,0.05205637011278355,46,0.9755323041025543,42,64,largest,0.5
1577,1577,3,0,-0.013833589037567817,0.09475426165137402,21,0.8981827431832049,42,64,largest,0.5
1578,1578,2,0,-0.056559300569977156,0.04420279248765065,5,1.0006869429564562,42,64,largest,0.5
1579,1579,1,0,-0.03666068220447516,0.06196810038955723,11,0.974857517100716,42,64,largest,0.5
158,158,0,0,-0.03422239330042276,0.06664432034810377,0,0.9735441126919208,42,64,largest,0.5
1580,1580,4,0,-0.049847368343230336,0.03387706160779035,15,0.9769080961636261,42,64,largest,0.5
1581,1581,3,0,-0.06911420708191851,0.033521245884504204,35,0.9683866313241464,42,64,largest,0.5
1582,1582,2,0,-0.02444393372617526,0.0822017156889741,9,0.9486581645225435,42,64,largest,0.5
1583,1583,1,0,-0.07133762973231594,0.03343236423730294,36,0.9456640700601621,42,64,largest,0.5
1584,1584,0,0,-0.04220954255966347,0.05738445984070018,57,0.933984596562871,42,64,largest,0.5
1585,1585,4,0,-0.0783447482637758,0.023090142385076562,47,0.9644978667266542,42,64,largest,0.5
1586,1586,3,0,-0.048838784790944056,0.04943690589076575,42,0.9731778369186891,42,64,largest,0.5
1587,1587,2,0,-0.049028923031804506,0.05123309438510161,40,0.9648278044406472,42,64,largest,0.5
1588,1588,1,0,-0.0315931960896082,0.06769761450237134,15,0.978202445426268,42,64,largest,0.5
1589,1589,0,0,-0.07976115598216116,0.02795987903215911,51,0.9715830928184885,42,64,largest,0.5
159,159,4,0,-0.02373113832911311,0.04792187126611647,19,0.9807576456321051,42,64,largest,0.5
1590,1590,3,0,-0.04633171012703918,0.05184480139182247,38,0.9677867911677297,42,64,largest,0.5
1591,1591,2,0,-0.12441398606448906,0.01131491719072897,56,0.9295345319800714,42,64,largest,0.5
1592,1592,1,0,-0.08617236126920302,0.025554902238224177,32,0.9083743780248087,42,64,largest,0.5
1593,1593,0,0,-0.09919274601978778,0.01914110723595979,8,0.9591182708092968,42,64,largest,0.5
1594,1594,4,0,-0.032334910987401155,0.04277187648955824,0,0.9807653118021902,42,64,largest,0.5
1595,1595,3,0,-0.04822011648809954,0.05002105900649252,57,0.9750305889025555,42,64,largest,0.5
1596,1596,2,0,-0.025370469493629533,0.08077449583861684,13,0.9702116858767496,42,64,largest,0.5
1597,1597,1,0,-0.043864833052131624,0.05459909554119924,18,0.9708855615582332,42,64,largest,0.5
1598,1598,0,0,-0.08989481482564254,0.022956022447025624,14,0.9520993289851934,42,64,largest,0.5
1599,1599,4,0,-0.005311204219441201,0.0609896348197543,54,1.0006549559976223,42,64,largest,0.5
16,16,3,0,-0.10737310030951996,0.01589184705106034,49,0.9562345243561134,42,64,largest,0.5
160,160,2,0,-0.04462920666391079,0.055817698856192234,39,0.9798393373665987,42,64,largest,0.5
1600,1600,1,0,-0.003768478072746162,0.10876637069880102,22,0.999495506061974,42,64,largest,0.5
1601,1601,0,0,-0.04699151741333152,0.05243306886597444,1,0.9884194536550521,42,64,largest,0.5
1602,1602,4,0,-0.037084494612713015,0.040159793118137235,46,0.9898583690010131,42,64,largest,0.5
1603,1603,3,0,-0.06498542154632847,0.03629928496459199,14,0.9851763084580986,42,64,largest,0.5
1604,1604,2,0,-0.05088730047056689,0.04940557931835622,23,0.9792864175101489,42,64,largest,0.5
1605,1605,1,0,-0.037600389001830936,0.06095663827438782,53,0.9741175771744212,42,64,largest,0.5
1606,1606,0,0,-0.03234752103448013,0.06901087330355006,57,0.9660643563355562,42,64,largest,0.5
1607,1607,4,0,-0.04249924421149898,0.03736835198749132,14,0.9480655598522085,42,64,largest,0.5
1608,1608,3,0,-0.003137586913550483,0.11474096928969295,12,0.9521755595248205,42,64,largest,0.5
1609,1609,2,0,-0.04141128246493331,0.05941243692801736,5,0.9918408035615385,42,64,largest,0.5
161,161,1,0,-0.020087191545139715,0.08257171126154489,4,0.9921421398355506,42,64,largest,0.5
1610,1610,0,0,-0.0005243092224593848,0.12275313519027302,10,0.9675094517873057,42,64,largest,0.5
1611,1611,4,0,-0.023630540804943312,0.047985439223124725,29,1.00341829108771,42,64,largest,0.5
1612,1612,3,0,-0.04700324120150989,0.05118917399586407,36,0.9992273932754802,42,64,largest,0.5
1613,1613,2,0,-0.020460566596453345,0.08860234162470539,33,0.984340386436339,42,64,largest,0.5
1614,1614,1,0,-0.015158709317679042,0.08981113935907988,55,0.9826445856299852,42,64,largest,0.5
1615,1615,0,0,-0.07064273793831388,0.033356679051552415,40,0.9951309578491239,42,64,largest,0.5
1616,1616,4,0,-0.035268586196855245,0.04113991733074298,3,0.9828481279589739,42,64,largest,0.5
1617,1617,3,0,-0.08894767650393542,0.022803543158746806,28,0.9563357742932568,42,64,largest,0.5
1618,1618,2,0,-0.021611077619291152,0.08670880545141461,32,0.9544365868599486,42,64,largest,0.5
1619,1619,1,1,0.006266316009865491,0.12829063294659912,7,1.004988552164758,42,64,largest,0.5
162,162,0,0,-0.0402857651852111,0.0594977498839522,5,0.9770015344965213,42,64,largest,0.5
1620,1620,4,0,-0.010442600991447892,0.05704668190127182,44,0.9612525555184327,42,64,largest,0.5
1621,1621,3,0,-0.046799347464900665,0.051387405360799755,57,0.9710692694715779,42,64,largest,0.5
1622,1622,2,0,-0.07886649633298493,0.028391718175951798,22,0.9516032979632573,42,64,largest,0.5
1623,1623,1,0,-0.02759245178510039,0.07256409548305211,55,0.9765912527467576,42,64,largest,0.5
1624,1624,0,0,-0.003582816736306338,0.11632738441470376,43,0.971058044521356,42,64,largest,0.5
1625,1625,4,0,-0.041285557460721045,0.037977355759180244,46,0.9769607182979755,42,64,largest,0.5
1626,1626,3,0,-0.08326549091886759,0.0254754064871928,36,0.9854920198062246,42,64,largest,0.5
1627,1627,2,0,-0.05107452468560103,0.049224928787215294,3,0.9825573349811199,42,64,largest,0.5
1628,1628,1,0,-0.04723374849235229,0.05144361765873321,1,0.9637008486896693,42,64,largest,0.5
1629,1629,0,0,-0.0188817818939776,0.08841593593412521,0,0.961797420789413,42,64,largest,0.5
163,163,4,0,-0.028219393064386367,0.04516579927644288,38,0.9738312450766016,42,64,largest,0.5
1630,1630,3,0,-0.04652866716585535,0.05165169046968959,3,0.9874892790266729,42,64,largest,0.5
1631,1631,2,0,-0.03640523381930727,0.06543809776807133,2,0.9521623027754597,42,64,largest,0.5
1632,1632,1,0,-0.012706861084740284,0.09362189591618124,37,1.0013759476836437,42,64,largest,0.5
1633,1633,0,0,-0.0011255143230872733,0.12146638960733165,31,0.967359613385539,42,64,largest,0.5
1634,1634,4,0,-0.06646667395594685,0.027104346062439173,41,0.9620666691979304,42,64,largest,0.5
1635,1635,3,0,-0.07033060709498051,0.03274269309195913,36,1.0014691644609706,42,64,largest,0.5
1636,1636,2,0,-0.031502671602515075,0.07188585986935864,43,1.0016119153997272,42,64,largest,0.5
1637,1637,1,0,-0.0586244804395043,0.04200705381275175,4,0.9394477056474854,42,64,largest,0.5
1638,1638,0,0,-0.048147856467598116,0.05129779745688302,43,0.9452583276416237,42,64,largest,0.5
1639,1639,4,0,-0.029849928269221504,0.044202446054134814,54,1.0034204650861973,42,64,largest,0.5
164,164,3,0,-0.019565405012102022,0.08537609136860949,41,0.9910625468697686,42,64,largest,0.5
1640,1640,2,0,-0.0851330398822574,0.025042365476768105,5,0.9800097226550291,42,64,largest,0.5
1641,1641,1,0,-0.00516746071274421,0.10626160779707852,36,0.9892930798868126,42,64,largest,0.5
1642,1642,0,0,-0.029287608148314992,0.07304086237370329,6,0.9729076207921848,42,64,largest,0.5
1643,1643,4,0,-0.03155993117188771,0.04321320950027117,22,0.9901097127947116,42,64,largest,0.5
1644,1644,3,0,-0.04601424727256098,0.05215750217581844,46,0.992206355732599,42,64,largest,0.5
1645,1645,2,0,-0.0288930783496969,0.07555253964158676,17,0.9612255351887747,42,64,largest,0.5
1646,1646,1,0,-0.07729934758297263,0.030018273200622832,12,0.95826214458571,42,64,largest,0.5
1647,1647,0,0,-0.07574105257170116,0.030225940518487603,58,0.9803361225976143,42,64,largest,0.5
1648,1648,4,0,-0.09421477425240665,0.01862138798529835,38,0.9445551112008437,42,64,largest,0.5
1649,1649,3,0,-0.055657457581914205,0.04341349055386168,56,0.9847973130618151,42,64,largest,0.5
165,165,2,0,-0.044053582889433285,0.05644534176299404,58,0.987313559791501,42,64,largest,0.5
1650,1650,1,0,-0.046763699056696084,0.05187330530494707,50,0.9698026021453271,42,64,largest,0.5
1651,1651,0,0,-0.08368340023815257,0.02590843904807374,1,0.9760567573272079,42,64,largest,0.5
1652,1652,4,0,-0.02400899427677361,0.04774670828876193,21,1.0033945429004645,42,64,largest,0.5
1653,1653,3,0,-0.05534125420413505,0.043676629523802295,44,0.9966073220857544,42,64,largest,0.5
1654,1654,2,0,-0.08442001915170916,0.02540315407821392,12,0.9665351279648032,42,64,largest,0.5
1655,1655,1,0,-0.04017113116762283,0.05826796791138485,5,0.9682487745920282,42,64,largest,0.5
1656,1656,0,0,-0.0655272145742325,0.03681156805872836,5,0.9696228004299927,42,64,largest,0.5
1657,1657,4,0,-0.015086169409563088,0.053686158943019764,4,0.9597321348709129,42,64,largest,0.5
1658,1658,3,0,-0.041621667358324066,0.056671009205864396,13,0.9844942896315025,42,64,largest,0.5
1659,1659,2,0,-0.04815145486913508,0.05211805396251371,5,0.9929971446924581,42,64,largest,0.5
166,166,1,0,-0.026506876692330317,0.07393919049056037,47,0.9670999522150485,42,64,largest,0.5
1660,1660,0,0,-0.06158172784679572,0.03970883602498153,41,0.9436306271874116,42,64,largest,0.5
1661,1661,4,0,-0.09425634085038848,0.01861087698469581,33,0.9007304019648597,42,64,largest,0.5
1662,1662,3,0,-0.008471796171341972,0.10435124013855397,12,0.9856928133597446,42,64,largest,0.5
1663,1663,2,0,-0.11742147120181756,0.013043408666845951,11,0.9767794681076452,42,64,largest,0.5
1664,1664,1,0,-0.06499157330352723,0.037477700670598885,8,0.9623812115005909,42,64,largest,0.5
1665,1665,0,0,-0.10834525885122648,0.015995452804421027,37,0.9837020594071096,42,64,largest,0.5
1666,1666,4,0,-0.005993075183490237,0.06045136389754276,10,0.9577151565942446,42,64,largest,0.5
1667,1667,3,0,-0.04259116985327516,0.05564426485359,44,0.9859449968534245,42,64,largest,0.5
1668,1668,2,0,-0.03966700533247647,0.061450550877489324,35,0.9586993970895791,42,64,largest,0.5
1669,1669,1,0,-0.005777255487876332,0.10518581181368389,63,1.003875354572872,42,64,largest,0.5
167,167,0,0,-0.05233945301004472,0.04737462463112234,37,1.0087953552442437,42,64,largest,0.5
1670,1670,4,0,-0.061255270407609586,0.029072725829038013,62,0.9812948381621655,42,64,largest,0.5
1671,1671,3,0,-0.08828395725526661,0.02310093968645,23,0.9291618997060648,42,64,largest,0.5
1672,1672,2,0,-0.08788453659418416,0.023696348228726592,15,0.9832001966614606,42,64,largest,0.5
1673,1673,1,0,-0.012430473673843312,0.09406044757106446,42,0.9794258672989734,42,64,largest,0.5
1674,1674,0,0,-0.04858352726723825,0.05087612468611585,28,0.9765396504945029,42,64,largest,0.5
1675,1675,4,0,-0.09328082681542538,0.01885909781450875,40,0.9307202876128932,42,64,largest,0.5
1676,1676,3,0,-0.06457098249204907,0.036590079200540845,8,0.9665788350722639,42,64,largest,0.5
1677,1677,2,0,-0.11158198855754331,0.014684598582219396,42,0.9388024421761969,42,64,largest,0.5
1678,1678,1,0,-0.027333983444490784,0.07288934292620218,3,0.9841376891213389,42,64,largest,0.5
1679,1679,0,0,-0.08831650394982016,0.02367353238339484,56,0.9493232450827069,42,64,largest,0.5
168,168,4,0,-0.03946673256984512,0.038907884730240476,16,0.9627273247426907,42,64,largest,0.5
1680,1680,3,0,-0.032405771823320495,0.06735736757981065,30,0.9222037210105051,42,64,largest,0.5
1681,1681,2,1,0.01060715924415745,0.15558841830733014,10,0.9516423287974028,42,64,largest,0.5
1682,1682,1,1,0.0027784930056026225,0.12118675082344124,7,0.9925291872584654,42,64,largest,0.5
1683,1683,0,0,-0.10234697139333648,0.017993868984974484,60,0.9495813539969107,42,64,largest,0.5
1684,1684,4,0,-0.1232626524067949,0.01253393125122349,11,0.8732294053194384,42,64,largest,0.5
1685,1685,3,0,-0.06207731015642326,0.038387640850086786,53,0.9912523356563588,42,64,largest,0.5
1686,1686,2,0,-0.1251685674601022,0.011142498961153569,45,0.9328852421399794,42,64,largest,0.5
1687,1687,1,0,-0.015438379994848206,0.08938545814995208,34,0.9904029448516424,42,64,largest,0.5
1688,1688,0,0,-0.07219088318142775,0.032374274851006746,24,0.9763101560336871,42,64,largest,0.5
1689,1689,4,0,-0.01432530268254717,0.05422370960597651,54,0.981686359509852,42,64,largest,0.5
169,169,3,0,-0.021735032416551614,0.08205120501790042,41,0.9808058446551523,42,64,largest,0.5
1690,1690,2,0,-0.11905084654744735,0.012618695589799826,56,0.9472430796378062,42,64,largest,0.5
1691,1691,1,0,-0.05475499250458149,0.04501072805303655,8,0.9512948348758054,42,64,largest,0.5
1692,1692,0,0,-0.06749769136055994,0.03544178405723975,57,0.9814329281868465,42,64,largest,0.5
1693,1693,4,1,0.008111763551644557,0.07253850939869662,42,0.9818730266475513,42,64,largest,0.5
1694,1694,3,0,-0.04458584526036835,0.05358664925376805,22,0.9706960132124481,42,64,largest,0.5
1695,1695,2,0,-0.05204397882183931,0.04829949100437466,24,0.9961482223691186,42,64,largest,0.5
1696,1696,1,0,-0.027073069268401917,0.07321902999576252,55,0.968676770544947,42,64,largest,0.5
1697,1697,0,0,-0.0262726502806353,0.07722266834224255,37,0.9941704963421981,42,64,largest,0.5
1698,1698,4,0,-0.011973010052179878,0.05591785513501875,12,0.9896025016086373,42,64,largest,0.5
1699,1699,3,0,-0.05833984930323144,0.041241358094729196,53,0.9936715754841681,42,64,largest,0.5
17,17,2,0,-0.0455282094656011,0.054850575550636424,5,1.000714724879588,42,64,largest,0.5
170,170,1,0,-0.021536647584046942,0.08054583902217415,53,0.9880185877889899,42,64,largest,0.5
1700,1700,0,0,-0.07036729917677953,0.0335344545509987,10,0.9830302684872573,42,64,largest,0.5
1701,1701,4,0,-0.019897165440598052,0.05040196459767952,46,0.9735117634459713,42,64,largest,0.5
1702,1702,3,0,-0.06608722584534998,0.03553697273649355,15,0.9631877835004083,42,64,largest,0.5
1703,1703,2,0,-0.0590260764973366,0.04210685232605829,24,0.9572938914444479,42,64,largest,0.5
1704,1704,1,0,-0.07626037340798819,0.030587940084618955,52,0.9307361513797966,42,64,largest,0.5
1705,1705,0,0,-0.021080810933636562,0.08494061603888385,17,0.9848556436955879,42,64,largest,0.5
1706,1706,4,0,-0.036377382606496034,0.04053876355177678,46,0.9971001535845084,42,64,largest,0.5
1707,1707,3,0,-0.06680498334961849,0.035048691991692915,2,0.9609777065557894,42,64,largest,0.5
1708,1708,2,0,-0.04102476288029244,0.05985853513765466,34,0.9888761531065162,42,64,largest,0.5
1709,1709,1,0,-0.01770806470970432,0.08599763221014703,4,0.9788178177087387,42,64,largest,0.5
171,171,0,0,-0.019187308408655235,0.08792551523593858,10,0.9953024269789429,42,64,largest,0.5
1710,1710,4,0,-0.04904594751166491,0.03424199771709604,32,0.9751142385754521,42,64,largest,0.5
1711,1711,3,0,-0.01936794722004065,0.08568468010975101,13,0.9917157277318814,42,64,largest,0.5
1712,1712,2,0,-0.08246429057934279,0.026418929673409565,11,0.9868120674924005,42,64,largest,0.5
1713,1713,1,0,-0.011332984567858029,0.09582008057224313,60,0.9932219500084019,42,64,largest,0.5
1714,1714,0,0,-0.04138779846302043,0.058278390669754196,10,0.9964457567210465,42,64,largest,0.5
1715,1715,4,0,-0.0928654244847047,0.01896578059567742,7,0.9458492636976679,42,64,largest,0.5
1716,1716,3,0,-0.08813908486159938,0.023166355257743493,10,0.9814988554524323,42,64,largest,0.5
1717,1717,2,0,-0.049089686274047306,0.05117234145577459,34,0.9882374200759871,42,64,largest,0.5
1718,1718,1,0,-0.023522422495962036,0.0778439863631026,36,0.9865378637759759,42,64,largest,0.5
1719,1719,0,0,-0.1260875799297081,0.01127796283785365,41,0.9054576403301806,42,64,largest,0.5
172,172,4,0,-0.04409201749617919,0.03658336061452783,11,0.9874849187191181,42,64,largest,0.5
1720,1720,3,0,-0.05596810303181443,0.04315645096262156,60,1.000428884701109,42,64,largest,0.5
1721,1721,2,0,-0.07406596162029033,0.031247889376552526,40,0.9323298915080858,42,64,largest,0.5
1722,1722,1,0,-0.047132808034094364,0.05153560590459575,4,0.9589727889526102,42,64,largest,0.5
1723,1723,0,0,-0.07216004180824642,0.03239357004644877,37,1.000953452760216,42,64,largest,0.5
1724,1724,4,0,-0.051379259041212766,0.033189914306321,11,0.9680577347474362,42,64,largest,0.5
1725,1725,3,0,-0.08550752103690851,0.02438656307835435,23,0.94278406544159,42,64,largest,0.5
1726,1726,2,0,-0.054109852133967684,0.04638223237723821,34,0.9427015137935821,42,64,largest,0.5
1727,1727,1,0,-0.01476389481964302,0.09041518909416892,50,0.9933250325564028,42,64,largest,0.5
1728,1728,0,0,-0.1391983071359113,0.008703171611032415,8,0.913203914784855,42,64,largest,0.5
1729,1729,4,0,-0.015121839413628213,0.053661081906981566,57,0.9968120081622683,42,64,largest,0.5
173,173,3,0,-0.12977382344970856,0.010216140559302854,49,0.9259280865992174,42,64,largest,0.5
1730,1730,2,0,-0.028918166573054238,0.07551648460697193,34,0.9762025338922142,42,64,largest,0.5
1731,1731,1,0,-0.02539788922304065,0.07536866583551072,34,0.9812792535655173,42,64,largest,0.5
1732,1732,0,1,0.009955914977560654,0.14712017510533054,36,0.9416460853201541,42,64,largest,0.5
1733,1733,4,0,-0.07269011380598811,0.024923078924560093,14,0.8938970370281153,42,64,largest,0.5
1734,1734,3,0,-0.07267877295713798,0.031288890117683925,18,0.97424551415783,42,64,largest,0.5
1735,1735,2,0,-0.08574787773927295,0.024735269931460562,22,0.9359529309310207,42,64,largest,0.5
1736,1736,1,1,0.014760917948397512,0.1470848053589726,7,0.9925349049389361,42,64,largest,0.5
1737,1737,0,1,0.022023049767139424,0.17998620338451393,36,0.9418280607845138,42,64,largest,0.5
1738,1738,4,1,0.010904177760221345,0.07518210917734508,42,0.9507915639755612,42,64,largest,0.5
1739,1739,3,0,-0.05512164065701064,0.04386028307644739,35,0.9796933188738989,42,64,largest,0.5
174,174,2,0,-0.04319593897764795,0.05739280906862016,61,0.9856577975215697,42,64,largest,0.5
1740,1740,1,0,-0.05626963534689966,0.04381135971887779,1,0.9583724627908496,42,64,largest,0.5
1741,1741,0,0,-0.10930266640374808,0.01569735361728007,9,0.965268761668859,42,64,largest,0.5
1742,1742,4,0,-0.08882013935801547,0.020036106974996224,7,0.9119193717861738,42,64,largest,0.5
1743,1743,3,1,0.022120601260358752,0.17675051179958917,47,0.9556277543807207,42,64,largest,0.5
1744,1744,2,0,-0.0531115251689509,0.04729952925734296,46,0.9947043264552333,42,64,largest,0.5
1745,1745,1,0,-0.02951324045288084,0.07018866647825299,9,0.982799183876425,42,64,largest,0.5
1746,1746,0,0,-0.11791106539272167,0.013251383309421116,20,0.9723177007592075,42,64,largest,0.5
1747,1747,4,0,-0.06276677998888991,0.028487961267125682,7,0.9657172833785864,42,64,largest,0.5
1748,1748,3,0,-0.09651692062107975,0.019665796839047265,34,0.9467244053486653,42,64,largest,0.5
1749,1749,2,1,0.007061322466522135,0.14623992520956375,10,0.9417060461638649,42,64,largest,0.5
175,175,1,0,-0.0028372295917560297,0.1104623042662945,34,1.0011599202021373,42,64,largest,0.5
1750,1750,0,0,-0.046243760801103484,0.053179796004493796,28,0.9999551088709617,42,64,largest,0.5
1751,1751,4,0,-0.05462740413484801,0.03177717456960392,54,0.9887064323203272,42,64,largest,0.5
1752,1752,3,0,-0.09795083442715435,0.01912096818740091,34,0.9394631506966683,42,64,largest,0.5
1753,1753,2,1,0.01960943068134602,0.18150963064397477,10,0.9128213929795669,42,64,largest,0.5
1754,1754,1,0,-0.05543772447839801,0.04446628265587086,36,0.9403311553290088,42,64,largest,0.5
1755,1755,0,0,-0.11691865703862525,0.013512982041997443,48,0.9479462685914734,42,64,largest,0.5
1756,1756,4,0,-0.029040760147584277,0.04467804437874549,47,0.9902933530454742,42,64,largest,0.5
1757,1757,3,0,-0.05138477911745887,0.04710036906024098,58,1.0002003516039044,42,64,largest,0.5
1758,1758,2,0,-0.05147859689689582,0.04883717658704535,28,0.9934018251100654,42,64,largest,0.5
1759,1759,1,0,-0.052172849461434745,0.04712782655413617,14,0.9497740283111814,42,64,largest,0.5
176,176,0,0,-0.07644450402907599,0.029816958356208935,1,0.9636764751050622,42,64,largest,0.5
1760,1760,4,0,-0.02724016995061551,0.04575392394147714,7,0.9723646014985734,42,64,largest,0.5
1761,1761,3,0,-0.011709436388891437,0.09845796227143255,41,0.9848418523133824,42,64,largest,0.5
1762,1762,2,0,-0.04575772235426545,0.05460621246551415,34,0.9677611064819308,42,64,largest,0.5
1763,1763,1,0,-0.02128519375321769,0.08089400930109061,27,0.9766496825433283,42,64,largest,0.5
1764,1764,0,0,-0.12477220253470545,0.01157459836695859,41,0.9330294318924975,42,64,largest,0.5
1765,1765,4,0,-0.04125195622039135,0.03799435109944856,36,0.9778154891393093,42,64,largest,0.5
1766,1766,3,0,-0.08129604384956457,0.02647082109966051,31,0.9503763501517494,42,64,largest,0.5
1767,1767,2,0,-0.04301457529952346,0.057595071863654326,55,0.9817374388360027,42,64,largest,0.5
1768,1768,1,1,0.0029020034367921443,0.12143241394776391,7,1.0017348823339869,42,64,largest,0.5
1769,1769,0,0,-0.03983740015963089,0.060000657380502954,41,0.9821875837267595,42,64,largest,0.5
177,177,4,0,-0.011669132210665567,0.05614030996282743,4,0.9766652760926928,42,64,largest,0.5
1770,1770,3,0,-0.038138752478452886,0.06050819363007611,17,0.9850426769692135,42,64,largest,0.5
1771,1771,2,0,-0.04618902222899102,0.05414977890289987,32,0.9864720104459704,42,64,largest,0.5
1772,1772,1,0,-0.026025377392288274,0.07455674893203805,32,0.9775288196894472,42,64,largest,0.5
1773,1773,0,0,-0.057578288642193054,0.04287144914368666,21,0.9597243509356322,42,64,largest,0.5
1774,1774,4,0,-0.03288184846596054,0.04246300348704665,13,0.9973122588792791,42,64,largest,0.5
1775,1775,3,0,-0.03558148818714635,0.06347894702204095,7,1.0009041635506561,42,64,largest,0.5
1776,1776,2,0,-0.018864110722749516,0.09129165048173567,17,0.9954320485738709,42,64,largest,0.5
1777,1777,1,0,-0.033058039247993,0.06599271678961399,26,0.9655458131936598,42,64,largest,0.5
1778,1778,0,0,-0.06849654513475789,0.03476630854490266,30,0.9945321767640851,42,64,largest,0.5
1779,1779,4,0,-0.06187589708088992,0.02883122528164639,12,0.9770391417795112,42,64,largest,0.5
178,178,3,0,-0.0018961958979366589,0.1172846442259981,3,0.9776860096970663,42,64,largest,0.5
1780,1780,2,0,-0.024063216428652612,0.08279479454252137,7,0.9734777866458998,42,64,largest,0.5
1781,1781,1,0,-0.01602914512428044,0.08849224310482623,34,0.9920659445274589,42,64,largest,0.5
1782,1782,0,0,-0.07761502395792619,0.02914828636801237,2,0.9931025505729166,42,64,largest,0.5
1783,1783,4,0,-0.03848019637175637,0.03942171903175105,54,0.9800685307929285,42,64,largest,0.5
1784,1784,3,0,-0.04084876338991472,0.05750227730731916,39,0.9804400119697735,42,64,largest,0.5
1785,1785,2,0,-0.053956075428314376,0.04652241687447375,13,0.9840436572285673,42,64,largest,0.5
1786,1786,1,0,-0.02587988953610665,0.07474427886079331,2,0.9805723894537842,42,64,largest,0.5
1787,1787,0,0,-0.03560872955325167,0.06494311732668227,58,0.9777883636596056,42,64,largest,0.5
1788,1788,4,0,-0.028503176733288393,0.044996708260485574,54,0.9933128990642037,42,64,largest,0.5
1789,1789,3,0,-0.087744883416355,0.023345269532388503,36,0.9940464518691616,42,64,largest,0.5
179,179,2,0,-0.0815980557047542,0.026881367707539173,63,0.9740940154969717,42,64,largest,0.5
1790,1790,1,0,-0.04637890419283042,0.05222758218111122,53,0.9669235238643985,42,64,largest,0.5
1791,1791,0,0,-0.04047352001951299,0.05928833024358606,28,0.9779284027132291,42,64,largest,0.5
1792,1792,4,0,-0.05781336099008372,0.03044807640548563,2,0.964511343257846,42,64,largest,0.5
1793,1793,3,1,0.02331784144594462,0.18025835716432695,47,0.9523072352684359,42,64,largest,0.5
1794,1794,2,0,-0.06731946069322492,0.035735904764434334,15,0.9944172443486136,42,64,largest,0.5
1795,1795,1,0,-0.03471582499917725,0.06411143377406496,26,0.9684848759938904,42,64,largest,0.5
1796,1796,0,0,-0.036313662666557445,0.06409365571769174,57,0.9478714397694371,42,64,largest,0.5
1797,1797,4,0,-0.06747939280175663,0.026737157663564232,23,0.9586135387032763,42,64,largest,0.5
1798,1798,3,0,-0.04570850720243247,0.05246034011891111,56,0.9651651668137077,42,64,largest,0.5
1799,1799,2,0,-0.07817574190484466,0.028786521323048438,42,0.9450532270860444,42,64,largest,0.5
18,18,1,0,-0.02069377954136098,0.08171831455225906,37,0.9786760363879698,42,64,largest,0.5
180,180,0,0,-0.06838274459104265,0.03484263541976678,37,0.9857770360004697,42,64,largest,0.5
1800,1800,4,0,-0.04822447280951303,0.034619999747068246,15,0.972777748080773,42,64,largest,0.5
1801,1801,3,0,-0.07123786483237582,0.03217340948894698,44,0.9999103980960774,42,64,largest,0.5
1802,1802,2,0,-0.024085627989883562,0.08275977439525142,2,1.00426625614822,42,64,largest,0.5
1803,1803,1,0,-0.03363578763837616,0.06533132465740484,60,0.9780637876321268,42,64,largest,0.5
1804,1804,0,0,-0.08123813515989053,0.027169487777397507,52,0.9627599558122035,42,64,largest,0.5
1805,1805,4,0,-0.03888502224157553,0.03921008412209468,19,0.9752056207167155,42,64,largest,0.5
1806,1806,3,0,-0.03562421401555904,0.06342821380151284,30,0.9621649443335095,42,64,largest,0.5
1807,1807,2,0,-0.039421622657967004,0.06174246070157566,7,0.9539714629095317,42,64,largest,0.5
1808,1808,1,0,-0.008347443464943094,0.10075654079896484,2,0.9955223328522842,42,64,largest,0.5
1809,1809,0,0,-0.05769894181547808,0.04277271168156109,40,0.9719616705319687,42,64,largest,0.5
181,181,4,0,-0.02322599678970616,0.04824188143240256,43,0.97685534653308,42,64,largest,0.5
1810,1810,3,0,-0.022304015893191198,0.08119897615919734,59,0.9700613683971385,42,64,largest,0.5
1811,1811,2,0,-0.06985166585679126,0.03398290850932937,61,0.9498445763642361,42,64,largest,0.5
1812,1812,1,1,0.010195644477158927,0.13671604168967946,7,0.9901802550673042,42,64,largest,0.5
1813,1813,0,0,-0.07099875239793896,0.03312824560170796,4,0.9521628033399787,42,64,largest,0.5
1814,1814,4,0,-0.06522251873330998,0.027562162430346898,48,0.9563198770908123,42,64,largest,0.5
1815,1815,3,0,-0.0720685417300111,0.03166057858715955,10,0.98822882365873,42,64,largest,0.5
1816,1816,2,0,-0.11866132081342662,0.012718970727040736,56,0.9445263602454725,42,64,largest,0.5
1817,1817,1,0,-0.09731689159766521,0.02085689961352757,33,0.9123042155615604,42,64,largest,0.5
1818,1818,0,0,-0.05933916540617967,0.04145179627552904,3,0.9852814297628936,42,64,largest,0.5
1819,1819,4,0,-0.030431358337049574,0.043863688908007195,13,0.9936810848361536,42,64,largest,0.5
182,182,3,0,-0.015389881627628887,0.0921203582856755,30,0.9499802110340261,42,64,largest,0.5
1820,1820,2,0,-0.06524566097623052,0.03723611500267977,41,0.9875402743256031,42,64,largest,0.5
1821,1821,1,0,-0.017500469600788993,0.08630259924299441,21,1.0017572391170781,42,64,largest,0.5
1822,1822,0,0,-0.07051227733739718,0.03344076808252803,37,1.0044605491875618,42,64,largest,0.5
1823,1823,4,0,-0.05306076040741037,0.03245115422999813,48,0.9581878688654585,42,64,largest,0.5
1824,1824,3,0,-0.028738200457758212,0.07210948334851895,3,0.9769335841352574,42,64,largest,0.5
1825,1825,2,0,-0.04563472001499547,0.05473704560637902,7,0.9730334956366765,42,64,largest,0.5
1826,1826,1,0,-0.04619144353867688,0.0524010024689718,60,0.9701222866222413,42,64,largest,0.5
1827,1827,0,0,-0.029980738649028282,0.07210941345274298,0,0.9474931624407004,42,64,largest,0.5
1828,1828,4,0,-0.022306160225989524,0.04882981994011941,61,0.9960457419411195,42,64,largest,0.5
1829,1829,3,0,-0.06902879929514982,0.03357657735459284,31,0.9794993322427467,42,64,largest,0.5
183,183,2,0,-0.07232513674842078,0.03235084140342163,47,0.9708475726190031,42,64,largest,0.5
1830,1830,1,0,-0.10061217144099954,0.019637487645682482,8,0.9067564348273156,42,64,largest,0.5
1831,1831,0,0,-0.017881813330752894,0.09003836417458334,30,0.9603938816340956,42,64,largest,0.5
1832,1832,4,0,-0.07206452144095887,0.025134374653226384,17,0.9542898454638261,42,64,largest,0.5
1833,1833,3,0,-0.14361239529281755,0.007767371408011929,11,0.900974228898113,42,64,largest,0.5
1834,1834,2,1,0.005884428327903368,0.1432416422166988,10,0.9259295017602309,42,64,largest,0.5
1835,1835,1,0,-0.048838247891694886,0.05000211948642291,3,0.956196582179073,42,64,largest,0.5
1836,1836,0,0,-0.006119392979311078,0.11122168280617221,57,0.9546278819343385,42,64,largest,0.5
1837,1837,4,0,-0.05337274229561806,0.03231584512137846,9,0.9747233265302604,42,64,largest,0.5
1838,1838,3,0,-0.09276966077966509,0.021162420510566497,42,0.9519274056297009,42,64,largest,0.5
1839,1839,2,0,-0.045761487069751694,0.054602212724625336,58,0.9734192158270315,42,64,largest,0.5
184,184,1,0,-0.07547552966505411,0.031025195682895943,52,0.9297228997242221,42,64,largest,0.5
1840,1840,0,0,-0.03166139926725675,0.06989621548691236,21,0.9903483153901311,42,64,largest,0.5
1841,1841,4,0,-0.0320763080537072,0.04291866406357206,12,0.9683928356952209,42,64,largest,0.5
1842,1842,3,0,-0.03778257076279079,0.060914032839940055,41,0.9802084839357796,42,64,largest,0.5
1843,1843,2,0,-0.03831553047994096,0.06307442560482647,58,0.9724728822954176,42,64,largest,0.5
1844,1844,1,0,-0.014134571164691856,0.09138559402205708,25,0.9847480799789717,42,64,largest,0.5
1845,1845,0,0,-0.012247636299293263,0.0996897365337347,4,0.962399277147049,42,64,largest,0.5
1846,1846,4,0,-0.037023715819521796,0.04019223318212577,61,0.9907312015777742,42,64,largest,0.5
1847,1847,3,0,-0.061444007032673165,0.0388574895628089,6,0.9802246534046137,42,64,largest,0.5
1848,1848,2,0,-0.04745756120203837,0.05282808043927926,12,0.9847085892421726,42,64,largest,0.5
1849,1849,1,0,-0.061113695557650005,0.040177125069889026,56,0.9645063184079018,42,64,largest,0.5
185,185,0,0,-0.017960950803043496,0.08990899389978725,0,0.9693979382334775,42,64,largest,0.5
1850,1850,4,0,-0.03974608625232545,0.038763555557887915,43,0.9676510168066706,42,64,largest,0.5
1851,1851,3,0,-0.056406626911754465,0.04279607262272972,14,0.9931967274598927,42,64,largest,0.5
1852,1852,2,0,-0.05824447393635157,0.04276045972729965,41,0.9697439679382954,42,64,largest,0.5
1853,1853,1,0,-0.004055091890863394,0.10824902599882497,22,0.9988418500332147,42,64,largest,0.5
1854,1854,0,0,-0.026222052450247446,0.07729468650970196,57,0.9513216186926395,42,64,largest,0.5
1855,1855,4,0,-0.014866720552802914,0.05384068114065776,46,0.9890325616490222,42,64,largest,0.5
1856,1856,3,0,-0.02056501321064208,0.08382930940296059,22,0.9924939734931388,42,64,largest,0.5
1857,1857,2,0,-0.0067204634443498446,0.11425055303228314,62,0.9877639660880625,42,64,largest,0.5
1858,1858,1,0,-0.09431332343689369,0.022032728313628465,52,0.9260445160200367,42,64,largest,0.5
1859,1859,0,0,-0.07813658506034682,0.028855044494004386,10,0.9890329685164765,42,64,largest,0.5
186,186,4,0,-0.0625361922525709,0.028576426099700052,25,0.9542064006580739,42,64,largest,0.5
1860,1860,3,0,-0.030587339503367894,0.0696760788980727,8,0.9754440598632589,42,64,largest,0.5
1861,1861,2,0,-0.04806383967172545,0.05220720625963515,48,0.9893255749495617,42,64,largest,0.5
1862,1862,1,0,-0.07047560122054641,0.03395607151011902,11,0.9376619851212701,42,64,largest,0.5
1863,1863,0,0,-0.0743211454081012,0.03106808483035577,21,0.9890094567309244,42,64,largest,0.5
1864,1864,4,0,-0.024513783441296177,0.04743003949595537,31,0.9828773902563283,42,64,largest,0.5
1865,1865,3,0,-0.05700604988830804,0.04230811574655751,23,0.9523169462485761,42,64,largest,0.5
1866,1866,2,0,-0.04358856496692354,0.05695722265543629,47,0.990440056151216,42,64,largest,0.5
1867,1867,1,0,-0.017267144022655945,0.08664653420911138,36,0.9894884490848364,42,64,largest,0.5
1868,1868,0,0,-0.03987669511140157,0.05995642367066082,31,0.9552290735016131,42,64,largest,0.5
1869,1869,4,0,-0.06967706969198129,0.02595689655351542,48,0.9662877036400483,42,64,largest,0.5
187,187,3,0,-0.06818288559745578,0.03412938416772411,52,0.9797768719852378,42,64,largest,0.5
1870,1870,2,0,-0.1158853233950986,0.013456725720115434,24,0.9314593286022014,42,64,largest,0.5
1871,1871,1,0,-0.02670860389272589,0.07368186212448347,44,0.9794163433639608,42,64,largest,0.5
1872,1872,0,0,-0.08163579409169419,0.026960422091752655,28,0.990682947333475,42,64,largest,0.5
1873,1873,4,0,-0.031981832114858166,0.04297241017761902,38,0.9798767559827843,42,64,largest,0.5
1874,1874,3,0,-0.037934356927176505,0.06074077490846996,35,0.9877328294159645,42,64,largest,0.5
1875,1875,2,0,-0.10372371934816416,0.017217966115454415,24,0.9331776438167207,42,64,largest,0.5
1876,1876,1,0,-0.027006702129556248,0.0733031093135625,1,0.9740105668396276,42,64,largest,0.5
1877,1877,0,0,-0.001785617824664243,0.12006698915960352,7,0.943055847205438,42,64,largest,0.5
1878,1878,4,0,-0.08600488523775363,0.020815677669245882,40,0.9738355191838873,42,64,largest,0.5
1879,1879,3,0,-0.06741692304442137,0.03463750913821223,49,0.9855756063301301,42,64,largest,0.5
188,188,2,0,-0.039845159181605805,0.06123942581803063,3,0.9860148522096281,42,64,largest,0.5
1880,1880,1,0,-0.020344530833000807,0.08220867960810166,24,0.9897709202036087,42,64,largest,0.5
1881,1881,0,0,-0.04981874983325352,0.04969835762689047,25,0.9901834502302044,42,64,largest,0.5
1882,1882,4,0,-0.0215944107748528,0.04928941227022364,22,0.9886551619315634,42,64,largest,0.5
1883,1883,3,0,-0.08999143771721363,0.022343407885133466,31,0.933135508046873,42,64,largest,0.5
1884,1884,2,0,-0.04217092806010514,0.05854476111942693,5,0.9754502606112349,42,64,largest,0.5
1885,1885,1,1,0.005183343725888023,0.12604765610020097,7,0.988506547707373,42,64,largest,0.5
1886,1886,0,0,-0.09036248235449085,0.022747526502709104,9,0.9860579251563162,42,64,largest,0.5
1887,1887,4,0,-0.09373683675486222,0.018742663897127088,7,0.9351766001666878,42,64,largest,0.5
1888,1888,3,0,-0.10838096007275122,0.015579953871080772,2,0.9149852383526198,42,64,largest,0.5
1889,1889,2,0,-0.08822116716806794,0.02353659586554515,3,0.9587472376339123,42,64,largest,0.5
189,189,1,0,-0.017366121846481786,0.08650048409630472,60,0.9904858771269103,42,64,largest,0.5
1890,1890,0,0,-0.05683571014776634,0.043483953476843,0,0.965525091621992,42,64,largest,0.5
1891,1891,4,0,-0.022487553026564577,0.048713342258711455,13,0.9757878967155836,42,64,largest,0.5
1892,1892,3,0,-0.017234570022806595,0.08908371029408717,39,0.9779970718774158,42,64,largest,0.5
1893,1893,2,1,0.009782612856770512,0.15337193130857904,10,0.9355426195088729,42,64,largest,0.5
1894,1894,1,0,-0.03580210616374502,0.06290591960224991,53,0.9789599578579846,42,64,largest,0.5
1895,1895,0,0,-0.09389956113408404,0.02122943454673024,24,0.9879422093555601,42,64,largest,0.5
1896,1896,4,0,-0.03447790218861535,0.041573802572097675,14,0.9475402667484271,42,64,largest,0.5
1897,1897,3,0,-0.07664362084808851,0.02897483057123482,23,0.9953994983013281,42,64,largest,0.5
1898,1898,2,0,-0.026694033726781807,0.07877489506892074,4,0.9764019467214353,42,64,largest,0.5
1899,1899,1,0,-0.01866148280074431,0.08460952087003361,53,1.0014157206307175,42,64,largest,0.5
19,19,0,0,-0.17639665019601902,0.004160235187820337,44,0.8739915878855193,42,64,largest,0.5
190,190,4,0,-0.06790637115739961,0.02658379903870508,38,0.9521201784228263,42,64,largest,0.5
1900,1900,3,0,-0.07695839821513817,0.028798395355771167,53,0.9673124392574809,42,64,largest,0.5
1901,1901,2,1,0.019928882156687422,0.18248841449779396,10,0.9346958582313503,42,64,largest,0.5
1902,1902,1,0,-0.008410171423062995,0.10065053876440676,42,0.9801853412719532,42,64,largest,0.5
1903,1903,0,0,-0.1069261253686381,0.016447587056012382,48,0.9415064129548368,42,64,largest,0.5
1904,1904,4,0,-0.04913661755325327,0.03420052059590229,15,0.9455666928854082,42,64,largest,0.5
1905,1905,3,0,-0.03436715954449998,0.06493676349592682,1,0.9630061532634486,42,64,largest,0.5
1906,1906,2,0,-0.016021296202235136,0.09626270204036406,36,0.9284124200220027,42,64,largest,0.5
1907,1907,1,0,-0.02606526961982636,0.07450540454508398,34,0.981100435093147,42,64,largest,0.5
1908,1908,0,0,-0.07796906421022698,0.028948917805939937,27,0.9521326461494711,42,64,largest,0.5
1909,1909,4,0,-0.05848117632049388,0.030176385812401472,23,0.9679324525274119,42,64,largest,0.5
191,191,3,0,-0.01342650470010931,0.0954542610359705,51,0.9898804452130266,42,64,largest,0.5
1910,1910,2,0,-0.017827672448899046,0.09307667865035674,47,0.9931217726480872,42,64,largest,0.5
1911,1911,1,0,-0.03236381516724951,0.06679567669458235,11,0.9664708805693891,42,64,largest,0.5
1912,1912,0,0,-0.03054108623927898,0.07136442311612026,0,0.9772265126642072,42,64,largest,0.5
1913,1913,4,0,-0.06885436422429747,0.026246359179599117,4,0.9126952082770164,42,64,largest,0.5
1914,1914,3,1,0.005528810020133945,0.13353707728528985,47,0.9319362946668396,42,64,largest,0.5
1915,1915,2,0,-0.02708063641642744,0.0781994246982226,36,0.9457031198188128,42,64,largest,0.5
1916,1916,1,0,-0.02147550654531194,0.08063037066375113,60,0.9824538967429862,42,64,largest,0.5
1917,1917,0,0,-0.09352658624191934,0.021384720083152415,44,0.9433265663633287,42,64,largest,0.5
1918,1918,4,0,-0.023893255649097833,0.04781959697546908,31,0.9979659549430009,42,64,largest,0.5
1919,1919,3,0,-0.011646435198644278,0.09856975707635517,14,0.9643325200934805,42,64,largest,0.5
192,192,2,0,-0.03975589114074085,0.06134512994428301,23,0.9805735092523663,42,64,largest,0.5
1920,1920,1,0,-0.006101321511670865,0.1046180161697524,33,0.9860837881290664,42,64,largest,0.5
1921,1921,0,0,-0.06958182922289524,0.03404645443943553,27,0.9468586668190552,42,64,largest,0.5
1922,1922,4,0,-0.03129515030415475,0.04336499024118126,22,1.0054157290742756,42,64,largest,0.5
1923,1923,3,0,-0.05883435336688736,0.040852437466678854,56,0.9790985128589633,42,64,largest,0.5
1924,1924,2,0,-0.05012898982106595,0.05014371171508816,4,0.9823860654390761,42,64,largest,0.5
1925,1925,1,0,-0.079305707409693,0.028947151951929186,8,0.9332462136138482,42,64,largest,0.5
1926,1926,0,0,-0.0671121520084984,0.03570587246755344,27,0.9747554797262187,42,64,largest,0.5
1927,1927,4,0,-0.042950471407443236,0.03714433748674089,29,0.9843798206996434,42,64,largest,0.5
1928,1928,3,0,-0.012345382860770027,0.09733579443306872,55,0.9587684490626852,42,64,largest,0.5
1929,1929,2,0,-0.1398368864741325,0.008263019943688372,60,0.917785046251299,42,64,largest,0.5
193,193,1,0,-0.02904489533527621,0.07076115249854124,36,0.9865217774186488,42,64,largest,0.5
1930,1930,0,0,-0.07556419917170576,0.03032961390875224,4,0.9653056181883901,42,64,largest,0.5
1931,1931,4,0,-0.011060610385586034,0.0565882848604957,51,0.9846138076295582,42,64,largest,0.5
1932,1932,3,0,-0.10383227468280853,0.017037059687933807,16,0.9794819631740989,42,64,largest,0.5
1933,1933,2,0,-0.029526404499308878,0.07464718978691748,13,0.9939560833764951,42,64,largest,0.5
1934,1934,1,0,-0.058194269675022614,0.04233129531183633,52,0.9472907941245006,42,64,largest,0.5
1935,1935,0,0,-0.06546649688066208,0.036854574913061995,41,0.9794453440095562,42,64,largest,0.5
1936,1936,4,0,-0.013671122488177923,0.05468993913325541,61,0.9849375231656441,42,64,largest,0.5
1937,1937,3,0,-0.03804554793715542,0.06061414736192752,23,0.9597847751034977,42,64,largest,0.5
1938,1938,2,0,-0.08569060020613273,0.024763722841701336,61,0.9721075489795022,42,64,largest,0.5
1939,1939,1,0,-0.043958758387495744,0.054508699234993345,3,0.96262280511886,42,64,largest,0.5
194,194,0,0,-0.06829747519961615,0.03489993206625307,1,0.985519582197379,42,64,largest,0.5
1940,1940,4,0,-0.04938367752359418,0.034087748500549284,19,0.9722813276508512,42,64,largest,0.5
1941,1941,3,0,-0.06334053154041275,0.03746669556966496,44,0.9754372592820566,42,64,largest,0.5
1942,1942,2,0,-0.0605170582107053,0.04088643378729739,12,0.9785753985856898,42,64,largest,0.5
1943,1943,1,0,-0.023963531517556147,0.07725518069609633,36,0.9752919847652597,42,64,largest,0.5
1944,1944,0,0,-0.09440334414266349,0.021021438167721018,37,0.9890510122814229,42,64,largest,0.5
1945,1945,4,1,0.001085154957434109,0.06626134953005078,42,0.9752808251445026,42,64,largest,0.5
1946,1946,3,0,-0.04419708648854048,0.05398196178811761,15,0.9856135454848297,42,64,largest,0.5
1947,1947,2,0,-0.044793850300662186,0.055639387485452656,5,0.987431382931651,42,64,largest,0.5
1948,1948,1,0,-0.07571132461545793,0.030893196553024124,11,0.9379075828806285,42,64,largest,0.5
1949,1949,0,0,-0.06859764662989787,0.03469863424205971,40,0.9885566894445159,42,64,largest,0.5
195,195,4,0,-0.04517811572299679,0.03605720412020292,43,0.9702807670827672,42,64,largest,0.5
1950,1950,3,0,-0.10436177651523515,0.01686078162435254,33,0.9470327358538226,42,64,largest,0.5
1951,1951,2,0,-0.0415367177734145,0.05926833746548474,28,0.9956031103605081,42,64,largest,0.5
1952,1952,1,0,-0.02988373706088876,0.06973882319949523,16,0.9764359320634967,42,64,largest,0.5
1953,1953,0,0,-0.08914746627274639,0.02329308554380888,34,0.9288576929849824,42,64,largest,0.5
1954,1954,4,0,-0.010527425880499264,0.056983558666256214,44,0.9774483612142081,42,64,largest,0.5
1955,1955,3,0,-0.06001188902951626,0.03994041052979028,36,0.9827918366716175,42,64,largest,0.5
1956,1956,2,0,-0.060131680374876484,0.04119859426780138,58,0.9775517126986161,42,64,largest,0.5
1957,1957,1,0,-0.037867587668396374,0.0606718671993997,14,0.9470452194443808,42,64,largest,0.5
1958,1958,0,0,-0.030279430456386036,0.07171140992778446,37,0.9695319084100184,42,64,largest,0.5
1959,1959,4,0,-0.006451266022175051,0.06009216698329971,0,0.9892030625273915,42,64,largest,0.5
196,196,3,0,-0.07279951484911418,0.031215848915864583,35,0.9775352991956473,42,64,largest,0.5
1960,1960,2,0,-0.10219049931510205,0.017760134033328625,45,0.9487591053689445,42,64,largest,0.5
1961,1961,1,1,0.0027823045257969747,0.12119432555295166,7,0.9971958469125352,42,64,largest,0.5
1962,1962,0,0,-0.09899537199426911,0.019215233091830663,3,0.9353792741469584,42,64,largest,0.5
1963,1963,4,0,-0.0455300681597709,0.03588827005919812,48,0.9763602311862561,42,64,largest,0.5
1964,1964,3,0,-0.02390270449076748,0.07884747849279719,41,0.9748109334678107,42,64,largest,0.5
1965,1965,2,1,0.0093727997146007,0.15227995322186583,10,0.9522623558670884,42,64,largest,0.5
1966,1966,1,0,-0.024478412282216033,0.07657306553341246,36,0.9772453315670163,42,64,largest,0.5
1967,1967,0,0,-0.05205066358596666,0.04763551969358853,30,0.980652381330492,42,64,largest,0.5
1968,1968,4,0,-0.059418672325885935,0.029798939700865144,41,0.9547483244483647,42,64,largest,0.5
1969,1969,3,0,-0.04167673018825624,0.05661222138577307,41,0.9899287456158951,42,64,largest,0.5
197,197,2,0,-0.07208997200777667,0.03250269281108883,13,0.9752936309784938,42,64,largest,0.5
1970,1970,1,0,-0.05802963325962274,0.04245601037833188,63,0.9516293185848675,42,64,largest,0.5
1971,1971,0,0,-0.06536903974882802,0.036923705664681936,28,0.9835013359919187,42,64,largest,0.5
1972,1972,4,0,-0.06118448355988604,0.029100395031232563,1,0.9586370620747975,42,64,largest,0.5
1973,1973,3,0,-0.04978934718874739,0.04855196202190573,36,1.0043268361900295,42,64,largest,0.5
1974,1974,2,0,-0.022613645376363678,0.08508870104755938,2,0.9477408134700719,42,64,largest,0.5
1975,1975,1,0,-0.04901267368496076,0.04984773941903902,46,0.9857247706323351,42,64,largest,0.5
1976,1976,0,0,-0.07847730292437938,0.028665027562163544,27,0.9913628584835573,42,64,largest,0.5
1977,1977,4,0,-0.03515443386292816,0.04120228931362272,32,0.9778551181284216,42,64,largest,0.5
1978,1978,3,0,-0.016594707874221015,0.09012665523072043,39,1.001650970490707,42,64,largest,0.5
1979,1979,2,0,-0.11114879633778152,0.014814154772254328,57,0.9750986590114055,42,64,largest,0.5
198,198,1,0,-0.020561090491828193,0.08190430286587928,36,0.9762211635829754,42,64,largest,0.5
1980,1980,0,0,-0.08833314582772267,0.023665853913469752,49,0.9706907507900328,42,64,largest,0.5
1981,1981,4,0,-0.009247449657726725,0.0579430754102979,0,0.9702451459909833,42,64,largest,0.5
1982,1982,3,0,-0.009827391952352826,0.10184670914382324,56,0.9504929861850662,42,64,largest,0.5
1983,1983,2,0,-0.033865948253463896,0.0687076307941946,58,0.981501838185907,42,64,largest,0.5
1984,1984,1,0,-0.029727608734115618,0.06992806239723363,9,0.9669071105924952,42,64,largest,0.5
1985,1985,0,0,-0.019995112711295504,0.08664067775252418,0,0.9470821731343879,42,64,largest,0.5
1986,1986,4,1,0.011544351078226156,0.07580051634153309,42,0.9812799017487213,42,64,largest,0.5
1987,1987,3,0,-0.049705938718958564,0.048629007172688185,30,0.9572350118747758,42,64,largest,0.5
1988,1988,2,0,-0.02469242653674042,0.08181670398416678,9,0.9828964591406334,42,64,largest,0.5
1989,1989,1,0,-0.004399599125500697,0.1076300446186628,50,0.9987840049518381,42,64,largest,0.5
199,199,0,0,-0.08623715186060776,0.024652300249851787,35,0.9777029262438353,42,64,largest,0.5
1990,1990,4,0,-0.025389355092138577,0.0468854960369973,19,0.998461980770888,42,64,largest,0.5
1991,1991,3,0,-0.06902323604792326,0.03358018456329234,23,0.9382611669543093,42,64,largest,0.5
1992,1992,2,0,-0.07139444949835017,0.0329558498667824,15,0.9860070332132417,42,64,largest,0.5
1993,1993,1,0,-0.02185662167445601,0.08010477067297277,16,0.9786952313466293,42,64,largest,0.5
1994,1994,0,0,-0.16022157924874492,0.005736977269655086,48,0.8964438821491176,42,64,largest,0.5
1995,1995,4,0,-0.009822867415422598,0.05750985936980084,34,0.9514943975812967,42,64,largest,0.5
1996,1996,3,0,-0.013642683095067332,0.09508195870420698,41,0.970657780928169,42,64,largest,0.5
1997,1997,2,0,-0.04068391053129983,0.06025452737897208,9,0.969869058016421,42,64,largest,0.5
1998,1998,1,0,-0.09892317897478331,0.020253507116724037,52,0.9202864149926333,42,64,largest,0.5
1999,1999,0,1,0.014569140170893391,0.15905677342095623,36,0.925481116727942,42,64,largest,0.5
2,2,4,0,-0.04141523321210483,0.037911834853203784,4,0.9560075483594209,42,64,largest,0.5
20,20,3,0,-0.05175734583073455,0.046767381290312625,30,0.9498920959126242,42,64,largest,0.5
200,200,2,0,-0.02256835039456273,0.08516129974657488,23,0.9449859353773501,42,64,largest,0.5
2000,2000,1,0,-0.03855855079610093,0.05994122290810694,26,0.9635604048882925,42,64,largest,0.5
2001,2001,0,0,-0.059286072992796646,0.04149393523915194,32,1.003162012323287,42,64,largest,0.5
2002,2002,4,0,-0.0762274575758568,0.0237605113060624,7,0.9391326151774317,42,64,largest,0.5
2003,2003,3,0,-0.06117690148543298,0.03905730594582798,36,0.9876060194675996,42,64,largest,0.5
2004,2004,2,0,-0.050694855039921105,0.04959192268366338,35,0.9550132195358736,42,64,largest,0.5
2005,2005,1,0,-0.00923642053323781,0.09926350591152362,15,1.0005321420940418,42,64,largest,0.5
2006,2006,0,0,-0.015918301075649177,0.09330234235874865,57,0.9509557947791888,42,64,largest,0.5
2007,2007,4,0,-0.026086836118178636,0.04645597123716853,54,0.9994750676631744,42,64,largest,0.5
2008,2008,3,0,-0.03990942193848268,0.05852796342905471,35,0.9827697044835509,42,64,largest,0.5
2009,2009,2,0,-0.0423472610341723,0.05834505772537361,61,0.9920964979337342,42,64,largest,0.5
201,201,1,0,-0.05702549505301735,0.04322429706386284,8,0.9393973565658157,42,64,largest,0.5
2010,2010,0,0,-0.017896192432157454,0.09001484542259094,39,0.9924563781259508,42,64,largest,0.5
2011,2011,4,0,-0.06384622538368112,0.028077355859447598,17,0.9554678128405034,42,64,largest,0.5
2012,2012,3,0,-0.03260816233094366,0.0671037687372031,55,0.9603296837734105,42,64,largest,0.5
2013,2013,2,0,-0.05653773875835111,0.04422154452419612,17,0.9859182409968316,42,64,largest,0.5
2014,2014,1,0,-0.009817878838920047,0.09829762634004373,53,0.9919985674957073,42,64,largest,0.5
2015,2015,0,0,-0.04847382246476917,0.05098199465520672,57,0.9640211045581704,42,64,largest,0.5
2016,2016,4,0,-0.04487480253874865,0.036203405639240925,18,0.9594738691789308,42,64,largest,0.5
2017,2017,3,0,-0.05732569075434624,0.04205009229512988,42,0.9868567994742998,42,64,largest,0.5
2018,2018,2,0,-0.1128696271805093,0.014306054685132446,39,0.9764559104352909,42,64,largest,0.5
2019,2019,1,1,0.0017495306339685435,0.1191567503503998,7,1.0151958989959828,42,64,largest,0.5
202,202,0,1,0.007992770579299813,0.14226980629574415,36,0.9445808332159541,42,64,largest,0.5
2020,2020,4,0,-0.0032762120869742617,0.06262281841674903,34,0.9536189035810029,42,64,largest,0.5
2021,2021,3,0,-0.08623509368372095,0.024043067493887155,42,0.9422449748173224,42,64,largest,0.5
2022,2022,2,0,-0.1027710477248317,0.017552899642315854,45,0.9415450794983614,42,64,largest,0.5
2023,2023,1,0,-0.016167102036315772,0.08828482128013317,36,0.9842948261604582,42,64,largest,0.5
2024,2024,0,1,0.0061443422150292415,0.13782549653293802,36,0.9551408905165152,42,64,largest,0.5
2025,2025,4,0,-0.02699520346818296,0.045902187902033154,62,0.9872100406309355,42,64,largest,0.5
2026,2026,3,0,-0.044017688314797465,0.05416531015595484,57,0.9624028164271085,42,64,largest,0.5
2027,2027,2,0,-0.048795323119123934,0.0514672905863968,2,0.9284823934496498,42,64,largest,0.5
2028,2028,1,0,-0.04869482486095855,0.0501293989944363,1,0.9710238991344559,42,64,largest,0.5
2029,2029,0,1,0.00489012869672667,0.13487676176415886,36,0.9500634724667768,42,64,largest,0.5
203,203,4,0,-0.012964558696859307,0.05519774335420068,14,0.9505031353714485,42,64,largest,0.5
2030,2030,3,0,-0.055341305046037514,0.04367658709194914,13,0.9877803830617918,42,64,largest,0.5
2031,2031,2,0,-0.02101669031254605,0.08768244385579708,11,0.9951238463564461,42,64,largest,0.5
2032,2032,1,0,-0.004217686715671354,0.10795650061271382,2,0.9886393507816771,42,64,largest,0.5
2033,2033,0,0,-0.03571143441494762,0.06481870663435688,58,0.9798476425926861,42,64,largest,0.5
2034,2034,4,0,-0.04548298748148338,0.035910824141944256,38,0.9870249997799739,42,64,largest,0.5
2035,2035,3,0,-0.03927506997859764,0.0592303056547841,60,0.9702928831741687,42,64,largest,0.5
2036,2036,2,1,0.016768581083269507,0.17298476988868253,10,0.976910385859097,42,64,largest,0.5
2037,2037,1,0,-0.036265781167703515,0.0623978164830746,1,0.9799785745984785,42,64,largest,0.5
2038,2038,0,1,0.004563628893967442,0.13411792738501385,36,0.9760815594279142,42,64,largest,0.5
2039,2039,4,0,-0.08511031351968867,0.021069552843206763,40,0.9560885330661215,42,64,largest,0.5
204,204,3,0,-0.027238129451880866,0.07414085984418116,60,0.9908672205577294,42,64,largest,0.5
2040,2040,2,0,-0.08284642222181193,0.026217397924196077,42,0.9808958263135994,42,64,largest,0.5
2041,2041,1,0,-0.054967630731011186,0.04484048184538063,33,0.9511593570034018,42,64,largest,0.5
2042,2042,0,0,-0.055177858616006104,0.04488167998986501,8,0.9980993096033723,42,64,largest,0.5
2043,2043,4,0,-0.06941083314969831,0.02605022813873027,17,0.9495248072534557,42,64,largest,0.5
2044,2044,3,0,-0.06000842164536224,0.03994306723298767,33,0.9701679623692618,42,64,largest,0.5
2045,2045,2,0,-0.07290823407086933,0.031977274160018825,7,0.9839124203930003,42,64,largest,0.5
2046,2046,1,0,-0.05938277783614132,0.04144131362379698,11,0.9366191991296862,42,64,largest,0.5
2047,2047,0,0,-0.036962547998538264,0.06332089221473172,49,0.9645070915219289,42,64,largest,0.5
2048,2048,4,0,-0.02928590115627383,0.04453344705652289,0,0.9739406358994791,42,64,largest,0.5
2049,2049,3,0,-0.07901779641408435,0.027669550329965965,49,0.9612892002258209,42,64,largest,0.5
205,205,2,0,-0.06977786420945242,0.03403280600273244,3,0.9746798062936368,42,64,largest,0.5
2050,2050,1,0,-0.043233213901954115,0.055210661022919175,62,0.9659501703359014,42,64,largest,0.5
2051,2051,0,0,-0.05745717337628653,0.042970783711618665,5,0.9657311303076235,42,64,largest,0.5
2052,2052,4,0,-0.04840237936590841,0.03453779613392854,60,0.9785043336097,42,64,largest,0.5
2053,2053,3,0,-0.07943256905712881,0.02744745295545322,23,0.968642116982423,42,64,largest,0.5
2054,2054,2,0,-0.011333639558052888,0.1049887969627288,36,0.9741685125308105,42,64,largest,0.5
2055,2055,1,0,-0.08894386984917702,0.024298202528640296,4,0.9219066188494419,42,64,largest,0.5
2056,2056,0,0,-0.0041431131264616505,0.11518237350437062,15,0.9340578151768586,42,64,largest,0.5
2057,2057,4,0,-0.03341884508235771,0.0421618189698475,58,0.9698641886877263,42,64,largest,0.5
2058,2058,3,0,-0.007213106779854872,0.1067252931229462,13,0.9767541456497559,42,64,largest,0.5
2059,2059,2,0,-0.06176583220908827,0.039890398074562246,13,0.9943786057301,42,64,largest,0.5
206,206,1,0,-0.06729393804067707,0.03595836847139042,8,0.9446769544966201,42,64,largest,0.5
2060,2060,0,0,-0.08008197501848291,0.027786318910731942,44,0.9397995195255262,42,64,largest,0.5
2061,2061,4,0,-0.03387711842789587,0.041906403939834004,16,0.9797004466080839,42,64,largest,0.5
2062,2062,3,0,-0.07152884870449983,0.031992858789517034,20,0.9764033819852243,42,64,largest,0.5
2063,2063,2,0,-0.064083922737321,0.03810280421414839,58,0.9916985559899388,42,64,largest,0.5
2064,2064,1,0,-0.028641218891036324,0.07125804852256215,8,0.9663712417012886,42,64,largest,0.5
2065,2065,0,0,-0.0742502488019059,0.031110723578562736,24,0.9869785177188839,42,64,largest,0.5
2066,2066,4,0,-0.04432149029942012,0.036471581400608924,45,0.9911956290179379,42,64,largest,0.5
2067,2067,3,0,-0.06343040020106572,0.03740199244180904,44,1.001727419684719,42,64,largest,0.5
2068,2068,2,0,-0.08046320718790356,0.027499129002727534,4,0.9772676707793183,42,64,largest,0.5
2069,2069,1,0,-0.030828947407974927,0.06860323991190581,52,0.9660188166379371,42,64,largest,0.5
207,207,0,0,-0.08998608116140439,0.022915187983358346,24,0.9903033247860611,42,64,largest,0.5
2070,2070,4,0,-0.07247919124331759,0.024994124539111998,63,0.9646034175588356,42,64,largest,0.5
2071,2071,3,0,-0.04551606013255305,0.05265181147563539,35,0.9938370905840197,42,64,largest,0.5
2072,2072,2,0,-0.061568779261587214,0.04004600988110733,13,0.9849092796783351,42,64,largest,0.5
2073,2073,1,0,-0.020673754185557502,0.081746359130309,23,0.9754289634787854,42,64,largest,0.5
2074,2074,0,0,-0.051390884724421326,0.048236700102195496,40,0.9871011438976371,42,64,largest,0.5
2075,2075,4,0,-0.03578959660262915,0.040856386898977866,31,1.0117094577040797,42,64,largest,0.5
2076,2076,3,0,-0.05987716420603628,0.04004376107722662,51,0.9923520268044719,42,64,largest,0.5
2077,2077,2,0,-0.1708297929421272,0.004383462981368471,42,0.9170228320320322,42,64,largest,0.5
2078,2078,1,0,-0.05972880274825565,0.0411855848515754,3,0.9594601734066552,42,64,largest,0.5
2079,2079,0,0,-0.07406897665669032,0.031220002261018242,34,0.979629224816751,42,64,largest,0.5
208,208,4,0,-0.037586835496543625,0.03989263272814783,36,0.9861686520580961,42,64,largest,0.5
2080,2080,3,0,-0.10742910941938932,0.015874354339799692,49,0.9477109650736291,42,64,largest,0.5
2081,2081,2,0,-0.07338219978084548,0.031676699626607976,23,0.9870183889936388,42,64,largest,0.5
2082,2082,1,1,0.002689439503522073,0.1210098887089894,7,0.9972615261468089,42,64,largest,0.5
2083,2083,0,0,-0.03348374316211189,0.06756754758332212,0,0.9856403528300112,42,64,largest,0.5
2084,2084,4,0,-0.023677163718196947,0.04795596807796599,54,1.0002000575595422,42,64,largest,0.5
2085,2085,3,0,-0.054797965384566716,0.04413230279199188,40,0.9917397394006617,42,64,largest,0.5
2086,2086,2,0,-0.1461841661881329,0.00725848508207579,50,0.9085476420559637,42,64,largest,0.5
2087,2087,1,0,-0.023535118147539946,0.07782698254310758,10,0.9725735829086418,42,64,largest,0.5
2088,2088,0,0,-0.10204643916181932,0.018100202297981687,10,0.9666752656394871,42,64,largest,0.5
2089,2089,4,0,-0.060975712134954896,0.02918214856526757,40,0.9774854845367732,42,64,largest,0.5
209,209,3,0,-0.05246692578295076,0.046139365244177714,22,0.9978000198546885,42,64,largest,0.5
2090,2090,2,0,-0.11450958821888835,0.013837831194915376,42,0.9298165099406156,42,64,largest,0.5
2091,2091,1,0,-0.05890242806782697,0.04179883420479294,54,0.9693084179020302,42,64,largest,0.5
2092,2092,0,0,-0.07568260776416091,0.03026016346237504,51,0.9683372449556232,42,64,largest,0.5
2093,2093,4,0,-0.02308245518215557,0.048333185405869915,7,0.9482105764446056,42,64,largest,0.5
2094,2094,3,0,-0.11119076152946927,0.014741895683807562,49,0.9381826122602234,42,64,largest,0.5
2095,2095,2,0,-0.07997094959101825,0.027771362421191003,3,0.9648416460590431,42,64,largest,0.5
2096,2096,1,0,-0.07657002804696433,0.030417070737810258,14,0.9250500385170903,42,64,largest,0.5
2097,2097,0,0,-0.05603617732742061,0.044152771142370616,16,0.963300099055647,42,64,largest,0.5
2098,2098,4,0,-0.04750972579870727,0.03495216136922774,40,0.9863441633872246,42,64,largest,0.5
2099,2099,3,0,-0.05443579769768725,0.04443857933919505,2,0.9688404956207082,42,64,largest,0.5
21,21,2,0,-0.03273533082635294,0.07021155949911059,46,0.9931551359296202,42,64,largest,0.5
210,210,1,0,-0.06227260089460862,0.03935144937704704,63,0.9570129156765737,42,64,largest,0.5
2100,2100,0,0,-0.07262205821354784,0.03210568070307969,21,0.9503867041723376,42,64,largest,0.5
2101,2101,4,0,-0.060171355302378604,0.02949921692905305,29,0.977883961844384,42,64,largest,0.5
2102,2102,3,0,-0.07802338592887625,0.028209158881082445,61,0.9642411771308063,42,64,largest,0.5
2103,2103,2,0,-0.07432334976288835,0.031087932209022506,24,0.9648129180250227,42,64,largest,0.5
2104,2104,1,0,-0.01156416491934198,0.09544699319685279,50,0.9970500477781251,42,64,largest,0.5
2105,2105,0,0,-0.07959058717770484,0.028052583428940417,14,0.9617270933503098,42,64,largest,0.5
2106,2106,4,0,-0.03677142028042646,0.04032716197590579,18,0.9602921133883882,42,64,largest,0.5
2107,2107,3,0,-0.12814402054687846,0.010550737984886925,57,0.9006642552629391,42,64,largest,0.5
2108,2108,2,0,-0.054157704481381574,0.04633869170733005,22,0.9647757666543718,42,64,largest,0.5
2109,2109,1,0,-0.04910017684464407,0.049770462697562544,1,0.9610563341311827,42,64,largest,0.5
211,211,0,0,-0.12654202752514276,0.011177235553033802,48,0.9102340100214685,42,64,largest,0.5
2110,2110,4,0,-0.12242057480376778,0.012679009526607103,17,0.8961960747218073,42,64,largest,0.5
2111,2111,3,0,-0.0952247471720934,0.02016978260619278,11,0.945567923131894,42,64,largest,0.5
2112,2112,2,0,-0.05360150159476218,0.046847187647460806,56,0.9816939705647099,42,64,largest,0.5
2113,2113,1,0,-0.07023993481320323,0.034100618057830934,33,0.9266257184505974,42,64,largest,0.5
2114,2114,0,0,-0.08705702891408462,0.024261753743145507,16,0.9388654362447768,42,64,largest,0.5
2115,2115,4,0,-0.010741043958865104,0.05682488339923095,61,1.0051234467190524,42,64,largest,0.5
2116,2116,3,0,-0.069715485572591,0.033134191205947246,36,0.9931532475119884,42,64,largest,0.5
2117,2117,2,0,-0.10871169375033374,0.015564282066222256,42,0.939541001623165,42,64,largest,0.5
2118,2118,1,0,-0.04598705288356775,0.0525907045844733,33,0.9657073245622962,42,64,largest,0.5
2119,2119,0,0,-0.11002355500587924,0.015476511453319002,16,0.9299043273391563,42,64,largest,0.5
212,212,4,0,-0.074940085187437,0.02417735870877529,41,0.9394982019754908,42,64,largest,0.5
2120,2120,3,0,-0.08321320989430625,0.02550135364726761,45,0.9285430373999802,42,64,largest,0.5
2121,2121,2,0,-0.07080567992572873,0.0333442179251046,47,0.964068079734051,42,64,largest,0.5
2122,2122,1,0,-0.04827303116500348,0.050505496708790024,61,0.957452618440839,42,64,largest,0.5
2123,2123,0,0,-0.07587344096108961,0.030148557786484412,20,0.9808910917377361,42,64,largest,0.5
2124,2124,4,0,-0.07324348295801342,0.024737620228265735,15,0.9511740020755818,42,64,largest,0.5
2125,2125,3,0,-0.10444249776390135,0.016834066405829243,2,0.9522958952199416,42,64,largest,0.5
2126,2126,2,0,-0.1193245827528352,0.012548695351826645,42,0.9041102698102191,42,64,largest,0.5
2127,2127,1,0,-0.029291895638504095,0.07045869378216521,46,0.9686294851261308,42,64,largest,0.5
2128,2128,0,0,-0.06059504059499632,0.04046687998454521,48,0.9783909576191773,42,64,largest,0.5
2129,2129,4,0,-0.06592713131651928,0.027301968656533372,48,0.959933626327957,42,64,largest,0.5
213,213,3,0,-0.014343767528679163,0.09388347897821904,12,0.9649086040425982,42,64,largest,0.5
2130,2130,2,0,-0.08189226871167954,0.026723426592400713,18,0.9655971531761028,42,64,largest,0.5
2131,2131,1,0,-0.055998463572639934,0.04402382255641123,3,0.9589057059283065,42,64,largest,0.5
2132,2132,0,0,-0.052626943804918835,0.04711625183082928,9,0.9922116199393428,42,64,largest,0.5
2133,2133,4,0,-0.05403333263861887,0.03203113925957906,19,0.9977493971998856,42,64,largest,0.5
2134,2134,3,0,-0.03860071210531424,0.059985597216674916,7,0.9877448556925883,42,64,largest,0.5
2135,2135,2,0,-0.06080864807523734,0.04065174877496013,15,0.9959079081853967,42,64,largest,0.5
2136,2136,1,0,-0.07138803428561713,0.03340198450055728,12,0.9505567483002827,42,64,largest,0.5
2137,2137,0,0,-0.07990125902387946,0.027883955456657027,17,0.9951604476092821,42,64,largest,0.5
2138,2138,4,0,-0.02854648851995467,0.0449709542736453,19,1.0007377840595395,42,64,largest,0.5
2139,2139,3,0,-0.05302289742853883,0.04565291647671964,62,0.9587405937164378,42,64,largest,0.5
214,214,2,0,-0.05798968909269486,0.04297560806214879,58,0.9855085067635362,42,64,largest,0.5
2140,2140,1,0,-0.015611066815913954,0.08912352438005902,16,0.9865696851184662,42,64,largest,0.5
2141,2141,0,0,-0.06249358977070174,0.03902039616463537,27,0.9641575290655839,42,64,largest,0.5
2142,2142,4,0,-0.014677469364137163,0.0539742767707429,3,1.0000945939604655,42,64,largest,0.5
2143,2143,3,0,-0.06272148614527795,0.03791532359278801,52,0.9784014759657401,42,64,largest,0.5
2144,2144,2,0,-0.0279057550361258,0.07698405959253793,40,0.9691878789923891,42,64,largest,0.5
2145,2145,1,0,-0.05888069266596685,0.04181508126212645,8,0.9523303660472906,42,64,largest,0.5
2146,2146,0,0,-0.046525780253013904,0.052896993147966274,30,1.0022162739920486,42,64,largest,0.5
2147,2147,4,0,-0.04385033253932269,0.036701444855797044,4,0.9479937893077974,42,64,largest,0.5
2148,2148,3,0,-0.05787418752985252,0.04161083215172599,17,0.9867630110709615,42,64,largest,0.5
2149,2149,2,0,-0.03899823972857863,0.06224916910854014,34,0.9826033716601137,42,64,largest,0.5
215,215,1,0,-0.05074517041338322,0.04833868548074688,18,0.9385331021673559,42,64,largest,0.5
2150,2150,0,0,-0.029777251958353013,0.072381722920694,15,0.9776338536724107,42,64,largest,0.5
2151,2151,4,0,-0.020057238892794427,0.050296028194267706,58,0.996471006550528,42,64,largest,0.5
2152,2152,3,0,-0.05745344445245659,0.041947387165859995,34,0.9682288564800783,42,64,largest,0.5
2153,2153,2,0,-0.07009989784320281,0.033815595653773504,13,0.9780306300021702,42,64,largest,0.5
2154,2154,1,0,-0.01919473852064868,0.0838420327278,47,0.9670608060825262,42,64,largest,0.5
2155,2155,0,0,-0.14914446071941578,0.0071468739137123235,38,0.8872370786052773,42,64,largest,0.5
2156,2156,4,0,-0.027905712862345444,0.045353408323355125,46,0.9928225093437715,42,64,largest,0.5
2157,2157,3,0,-0.035733560182205304,0.06329854681638933,41,0.9504783382346426,42,64,largest,0.5
2158,2158,2,0,-0.027838027673146026,0.07708316335468378,35,1.0049217091980098,42,64,largest,0.5
2159,2159,1,0,-0.015480643229628499,0.08932128859615418,53,0.9993582744278181,42,64,largest,0.5
216,216,0,0,-0.06627559107811709,0.03628543533637333,43,0.972586237157154,42,64,largest,0.5
2160,2160,4,0,-0.00792241811462202,0.058952326320606145,55,0.9939066012410853,42,64,largest,0.5
2161,2161,3,0,-0.017633897672777787,0.08843835513179715,14,0.9913307862655564,42,64,largest,0.5
2162,2162,2,0,-0.08420246989037539,0.025514238520280695,23,0.9559706330733031,42,64,largest,0.5
2163,2163,1,0,-0.061503538477596154,0.03989754068923373,28,0.9542522296144096,42,64,largest,0.5
2164,2164,0,0,-0.11851907336551215,0.013093587275727389,51,0.9499628956250845,42,64,largest,0.5
2165,2165,4,0,-0.08515562220614581,0.02105662192370345,41,0.9499628867379724,42,64,largest,0.5
2166,2166,3,0,-0.04817620349549112,0.0500627697461438,28,0.9713646550558217,42,64,largest,0.5
2167,2167,2,0,-0.02612031514512181,0.0796360330340394,40,0.9794224094628067,42,64,largest,0.5
2168,2168,1,1,0.0064655452880485464,0.1287069510856123,7,0.9898551740108548,42,64,largest,0.5
2169,2169,0,0,-0.02123616529597605,0.0846998407033736,58,0.9753037603736693,42,64,largest,0.5
217,217,4,0,-0.036530848691007645,0.0404562248280565,14,0.9621840442443722,42,64,largest,0.5
2170,2170,3,0,-0.07746930226969162,0.028514246595594983,44,0.9814709327279066,42,64,largest,0.5
2171,2171,2,0,-0.06472825570633622,0.037619748177319744,15,0.987481131103821,42,64,largest,0.5
2172,2172,1,0,-0.05397219184944124,0.04564278955912166,14,0.9640934943715292,42,64,largest,0.5
2173,2173,0,0,-0.07067023491199054,0.033338981806525704,49,0.9902050731489243,42,64,largest,0.5
2174,2174,4,0,-0.07582143322204982,0.023891218112600112,41,0.9587764655318111,42,64,largest,0.5
2175,2175,3,0,-0.07462073796663593,0.030133945224582015,22,1.0079115836729233,42,64,largest,0.5
2176,2176,2,0,-0.04208642435798693,0.05864069163673684,24,0.9811224940246105,42,64,largest,0.5
2177,2177,1,0,-0.027032844249783805,0.07326997972972366,13,0.9707894323007227,42,64,largest,0.5
2178,2178,0,0,-0.059506368025972534,0.04131935643445638,52,0.9778824778670362,42,64,largest,0.5
2179,2179,4,0,-0.027227200370202764,0.045761762230703246,31,0.9991175718520013,42,64,largest,0.5
218,218,3,0,-0.08922865931146018,0.02267877109111304,10,0.9636141182598785,42,64,largest,0.5
2180,2180,2,0,-0.0337597348294596,0.06884763457946079,35,0.9975173560406865,42,64,largest,0.5
2181,2181,1,0,-0.001460380728311228,0.11301215240557998,50,0.9899020063319077,42,64,largest,0.5
2182,2182,0,0,-0.07389393688290191,0.03132587628899145,18,0.9641094315256895,42,64,largest,0.5
2183,2183,4,0,-0.025258823852668977,0.046966298542937504,19,0.9902670429342353,42,64,largest,0.5
2184,2184,3,0,-0.11178275792236259,0.014571071956579182,31,0.937281263304068,42,64,largest,0.5
2185,2185,2,0,-0.1342381293640702,0.009262812906976515,45,0.9360243640780297,42,64,largest,0.5
2186,2186,1,0,-0.04204450238250268,0.05637915872673981,24,0.9588167319305532,42,64,largest,0.5
2187,2187,0,0,-0.05602113337433978,0.044165449145286785,49,0.9899093743387731,42,64,largest,0.5
2188,2188,4,0,-0.03500926179483321,0.041281740982123546,36,0.9883227711699478,42,64,largest,0.5
2189,2189,3,0,-0.10720002630628944,0.015946021288966213,8,0.9372066855800892,42,64,largest,0.5
219,219,2,0,-0.003788215979476428,0.12050119036554174,62,0.981905023315709,42,64,largest,0.5
2190,2190,1,0,-0.09383630895306838,0.022225338097100006,27,0.9183124669219046,42,64,largest,0.5
2191,2191,0,0,-0.08037777172598548,0.02762722325734149,21,0.962802306330258,42,64,largest,0.5
2192,2192,4,0,-0.03191588748716556,0.04300996329379116,11,0.954897915067214,42,64,largest,0.5
2193,2193,3,0,-0.026168979213406107,0.07562068428528697,46,0.9891833145958528,42,64,largest,0.5
2194,2194,2,0,-0.0773167926954672,0.029284892225586927,60,0.9741827067589086,42,64,largest,0.5
2195,2195,1,0,-0.003399641282314292,0.1094353230019289,36,0.9832789152945219,42,64,largest,0.5
2196,2196,0,0,-0.08978611506368284,0.023004749707857597,45,0.9452294575989556,42,64,largest,0.5
2197,2197,4,0,-0.07746872978376929,0.023365234955589793,41,0.9766423684793426,42,64,largest,0.5
2198,2198,3,0,-0.010854154086692769,0.0999853265666388,57,0.9824833222479935,42,64,largest,0.5
2199,2199,2,0,-0.03156032700119271,0.07180673297648865,11,0.9752807075053141,42,64,largest,0.5
22,22,1,0,-0.020988663836070787,0.08130635656823847,55,0.9764110499713726,42,64,largest,0.5
220,220,0,0,-0.04629291381690348,0.05313040397348696,8,0.9568997056736637,42,64,largest,0.5
2200,2200,4,0,-0.08053860763469389,0.02241501761798641,29,0.9647178781055623,42,64,largest,0.5
2201,2201,3,0,-0.06446496147078173,0.036664828883885954,22,0.9677649914763926,42,64,largest,0.5
2202,2202,2,0,-0.030230577248878787,0.07365228063856344,34,0.9856871874420036,42,64,largest,0.5
2203,2203,1,0,-0.0011701325223681946,0.11355618880654648,53,0.9853687396571149,42,64,largest,0.5
2204,2204,0,0,-0.08978923627329005,0.023003349143880445,43,0.9691046325343916,42,64,largest,0.5
2205,2205,4,0,-0.026805127655203154,0.04601754471687172,21,0.984066592117106,42,64,largest,0.5
2206,2206,3,0,-0.048842207986169894,0.04943369173414449,40,0.9898236983104278,42,64,largest,0.5
2207,2207,2,0,-0.09243543359176198,0.0216235123743777,16,0.9732360346936416,42,64,largest,0.5
2208,2208,1,0,-0.0689131839807241,0.03492552485071452,3,0.9391624468595251,42,64,largest,0.5
2209,2209,0,0,-0.050127579900901775,0.049407955019361544,21,0.9776994416600457,42,64,largest,0.5
221,221,4,0,-0.0705615536430576,0.025649163856679185,49,0.9319287600784861,42,64,largest,0.5
2210,2210,3,0,-0.07134901879215017,0.03210432430644156,61,0.9191596354985162,42,64,largest,0.5
2211,2211,2,0,-0.10124391338339689,0.01810319334805215,61,0.9732776952063087,42,64,largest,0.5
2212,2212,1,0,-0.024837592394574615,0.07610049791183635,56,0.9660652670892472,42,64,largest,0.5
2213,2213,0,0,-0.056122272867922485,0.04408028252902181,8,0.9700481291495318,42,64,largest,0.5
2214,2214,4,0,-0.03619358053739863,0.04063783014868574,48,0.9594530647870466,42,64,largest,0.5
2215,2215,3,0,-0.10154213812812718,0.017820557425752375,31,0.9353878034182179,42,64,largest,0.5
2216,2216,2,0,-0.05649174752656694,0.04426156787425323,11,0.9663467746033787,42,64,largest,0.5
2217,2217,1,0,-0.04410759317264312,0.054365745337925195,18,0.9573412054321868,42,64,largest,0.5
2218,2218,0,0,-0.08792602542010663,0.023854396245504457,16,0.9589326144977337,42,64,largest,0.5
2219,2219,4,0,-0.0610840449815111,0.029139698357766964,29,0.9790713223039287,42,64,largest,0.5
222,222,3,0,-0.04427588293560991,0.05390161541389614,56,0.9871698352388983,42,64,largest,0.5
2220,2220,2,0,-0.04153628499946205,0.05926883407062545,46,0.9756568321158765,42,64,largest,0.5
2221,2221,1,0,-0.04857127282227569,0.050239290164350706,3,0.9724062578504514,42,64,largest,0.5
2222,2222,0,0,-0.0642027494773213,0.03776074180053202,30,0.9888289220377297,42,64,largest,0.5
2223,2223,4,0,-0.06554956930694622,0.027441093491921448,8,0.9700612156763483,42,64,largest,0.5
2224,2224,3,0,-0.07678537395722518,0.028895247406706508,46,0.9769278704265277,42,64,largest,0.5
2225,2225,2,0,-0.08031577175363502,0.02758039211781532,46,0.974483461923947,42,64,largest,0.5
2226,2226,1,0,-0.007136463395259196,0.10282244477834393,22,0.9870724122680826,42,64,largest,0.5
2227,2227,0,0,-0.12749310356696175,0.01096930154197509,39,0.9241573131366072,42,64,largest,0.5
2228,2228,4,0,-0.03937317479986269,0.038956336878899406,41,0.9927530871918451,42,64,largest,0.5
2229,2229,3,0,-0.06314768258885217,0.03760590515780605,42,0.9619832234899712,42,64,largest,0.5
223,223,2,0,-0.07864997398635265,0.028514903348259284,15,0.9916168191419128,42,64,largest,0.5
2230,2230,1,0,-0.04258901000699511,0.05584105164440805,32,0.952701362887902,42,64,largest,0.5
2231,2231,0,0,-0.1232541075824134,0.011926543817658314,14,0.9499251362807468,42,64,largest,0.5
2232,2232,4,0,-0.04828766459492562,0.03459077973228097,4,0.9665183639980656,42,64,largest,0.5
2233,2233,3,0,-0.08429317170614814,0.024970556525383925,59,0.9710048354491803,42,64,largest,0.5
2234,2234,2,0,-0.06232643215705558,0.03945085852097189,63,0.9833304102597702,42,64,largest,0.5
2235,2235,1,0,-0.0848248974837238,0.026188542716392524,11,0.9184655050776946,42,64,largest,0.5
2236,2236,0,0,-0.051390884724421326,0.048236700102195496,40,0.9871011438976371,42,64,largest,0.5
2237,2237,4,0,-0.036767860725878676,0.04032906874263934,1,0.9730446364912165,42,64,largest,0.5
2238,2238,3,0,-0.053633724678121775,0.04512410263586341,35,1.0056122694713314,42,64,largest,0.5
2239,2239,2,0,-0.06786950678579662,0.035347862863232715,3,0.9630974674999639,42,64,largest,0.5
224,224,1,0,-0.10695607426176945,0.01748353393028617,4,0.9114103666508031,42,64,largest,0.5
2240,2240,0,0,-0.04284781582735819,0.05669901909367316,1,0.9773818673487711,42,64,largest,0.5
2241,2241,4,0,-0.03560278512364523,0.04095783268905496,46,0.9983298907658337,42,64,largest,0.5
2242,2242,3,0,-0.06991759396904496,0.03300506189391416,17,0.9924331026239602,42,64,largest,0.5
2243,2243,2,1,0.0002952494730968924,0.1296956923046742,10,0.9712987873224999,42,64,largest,0.5
2244,2244,1,0,-0.012876988497399933,0.09335286243527889,34,0.9880950080318901,42,64,largest,0.5
2245,2245,0,0,-0.11205011591995329,0.01487193406850235,49,0.9648494988105961,42,64,largest,0.5
2246,2246,4,0,-0.04208986199065512,0.03757271536385906,60,0.9953924681433834,42,64,largest,0.5
2247,2247,3,0,-0.04193516504825179,0.05633706861514119,35,0.9970195050135569,42,64,largest,0.5
2248,2248,2,0,-0.07115234746538857,0.03311501504747337,14,0.981667764119172,42,64,largest,0.5
2249,2249,1,0,-0.03293182086590807,0.06613803441621362,60,0.9622858007577534,42,64,largest,0.5
225,225,0,0,-0.010540084552086437,0.1027916144258656,6,0.9789873724738162,42,64,largest,0.5
2250,2250,4,0,-0.02742434690618112,0.045642752716857034,44,0.9819646273257746,42,64,largest,0.5
2251,2251,3,0,-0.0677390681740796,0.03442292149263494,44,0.9803464483578713,42,64,largest,0.5
2252,2252,2,0,-0.030265539784045004,0.07360320230512928,58,1.0000952222562909,42,64,largest,0.5
2253,2253,1,0,-0.013661883869190872,0.0921206188039266,60,0.9822804585120936,42,64,largest,0.5
2254,2254,0,0,-0.050598514936668004,0.048968215250667385,34,0.9885148695895115,42,64,largest,0.5
2255,2255,4,0,-0.012734308806152228,0.055364179862021995,18,0.978238569750858,42,64,largest,0.5
2256,2256,3,0,-0.042643145623248446,0.05558971757659478,44,0.9874763807133847,42,64,largest,0.5
2257,2257,2,0,-0.028020050768763016,0.07681707831467896,55,0.9664770677658677,42,64,largest,0.5
2258,2258,1,1,0.005669941360279873,0.12705128256809964,7,0.9800298753826876,42,64,largest,0.5
2259,2259,0,0,-0.04927404118647383,0.050214510693659516,2,0.9996511050177499,42,64,largest,0.5
226,226,4,0,-0.02601529483525833,0.046499855144210206,5,1.0054320680120006,42,64,largest,0.5
2260,2260,3,0,-0.015749055142077584,0.09152190059578959,46,0.9806374675107363,42,64,largest,0.5
2261,2261,2,0,-0.03972432871042619,0.06138254445766358,34,0.9576521236537567,42,64,largest,0.5
2262,2262,1,0,-0.07001330092420632,0.034240184279705155,32,0.9430893794400381,42,64,largest,0.5
2263,2263,0,0,-0.0467056070217331,0.052717408816742674,7,0.9413436347204994,42,64,largest,0.5
2264,2264,4,0,-0.030665727916514784,0.04372784039167085,14,0.9513500183958995,42,64,largest,0.5
2265,2265,3,0,-0.12714317534997377,0.010761560489329467,34,0.911546387583747,42,64,largest,0.5
2266,2266,2,0,-0.0997517088133949,0.018657244611958553,42,0.9433569923754114,42,64,largest,0.5
2267,2267,1,0,-0.025693886219508744,0.07498466362039559,24,0.9690132451062837,42,64,largest,0.5
2268,2268,0,0,-0.07608600248580488,0.030024714177894086,16,0.9635473308400141,42,64,largest,0.5
2269,2269,4,0,-0.052263196100128084,0.032799558038542606,40,0.9523804039212553,42,64,largest,0.5
227,227,3,0,-0.08423453298276118,0.02499909880879572,22,0.9528301480709138,42,64,largest,0.5
2270,2270,2,0,-0.05519292583930446,0.04540621659803251,11,0.9827687020695497,42,64,largest,0.5
2271,2271,1,0,-0.06418950032269832,0.03802134105258204,18,0.963064520818803,42,64,largest,0.5
2272,2272,0,0,-0.08584210713275009,0.02484266003622483,60,0.9412137765471468,42,64,largest,0.5
2273,2273,4,0,-0.05469214313097359,0.03174961670441594,1,0.9788824380740561,42,64,largest,0.5
2274,2274,3,0,-0.09486238039642625,0.020313373361505457,4,0.9651119180408508,42,64,largest,0.5
2275,2275,2,0,-0.11005379490231704,0.015146680918903475,22,0.9504094399166767,42,64,largest,0.5
2276,2276,1,0,-0.0506249236623878,0.04844200829667101,13,0.9559044568264069,42,64,largest,0.5
2277,2277,0,0,-0.10018672030419329,0.018772050746147455,52,0.9732088342392997,42,64,largest,0.5
2278,2278,4,0,-0.05098292165483431,0.0333663945269566,38,0.9795140981118404,42,64,largest,0.5
2279,2279,3,0,-0.055035214404562716,0.043932759559702925,42,0.9825123329642655,42,64,largest,0.5
228,228,2,0,-0.021175446283305366,0.0874214299941033,34,0.9909508385216881,42,64,largest,0.5
2280,2280,1,0,-0.028846023983902458,0.07100554718933576,51,0.9768425253082668,42,64,largest,0.5
2281,2281,0,0,-0.08978546783292118,0.023005040146737703,14,0.9658630563955753,42,64,largest,0.5
2282,2282,4,0,-0.03713838037150807,0.040131053123665265,5,0.9691142158038647,42,64,largest,0.5
2283,2283,3,0,-0.1067444631098442,0.01608948801755327,38,0.909586185222691,42,64,largest,0.5
2284,2284,2,0,-0.08132880072398607,0.027026705908485636,16,0.968458850184241,42,64,largest,0.5
2285,2285,1,0,-0.011134725669540324,0.09614107604786473,26,0.996572169056371,42,64,largest,0.5
2286,2286,0,0,-0.08795575286235502,0.023840579657490712,14,0.9734851992026393,42,64,largest,0.5
2287,2287,4,0,-0.058584331698456116,0.030134628574450113,23,0.926675564847685,42,64,largest,0.5
2288,2288,3,0,-0.09695428467454326,0.01949802333674678,61,0.9275478333345903,42,64,largest,0.5
2289,2289,2,0,-0.07270155646788201,0.032109204620954186,24,0.9666245944261959,42,64,largest,0.5
229,229,1,0,-0.04630196484925797,0.05229869323771035,9,0.9582868570419911,42,64,largest,0.5
2290,2290,0,0,-0.08055269922370212,0.027533554505450447,16,0.9513227948216644,42,64,largest,0.5
2291,2291,4,0,-0.09056182778749544,0.019568212224012956,7,0.9202021262099273,42,64,largest,0.5
2292,2292,3,0,-0.09375428368438643,0.020758704079177147,22,0.9736193483292893,42,64,largest,0.5
2293,2293,2,0,-0.12206840829434396,0.011867886164750291,56,0.9299831936554122,42,64,largest,0.5
2294,2294,1,0,-0.026315759400710736,0.07418374718764531,33,0.9779543775431402,42,64,largest,0.5
2295,2295,0,0,-0.08974095083259315,0.02302502533786158,9,0.9631276916268284,42,64,largest,0.5
2296,2296,4,0,-0.057981822580004394,0.030379317711518833,55,0.9439561393891982,42,64,largest,0.5
2297,2297,3,0,-0.10780271480725523,0.015758153958644713,43,0.9223352761842157,42,64,largest,0.5
2298,2298,2,0,-0.09166700174545872,0.021960633907878703,57,0.9673466976796065,42,64,largest,0.5
2299,2299,1,0,-0.08863186053771199,0.024436612541351446,52,0.930961224465929,42,64,largest,0.5
23,23,0,1,0.00017406927658081273,0.12426256059984139,36,0.9690284055994218,42,64,largest,0.5
230,230,4,0,-0.0022988031774383577,0.06342166834125336,44,0.9751656629776148,42,64,largest,0.5
2300,2300,3,0,-0.06169102276981486,0.03867357528368666,20,0.9678338920195346,42,64,largest,0.5
2301,2301,2,0,-0.04181174393581755,0.05895353423191347,51,0.9774999068158831,42,64,largest,0.5
2302,2302,1,0,-0.07191261180323694,0.033087390217218245,3,0.9361730706846805,42,64,largest,0.5
2303,2303,0,0,-0.05123229946993468,0.048382270679419116,5,0.9713981725554589,42,64,largest,0.5
2304,2304,4,0,-0.07301413414972191,0.02481432147800452,15,0.9525624894334421,42,64,largest,0.5
2305,2305,3,0,-0.0650950612251231,0.03622272822888138,18,0.9939996299965792,42,64,largest,0.5
2306,2306,2,0,-0.07556029982266277,0.030330207406950874,4,0.9816028544149102,42,64,largest,0.5
2307,2307,1,0,-0.11459427581620507,0.015196389143528838,33,0.9044753945900319,42,64,largest,0.5
2308,2308,0,0,-0.09866610994070457,0.01933951767703755,44,0.9469299009086461,42,64,largest,0.5
2309,2309,4,0,-0.0483888816740754,0.034544026282286644,54,0.9975684644751512,42,64,largest,0.5
231,231,3,0,-0.00970456360990124,0.1020714266687858,18,0.9843640502426882,42,64,largest,0.5
2310,2310,2,0,-0.046704036773572155,0.053609464096402236,61,0.9758093984129094,42,64,largest,0.5
2311,2311,1,0,-0.060671131108305465,0.04049679496790393,63,0.95854328808385,42,64,largest,0.5
2312,2312,0,0,-0.14351797941694722,0.007989769824468917,44,0.9099738683161109,42,64,largest,0.5
2313,2313,4,0,-0.09306188119253034,0.01891525342333068,48,0.9083465125491781,42,64,largest,0.5
2314,2314,3,0,-0.058035377989565595,0.04148258046698253,35,0.9731303580878817,42,64,largest,0.5
2315,2315,2,0,-0.06570065442671846,0.03690186752580394,16,0.9550876428366843,42,64,largest,0.5
2316,2316,1,0,-0.06927901852300278,0.03469616591630514,33,0.9318155199810154,42,64,largest,0.5
2317,2317,0,0,-0.10978863759767554,0.015548139745673123,27,0.907327260826958,42,64,largest,0.5
2318,2318,4,0,-0.10435943483499854,0.016221536231877946,41,0.9170522949727447,42,64,largest,0.5
2319,2319,3,0,-0.07554545022036563,0.02959861155048684,8,0.9581007201929623,42,64,largest,0.5
232,232,2,0,-0.015567775032068853,0.09707777075560081,9,0.9584262742501835,42,64,largest,0.5
2320,2320,1,0,-0.06066156572644665,0.040503730990194,27,0.9660784763408565,42,64,largest,0.5
2321,2321,0,0,-0.08167248669228344,0.026941210287555205,21,0.952886204056632,42,64,largest,0.5
2322,2322,4,0,-0.05513931823958795,0.03155989510786141,48,0.951153148503575,42,64,largest,0.5
2323,2323,3,0,-0.10472896442137669,0.01673959380811589,34,0.9280508767324773,42,64,largest,0.5
2324,2324,2,0,-0.04686439509411433,0.053442269011120876,45,0.9845513189865045,42,64,largest,0.5
2325,2325,1,0,-0.019796421733992875,0.08298365873733694,13,0.9894591177402069,42,64,largest,0.5
2326,2326,0,0,-0.12181446097455317,0.012270060787567785,20,0.9488040847741289,42,64,largest,0.5
2327,2327,4,0,-0.04085983767893675,0.03819322350528065,22,0.9818249562583224,42,64,largest,0.5
2328,2328,3,0,-0.07864095751869726,0.027872848503517046,20,0.934741573091451,42,64,largest,0.5
2329,2329,2,0,-0.10622812516912516,0.0163671509032208,54,0.9436734733506974,42,64,largest,0.5
233,233,1,0,-0.02893944674256399,0.07089064222817718,34,0.9874109735526927,42,64,largest,0.5
2330,2330,0,0,-0.06122353052637042,0.03998244195771406,27,0.9383464595841183,42,64,largest,0.5
2331,2331,4,0,-0.050205636817976185,0.03371513643537864,17,0.9389581039573003,42,64,largest,0.5
2332,2332,3,0,-0.07192918570088291,0.03174605675122602,15,0.9637200221270513,42,64,largest,0.5
2333,2333,2,0,-0.1032192892289876,0.017394520372981847,61,0.9628972209166904,42,64,largest,0.5
2334,2334,1,0,-0.08284377101525664,0.027148004867186666,52,0.9253735803010977,42,64,largest,0.5
2335,2335,0,0,-0.043708639941578475,0.05578676404802784,1,0.9749929677571194,42,64,largest,0.5
2336,2336,4,0,-0.019189390820278818,0.05087290617422959,0,0.9447213049079115,42,64,largest,0.5
2337,2337,3,0,-0.06291697588958622,0.03777309567716025,49,0.9633909414952355,42,64,largest,0.5
2338,2338,2,0,-0.06737455134054549,0.03569685576168968,60,0.9661012094551826,42,64,largest,0.5
2339,2339,1,0,-0.037838434416980316,0.06070287714099151,9,0.9794076808169588,42,64,largest,0.5
234,234,0,0,-0.10699132071229045,0.01642654317140597,14,0.9381973326859511,42,64,largest,0.5
2340,2340,4,0,-0.05774665533822554,0.030475344391973944,49,0.9545695846731796,42,64,largest,0.5
2341,2341,3,0,-0.08077175823921612,0.02674212532727231,54,0.9707342941055453,42,64,largest,0.5
2342,2342,2,0,-0.0545735698271842,0.045961931612846646,61,0.9693006174336737,42,64,largest,0.5
2343,2343,1,0,-0.05280766845243212,0.046598725257741454,61,0.9485124163141454,42,64,largest,0.5
2344,2344,0,0,-0.092410908601267,0.021855886235847038,5,0.9556884267460892,42,64,largest,0.5
2345,2345,4,0,-0.0380781001656878,0.03963301103365871,38,0.9669643729502673,42,64,largest,0.5
2346,2346,3,0,-0.07953645885585359,0.027392095185037938,36,0.9898604863691534,42,64,largest,0.5
2347,2347,2,0,-0.08533944132632632,0.024938861335887522,24,0.9859574927081497,42,64,largest,0.5
2348,2348,1,0,-0.00797442118858327,0.10138894910755523,34,1.0039643557958449,42,64,largest,0.5
2349,2349,0,0,-0.02828789108034757,0.07440384075602659,24,0.9910566972619693,42,64,largest,0.5
235,235,4,0,-0.05711090023929233,0.03073641849030076,48,0.947206908286888,42,64,largest,0.5
2350,2350,3,1,0.024588123036343723,0.18403933670163639,47,0.9503191540892635,42,64,largest,0.5
2351,2351,2,0,-0.011219397692329935,0.10520993321135919,58,0.9795808596513504,42,64,largest,0.5
2352,2352,1,0,-0.005778782283135886,0.1051831303531555,12,1.0020389932106581,42,64,largest,0.5
2353,2353,0,0,-0.027165976866438513,0.07596124469837116,27,0.9961933215856638,42,64,largest,0.5
2354,2354,4,0,-0.02928471432602442,0.04453414603672194,44,0.9481412491776706,42,64,largest,0.5
2355,2355,3,0,-0.08636962843464624,0.023980071059186477,23,0.9561386912820671,42,64,largest,0.5
2356,2356,2,0,-0.08828170385863077,0.023507979109747692,54,0.9946012996888693,42,64,largest,0.5
2357,2357,1,0,-0.10350073081900868,0.018626244672212272,33,0.8975433307943036,42,64,largest,0.5
2358,2358,0,0,-0.14817458999293298,0.007285597049440033,44,0.9078656516698658,42,64,largest,0.5
2359,2359,4,0,-0.011321610719436714,0.05639573443230965,32,0.9898876884069894,42,64,largest,0.5
236,236,3,0,-0.05617089220576643,0.042989440310082234,3,0.9241765182642024,42,64,largest,0.5
2360,2360,2,1,0.0025293347580003234,0.13497450875726077,10,0.9742403226287458,42,64,largest,0.5
2361,2361,1,0,-0.031166061403177236,0.06820238867492692,53,0.9691231437230285,42,64,largest,0.5
2362,2362,0,0,-0.05969503991099778,0.04117039720886232,52,0.9878355858373119,42,64,largest,0.5
2363,2363,4,0,-0.017327046979568994,0.052132048669316866,19,1.002045183720683,42,64,largest,0.5
2364,2364,3,0,-0.06051372943278199,0.03955768239875544,46,0.9735507328119222,42,64,largest,0.5
2365,2365,2,0,-0.08041298601367497,0.027526783629120324,13,0.9790496028565169,42,64,largest,0.5
2366,2366,1,0,-0.07886850107545174,0.029177354631835517,4,0.9224561086095817,42,64,largest,0.5
2367,2367,0,0,-0.04717855023091322,0.05224784787238998,1,0.9980238747380561,42,64,largest,0.5
2368,2368,4,0,-0.026132022107395736,0.046428274148756,21,0.989408896932936,42,64,largest,0.5
2369,2369,3,0,-0.07236670936670098,0.03147843574235864,22,0.9827361976480954,42,64,largest,0.5
237,237,2,0,-0.055547552648568255,0.04509091591300361,13,1.0047480864313905,42,64,largest,0.5
2370,2370,1,0,-0.010415527288845983,0.0973135884260083,51,0.9885718074149539,42,64,largest,0.5
2371,2371,0,0,-0.09019949198982458,0.022819980188642144,52,0.9824275422523141,42,64,largest,0.5
2372,2372,4,0,-0.03859741383202542,0.03936032765925794,36,0.9912870116618858,42,64,largest,0.5
2373,2373,3,0,-0.05384395086832783,0.04494345628562066,15,0.9902606775606811,42,64,largest,0.5
2374,2374,2,0,-0.04915345853261022,0.05110865332689463,13,0.976937211079599,42,64,largest,0.5
2375,2375,1,0,-0.0390436926196327,0.059433151002558714,15,0.9767095283749854,42,64,largest,0.5
2376,2376,0,0,-0.06832660796685874,0.03488034613871798,24,0.9834110152797721,42,64,largest,0.5
2377,2377,4,0,-0.07991635720361157,0.022604521183620423,13,0.9679472278447917,42,64,largest,0.5
2378,2378,3,0,-0.05611998555920683,0.04303130726979968,1,0.9698328020690204,42,64,largest,0.5
2379,2379,2,0,-0.03716899118863182,0.06448334990242004,13,0.9928174093546996,42,64,largest,0.5
238,238,1,0,-0.028878213883585135,0.07096593593621682,16,0.9692815871836341,42,64,largest,0.5
2380,2380,0,0,-0.10595692818206814,0.016763570241370353,21,0.946447717781327,42,64,largest,0.5
2381,2381,4,0,-0.0569811659667564,0.03078995956500645,48,0.9725112339451839,42,64,largest,0.5
2382,2382,3,0,-0.06962383075023804,0.0331929111692134,17,0.9786849982512563,42,64,largest,0.5
2383,2383,2,0,-0.09532800340091963,0.020399301651911252,4,0.9669836084585821,42,64,largest,0.5
2384,2384,1,0,-0.04217698332981912,0.056247787948055725,18,0.9678672664442496,42,64,largest,0.5
2385,2385,0,0,-0.07499663446525895,0.03066465823010994,56,0.9645504494801195,42,64,largest,0.5
2386,2386,4,0,-0.0695992147056077,0.025984155587149834,36,0.9921691636534804,42,64,largest,0.5
2387,2387,3,0,-0.10186713018919524,0.01770725422504376,22,0.993102573851062,42,64,largest,0.5
2388,2388,2,0,-0.11149341754419473,0.014710996708475239,12,0.927809194376871,42,64,largest,0.5
2389,2389,1,0,-0.025769801785480717,0.07488646707376413,61,0.9805559573565176,42,64,largest,0.5
239,239,0,0,-0.05898764820314617,0.04173155586041182,15,0.9954996667714371,42,64,largest,0.5
2390,2390,4,0,-0.03844366861091841,0.03944086880872647,33,0.9721100379167442,42,64,largest,0.5
2391,2391,3,0,-0.1007465837138366,0.01810092699815878,61,0.9272147907313353,42,64,largest,0.5
2392,2392,2,0,-0.1205502103308369,0.012239948470545083,24,0.9072792498073792,42,64,largest,0.5
2393,2393,1,0,-0.05136541548110907,0.04780905018764199,58,0.9615178808055432,42,64,largest,0.5
2394,2394,0,0,-0.1405425939930165,0.008474642678110107,8,0.937431635432316,42,64,largest,0.5
2395,2395,4,0,-0.06234275205918971,0.02865084491276401,47,0.9524024469190109,42,64,largest,0.5
2396,2396,3,0,-0.03583185708365766,0.0631821934898788,41,0.9970640396843667,42,64,largest,0.5
2397,2397,2,0,-0.07195672846615331,0.03258903678012293,46,1.002429498678995,42,64,largest,0.5
2398,2398,1,0,-0.011188588613326056,0.09605377310236546,34,0.9897242523127574,42,64,largest,0.5
2399,2399,0,0,-0.03950584131297996,0.06037510611270446,10,0.9872992789142249,42,64,largest,0.5
24,24,4,0,-0.03663959632256242,0.04039783451690042,0,0.979330594973214,42,64,largest,0.5
240,240,3,0,-0.03152207429271181,0.06847510444254035,46,0.988618900476973,42,64,largest,0.5
2400,2400,2,0,-0.0823626699350396,0.02647277640843111,13,0.9816827313185345,42,64,largest,0.5
2401,2401,1,1,0.001788380559392233,0.11923285879311789,7,0.998268759033471,42,64,largest,0.5
2402,2402,0,0,-0.06778387160681676,0.03524697273171234,32,0.99982747171593,42,64,largest,0.5
2403,2403,4,0,-0.036512189375194404,0.04046625177281024,16,0.9909856516007337,42,64,largest,0.5
2404,2404,3,0,-0.025585864208880982,0.07643916665826532,7,0.9734659133335171,42,64,largest,0.5
2405,2405,2,0,-0.07178395896207435,0.03270132428526633,23,0.9677501165756688,42,64,largest,0.5
2406,2406,1,0,-0.04770111840564761,0.05101971851140319,16,0.9612414818820475,42,64,largest,0.5
2407,2407,0,0,-0.0644366745670153,0.037591407088979116,10,0.9822321784999186,42,64,largest,0.5
2408,2408,4,0,-0.07431137096022356,0.024383518276754723,14,0.9204574591919099,42,64,largest,0.5
2409,2409,3,0,-0.05202409031453903,0.04653035034190527,39,0.984139658812851,42,64,largest,0.5
241,241,2,0,-0.08170470916120409,0.026824008780751283,8,0.9541888251725349,42,64,largest,0.5
2410,2410,1,0,-0.043872003929946835,0.05459218911512509,60,0.9830991285769902,42,64,largest,0.5
2411,2411,0,0,-0.04185746957150305,0.057765873371141585,2,0.9878068427625009,42,64,largest,0.5
2412,2412,4,0,-0.045232276441397046,0.03603115770832327,31,1.0030568297028937,42,64,largest,0.5
2413,2413,3,0,-0.020518779465951154,0.08390028594596727,30,0.9884800091761023,42,64,largest,0.5
2414,2414,2,0,-0.07111018371475009,0.03314281057076945,3,0.9938928343241122,42,64,largest,0.5
2415,2415,1,0,-0.0076518086179492295,0.10193873196266044,34,0.9936885749303493,42,64,largest,0.5
2416,2416,0,0,-0.03035634800924747,0.07160924682939819,40,0.9992173217449101,42,64,largest,0.5
2417,2417,4,0,-0.048647609331672115,0.034424793482059436,29,0.9895263469070399,42,64,largest,0.5
2418,2418,3,0,-0.03268046528610191,0.06701338688800844,13,0.9767800604826113,42,64,largest,0.5
2419,2419,2,0,-0.07651756191042813,0.029756122647976342,16,0.9994153061015942,42,64,largest,0.5
242,242,1,0,-0.08478442275824583,0.02620781046659034,3,0.9293600381691797,42,64,largest,0.5
2420,2420,0,0,-0.027888987432071244,0.07495419225097491,6,0.988582565121639,42,64,largest,0.5
2421,2421,4,1,0.013274269403571792,0.07749503922629133,42,0.9743132467101493,42,64,largest,0.5
2422,2422,3,0,-0.034611564259217964,0.06464087019343304,37,0.966260712414502,42,64,largest,0.5
2423,2423,2,0,-0.021074259743267376,0.0875877114999504,58,0.9878713506462096,42,64,largest,0.5
2424,2424,1,1,0.015431284700029413,0.14866099102216743,7,0.9925814439497317,42,64,largest,0.5
2425,2425,0,0,-0.0707469379061304,0.03328966312347582,34,0.9928893513496145,42,64,largest,0.5
2426,2426,4,0,-0.03743898175233129,0.03997108852044865,63,0.9774954490696672,42,64,largest,0.5
2427,2427,3,0,-0.02099096834449965,0.08317795930385474,41,0.9799554789440973,42,64,largest,0.5
2428,2428,2,0,-0.04973638336709041,0.050529963782686704,7,0.9751653944277107,42,64,largest,0.5
2429,2429,1,0,-0.027684547864132547,0.07244852862674432,22,0.9797186622216485,42,64,largest,0.5
243,243,0,0,-0.06649959141733497,0.03612936802952925,28,0.9991366890951061,42,64,largest,0.5
2430,2430,4,0,-0.050098850457771404,0.03376332194234154,43,0.9508380359216887,42,64,largest,0.5
2431,2431,3,0,-0.05584739893030222,0.04325615293894762,52,0.9708891994586274,42,64,largest,0.5
2432,2432,2,0,-0.0503917517805047,0.04988676654513093,17,0.9978443799839757,42,64,largest,0.5
2433,2433,1,0,-0.038997681897253056,0.059481162717251526,56,0.9818969554658579,42,64,largest,0.5
2434,2434,0,0,-0.043145862496873244,0.056381589326177095,0,1.0018721871916798,42,64,largest,0.5
2435,2435,4,0,-0.059297501744500436,0.029847465587319724,23,0.9785390048191386,42,64,largest,0.5
2436,2436,3,0,-0.07190042405843733,0.031763726327654423,53,0.9878192690574601,42,64,largest,0.5
2437,2437,2,0,-0.06227494907017017,0.03949102950302039,5,0.9944462282363034,42,64,largest,0.5
2438,2438,1,0,-0.0147144515133385,0.09049109257233495,25,0.9860403042473881,42,64,largest,0.5
2439,2439,0,0,-0.07659090281267589,0.029732519821244474,24,0.9736672580805044,42,64,largest,0.5
244,244,4,0,-0.037530471566806445,0.03992252375787454,30,0.9462728784176603,42,64,largest,0.5
2440,2440,3,0,-0.05110922454622069,0.04734809918299691,39,0.9931375383020898,42,64,largest,0.5
2441,2441,2,0,-0.02168209548051725,0.08659313095746389,35,0.9945800853026734,42,64,largest,0.5
2442,2442,1,0,-0.050021808090221165,0.04896340878786769,16,0.970061389724996,42,64,largest,0.5
2443,2443,0,0,-0.03307010459578974,0.0680897162431984,37,1.001741514996246,42,64,largest,0.5
2444,2444,4,0,-0.0451934554817639,0.036049825243108014,3,0.988081574951486,42,64,largest,0.5
2445,2445,3,0,-0.031077461984258092,0.06904394480494752,15,0.9873810293214872,42,64,largest,0.5
2446,2446,2,0,-0.06724459723315634,0.03578903493868062,53,0.9746938955927651,42,64,largest,0.5
2447,2447,1,0,-0.0490735150510303,0.04979399651130626,61,0.9714953159294234,42,64,largest,0.5
2448,2448,0,0,-0.07566960386032495,0.030267783132743222,5,0.9669882153058963,42,64,largest,0.5
2449,2449,4,0,-0.028114433450528775,0.04522849213768795,19,0.9727265739576201,42,64,largest,0.5
245,245,3,0,-0.030207075721617516,0.07017020703192936,14,0.9731298412721727,42,64,largest,0.5
2450,2450,2,0,-0.021354912321491337,0.08712721247120776,32,0.9732617643614577,42,64,largest,0.5
2451,2451,1,0,-0.0435683302138008,0.05488538555851544,12,0.9796912795453487,42,64,largest,0.5
2452,2452,0,0,-0.05857599517547907,0.042061471139690575,37,0.9998874903000742,42,64,largest,0.5
2453,2453,4,0,-0.017506715115796267,0.05200930156522171,14,0.947514645276033,42,64,largest,0.5
2454,2454,3,0,-0.01489411151338893,0.0929521900324373,56,0.952441170913226,42,64,largest,0.5
2455,2455,2,0,-0.04761834846010782,0.052662746278575444,24,0.9814256785803526,42,64,largest,0.5
2456,2456,1,0,-0.05452629119862318,0.04519452236068582,51,0.955836948550196,42,64,largest,0.5
2457,2457,0,0,-0.04990534221341725,0.049616769291084994,40,1.005637319418264,42,64,largest,0.5
2458,2458,4,0,-0.01811893661781183,0.051593087495695224,3,0.9627677169810461,42,64,largest,0.5
2459,2459,3,0,-0.04180990379707372,0.056470275507688,60,0.9815300423158558,42,64,largest,0.5
246,246,2,0,-0.013235991811415548,0.10136634603180347,13,1.0003225817260353,42,64,largest,0.5
2460,2460,1,0,-0.04633145122550342,0.05227142970003668,63,0.9638368413309505,42,64,largest,0.5
2461,2461,0,0,-0.09747108560517581,0.019797251044088752,48,0.9399392761729716,42,64,largest,0.5
2462,2462,4,0,-0.06579562438374775,0.027350348624378816,13,0.965752983466229,42,64,largest,0.5
2463,2463,3,0,-0.042728683554234204,0.0555000571943641,41,0.9907536609479537,42,64,largest,0.5
2464,2464,2,0,-0.054007478800335296,0.04647551222324511,4,1.0055900723504159,42,64,largest,0.5
2465,2465,1,0,-0.02054054837315833,0.08193313089619883,55,0.9893139407554045,42,64,largest,0.5
2466,2466,0,0,-0.027385047595804624,0.07565480562181823,2,0.9963279519414572,42,64,largest,0.5
2467,2467,4,0,-0.013261754007584114,0.05498361168681458,8,0.9925996290514736,42,64,largest,0.5
2468,2468,3,0,-0.08209876862675813,0.02606061292074627,61,0.9647303209771486,42,64,largest,0.5
2469,2469,2,0,-0.0972078520476215,0.0196403581240912,19,0.9558365509338332,42,64,largest,0.5
247,247,1,1,0.004309038442803392,0.1242614151655598,7,0.9917210491186769,42,64,largest,0.5
2470,2470,0,0,-0.04595279182945744,0.05347306853341009,21,0.9676109670227019,42,64,largest,0.5
2471,2471,4,0,-0.02226188058112133,0.04885829330443902,55,0.9919049585460126,42,64,largest,0.5
2472,2472,3,0,-0.0267404440997433,0.07482636921707883,23,0.9802116413981591,42,64,largest,0.5
2473,2473,2,0,-0.09514108949078381,0.02047631523750978,56,0.9336217549247809,42,64,largest,0.5
2474,2474,1,0,-0.05017436585507651,0.048831020031340176,5,0.953565799515549,42,64,largest,0.5
2475,2475,0,0,-0.07613009296137563,0.02999908777618127,48,0.9549718581846415,42,64,largest,0.5
2476,2476,4,0,-0.049062231733939754,0.034234544906987914,15,0.9760232002043023,42,64,largest,0.5
2477,2477,3,0,-0.03563857074001853,0.06341117492128608,0,0.9891911976773452,42,64,largest,0.5
2478,2478,2,0,-0.03651531247970852,0.0652996856152461,24,0.9522599703578665,42,64,largest,0.5
2479,2479,1,0,-0.06630689221123964,0.03660232109483826,52,0.9468541535930229,42,64,largest,0.5
248,248,0,0,-0.08939919655030026,0.023179016052855717,45,0.9332808025074633,42,64,largest,0.5
2480,2480,4,0,-0.029474616339422055,0.04442243676491266,8,0.9932622529521579,42,64,largest,0.5
2481,2481,3,0,-0.06722391404910588,0.03476669373168423,15,0.9726039049404601,42,64,largest,0.5
2482,2482,2,0,-0.05340432348883817,0.04702872391664804,37,0.95468484370271,42,64,largest,0.5
2483,2483,1,0,-0.04901184782406898,0.04984846930339151,46,0.9701205635549107,42,64,largest,0.5
2484,2484,0,0,-0.0929889145998517,0.02161053289665612,62,0.9758757595931671,42,64,largest,0.5
2485,2485,4,0,-0.08499519735521444,0.021102441499124793,17,0.9326975678829527,42,64,largest,0.5
2486,2486,3,0,-0.07207762892686376,0.03165501242330898,23,0.959758984888558,42,64,largest,0.5
2487,2487,2,0,-0.0689823135565586,0.03457518658829139,14,0.9900208494976279,42,64,largest,0.5
2488,2488,1,0,-0.03341546037621068,0.06558281947177098,56,0.9805634339990394,42,64,largest,0.5
2489,2489,0,0,-0.08842508712691044,0.023623476489171062,45,0.9303633421510719,42,64,largest,0.5
249,249,4,0,-0.04679885143482809,0.035285568748886394,29,0.9837387191888478,42,64,largest,0.5
2490,2490,3,0,-0.04022977035815678,0.05817625484747453,2,0.967164716676704,42,64,largest,0.5
2491,2491,2,0,-0.11087730413709607,0.01489592404058012,12,0.9687757157555541,42,64,largest,0.5
2492,2492,1,1,0.01503133225114417,0.14771894065480104,7,0.9794937102283924,42,64,largest,0.5
2493,2493,0,0,-0.07112900874159545,0.033045045870517466,29,1.0022001987400073,42,64,largest,0.5
2494,2494,4,0,-0.035979455558640905,0.04075353271514031,22,0.9865174342410649,42,64,largest,0.5
2495,2495,3,0,-0.09916015282807822,0.018673002893513924,16,0.9788612988123687,42,64,largest,0.5
2496,2496,2,0,-0.04405574182121408,0.05644297537792682,15,0.9935583258743349,42,64,largest,0.5
2497,2497,1,0,-0.07692374499209287,0.03022301872596513,4,0.9337073392164638,42,64,largest,0.5
2498,2498,0,0,-0.014015122422894932,0.09656693029573986,10,0.9708909687043245,42,64,largest,0.5
2499,2499,4,0,-0.04037411757531584,0.03844095444260798,38,0.9810660383095371,42,64,largest,0.5
25,25,3,0,-0.0715479793283672,0.03198102293622836,33,0.9878493198394905,42,64,largest,0.5
250,250,2,0,-0.05327799186790849,0.0471453851313357,4,0.9638849273141274,42,64,largest,0.5
2500,2500,1,0,-0.018448851546767675,0.08491732467395839,41,0.9830066221472186,42,64,largest,0.5
2501,2501,0,0,-0.02072091239414653,0.08550079017642677,31,0.9730750820834363,42,64,largest,0.5
2502,2502,4,0,-0.015504791342784596,0.05339255096048087,19,0.9888805678056012,42,64,largest,0.5
2503,2503,3,1,0.003329518195312575,0.1285339175781251,47,0.9511675743718552,42,64,largest,0.5
2504,2504,2,0,-0.07794849265582227,0.028917567274405264,3,1.0087380563783197,42,64,largest,0.5
2505,2505,1,0,-0.09511408964609669,0.02171305590847617,52,0.9163347839512255,42,64,largest,0.5
2506,2506,0,0,-0.07895165190056119,0.028402506126466484,51,0.9645450108979937,42,64,largest,0.5
2507,2507,4,0,-0.03456934641412024,0.04152339985448601,22,0.9838590687753045,42,64,largest,0.5
2508,2508,3,0,-0.04743303253952291,0.050773685865616536,61,0.9657519304093982,42,64,largest,0.5
2509,2509,2,0,-0.019825432514670727,0.08966358245704024,58,0.9898945900501799,42,64,largest,0.5
251,251,1,1,0.005509834660717305,0.12672030480963054,7,0.9902918054460924,42,64,largest,0.5
2510,2510,0,0,-0.05489811377661902,0.045121715535885384,9,0.9562182098563491,42,64,largest,0.5
2511,2511,4,0,-0.031851846945671225,0.04304646209725804,7,0.9768140185655423,42,64,largest,0.5
2512,2512,3,0,-0.10712383625304656,0.01596992724548451,23,0.9503926745206758,42,64,largest,0.5
2513,2513,2,0,-0.08512055058933554,0.02504864189466092,40,0.9462230917041021,42,64,largest,0.5
2514,2514,1,0,-0.033178448803098615,0.06585436358676193,33,0.9777476593729169,42,64,largest,0.5
2515,2515,0,0,-0.04756174598273033,0.051870293478623535,9,0.9746510468128012,42,64,largest,0.5
2516,2516,4,0,-0.02665160354791929,0.04611091971890554,18,0.9788468639173048,42,64,largest,0.5
2517,2517,3,0,-0.061233503897967334,0.03901488065325639,16,0.9599265016182336,42,64,largest,0.5
2518,2518,2,0,-0.12325669226406277,0.011584490382673344,54,0.935186127951857,42,64,largest,0.5
2519,2519,1,0,-0.10083809358504581,0.01955649274600936,3,0.9137104471113576,42,64,largest,0.5
252,252,0,0,-0.06168920407002543,0.03962709190225038,58,0.9942665466344074,42,64,largest,0.5
2520,2520,4,0,-0.05066138988927471,0.03351023078770265,21,0.9746669359733462,42,64,largest,0.5
2521,2521,3,0,-0.09631673169356147,0.019743060791274313,57,0.965375007194515,42,64,largest,0.5
2522,2522,2,0,-0.12335222255144251,0.011561999811859007,45,0.932553328879391,42,64,largest,0.5
2523,2523,1,0,-0.025674987615016298,0.07500912729405369,33,0.9778881095322257,42,64,largest,0.5
2524,2524,0,0,-0.06225441571781565,0.039199852628889045,30,0.9930818522854393,42,64,largest,0.5
2525,2525,4,0,-0.03839372220401682,0.03946706778518433,38,0.9753756524267739,42,64,largest,0.5
2526,2526,3,0,-0.07082498035836138,0.03243128887970136,34,0.9665894748944264,42,64,largest,0.5
2527,2527,2,0,-0.09615107282199453,0.020063535870865245,45,0.94290599554352,42,64,largest,0.5
2528,2528,1,0,-0.042838172954201226,0.05559643222101455,28,0.9618308792878528,42,64,largest,0.5
2529,2529,0,0,-0.12393097712842682,0.011768335227918193,16,0.9345484143013806,42,64,largest,0.5
253,253,4,0,-0.0394458102908265,0.03891871503881828,4,0.9764160610821307,42,64,largest,0.5
2530,2530,3,0,-0.09265028789838248,0.021211885083556554,34,0.9193533150948779,42,64,largest,0.5
2531,2531,2,0,-0.1143061690333268,0.013895078145455623,56,0.9414978016684924,42,64,largest,0.5
2532,2532,1,0,-0.059374745575716203,0.041447267849811405,52,0.9570054348869131,42,64,largest,0.5
2533,2533,0,0,-0.0967286964144296,0.020086938458735302,39,0.9615127452761549,42,64,largest,0.5
2534,2534,4,0,-0.0413211975610287,0.03795933715392659,47,0.958563164442823,42,64,largest,0.5
2535,2535,3,0,-0.08092885775445835,0.02666054786971009,57,0.9161798589518235,42,64,largest,0.5
2536,2536,2,0,-0.06568207659629277,0.036915458502424885,16,0.991638831945422,42,64,largest,0.5
2537,2537,1,0,-0.044279858613170076,0.05420072778989003,3,0.9631254023480564,42,64,largest,0.5
2538,2538,0,0,-0.05010115669368975,0.04943273852775816,39,0.9539539341766208,42,64,largest,0.5
2539,2539,4,0,-0.03394760287696719,0.041867251504917886,10,0.9740409462450261,42,64,largest,0.5
254,254,3,0,-0.020457151111726746,0.08399498067532238,60,0.9560791599875329,42,64,largest,0.5
2540,2540,2,0,-0.08681181800266946,0.024212509249706495,39,0.9936371942079926,42,64,largest,0.5
2541,2541,1,0,-0.0193017033711822,0.08368884711216121,50,0.9820282522918027,42,64,largest,0.5
2542,2542,0,0,-0.05229247432895123,0.04741697294208431,2,0.9783559635307935,42,64,largest,0.5
2543,2543,4,0,-0.048579155453282286,0.03445630129878487,18,0.9557248200250269,42,64,largest,0.5
2544,2544,3,0,-0.03122421253011387,0.0688557089890459,20,0.988644659866962,42,64,largest,0.5
2545,2545,2,0,-0.05559732424998498,0.045046830976524316,23,0.9807093242385168,42,64,largest,0.5
2546,2546,1,0,-0.0931343239809651,0.022511782719123075,3,0.9296098635243896,42,64,largest,0.5
2547,2547,0,0,-0.04778423657192832,0.05165226326606815,35,0.9831667569695635,42,64,largest,0.5
2548,2548,4,0,-0.09912535593182659,0.017419098464064166,23,0.9335451472246941,42,64,largest,0.5
2549,2549,3,0,-0.0499633745129584,0.048391584252125,60,0.9792735256073195,42,64,largest,0.5
255,255,2,0,-0.04652958494037207,0.053791913903992995,40,0.9547271274443826,42,64,largest,0.5
2550,2550,1,0,-0.054041724622281295,0.0455863059881378,46,0.9666519822525337,42,64,largest,0.5
2551,2551,0,0,-0.04798617081077827,0.05145512770565733,24,0.9838606225311213,42,64,largest,0.5
2552,2552,4,0,-0.07249007887272019,0.024990452404269864,17,0.9393054222296132,42,64,largest,0.5
2553,2553,3,0,-0.03906991793324166,0.05945913116429065,44,0.9913768814441619,42,64,largest,0.5
2554,2554,2,0,-0.07334464418498432,0.03170041620660375,56,0.9456112047421235,42,64,largest,0.5
2555,2555,1,0,-0.07747096971466538,0.029925167882349155,24,0.9287245835309246,42,64,largest,0.5
2556,2556,0,0,-0.09045876713957068,0.0227048308964776,8,0.9418047827344798,42,64,largest,0.5
2557,2557,4,0,-0.015474279596796148,0.053413899628204364,54,0.9853980121068455,42,64,largest,0.5
2558,2558,3,1,0.01864610050741944,0.1668742596368919,47,0.9584391715897027,42,64,largest,0.5
2559,2559,2,0,-0.041119862097143245,0.05974848717193398,55,0.9978794465298545,42,64,largest,0.5
256,256,1,0,-0.024394191949932975,0.0766842617438026,63,0.9813580433610992,42,64,largest,0.5
2560,2560,0,0,-0.07090925404170345,0.03318552885514264,37,0.9819657769579181,42,64,largest,0.5
2561,2561,4,0,-0.0369398829605998,0.04023701932009909,46,0.9926600110780388,42,64,largest,0.5
2562,2562,3,0,-0.06477673026905018,0.03644543569446245,35,0.9787838033036133,42,64,largest,0.5
2563,2563,2,0,-0.10016352581158039,0.018502697233085758,37,0.9409485588067966,42,64,largest,0.5
2564,2564,1,0,-0.037015803614651066,0.06158403270343903,12,0.9630013453348667,42,64,largest,0.5
2565,2565,0,0,-0.07006059255392072,0.033733487368149934,9,0.9703439231004704,42,64,largest,0.5
2566,2566,4,0,-0.09994704160494128,0.017225505666623793,38,0.9221817868955249,42,64,largest,0.5
2567,2567,3,0,-0.04962309951186539,0.048705641306373795,60,0.951048463680058,42,64,largest,0.5
2568,2568,2,0,-0.04360878668582435,0.056934872627195494,62,0.9855996005489815,42,64,largest,0.5
2569,2569,1,0,-0.04772162455068363,0.051001195562548424,23,0.9533314158935656,42,64,largest,0.5
257,257,0,0,-0.08226809045651173,0.026631214892907953,22,0.9938744410354591,42,64,largest,0.5
2570,2570,4,0,-0.07436140765192611,0.024367048327794412,9,0.9810902674238464,42,64,largest,0.5
2571,2571,3,0,-0.13625060001986145,0.008987165488225347,49,0.914334572834154,42,64,largest,0.5
2572,2572,2,0,-0.07337399891637653,0.03168187705567385,40,0.9808315168905194,42,64,largest,0.5
2573,2573,1,0,-0.006073570369887982,0.1046665327376602,28,0.9862950062875491,42,64,largest,0.5
2574,2574,0,0,-0.09611241131937076,0.020330569467441117,56,0.960329013527246,42,64,largest,0.5
2575,2575,4,0,-0.07136933619816943,0.02537122289859912,48,0.922657010381925,42,64,largest,0.5
2576,2576,3,0,-0.11868523571205092,0.012717753864596193,62,0.9650855103464169,42,64,largest,0.5
2577,2577,2,0,-0.0110368185626194,0.10556420220589684,15,0.9961641030392735,42,64,largest,0.5
2578,2578,1,0,-0.058954205012285654,0.04176015562678564,52,0.9553972644873133,42,64,largest,0.5
2579,2579,0,0,-0.06085836828376001,0.04026322727462927,17,1.0013273836938592,42,64,largest,0.5
258,258,4,0,-0.007240087656358307,0.059478450270119824,21,0.984844029418966,42,64,largest,0.5
2580,2580,3,0,-0.045701929200334335,0.05246687389991592,6,0.984654927841219,42,64,largest,0.5
2581,2581,2,0,-0.03718953219311816,0.06445785221945663,39,0.9897177876215275,42,64,largest,0.5
2582,2582,1,0,-0.0324781856314772,0.06666277119371018,53,0.9822564151471495,42,64,largest,0.5
2583,2583,0,0,-0.09060579333232399,0.022639785984994488,37,0.9824124777842952,42,64,largest,0.5
2584,2584,4,0,-0.07116873189917927,0.0254399716025037,17,0.9399555663232074,42,64,largest,0.5
2585,2585,3,0,-0.11885978591874224,0.012674036825358944,31,0.9212807048639459,42,64,largest,0.5
2586,2586,2,0,-0.051119105496453376,0.04918200568330681,4,0.9862636406064139,42,64,largest,0.5
2587,2587,1,0,-0.11399477250221057,0.015364712450198026,24,0.8926546486062805,42,64,largest,0.5
2588,2588,0,0,-0.08648218402397456,0.024534942081607135,8,0.944714205612006,42,64,largest,0.5
2589,2589,4,0,-0.046189870657234344,0.03557362189087781,17,0.9705963251018359,42,64,largest,0.5
259,259,3,0,-0.09728044027080873,0.019373823488695714,31,0.9462347653133925,42,64,largest,0.5
2590,2590,2,0,-0.08813340502099909,0.023578142948749263,40,0.9862623738983621,42,64,largest,0.5
2591,2591,1,0,-0.014634038065373667,0.09061466278610958,9,0.99100268146499,42,64,largest,0.5
2592,2592,0,0,-0.05150273257964921,0.04813428144588423,8,0.9906449162145771,42,64,largest,0.5
2593,2593,4,0,-0.04987007810577582,0.0338667753286316,56,0.9843433293783209,42,64,largest,0.5
2594,2594,3,0,-0.08317465792004042,0.025520503540854642,4,0.9811323478299802,42,64,largest,0.5
2595,2595,2,0,-0.060482354248522996,0.04091445136783294,32,0.9971576226783142,42,64,largest,0.5
2596,2596,1,0,-0.06955748802023165,0.034522554263967324,18,0.9404452458457939,42,64,largest,0.5
2597,2597,0,0,-0.11960968281530482,0.012815174218304267,4,0.945992298259285,42,64,largest,0.5
2598,2598,4,0,-0.03970113811345999,0.03878674345625463,32,0.9730708123014402,42,64,largest,0.5
2599,2599,3,1,0.025400072148636488,0.18648810422767043,47,0.9312749641974599,42,64,largest,0.5
26,26,2,0,-0.11983326413108863,0.012419631264245948,37,0.9383564615222768,42,64,largest,0.5
260,260,1,0,-0.02665454887284846,0.07375073512613096,37,0.9787141102259551,42,64,largest,0.5
2600,2600,0,0,-0.02444561345844265,0.07986248015199945,17,0.9780486255474662,42,64,largest,0.5
2601,2601,4,0,-0.029847979194244867,0.044203585824390566,4,0.9714110634634493,42,64,largest,0.5
2602,2602,3,0,-0.040761687041732,0.05759664350586474,28,0.9868866883597929,42,64,largest,0.5
2603,2603,2,0,-0.0464876532217785,0.05383585525841881,48,0.9846123211901926,42,64,largest,0.5
2604,2604,1,0,-0.022222232928561403,0.07960349366813695,12,0.9948371425575163,42,64,largest,0.5
2605,2605,0,0,-0.07742363683144071,0.029256614977903526,27,0.9627081772094743,42,64,largest,0.5
2607,2607,4,0,-0.04460217330193739,0.036335303781940366,43,0.9880765072780667,42,64,largest,0.5
2608,2608,3,0,-0.04001840019688596,0.05840809363387041,13,0.9934245112100251,42,64,largest,0.5
2609,2609,2,0,-0.052984439054106436,0.04741753019791656,58,0.9919498284333418,42,64,largest,0.5
261,261,1,0,-0.025765631358757535,0.07489185843838303,36,0.9724564172747744,42,64,largest,0.5
2610,2610,0,0,-0.06428360663121391,0.03770212785625101,41,0.9797605714846757,42,64,largest,0.5
2611,2611,4,0,-0.20241992364667882,0.00422573275986939,28,0.8225951672969543,42,64,largest,0.5
2612,2612,3,0,-0.1375920584132131,0.008751556610719358,5,0.8854616014630101,42,64,largest,0.5
2613,2613,2,0,-0.04041742902623424,0.06056582403737677,35,0.9785761412277498,42,64,largest,0.5
2614,2614,1,1,0.02773800734618148,0.180124865080333,7,0.9716606720783444,42,64,largest,0.5
2615,2615,0,0,-0.08119554674633989,0.027191971471878764,31,0.9709664313448108,42,64,largest,0.5
2616,2616,4,0,-0.0176743002023505,0.051895055716894074,27,0.9682656669485679,42,64,largest,0.5
2617,2617,3,0,-0.057956261380243124,0.04154548251389747,41,0.9577759327870228,42,64,largest,0.5
2618,2618,2,0,-0.09255953593258648,0.02156954372359858,4,0.9967724370676735,42,64,largest,0.5
2619,2619,1,0,-0.029012788841835335,0.07080055576994165,27,0.9723324348133283,42,64,largest,0.5
262,262,0,0,-0.012167207841362382,0.09983395289122514,0,0.9627041408961733,42,64,largest,0.5
2620,2620,4,0,-0.03668929917999497,0.04037117424543631,7,0.9845825940826782,42,64,largest,0.5
2621,2621,3,0,-0.030780450173694462,0.06942637827201455,44,0.9948244931191269,42,64,largest,0.5
2622,2622,2,0,-0.07645106599007756,0.029795658549625834,61,0.9732349454135939,42,64,largest,0.5
2623,2623,1,0,-0.03982429136626542,0.058624118327353134,62,0.9661394395168292,42,64,largest,0.5
2624,2624,0,0,-0.10829246164743112,0.01601205284396819,47,0.9124046346110078,42,64,largest,0.5
2625,2625,4,0,-0.061727187979589426,0.028888913590450867,18,0.9870351965050014,42,64,largest,0.5
2626,2626,3,0,-0.02278251176874324,0.0804885352322984,20,0.989472816493149,42,64,largest,0.5
2627,2627,2,0,-0.02416809189962832,0.08263103286475745,58,0.9757702878095034,42,64,largest,0.5
2628,2628,1,0,-0.06072403777984825,0.04045845197686258,27,0.9516505402306082,42,64,largest,0.5
2629,2629,0,0,-0.059392148502975584,0.04140978489435351,32,1.0059290429451249,42,64,largest,0.5
263,263,4,0,-0.06357550019920988,0.0281797926446986,47,0.9775194986446377,42,64,largest,0.5
2630,2630,3,0,-0.049975464143691806,0.048380461550314516,7,1.0151452629593223,42,64,largest,0.5
2631,2631,2,0,-0.0580225515665419,0.04294779998625588,24,0.9613467156982972,42,64,largest,0.5
2632,2632,1,0,-0.057359533363156134,0.042967255301482064,26,0.9656151100805487,42,64,largest,0.5
2633,2633,0,0,-0.029333691214885937,0.07297859218076622,52,0.9586671862014207,42,64,largest,0.5
2634,2634,4,0,-0.08552064169455698,0.0209527297096802,17,0.9241055423061663,42,64,largest,0.5
2635,2635,3,0,-0.15093880063440956,0.006716730094558141,49,0.8851116832674774,42,64,largest,0.5
2636,2636,2,0,-0.1040207022538413,0.01711484457066179,21,0.9341803996192348,42,64,largest,0.5
2637,2637,1,0,-0.052462460808432865,0.046885740112268315,24,0.9592392048355068,42,64,largest,0.5
2638,2638,0,0,-0.04299751045513189,0.056539379849607885,35,0.9847745127710785,42,64,largest,0.5
2639,2639,4,1,0.0009160170930548883,0.06611665346826419,42,0.9862763169857904,42,64,largest,0.5
264,264,3,0,-0.05982974998100932,0.04008019456341342,42,0.9897866675164414,42,64,largest,0.5
2640,2640,2,0,-0.03480159082176937,0.06748567462075221,58,0.9957710634384105,42,64,largest,0.5
2641,2641,1,0,-0.059743979288989224,0.04117440331156815,52,0.9392552274680839,42,64,largest,0.5
2642,2642,0,0,-0.06302183637352143,0.03862683235581003,45,0.9630281531399539,42,64,largest,0.5
2643,2643,4,0,-0.08650822299968985,0.020674151560147982,7,0.9306527585723059,42,64,largest,0.5
2644,2644,3,0,-0.09107418550952162,0.02187567497121231,22,0.9897915307488723,42,64,largest,0.5
2645,2645,2,0,-0.09612418222735153,0.0200744196830814,54,0.9673217497389897,42,64,largest,0.5
2646,2646,1,0,-0.05244920389068142,0.04689679571565143,3,0.9604400971713993,42,64,largest,0.5
2647,2647,0,0,-0.09120351706120056,0.022377220131571986,37,0.9818100536221591,42,64,largest,0.5
2648,2648,4,0,-0.04454290183243592,0.036364040479678915,32,0.984887538028751,42,64,largest,0.5
2649,2649,3,0,-0.08346104272355315,0.02537858154709167,8,0.9617560162407333,42,64,largest,0.5
265,265,2,0,-0.02239876323752854,0.0854336128092068,41,0.9551346056270733,42,64,largest,0.5
2650,2650,1,1,0.002204787938127506,0.12005125866259318,7,0.9905498503734329,42,64,largest,0.5
2651,2651,0,0,-0.025560951892260708,0.07824133053386607,34,0.9767151321395232,42,64,largest,0.5
2652,2652,4,0,-0.04722571758071603,0.03508499838220859,52,0.9830569452209887,42,64,largest,0.5
2653,2653,3,0,-0.04349820064030763,0.054699553076289674,36,0.9857033757894803,42,64,largest,0.5
2654,2654,2,0,-0.05583948018133067,0.04483292799986019,16,0.9907290014520405,42,64,largest,0.5
2655,2655,1,0,-0.01040288014464974,0.09733432082697974,25,0.9847857331010124,42,64,largest,0.5
2656,2656,0,0,-0.07652790302019219,0.029768827809326465,35,0.9886433527155836,42,64,largest,0.5
2657,2657,4,0,-0.08471232701438502,0.021183470986295232,23,0.9425148338112928,42,64,largest,0.5
2658,2658,3,0,-0.02232236353484629,0.08117162963617541,17,0.9896897718988314,42,64,largest,0.5
2659,2659,2,0,-0.007166038551186804,0.11332582631717684,55,0.9571465758806347,42,64,largest,0.5
266,266,1,0,-0.02060441937149482,0.08184352705091208,25,0.9884055791743661,42,64,largest,0.5
2660,2660,0,0,-0.09920817670184057,0.019135323914438923,56,0.9612599789612198,42,64,largest,0.5
2661,2661,4,0,-0.03451653112493469,0.04155250373237894,22,0.9957759626813416,42,64,largest,0.5
2662,2662,3,0,-0.11129239427252147,0.014712429383152259,54,0.9533436252681065,42,64,largest,0.5
2663,2663,2,0,-0.09243117124624989,0.02162536829333712,61,0.982084965649462,42,64,largest,0.5
2664,2664,1,0,-0.03296085275164229,0.06610458314624942,2,0.9860579575080204,42,64,largest,0.5
2665,2665,0,0,-0.06051854208645513,0.04052622721526573,33,1.0003206593484528,42,64,largest,0.5
2666,2666,4,0,-0.02226767746641367,0.048854564808110075,19,1.0000114835799678,42,64,largest,0.5
2667,2667,3,0,-0.03506674798477194,0.06409313630181761,14,1.0037653381334426,42,64,largest,0.5
2668,2668,2,0,-0.07042516154440581,0.033597564909495226,15,1.0020810876064263,42,64,largest,0.5
2669,2669,1,0,-0.004687775742548084,0.10711466614862444,46,1.0057686981114429,42,64,largest,0.5
267,267,0,0,-0.006110797329258899,0.11123864857623506,60,0.963281922861099,42,64,largest,0.5
2670,2670,4,0,-0.039345855837536026,0.038970495871668676,22,0.9936685709412786,42,64,largest,0.5
2671,2671,3,0,-0.08263160245950085,0.025791747513047258,59,0.9894699231490185,42,64,largest,0.5
2672,2672,2,0,-0.08141553464829887,0.02697980553593135,35,0.9949788774229479,42,64,largest,0.5
2673,2673,1,1,0.014023487375267152,0.1453669383925113,7,0.9895571540158961,42,64,largest,0.5
2674,2674,0,0,-0.20840000633895583,0.0022002495027327188,12,0.8352973194260102,42,64,largest,0.5
2675,2675,4,0,-0.16667599475561046,0.006911782576538597,59,0.8638488570673537,42,64,largest,0.5
2676,2676,3,0,-0.0617279840707774,0.038646127896072455,46,0.9682156041390741,42,64,largest,0.5
2677,2677,2,0,-0.05772586023930981,0.04319948285783258,5,0.975242474562835,42,64,largest,0.5
2678,2678,1,0,-0.019378119926161896,0.0835795658571309,26,0.9883605779986294,42,64,largest,0.5
2679,2679,0,0,-0.025641218497988838,0.07812583165069592,52,1.0061468743766788,42,64,largest,0.5
268,268,4,0,-0.0949640813450241,0.01843280044171627,38,0.9439889585025749,42,64,largest,0.5
2680,2680,3,0,-0.02348177264511464,0.07946051474878581,14,0.9867911031243748,42,64,largest,0.5
2681,2681,2,0,-0.044580161191937306,0.055870919645535796,21,0.9661890892504489,42,64,largest,0.5
2682,2682,1,0,-0.05646901570610918,0.04365576989359424,58,0.9551283961232302,42,64,largest,0.5
2683,2683,0,0,-0.11392236613626605,0.014334095160773365,51,0.9377387684789653,42,64,largest,0.5
2684,2684,4,0,-0.06470141812176677,0.02775613862575891,38,0.9564610580474125,42,64,largest,0.5
2685,2685,3,0,-0.10257246296613276,0.017463779621710373,28,0.9297213355490869,42,64,largest,0.5
2686,2686,2,0,-0.12825017235581782,0.010464932966244133,37,0.88739262559001,42,64,largest,0.5
2687,2687,1,0,-0.01647396697539394,0.08782501580232702,42,0.9668200097554195,42,64,largest,0.5
2688,2688,0,0,-0.07676094231725317,0.02963473695657653,2,0.9780154257458104,42,64,largest,0.5
2689,2689,4,0,-0.06442515496697432,0.027859512989950475,43,0.9493885187131583,42,64,largest,0.5
269,269,3,0,-0.06847668215615255,0.03393639928408213,60,0.9737675607406712,42,64,largest,0.5
2690,2690,2,0,-0.06270197913470488,0.039159011756058605,5,0.9914206249176142,42,64,largest,0.5
2691,2691,1,0,-0.007535091012278117,0.10213828738370344,36,0.9757975081384844,42,64,largest,0.5
2692,2692,0,0,-3.682414657335542e-05,0.12380507963994548,2,0.9806634336861432,42,64,largest,0.5
2693,2693,4,0,-0.004924835523680615,0.061296621359509786,4,0.9806880106568323,42,64,largest,0.5
2694,2694,3,0,-0.04339717814027377,0.05480401996691066,17,1.0111141432279944,42,64,largest,0.5
2695,2695,2,0,-0.0423979236302674,0.05828779879854366,58,0.9834868485569419,42,64,largest,0.5
2696,2696,1,0,-0.04424511436148992,0.054233972155079656,49,0.980671837211496,42,64,largest,0.5
2697,2697,0,1,0.005368344824672633,0.13599474589900923,36,0.9605830231525838,42,64,largest,0.5
2698,2698,4,0,-0.019282148728611448,0.05081095027424546,58,0.9896232564154814,42,64,largest,0.5
2699,2699,3,0,-0.02058407403651774,0.08380006372575353,13,0.9951263513400446,42,64,largest,0.5
27,27,2,0,-0.05033215762851739,0.04994493185158928,14,0.9763103814384997,42,64,largest,0.5
270,270,1,0,-0.026332369890525342,0.07416246265325573,23,0.9851112757284257,42,64,largest,0.5
2700,2700,0,0,-0.015536481703430471,0.09394925019775573,10,0.9886253617943643,42,64,largest,0.5
2701,2701,4,0,-0.0484439832019824,0.03451859980917374,10,0.9363670619734527,42,64,largest,0.5
2702,2702,3,0,-0.04685821091511533,0.05133010218742555,13,0.987200857917017,42,64,largest,0.5
2703,2703,2,0,-0.0066920896314074385,0.11430966080782688,34,0.9595550919151564,42,64,largest,0.5
2704,2704,1,0,-0.04000813140347803,0.05843508975078264,63,0.9796296212710823,42,64,largest,0.5
2705,2705,0,0,-0.09501914574013592,0.020769900001121628,17,0.9860025590248018,42,64,largest,0.5
2706,2706,4,0,-0.06300692547235931,0.028396112214565433,9,0.9853549137759261,42,64,largest,0.5
2707,2707,3,0,-0.0284456202067378,0.07250161973494135,13,0.9782202999249519,42,64,largest,0.5
2708,2708,2,0,-0.03448214585538467,0.06790058868539531,7,0.9733315808037145,42,64,largest,0.5
2709,2709,1,0,-0.01868745630190216,0.08457199125108707,2,0.983723391727658,42,64,largest,0.5
271,271,0,0,-0.05562335733471291,0.044501929519564144,57,0.980222224061267,42,64,largest,0.5
2710,2710,4,0,-0.003897082040404398,0.06212025959980974,31,0.9843068351085341,42,64,largest,0.5
2711,2711,3,1,0.0055263025462692905,0.13353128037188983,47,0.9588306348417321,42,64,largest,0.5
2712,2712,2,0,-0.07352241193014986,0.031588306393154054,35,0.9908162504167077,42,64,largest,0.5
2713,2713,1,1,0.00725122692847191,0.1303599820544847,7,0.9915565870344548,42,64,largest,0.5
2714,2714,0,0,-0.02924077447915996,0.07310419697124468,33,0.9737043964311983,42,64,largest,0.5
2715,2715,4,1,0.000566806255423824,0.06581883491640253,42,0.9728252309799811,42,64,largest,0.5
2716,2716,3,0,-0.015065971436459047,0.09266307285673146,53,0.993710463141879,42,64,largest,0.5
2717,2717,2,0,-0.037856121397203735,0.06363548966108447,23,0.9739031341189679,42,64,largest,0.5
2718,2718,1,0,-0.008007239440100844,0.10133316926692205,55,0.984211123030134,42,64,largest,0.5
2719,2719,0,0,-0.040491051692011615,0.059268810906378346,9,0.9998581460118146,42,64,largest,0.5
272,272,4,1,0.007560422301498004,0.07202678074411811,42,0.9930585801601621,42,64,largest,0.5
2720,2720,3,0,-0.07751238365935087,0.02849041087372743,22,0.9909020180631175,42,64,largest,0.5
2721,2721,2,0,-0.05670674189656255,0.04407476772103084,39,0.9884488966914335,42,64,largest,0.5
2722,2722,1,0,-0.03154414741106537,0.06775540211779199,36,0.9653015033474325,42,64,largest,0.5
2723,2723,0,1,0.012243389139791838,0.15294360380107588,36,0.9584684712776919,42,64,largest,0.5
2724,2724,4,0,-0.019532604934355158,0.05064401931977015,29,0.9858662239827181,42,64,largest,0.5
2725,2725,3,0,-0.010633367167918184,0.10038301419552678,13,0.9860528134115198,42,64,largest,0.5
2726,2726,2,0,-0.03303963424643619,0.06980381260695182,32,0.9812845205239561,42,64,largest,0.5
2727,2727,1,1,0.006814420437265212,0.12943874907795713,7,0.9984390912455537,42,64,largest,0.5
2728,2728,0,0,-0.08676117344204048,0.024401983110252944,17,0.9696591175675525,42,64,largest,0.5
2729,2729,4,0,-0.030586534107836183,0.04377369882388957,21,0.9849904425171989,42,64,largest,0.5
273,273,3,0,-0.07701637324082455,0.028766013769967853,52,0.9775957626636566,42,64,largest,0.5
2730,2730,2,0,-0.050303445557759896,0.04997297844418853,5,0.9851719837495926,42,64,largest,0.5
2731,2731,1,0,-0.008213793237622724,0.1009827228331135,4,0.992800114772959,42,64,largest,0.5
2732,2732,0,0,-0.038391423423746796,0.061649766254849483,31,0.9490208916927138,42,64,largest,0.5
2733,2733,4,1,0.007295741859225435,0.07178230169593092,42,0.9876434733505546,42,64,largest,0.5
2734,2734,3,0,-0.07686591580002955,0.028850124055032587,44,0.9778607835563251,42,64,largest,0.5
2735,2735,2,0,-0.014251159226879584,0.09947897937903473,9,0.968511807200034,42,64,largest,0.5
2736,2736,1,1,0.002371598849223,0.1203804645414081,7,0.9873297831342814,42,64,largest,0.5
2737,2737,0,0,-0.06124598588803787,0.039965236670008446,40,0.9830465565928688,42,64,largest,0.5
2738,2738,4,0,-0.02377088031382968,0.04789678019923143,11,0.991678284010824,42,64,largest,0.5
2739,2739,3,0,-0.07927814719421855,0.027529937727426453,34,0.9616481527058225,42,64,largest,0.5
274,274,2,0,-0.09717319728978746,0.019654095582107557,48,0.9441349494415102,42,64,largest,0.5
2740,2740,1,0,-0.057471126779405246,0.04288171019357795,52,0.9587022235419782,42,64,largest,0.5
2741,2741,0,0,-0.08164976558491144,0.026953105216137998,51,0.9557269977543429,42,64,largest,0.5
2742,2742,4,0,-0.05749347007090111,0.03057905707088317,49,0.968311544258377,42,64,largest,0.5
2743,2743,3,0,-0.022361480784205856,0.08111335476483443,7,0.9783794795230523,42,64,largest,0.5
2744,2744,2,0,-0.04601256759800465,0.05433607994120226,61,0.9691068707019842,42,64,largest,0.5
2746,2746,1,0,-0.0019638324177119193,0.11207388441493212,34,0.9994620432620777,42,64,largest,0.5
2747,2747,0,0,-0.08574254066309728,0.02489086359824983,25,0.9990385231853881,42,64,largest,0.5
2748,2748,4,0,-0.02784003650556477,0.04539278257584254,32,0.9984414494152479,42,64,largest,0.5
2749,2749,3,0,-0.05244274932874893,0.046160630023902506,41,0.9869363816141383,42,64,largest,0.5
275,275,2,0,-0.09932485947570424,0.018818769793552233,0,0.9738373373105734,42,64,largest,0.5
2750,2750,1,0,-0.019998760261490167,0.0826967987734683,18,0.9887103159400039,42,64,largest,0.5
2751,2751,0,0,-0.041573925002662326,0.0580747762439542,39,0.9835561599685576,42,64,largest,0.5
2752,2752,4,0,-0.08468643778157214,0.021190902261247205,27,0.9388864796904492,42,64,largest,0.5
2753,2753,3,0,-0.07217653765085785,0.03159448923680886,36,0.986091454724455,42,64,largest,0.5
2754,2754,2,1,0.000124143373892327,0.1292987241637798,10,0.9783650031558658,42,64,largest,0.5
2755,2755,1,0,-0.026097093216063905,0.07446446842718528,8,0.9823272818872845,42,64,largest,0.5
2756,2756,0,0,-0.02633892764611878,0.07712842580732891,58,0.9688857745924182,42,64,largest,0.5
2757,2757,4,0,-0.0637855633784582,0.028100277620360326,5,0.9692681927132761,42,64,largest,0.5
2758,2758,3,0,-0.09433223579574646,0.020525252591889313,38,0.9397798077495642,42,64,largest,0.5
2759,2759,2,0,-0.09214716174730608,0.021749383877119496,11,0.9911382558058824,42,64,largest,0.5
276,276,1,0,-0.07084087020561425,0.033733200508723235,46,0.9531220217446785,42,64,largest,0.5
2760,2760,0,0,-0.03909173372935992,0.060845853074056155,39,0.9911178068162971,42,64,largest,0.5
2761,2761,4,0,-0.04089908649520957,0.03817327258308895,57,0.9708938914847111,42,64,largest,0.5
2762,2762,3,0,-0.03919677327789661,0.05931753985070932,41,0.9923601785315184,42,64,largest,0.5
2763,2763,2,0,-0.06979676615821528,0.03402001961468129,11,0.9841846128592875,42,64,largest,0.5
2764,2764,1,0,-0.018306926385978528,0.08512333970455857,50,0.9899057697794855,42,64,largest,0.5
2765,2765,0,1,0.0001250736042058831,0.12415614745810075,36,0.9844403757560194,42,64,largest,0.5
2766,2766,4,0,-0.01595613937951701,0.053077687730497494,4,0.9713406026702169,42,64,largest,0.5
2767,2767,3,0,-0.04428791710777635,0.053889354460576376,44,1.0087656388365542,42,64,largest,0.5
2768,2768,2,0,-0.050352675024766036,0.049924899137013604,5,1.0037536795999773,42,64,largest,0.5
2769,2769,1,0,-0.01623155798638165,0.08818806065774087,36,0.9634387528152222,42,64,largest,0.5
277,277,0,0,-0.05894392491722389,0.041766479642137484,61,0.9114944334519612,42,64,largest,0.5
2770,2770,4,0,-0.016485907205395778,0.05271035442798714,29,0.9689740770841999,42,64,largest,0.5
2771,2771,3,0,-0.07536421224386913,0.029702802126041823,44,1.005324811143322,42,64,largest,0.5
2772,2772,2,0,-0.05485881221838107,0.04570519923202093,13,1.0029649674297898,42,64,largest,0.5
2773,2773,1,0,-0.002525379442671727,0.11103538287394374,37,0.9956385049714349,42,64,largest,0.5
2774,2774,0,0,-0.017824184562828083,0.09013267853671289,35,0.9861785189081514,42,64,largest,0.5
2775,2775,4,0,-0.026512204690377295,0.04619585975811293,36,0.9988046829120193,42,64,largest,0.5
2776,2776,3,0,-0.07934046911954395,0.027496619387354454,0,0.979841179461635,42,64,largest,0.5
2777,2777,2,0,-0.06113219392383484,0.04039285399905183,15,0.9817665866011328,42,64,largest,0.5
2778,2778,1,0,-0.01956757287487021,0.08330919342883121,22,0.9982042336659177,42,64,largest,0.5
2779,2779,0,0,-0.08502857020692012,0.025239201157920454,33,0.9794932775201689,42,64,largest,0.5
278,278,4,0,-0.03514428475625586,0.04120783908839995,14,0.9237259177982156,42,64,largest,0.5
2780,2780,3,0,-0.04478131738043367,0.05338891509921096,22,1.0041790685123315,42,64,largest,0.5
2781,2781,2,0,-0.005091427435659046,0.11768749249815837,15,0.9957156967749194,42,64,largest,0.5
2782,2782,1,0,-0.008461309160062158,0.10056419597845749,23,0.9924339698869108,42,64,largest,0.5
2783,2783,0,0,-0.057658085645472035,0.04280612229526228,30,0.9729768391852816,42,64,largest,0.5
2784,2784,4,0,-0.015789794259486234,0.053193526663954285,3,0.9868719279412412,42,64,largest,0.5
2785,2785,3,0,-0.0545652097382332,0.044328906660926135,52,1.0053603131756244,42,64,largest,0.5
2787,2787,2,0,-0.05803314844871732,0.04293883661779499,4,0.9880390398978518,42,64,largest,0.5
2788,2788,1,0,-0.0808776093825967,0.02813396662756918,58,0.9222695015203415,42,64,largest,0.5
2789,2789,0,0,-0.04500207536046075,0.054441983354493226,25,0.9825268112430643,42,64,largest,0.5
279,279,4,0,-0.05531426641998083,0.03148596924506646,17,0.9612093314417041,42,64,largest,0.5
2790,2790,3,0,-0.029728726259450777,0.07079639191389672,7,0.9887302988856024,42,64,largest,0.5
2791,2791,2,0,-0.06698696191490516,0.03597245912637901,63,0.973531336500416,42,64,largest,0.5
2792,2792,1,0,-0.02915508690531443,0.07062607195183401,16,0.9726481172158429,42,64,largest,0.5
2793,2793,0,0,-0.07699807523187019,0.029498891776622273,10,0.9719645342405308,42,64,largest,0.5
2794,2794,4,0,-0.026589893270585918,0.046148503351256615,44,0.9927198409971558,42,64,largest,0.5
2795,2795,3,0,-0.059220093577877275,0.04055149844934588,20,0.9828536530478384,42,64,largest,0.5
2796,2796,2,0,-0.07654694961780928,0.029738666061301256,0,0.9626090511674832,42,64,largest,0.5
2797,2797,1,0,-0.014852172382275097,0.09027981131558199,9,0.9992988504267349,42,64,largest,0.5
2798,2798,0,0,-0.058793278611633304,0.041887021902072344,52,0.9767736370291006,42,64,largest,0.5
2799,2799,4,0,-0.041868634313376174,0.037683598685785746,54,0.9883599016574441,42,64,largest,0.5
28,28,3,0,-0.05452743366617163,0.04436089400385485,60,0.9872242944113938,42,64,largest,0.5
280,280,2,0,-0.12796829684388722,0.01052517765350218,12,0.9553235329628026,42,64,largest,0.5
2800,2800,1,0,-0.01590489196134548,0.08867943750449639,51,0.9949568907028074,42,64,largest,0.5
2801,2801,0,0,-0.058668026277211016,0.04198749796124779,24,0.9964576980097217,42,64,largest,0.5
2802,2802,4,0,-0.03336938527417255,0.042189473816272346,54,1.0006837298087556,42,64,largest,0.5
2803,2803,3,0,-0.03993701349157197,0.058497592518933966,53,0.981546323353234,42,64,largest,0.5
2804,2804,2,0,-0.07176085932210863,0.0327163656594166,13,0.9872734661913507,42,64,largest,0.5
2805,2805,1,0,-0.0017982197428381141,0.11238177817809558,1,0.9903263822880556,42,64,largest,0.5
2806,2806,0,0,-0.05481769525407876,0.045190944826788496,15,0.9810237026426459,42,64,largest,0.5
2807,2807,4,0,-0.044871218463121476,0.03620513662377114,54,1.000285663429881,42,64,largest,0.5
2808,2808,3,0,-0.05274955254089242,0.045891466968376315,18,0.997091484515758,42,64,largest,0.5
2809,2809,2,0,-0.06406264293974673,0.03811885886373755,5,0.9851146571056512,42,64,largest,0.5
281,281,1,0,-0.006074048684982736,0.10466569634410788,16,0.9943047061543601,42,64,largest,0.5
2810,2810,0,0,-0.0418334457591496,0.05779198579491104,3,1.0005486113890463,42,64,largest,0.5
2811,2811,4,0,-0.03236395106012235,0.04275542281681221,44,0.9689636379610285,42,64,largest,0.5
2812,2812,3,0,-0.016369833384173083,0.09049579491084453,21,0.9660134937037701,42,64,largest,0.5
2813,2813,2,1,0.034873291336972034,0.23289925479244084,10,0.9152971309036017,42,64,largest,0.5
2814,2814,1,1,0.0060949496718392115,0.12793345767914727,7,1.002828545521247,42,64,largest,0.5
2815,2815,0,0,-0.05231117996412282,0.04740010668639619,43,0.9794413352190318,42,64,largest,0.5
2816,2816,4,0,-0.013495057208753325,0.05481606320723101,54,0.9936675968353321,42,64,largest,0.5
2817,2817,3,1,0.0020798661617627,0.12576288339183925,47,0.9738674851992007,42,64,largest,0.5
2818,2818,2,0,-0.025403843365920498,0.08072351138685477,32,0.9607312430463107,42,64,largest,0.5
2819,2819,1,0,-0.05152765617947974,0.04767142276196018,4,0.9628141072475311,42,64,largest,0.5
282,282,0,0,-0.019732098263911313,0.08705713344224757,15,0.9683355565838694,42,64,largest,0.5
2820,2820,4,0,-0.03299075726597844,0.0424017542125518,4,0.9502794339024623,42,64,largest,0.5
2821,2821,3,0,-0.040914359556040836,0.0574312854619403,17,1.0006135326022672,42,64,largest,0.5
2822,2822,2,0,-0.06900967469965502,0.03455639500844785,11,0.9633062640000062,42,64,largest,0.5
2823,2823,1,0,-0.018963596820653406,0.0841739237272678,51,0.9803516718608819,42,64,largest,0.5
2825,2825,0,1,0.0018397535536124332,0.12792702351518914,36,0.9681922898672535,42,64,largest,0.5
2826,2826,4,0,-0.04978173720097334,0.03390680587050661,9,0.9908171623671603,42,64,largest,0.5
2827,2827,3,1,0.012249673424887919,0.1498534676833749,47,0.9666387010177679,42,64,largest,0.5
2828,2828,2,0,-0.038495240625395555,0.06285620832692387,56,1.0061019084126417,42,64,largest,0.5
2829,2829,1,0,-0.003170308042965808,0.10985307761954378,2,0.981800182339902,42,64,largest,0.5
283,283,0,0,-0.05524536467896335,0.0448239388121739,16,0.9751137107908073,42,64,largest,0.5
2830,2830,4,0,-0.012939375682004872,0.055215923966943574,4,0.9744920423331445,42,64,largest,0.5
2831,2831,3,0,-0.03860271562818607,0.059983339940639605,46,1.0010638108705197,42,64,largest,0.5
2832,2832,2,0,-0.05504908305672207,0.04553470573650167,61,1.0010791353249058,42,64,largest,0.5
2833,2833,1,0,-0.001744182452157128,0.11248239969923134,63,1.0012668696822424,42,64,largest,0.5
2834,2834,0,1,0.028873270699686926,0.20106168209057193,36,0.8784998014986093,42,64,largest,0.5
2835,2835,4,0,-0.025713697128010082,0.046685291093033376,4,0.9701569159181825,42,64,largest,0.5
2836,2836,3,0,-0.08279776448808385,0.02570845666917373,40,0.9979848477070822,42,64,largest,0.5
2837,2837,2,0,-0.05957738484538799,0.04165158218008336,5,0.9967959127217147,42,64,largest,0.5
2838,2838,1,0,-0.04659226101731562,0.052030865174522004,4,0.9507850095776531,42,64,largest,0.5
2839,2839,0,1,0.019264279846059496,0.1719995927128339,36,0.9632206336646821,42,64,largest,0.5
284,284,4,0,-0.01935666656509505,0.05076122922443626,29,1.0044339124805859,42,64,largest,0.5
2840,2840,3,0,-0.014147840262606182,0.09421703984188508,3,0.9780341380203658,42,64,largest,0.5
2841,2841,2,0,-0.03465619050008206,0.0676742367588742,32,0.9472342648236096,42,64,largest,0.5
2842,2842,1,0,-0.009054976420137195,0.09956663313442086,50,0.995228447082798,42,64,largest,0.5
2843,2843,0,0,-0.017192832161482707,0.09117178242462282,30,0.9911160026046226,42,64,largest,0.5
2844,2844,4,0,-0.024382676578039275,0.047512094242443785,8,0.9792960188893036,42,64,largest,0.5
2845,2845,3,0,-0.010784623913335123,0.1001104149678485,22,0.9942493025670549,42,64,largest,0.5
2846,2846,2,0,-0.08627103235486777,0.02447686055055601,11,0.9609690223374473,42,64,largest,0.5
2847,2847,1,0,-0.048828589418150825,0.05001068119087617,22,0.9633347029293231,42,64,largest,0.5
2848,2848,0,0,-0.10399577393510218,0.01742131721796731,45,0.9524088659018363,42,64,largest,0.5
2849,2849,4,0,-0.0462068813781461,0.03556554501123588,55,0.9872211055198309,42,64,largest,0.5
285,285,3,0,-0.07408416205080315,0.03044886837762293,7,0.9747694096665981,42,64,largest,0.5
2850,2850,2,0,-0.09384196601089567,0.021019509197438273,18,0.9449129343679471,42,64,largest,0.5
2851,2851,1,0,-0.07335530120284484,0.03223688427548259,18,0.9500435610098826,42,64,largest,0.5
2852,2852,0,0,-0.11337062997180891,0.01449056827224644,21,0.9448516140710563,42,64,largest,0.5
2853,2853,4,0,-0.03258601233133529,0.0426298059671565,48,0.9769096157104802,42,64,largest,0.5
2854,2854,3,0,-0.09421429937701054,0.020572680829355927,49,0.9416408571673716,42,64,largest,0.5
2855,2855,2,0,-0.07065798300650539,0.0334423339304732,62,0.9601500853384376,42,64,largest,0.5
2856,2856,1,0,-5.74743756216467e-05,0.11566293416222281,2,0.9912048688306009,42,64,largest,0.5
2857,2857,0,0,-0.060802250914595124,0.04030654490570043,29,0.991351014660683,42,64,largest,0.5
2858,2858,4,0,-0.037982591938036325,0.03968335768759208,55,0.9743517589565742,42,64,largest,0.5
2859,2859,3,0,-0.06311398352464592,0.037630282063651474,43,0.9713755273512898,42,64,largest,0.5
286,286,2,0,-0.04237732531777483,0.05831107267393789,9,0.970138550156536,42,64,largest,0.5
2860,2860,1,1,0.0039871053058583295,0.12360918411667746,7,0.9805769846120712,42,64,largest,0.5
2861,2861,0,0,-0.01704153331530689,0.09142239171730282,43,0.9878333009882638,42,64,largest,0.5
2862,2862,4,0,-0.05583558035602165,0.031266675644417756,54,0.9954411704846079,42,64,largest,0.5
2863,2863,3,0,-0.06544545006939906,0.03597910706629954,14,1.0025759642835583,42,64,largest,0.5
2864,2864,2,0,-0.06374764563680058,0.03835727127501229,14,0.9843922782452011,42,64,largest,0.5
2865,2865,1,1,0.002640669758851022,0.12091312533361055,7,1.0005431229569164,42,64,largest,0.5
2866,2866,0,0,-0.06437970863142684,0.03763257650339114,8,1.0006864443033678,42,64,largest,0.5
2867,2867,4,0,-0.03728141285951647,0.0400548622319081,60,0.9895377155243299,42,64,largest,0.5
2868,2868,3,0,-0.04841139138211581,0.049839760350384434,46,0.9999418363175674,42,64,largest,0.5
2869,2869,2,0,-0.044337007452728394,0.05613547919159542,14,0.9999696193649722,42,64,largest,0.5
287,287,1,0,-0.12342200099028966,0.012918306286966861,57,0.8785584636447129,42,64,largest,0.5
2870,2870,0,0,-0.06631491698653558,0.036257989000847014,52,0.9909287134945486,42,64,largest,0.5
2871,2871,4,0,-0.031247785017497587,0.043392195128133304,31,0.988637689921876,42,64,largest,0.5
2872,2872,3,0,-0.07681286853183023,0.028879835952264826,53,0.9725605876089153,42,64,largest,0.5
2873,2873,2,0,-0.12144538796829496,0.01201919742797164,14,0.9881879868738169,42,64,largest,0.5
2874,2874,1,0,-0.009908939560711705,0.09814712292226051,60,0.9889107763467931,42,64,largest,0.5
2875,2875,0,0,-0.035245625499671474,0.0653847439406202,10,0.9889996590093014,42,64,largest,0.5
2876,2876,4,0,-0.029225341585459086,0.04456912679115203,21,0.9778343755988002,42,64,largest,0.5
2877,2877,3,0,-0.02256498698911935,0.08081079666843119,55,0.9595505276534526,42,64,largest,0.5
2878,2878,2,1,0.005412924027617283,0.1420548658663277,10,0.9555895255980087,42,64,largest,0.5
2879,2879,1,0,-0.06870285339147209,0.035058051906998636,3,0.9462311171317753,42,64,largest,0.5
288,288,0,0,-0.062198108601416724,0.03924221582670105,3,0.9739006939514272,42,64,largest,0.5
2880,2880,4,0,-0.021781775862924735,0.04916803027083577,58,0.9909744246340698,42,64,largest,0.5
2881,2881,3,0,-0.060215605850710174,0.03978462001753703,41,0.9817500629730598,42,64,largest,0.5
2882,2882,2,0,-0.06147104542799642,0.04012340549009114,58,0.9960704551227516,42,64,largest,0.5
2883,2883,1,0,-0.005651111261111508,0.10540756325706314,55,1.003950818917426,42,64,largest,0.5
2884,2884,0,0,-0.08313600388538567,0.026185692937658274,45,0.9574545099940532,42,64,largest,0.5
2885,2885,4,0,-0.032358887420876226,0.04275829136408235,60,0.9751059953266037,42,64,largest,0.5
2886,2886,3,0,-0.08785590963287448,0.023294742609906535,1,0.9410705648019467,42,64,largest,0.5
2887,2887,2,0,-0.09950511191477929,0.01875039335838925,5,0.9854304265421469,42,64,largest,0.5
2888,2888,1,1,0.009095440159830992,0.13431107066717454,7,0.9916202504976409,42,64,largest,0.5
2889,2889,0,0,-0.013918269747248746,0.09673576347412718,0,0.9835012685915264,42,64,largest,0.5
289,289,4,0,-0.014955065558001857,0.05377842372206348,57,0.9818286415156219,42,64,largest,0.5
2890,2890,3,0,-0.041128823814155946,0.057199754283575543,18,0.9885290839685771,42,64,largest,0.5
2891,2891,2,0,-0.0662586461703113,0.036495893476610794,36,0.9932973634738257,42,64,largest,0.5
2892,2892,1,0,-0.04679515343687013,0.05184444621258384,13,0.9473816374156672,42,64,largest,0.5
2893,2893,0,0,-0.05857824505169695,0.042059661238972264,32,1.0073547588095273,42,64,largest,0.5
2894,2894,4,0,-0.03538167574862772,0.04107821515976121,43,0.9590032673921473,42,64,largest,0.5
2895,2895,3,0,-0.03699064346937886,0.061825504903372006,36,0.9952873440168962,42,64,largest,0.5
2896,2896,2,0,-0.0717743479338403,0.03270758171261199,14,0.9896126744236863,42,64,largest,0.5
2897,2897,1,0,-0.02707528836807227,0.07321622019401341,25,0.9733060042733992,42,64,largest,0.5
2898,2898,0,0,-0.041716533771492315,0.057919220250187996,4,0.9787364975893561,42,64,largest,0.5
2899,2899,4,0,-0.08098142639472272,0.02228110543779179,38,0.9525877763849361,42,64,largest,0.5
29,29,3,0,-0.014899389283587583,0.09294329928729171,3,0.9790689379650311,42,64,largest,0.5
290,290,2,0,-0.04353869140773936,0.057012380584139474,32,0.9948618542609369,42,64,largest,0.5
2900,2900,1,0,-0.00555323452614076,0.10557990675693511,47,0.986718774827107,42,64,largest,0.5
2901,2901,0,0,-0.07276051274510487,0.032019890376139795,39,0.9790543542620366,42,64,largest,0.5
2902,2902,4,0,-0.07594695520816253,0.0238507355185801,1,0.9430794312991401,42,64,largest,0.5
2903,2903,3,0,-0.0481095004722627,0.05012619062707446,44,0.9911647081375652,42,64,largest,0.5
2904,2904,2,0,-0.047222280091342994,0.053070898589582985,5,0.9826461380376877,42,64,largest,0.5
2905,2905,1,0,-0.03122613933562235,0.06813118024629468,34,0.9809207876841814,42,64,largest,0.5
2906,2906,0,0,-0.058472512208818994,0.042144797973156685,40,0.9741807335826977,42,64,largest,0.5
2907,2907,4,0,-0.07090382778854087,0.025531034397599746,29,0.9655817790037745,42,64,largest,0.5
2908,2908,3,0,-0.015083096617344416,0.09263430772015328,18,0.9904045571172845,42,64,largest,0.5
2909,2909,2,0,-0.046341103407997686,0.053989694716880934,23,1.004718191960877,42,64,largest,0.5
291,291,1,0,-0.023406320946363968,0.07799964390097555,26,0.975658196962718,42,64,largest,0.5
2910,2910,0,0,-0.042252012763466906,0.05733861048808781,30,0.989359457018244,42,64,largest,0.5
2911,2911,4,0,-0.01823431485542437,0.051515002000166066,44,0.9950178177828338,42,64,largest,0.5
2912,2912,3,0,-0.06543287830167321,0.03598782072045933,0,0.989338825356841,42,64,largest,0.5
2913,2913,2,0,-0.06386698665959223,0.03826677749415585,61,0.9523215074732678,42,64,largest,0.5
2914,2914,1,0,-0.033119769001690336,0.06592175424570447,14,0.9664107646658227,42,64,largest,0.5
2915,2915,0,0,-0.07683821314900596,0.029590404709587917,41,0.9705334730774928,42,64,largest,0.5
2916,2916,4,0,-0.04783617677481633,0.03480007170327111,7,0.9514910279845599,42,64,largest,0.5
2917,2917,3,0,-0.06700659650747476,0.03491270438238156,10,0.9845152302933159,42,64,largest,0.5
2918,2918,2,0,-0.005190339659270959,0.1174762775839423,62,0.987456102396238,42,64,largest,0.5
2919,2919,1,0,-0.0355853760108682,0.06314473772829558,16,0.9701733201568696,42,64,largest,0.5
292,292,0,0,-0.06932468372989287,0.034215704656858026,37,0.9843887470718509,42,64,largest,0.5
2920,2920,4,0,-0.025623174819348504,0.046741085399338085,60,0.9938896220859699,42,64,largest,0.5
2921,2921,3,0,-0.06231535137963362,0.03821245183906367,42,0.9906895766439096,42,64,largest,0.5
2922,2922,2,0,-0.048630056664560994,0.05163359005339679,17,1.008148034005942,42,64,largest,0.5
2923,2923,1,1,0.007073947938241343,0.12998542719690998,7,0.9920896478465583,42,64,largest,0.5
2924,2924,0,0,-0.07587670481300379,0.030146652449191794,29,0.9694560554305063,42,64,largest,0.5
2925,2925,4,0,-0.05928105359010538,0.029854058576419727,40,0.9579354835613307,42,64,largest,0.5
2926,2926,3,0,-0.001251677307079313,0.11862448611656634,13,0.9755298554975993,42,64,largest,0.5
2927,2927,2,0,-0.06159674223230127,0.04002389228584569,23,0.9934138929220137,42,64,largest,0.5
2928,2928,1,0,-0.02888930785623567,0.07095228898754331,56,0.973953830428892,42,64,largest,0.5
2929,2929,0,0,-0.035538326506716844,0.06502852780855359,28,1.003795871136565,42,64,largest,0.5
293,293,4,0,-0.007697074664378856,0.0591255974536779,52,0.9994307511786312,42,64,largest,0.5
2930,2930,3,0,-0.03470881583098151,0.06452348012710234,28,0.9969793969521775,42,64,largest,0.5
2931,2931,2,0,-0.03658652797176254,0.06521028486672235,34,0.9941181326003175,42,64,largest,0.5
2932,2932,1,0,-0.015303331603573112,0.08959078498607059,9,0.9852781282014185,42,64,largest,0.5
2933,2933,0,0,-0.02707529322421509,0.07608842727294801,15,0.9578701253963829,42,64,largest,0.5
2934,2934,4,0,-0.044445558012947584,0.03641128332458039,4,0.9333335913923969,42,64,largest,0.5
2935,2935,3,0,-0.026677451510363714,0.07491354910706158,30,0.955087985830505,42,64,largest,0.5
2936,2936,2,0,-0.07897820051594984,0.028328368936383876,5,0.9869183674977007,42,64,largest,0.5
2937,2937,1,0,-0.03614684897638121,0.06252777797217181,35,0.987827140563839,42,64,largest,0.5
2938,2938,0,0,-0.04675696333138135,0.052666227528782535,49,1.005517322961778,42,64,largest,0.5
2939,2939,4,0,-0.048728692107804394,0.03438750880655789,22,0.9757909518812607,42,64,largest,0.5
294,294,3,0,-0.0029936081434561723,0.1150335092297589,12,0.940853173298103,42,64,largest,0.5
2940,2940,2,0,-0.0589495339072027,0.042170436081010156,14,0.9988225506855183,42,64,largest,0.5
2941,2941,1,0,-0.017902736701430277,0.08571253718314212,21,0.9925808253733507,42,64,largest,0.5
2942,2942,0,0,-0.08108644310127189,0.0272496530872918,44,0.9582982689297144,42,64,largest,0.5
2943,2943,4,0,-0.06871144320124434,0.026296964077441597,47,0.9624545816321994,42,64,largest,0.5
2944,2944,3,0,-0.04367188083592377,0.05452038962549789,26,1.0038556780903929,42,64,largest,0.5
2945,2945,2,0,-0.06665048104232041,0.03621338081681174,63,0.9917045116696622,42,64,largest,0.5
2946,2946,1,0,-0.0451459741404755,0.05337818552789512,11,0.9668617760306685,42,64,largest,0.5
2947,2947,0,0,-0.07071026304806238,0.033313235620453956,59,0.9434380631784581,42,64,largest,0.5
2948,2948,4,0,-0.0658707689328274,0.027322693570028422,36,0.9783350302263124,42,64,largest,0.5
2949,2949,3,0,-0.05127415991629991,0.047199669984899884,60,0.9889331035903054,42,64,largest,0.5
295,295,2,1,0.02909582506742081,0.21233353846345898,10,0.9634845992347917,42,64,largest,0.5
2950,2950,1,0,-0.026318016402385624,0.07418085475585504,26,0.9853023419776531,42,64,largest,0.5
2951,2951,0,0,-0.020139992624141234,0.08641204661875469,60,0.9402503608630807,42,64,largest,0.5
2952,2952,4,0,-0.005579419593430224,0.06077737217300667,6,0.9673996209266419,42,64,largest,0.5
2953,2953,3,0,-0.04813860883643539,0.050098505195116994,7,0.9785819954104812,42,64,largest,0.5
2954,2954,2,0,-0.0535439308221608,0.04690012243727578,24,0.9722242924246267,42,64,largest,0.5
2955,2955,1,0,-0.056131430430500506,0.043919520609766664,3,0.9414497702359355,42,64,largest,0.5
2956,2956,0,0,-0.08068592013468567,0.027462425525183444,52,0.9699653056911961,42,64,largest,0.5
2957,2957,4,0,-0.06565154346462432,0.02740345007594357,8,0.9822760343664585,42,64,largest,0.5
2958,2958,3,0,-0.015242525484286173,0.09236689989089396,36,0.9976843307107005,42,64,largest,0.5
2959,2959,2,0,-0.03708635801403437,0.0645860179055114,58,0.9911075111796535,42,64,largest,0.5
296,296,1,0,-0.01498591680979433,0.09007505581965647,2,0.9852012103267791,42,64,largest,0.5
2960,2960,0,0,-0.08142918210960348,0.027068850562072155,28,0.98969342509066,42,64,largest,0.5
2961,2961,4,0,-0.01955054962614744,0.05063207899869645,5,0.9938060829659396,42,64,largest,0.5
2962,2962,3,0,-0.058212905263176684,0.04134176798770192,35,0.9776989401815915,42,64,largest,0.5
2963,2963,2,0,-0.08001002644388788,0.027749656404500965,5,0.9874599749295254,42,64,largest,0.5
2964,2964,1,0,-0.03493807246597924,0.06386305358970727,37,0.9646422696552217,42,64,largest,0.5
2965,2965,0,0,-0.07898274471963751,0.02838538000700516,37,0.9938710333504645,42,64,largest,0.5
2966,2966,4,0,-0.08378030737830067,0.0214526117717228,40,0.9562074354646547,42,64,largest,0.5
2967,2967,3,0,-0.05138148991771663,0.047103318850686755,60,0.984981029822858,42,64,largest,0.5
2968,2968,2,0,-0.09454964704853808,0.020721885677743468,40,0.9604180262445232,42,64,largest,0.5
2969,2969,1,0,-0.05029712246325335,0.04872473917597911,3,0.9702760097114773,42,64,largest,0.5
297,297,0,0,-0.07104200366409341,0.033100596946360646,16,0.9463195693159098,42,64,largest,0.5
2970,2970,4,0,-0.10124731823675837,0.016923465929751857,11,0.9344167079509276,42,64,largest,0.5
2971,2971,3,0,-0.05022284391927978,0.048153399376797724,60,0.979712895235568,42,64,largest,0.5
2972,2972,2,0,-0.07578638772726365,0.030193658694239185,23,0.9856601004518081,42,64,largest,0.5
2973,2973,1,0,-0.09024129531227998,0.023730807965712322,60,0.9433744263085293,42,64,largest,0.5
2974,2974,0,0,-0.09042912399686076,0.02271796722242405,8,0.9413482704890254,42,64,largest,0.5
2975,2975,4,0,-0.11298555437327162,0.014422246261465486,17,0.9366550324870098,42,64,largest,0.5
2976,2976,3,0,-0.058616962994677224,0.04102297758505615,10,0.979466767750886,42,64,largest,0.5
2977,2977,2,0,-0.08797539562574475,0.023653125959572485,56,0.9842259294082869,42,64,largest,0.5
2978,2978,1,0,-0.04883042319196329,0.050009055544660064,39,0.9655688273025925,42,64,largest,0.5
2979,2979,0,0,-0.11314537375630707,0.014554933978887411,4,0.9488607557282747,42,64,largest,0.5
298,298,4,0,-0.07167944947484994,0.025265300532859847,40,0.9511373030043654,42,64,largest,0.5
2980,2980,3,0,-0.09509923232124462,0.020219405991158703,44,0.9754299730158443,42,64,largest,0.5
2981,2981,2,0,-0.0830897144856938,0.02608986866825973,45,0.9648187542912062,42,64,largest,0.5
2982,2982,1,0,-0.0551646067547521,0.04468332309118643,56,0.953391072714339,42,64,largest,0.5
2983,2983,0,0,-0.06811200466475653,0.03502487247974126,27,0.9678781455218759,42,64,largest,0.5
2984,2984,4,0,-0.07999555828942473,0.022580314197392145,2,0.95396033671834,42,64,largest,0.5
2985,2985,3,0,-0.06900670387611751,0.033590906228697606,45,0.9561660986756935,42,64,largest,0.5
2986,2986,2,0,-0.08126048860444979,0.027063700692344858,23,0.9699332446576953,42,64,largest,0.5
2987,2987,1,0,-0.0037235442703074106,0.10884767383530372,42,0.9983720660667694,42,64,largest,0.5
2988,2988,0,0,-0.10108762722345421,0.018443585171813878,35,0.9599087069932184,42,64,largest,0.5
2989,2989,4,0,-0.03857418793464906,0.039372484682702054,36,0.9869918532769184,42,64,largest,0.5
299,299,3,0,-0.06531848378098326,0.036067202436073274,36,0.9819592184566943,42,64,largest,0.5
2990,2990,2,0,-0.09882142753571599,0.0190110381445898,4,0.9734222257239655,42,64,largest,0.5
2991,2991,1,0,-0.03667849119358546,0.061948786608296724,61,0.9758360551651092,42,64,largest,0.5
2992,2992,0,0,-0.1193523602506299,0.012880332743642591,21,0.9613026670559053,42,64,largest,0.5
2993,2993,4,0,-0.07275582009913484,0.024900987123544372,13,0.9635030772668279,42,64,largest,0.5
2994,2994,3,0,-0.08498814217888828,0.024634690136877975,18,0.9624046564101978,42,64,largest,0.5
2995,2995,2,0,-0.11705732675088021,0.013140238351446488,43,0.9754981793167593,42,64,largest,0.5
2997,2997,1,0,-0.041386084241820886,0.057036349381616946,5,0.9732344837387022,42,64,largest,0.5
2998,2998,0,0,-0.02935751374641149,0.07294642093267263,15,0.9644012550043168,42,64,largest,0.5
2999,2999,4,0,-0.03271895504446898,0.042554771026658555,22,0.9661293035276299,42,64,largest,0.5
3,3,3,0,-0.02497588718692323,0.07730404261066288,46,0.9988219516416024,42,64,largest,0.5
30,30,2,0,-0.03174774709811157,0.07155007049975728,11,0.9724377258058006,42,64,largest,0.5
300,300,1,0,-0.06777636225252082,0.03564761425762277,11,0.9455122271203001,42,64,largest,0.5
3000,3000,0,0,-0.026159737328097066,0.07738346698770343,58,0.9908942027576457,42,64,largest,0.5
3001,3001,4,0,-0.06372425491115297,0.0281234621165289,19,0.9910657399848837,42,64,largest,0.5
3002,3002,3,0,-0.032766463658920664,0.06690603229551871,23,0.959636668086875,42,64,largest,0.5
3003,3003,2,0,-0.0890525814090537,0.023146528071106082,13,0.973519065615359,42,64,largest,0.5
3004,3004,1,0,-0.03481100778555579,0.06400494905073749,36,0.9696768521969786,42,64,largest,0.5
3005,3005,0,0,-0.044812815345053325,0.054636831035251354,25,0.9640416561481611,42,64,largest,0.5
3006,3006,4,0,-0.015490022398652603,0.05340288359102563,6,0.9942537949810716,42,64,largest,0.5
3007,3007,3,0,-0.02028008551591809,0.08426759025106235,30,0.9253207563803386,42,64,largest,0.5
3008,3008,2,0,-0.08043356176464833,0.027515450187557418,60,0.9688117391405044,42,64,largest,0.5
3009,3009,1,0,-0.016494493161333,0.08779433677702483,55,0.9760177062627146,42,64,largest,0.5
301,301,0,0,-0.0021773629480393852,0.119243099715942,15,0.9630560947803469,42,64,largest,0.5
3010,3010,4,0,-0.025019699388157624,0.047114666837331266,44,0.982665726376642,42,64,largest,0.5
3012,3012,3,0,-0.09955169619180493,0.018530182647663256,36,0.9668480548444368,42,64,largest,0.5
3013,3013,2,0,-0.03624353176164685,0.06564191565713531,13,0.9854696210363493,42,64,largest,0.5
3014,3014,1,0,-0.038186457173614574,0.06033365591277655,47,0.9683152468099496,42,64,largest,0.5
3015,3015,0,0,-0.06142218050986836,0.03983048248920171,45,0.955121772427714,42,64,largest,0.5
3016,3016,4,0,-0.03483586578005349,0.04137683156498225,33,0.982447306382734,42,64,largest,0.5
3017,3017,3,0,-0.05613261596833441,0.0430209160597024,42,0.9748226061406797,42,64,largest,0.5
3018,3018,2,0,-0.044479101564633305,0.05598073320626289,58,0.9892806673570957,42,64,largest,0.5
3019,3019,1,0,-0.015005672905910483,0.0900448457951261,47,0.9924020161580118,42,64,largest,0.5
302,302,0,0,-0.09277868661219824,0.02169945772251378,34,0.983073334337405,42,64,largest,0.5
3020,3020,4,0,-0.03622122473716449,0.040622915535093326,54,0.9939021048834797,42,64,largest,0.5
3021,3021,3,0,-0.0983710293511415,0.018964134188568064,34,0.9350925723161592,42,64,largest,0.5
3022,3022,2,0,-0.05920459858055205,0.041958910434542245,62,0.9686350701470319,42,64,largest,0.5
3023,3023,1,0,-0.025107248728791887,0.07574747566823829,12,0.9768072837603424,42,64,largest,0.5
3024,3024,0,0,-0.04198982574873611,0.05762220874010204,6,0.9773510936693648,42,64,largest,0.5
3025,3025,4,0,-0.05480614235698644,0.03170114609989254,38,0.9596432950716008,42,64,largest,0.5
3026,3026,3,0,-0.035001831530331984,0.06417098673490614,40,1.009014115187287,42,64,largest,0.5
3027,3027,2,0,-0.053202671818280534,0.04721507043583548,15,1.0013951919341157,42,64,largest,0.5
3028,3028,1,0,-0.04140202488749711,0.05702035377093422,1,0.9620815656599406,42,64,largest,0.5
3029,3029,0,1,0.006211900854355412,0.13798585826705034,36,0.9627313423187157,42,64,largest,0.5
303,303,4,0,-0.041363815011129845,0.037937801782599964,4,0.9445297237369252,42,64,largest,0.5
3031,3031,3,0,-0.013355341082054606,0.09557710397875001,41,0.9776152833564015,42,64,largest,0.5
3032,3032,2,0,-0.07919987067701884,0.028203062337443754,23,0.9794280724943182,42,64,largest,0.5
3033,3033,1,0,-0.017140155316512695,0.08683424361086697,37,0.9821609736423063,42,64,largest,0.5
3034,3034,0,0,-0.06332619028595843,0.038401809967482756,40,0.9822922283676964,42,64,largest,0.5
3035,3035,4,0,-0.011094091958328889,0.05656354964939057,46,0.9799257760560607,42,64,largest,0.5
3036,3036,3,0,-0.11198912964206387,0.014511981893265673,33,0.9279472754914422,42,64,largest,0.5
3037,3037,2,0,-0.05923199737191909,0.041936248996723595,11,0.9632595418911063,42,64,largest,0.5
3038,3038,1,0,-0.021864274892417934,0.0800942481410029,38,0.9922559282484692,42,64,largest,0.5
3039,3039,0,0,-0.06617993705323366,0.036352277672428705,9,0.9866972714475273,42,64,largest,0.5
304,304,4,0,-0.02036068626638743,0.05009578563215452,29,0.9757509297195286,42,64,largest,0.5
3040,3040,3,0,-0.04362979560579361,0.05456375269733186,34,0.9902269344613186,42,64,largest,0.5
3041,3041,2,0,-0.02855044593807632,0.07604653132119567,17,0.9956123729007027,42,64,largest,0.5
3042,3042,1,0,-0.00804573910860129,0.10126776766117307,60,0.9951735125238186,42,64,largest,0.5
3043,3043,0,0,-0.07071253409271538,0.0333117754551198,49,0.992366706387327,42,64,largest,0.5
3044,3044,4,0,-0.033712010716823615,0.04199825445645503,36,0.9833173877363683,42,64,largest,0.5
3045,3045,3,0,-0.06937087586397983,0.0333554921397332,15,0.9654529641991468,42,64,largest,0.5
3046,3046,2,0,-0.049543834230273975,0.050720424484144655,34,0.9636444411914701,42,64,largest,0.5
3047,3047,1,0,-0.03612751890672439,0.06254892448782144,36,0.9776853664048865,42,64,largest,0.5
3048,3048,0,0,-0.1086520990436266,0.015899313348344674,14,0.9478020011351178,42,64,largest,0.5
3049,3049,4,0,-0.05828655095964819,0.03025532276645632,23,0.9574868162876025,42,64,largest,0.5
305,305,3,0,-0.03977820872349691,0.058672596512870184,40,0.9861769277590379,42,64,largest,0.5
3050,3050,2,0,-0.04826552236867143,0.052002200863573975,58,0.9994922798135215,42,64,largest,0.5
3051,3051,1,0,-0.015081322102270978,0.08992925125776897,11,0.9807676567678939,42,64,largest,0.5
3052,3052,0,0,-0.04385347030296116,0.05563464414674715,35,0.9689225029486204,42,64,largest,0.5
3053,3053,4,0,-0.06591930871735474,0.027304844177384595,32,0.94529816290779,42,64,largest,0.5
3054,3054,3,0,-0.045524666183415996,0.05264323497807022,18,0.9852560031369869,42,64,largest,0.5
3055,3055,2,0,-0.0074735017235165735,0.11269154318192114,9,0.9525805381773204,42,64,largest,0.5
3056,3056,1,0,-0.0421627756190297,0.0562618628084776,12,0.9612342851679359,42,64,largest,0.5
3057,3057,0,0,-0.06489426296336775,0.0372622735179148,37,0.9920216934272628,42,64,largest,0.5
3058,3058,4,0,-0.025358256832984316,0.046904734731227506,5,0.9901030926358528,42,64,largest,0.5
3059,3059,3,0,-0.043588817969036464,0.054606005771014654,46,0.9785320857966471,42,64,largest,0.5
306,306,2,0,-0.04688966599326161,0.053415965621833116,7,0.9834367307201501,42,64,largest,0.5
3060,3060,1,0,-0.027730015606731495,0.07239153596863085,61,0.9790105855852069,42,64,largest,0.5
3061,3061,0,0,-0.03985518474339789,0.05998063377068681,25,0.9923840693321206,42,64,largest,0.5
3062,3062,4,0,-0.0777595753856617,0.023273548970126373,39,0.9220632035388072,42,64,largest,0.5
3063,3063,3,0,-0.05833659199815733,0.04124393163029317,44,0.9813493653894827,42,64,largest,0.5
3064,3064,2,0,-0.09946966090463705,0.018763821962704676,46,0.9391800334002167,42,64,largest,0.5
3065,3065,1,0,-0.029909222468701646,0.06970797799144014,42,0.9682177220255009,42,64,largest,0.5
3066,3066,0,0,-0.04974369797627343,0.04976917519055315,35,0.9821282325191053,42,64,largest,0.5
3067,3067,4,0,-0.13179301668569288,0.011153646721431872,7,0.9071948791028812,42,64,largest,0.5
3068,3068,3,0,-0.06762785859337372,0.034496855245336404,36,0.9834326024474335,42,64,largest,0.5
3069,3069,2,0,-0.05620295902344785,0.04451367336370965,24,0.9968169629529764,42,64,largest,0.5
307,307,1,0,-0.04285074237716957,0.0555841187616518,50,0.9716697936449112,42,64,largest,0.5
3070,3070,0,0,-0.04072566461060734,0.05900817743746929,24,0.9929494617737948,42,64,largest,0.5
3071,3071,4,0,-0.03153176168365368,0.04322933299632858,55,1.0001302192315733,42,64,largest,0.5
3072,3072,3,0,-0.020456253225803134,0.08399636103452081,13,0.9785770753955831,42,64,largest,0.5
3073,3073,2,0,-0.030504132203047485,0.07326908340344246,5,0.9935016257063864,42,64,largest,0.5
3074,3074,1,0,-0.018508330545426888,0.08483112101910083,23,0.9792904750952823,42,64,largest,0.5
3075,3075,0,0,-0.04590717546343315,0.05351918418531869,41,0.9708761401802436,42,64,largest,0.5
3076,3076,4,0,-0.026325124425444324,0.046310087564700515,57,0.9664045450387533,42,64,largest,0.5
3077,3077,3,0,-0.06272628653539003,0.037911824931741285,15,0.9829055582719158,42,64,largest,0.5
3078,3078,2,0,-0.027441818926856154,0.07766527181340216,54,0.9879853077740606,42,64,largest,0.5
3079,3079,1,0,-0.034941438845025874,0.0638592982809598,27,0.9758918583719854,42,64,largest,0.5
308,308,0,0,-0.042852518806257955,0.05669399724356492,51,0.9737926446639021,42,64,largest,0.5
3080,3080,4,0,-0.031906237817900585,0.043015461064718326,5,0.9790576292374215,42,64,largest,0.5
3081,3081,3,0,-0.05617092979373184,0.04298940941113294,53,0.9511882801221472,42,64,largest,0.5
3082,3082,2,0,-0.10964983405589224,0.015271201128481269,23,0.9663121486722601,42,64,largest,0.5
3083,3083,1,0,-0.004357806669102571,0.10770496754118872,55,0.9899548367330294,42,64,largest,0.5
3084,3084,0,0,-0.053240443380699554,0.046569361851933576,51,0.9722300500648419,42,64,largest,0.5
3085,3085,4,0,-0.023623278292970618,0.047990031529722685,38,0.972711870096935,42,64,largest,0.5
3086,3086,3,0,-0.031158866297567034,0.06893946934265392,30,0.9688055254186905,42,64,largest,0.5
3087,3087,2,0,-0.11081975622717055,0.014913313598795497,37,0.9226171864115976,42,64,largest,0.5
3088,3088,1,0,-0.038396278658835103,0.06011207046441455,46,0.9736536849505036,42,64,largest,0.5
3089,3089,0,0,-0.08712167255755343,0.02423121876130359,32,0.9773011530008655,42,64,largest,0.5
309,309,4,0,-0.006740942361524671,0.059866108158801605,44,0.9657250778625653,42,64,largest,0.5
3090,3090,3,0,-0.09803531071802318,0.019089336364694277,11,0.9557722429630435,42,64,largest,0.5
3091,3091,2,0,-0.09159673889941011,0.021991714341881054,35,0.978322175059702,42,64,largest,0.5
3092,3092,1,0,-0.006900559880971491,0.10322923027143915,61,0.9877203655940974,42,64,largest,0.5
3093,3093,0,0,-0.09214505306672083,0.021969649630343202,24,0.9832413610418232,42,64,largest,0.5
3094,3094,4,0,-0.04180527778862553,0.03771541199882276,57,0.9729429123024083,42,64,largest,0.5
3095,3095,3,0,-0.029828039699024367,0.07066596215777787,30,0.9667596619335402,42,64,largest,0.5
3096,3096,2,0,-0.03774602522102177,0.06377063649833292,32,0.9417037890162583,42,64,largest,0.5
3097,3097,1,0,-0.0004218873012693525,0.11496922715089668,50,1.003797091047609,42,64,largest,0.5
3098,3098,0,0,-0.04382618000137961,0.055663278132931246,17,0.993462089896293,42,64,largest,0.5
3099,3099,4,0,-0.02801037925224381,0.04529072601397785,54,0.9930622373640413,42,64,largest,0.5
31,31,3,0,-0.06157732736414023,0.038758122602514974,45,0.9341063715250799,42,64,largest,0.5
310,310,2,0,-0.05880393560642716,0.042291637697158616,16,0.9980249537632158,42,64,largest,0.5
3100,3100,1,0,-0.03029171539860087,0.0692465572536037,51,0.9878854449284649,42,64,largest,0.5
3101,3101,0,0,-0.057849678574360186,0.042649660309134266,28,0.9996882879888992,42,64,largest,0.5
3102,3102,4,0,-0.03128372216600084,0.04337155265465602,57,0.9488761110115269,42,64,largest,0.5
3103,3103,3,0,-0.036737532050240884,0.06211950136483213,41,0.9705846413814162,42,64,largest,0.5
3104,3104,2,0,-0.02012388320493108,0.08916348356920352,7,0.9915358485704224,42,64,largest,0.5
3105,3105,1,0,-0.027175288501205208,0.07308970405602543,55,0.9762414968833056,42,64,largest,0.5
3106,3106,0,0,-0.04545986425492954,0.05397338335375081,31,0.9773488808870106,42,64,largest,0.5
3107,3107,4,0,-0.07507522325049387,0.024133268498538585,54,0.9580673474123589,42,64,largest,0.5
3108,3108,3,0,-0.08629736434261304,0.024013888968312372,53,0.990679364501714,42,64,largest,0.5
3109,3109,2,0,-0.05818100318320907,0.04281395999356597,11,0.9701949968649586,42,64,largest,0.5
311,311,1,0,-0.01049871662255264,0.09717731473154682,16,0.9934296187068182,42,64,largest,0.5
3110,3110,0,0,-0.08427368218457831,0.0256126659316025,1,0.9669786010957587,42,64,largest,0.5
3111,3111,4,0,-0.04521361300112392,0.03604013109087001,40,0.9769211863698409,42,64,largest,0.5
3112,3112,3,0,-0.05454995905344873,0.04434181771321725,18,0.9905596801898849,42,64,largest,0.5
3113,3113,2,0,-0.09775931434691243,0.019423015635693756,3,0.9780655022254772,42,64,largest,0.5
3114,3114,1,0,-0.02396131813086011,0.07725812497923547,36,0.9893307853918208,42,64,largest,0.5
3115,3115,0,0,-0.028192655769943786,0.07453489446675703,30,0.9747746637369362,42,64,largest,0.5
3116,3116,4,0,-0.02663817360119136,0.04611909652708572,57,0.9288908955743294,42,64,largest,0.5
3117,3117,3,0,-0.05167670349505471,0.04683926636918923,40,0.9807936470414147,42,64,largest,0.5
3118,3118,2,0,-0.1489333319732301,0.006861943965528325,56,0.9352205910147627,42,64,largest,0.5
3119,3119,1,0,-0.022893901388381765,0.07869005453961397,14,0.9788155036657378,42,64,largest,0.5
312,312,0,0,-0.04481613240387283,0.05463341039418791,17,0.9977218823957631,42,64,largest,0.5
3120,3120,4,0,-0.026941915739674083,0.045934500373044744,58,0.9749890740283237,42,64,largest,0.5
3121,3121,3,0,-0.06083147224230856,0.03931717678347088,51,0.9538927498202302,42,64,largest,0.5
3122,3122,2,0,-0.0664592082227311,0.036351024462704135,40,0.9669897636402489,42,64,largest,0.5
3123,3123,1,0,-0.052636892524485,0.04674050345468672,14,0.9539852777328733,42,64,largest,0.5
3124,3124,0,0,-0.10060794074336199,0.018617767987727036,5,0.9633225022999217,42,64,largest,0.5
3125,3125,4,0,-0.07281033865748976,0.024882671354093017,49,0.9414662518186246,42,64,largest,0.5
3126,3126,3,0,-0.08965280045239421,0.022491690847061763,4,0.9629774572302174,42,64,largest,0.5
3127,3127,2,0,-0.12000793186846903,0.01237561707337253,42,0.9622385417190855,42,64,largest,0.5
3128,3128,1,0,-0.06777973479763189,0.035645450957518345,61,0.9480132840489073,42,64,largest,0.5
3129,3129,0,0,-0.08629725146545264,0.024623464994929463,1,0.9733121466006619,42,64,largest,0.5
313,313,4,0,-0.09186955356686122,0.019223953955631826,55,0.923372126718135,42,64,largest,0.5
3130,3130,3,0,-0.06751596313738528,0.03457139950782952,17,0.9743832822232107,42,64,largest,0.5
3131,3131,2,0,-0.11856863839190046,0.012742945457801243,56,0.9220730372943315,42,64,largest,0.5
3132,3132,1,0,-0.09873200187194375,0.02032441568651426,33,0.9138625077975409,42,64,largest,0.5
3133,3133,0,0,-0.11855965328076978,0.013083121837966345,44,0.9285705847079937,42,64,largest,0.5
3134,3134,4,0,-0.06881972842619455,0.02625861417678107,48,0.951325092587901,42,64,largest,0.5
3135,3135,3,0,-0.07012361042195381,0.03287393598671311,33,0.9438161566171428,42,64,largest,0.5
3136,3136,2,0,-0.04033985441899768,0.06065672702590617,45,0.9919919876211098,42,64,largest,0.5
3137,3137,1,0,-0.04789172015262211,0.050847795428842324,33,0.9562167884934754,42,64,largest,0.5
3138,3138,0,0,-0.06482839878435953,0.03730947698234586,1,0.988481325715388,42,64,largest,0.5
3139,3139,4,0,-0.12094037213945774,0.012938056527092187,24,0.9077217561342978,42,64,largest,0.5
314,314,3,0,-0.08482766932072383,0.024711850561323245,49,0.9618427301539211,42,64,largest,0.5
3140,3140,2,0,-0.08204500867504749,0.02664178809786098,24,0.9680587721347857,42,64,largest,0.5
3141,3141,1,0,-0.04068428040748684,0.0577447651691342,0,0.9726649304431642,42,64,largest,0.5
3142,3142,0,0,-0.10228009807505833,0.018017476708357568,14,0.9418020260532921,42,64,largest,0.5
3143,3143,4,0,-0.05347645455054928,0.03227098515985525,48,0.9513402450447324,42,64,largest,0.5
3144,3144,3,0,-0.08615329373212244,0.02408144952735703,1,0.9727059757513877,42,64,largest,0.5
3145,3145,2,0,-0.12001401305383042,0.012374087464868498,61,0.9334780698861208,42,64,largest,0.5
3146,3146,1,0,-0.0919721588467628,0.02299395023417926,3,0.9273124692896595,42,64,largest,0.5
3147,3147,0,0,-0.12149081500815972,0.012348621871151785,42,0.9351907872201699,42,64,largest,0.5
3148,3148,4,0,-0.054007524543292496,0.03204221654999551,23,0.9687832008128958,42,64,largest,0.5
3149,3149,3,0,-0.09858387472969488,0.018885173589276504,34,0.9256971893201166,42,64,largest,0.5
315,315,2,0,-0.06440511109756297,0.037861269416574084,15,0.9992907257731023,42,64,largest,0.5
3150,3150,1,0,-0.08944049354121753,0.024079471305897437,33,0.9195594014894083,42,64,largest,0.5
3151,3151,0,0,-0.0679279762430175,0.03514926740188845,3,0.9863268335360394,42,64,largest,0.5
3152,3152,4,0,-0.09368624204638631,0.01875554748783696,18,0.9485494933338398,42,64,largest,0.5
3153,3153,3,0,-0.07221971408900707,0.031568104277050694,44,0.9774648231281773,42,64,largest,0.5
3154,3154,2,0,-0.07618057881087237,0.02995700518815357,54,0.9651397187408058,42,64,largest,0.5
3155,3155,1,0,-0.040448090516460256,0.05798503241271516,53,0.966732357099576,42,64,largest,0.5
3156,3156,0,0,-0.033073296957573106,0.06808567198627684,7,0.9730885104982203,42,64,largest,0.5
3157,3157,4,0,-0.025960995164156286,0.04653318924974813,60,0.9825890418509776,42,64,largest,0.5
3158,3158,3,0,-0.007512085131004653,0.10615711011074294,41,0.964466923818151,42,64,largest,0.5
3159,3159,2,0,-0.036908232469940905,0.06480784865421542,40,0.9681616798663776,42,64,largest,0.5
316,316,1,0,-0.06436216091442515,0.03790367660526315,14,0.9324643098887333,42,64,largest,0.5
3160,3160,0,0,-0.077392849937163,0.029274077341560987,56,0.9921220212199211,42,64,largest,0.5
3161,3161,4,0,-0.0541104838491534,0.03199804667271074,38,0.9555360004829793,42,64,largest,0.5
3162,3162,3,0,-0.08320049521942185,0.025507667851266968,53,0.9611573628939805,42,64,largest,0.5
3163,3163,2,1,0.030810589885211903,0.21829580489260528,10,0.93917940149422,42,64,largest,0.5
3164,3164,1,0,-0.038940705351811045,0.059540667508199537,8,0.9803002512117448,42,64,largest,0.5
3165,3165,0,0,-0.1220746183228768,0.012207268807234497,14,0.9471699634959337,42,64,largest,0.5
3166,3166,4,0,-0.06186644915294426,0.028834887062564762,23,0.963325170845906,42,64,largest,0.5
3167,3167,3,0,-0.11110011994628632,0.014768224363675546,31,0.9342496610595904,42,64,largest,0.5
3168,3168,2,0,-0.07253212343108306,0.03221775281508302,40,0.9533427834984886,42,64,largest,0.5
3169,3169,1,0,-0.0230045645838598,0.07854048041849589,58,0.9661162655992087,42,64,largest,0.5
317,317,0,0,-0.07054187984078186,0.03342166970981702,28,0.9794810891367273,42,64,largest,0.5
3170,3170,4,0,-0.030997631268599113,0.04353614473533391,41,0.9889301967962281,42,64,largest,0.5
3171,3171,3,0,-0.061677635724526,0.038683521091195563,62,0.9731321475320248,42,64,largest,0.5
3172,3172,2,0,-0.04137819267009779,0.05945050499888043,12,0.9776281418914696,42,64,largest,0.5
3173,3173,1,0,-0.03906421983935582,0.059411742773956576,5,0.9662725722841095,42,64,largest,0.5
3174,3174,0,0,-0.055534416730208425,0.044577498402511045,17,0.9896545819839758,42,64,largest,0.5
3175,3175,4,0,-0.018669159150085823,0.051221712068007234,7,0.989896680286136,42,64,largest,0.5
3176,3176,3,0,-0.030789496639320735,0.06941470112075158,6,0.9872849025739059,42,64,largest,0.5
3177,3177,2,0,-0.120141882953551,0.012341967381655794,21,0.9265981788118189,42,64,largest,0.5
3178,3178,1,0,-0.03781181112241694,0.06073120895035556,8,0.971045948010843,42,64,largest,0.5
3179,3179,0,0,-0.024444518444594165,0.07986408673103465,31,0.9661820368527342,42,64,largest,0.5
318,318,4,0,-0.04310289127513012,0.0370689598404426,29,0.9953095323593093,42,64,largest,0.5
3180,3180,3,1,0.008845871330258048,0.14139372961505428,47,0.9746344271762963,42,64,largest,0.5
3181,3181,2,1,0.006243322926324346,0.14415050516585637,10,0.9518824325883523,42,64,largest,0.5
3182,3182,1,0,-0.02573514103850294,0.07493128597127065,60,0.9846669263434609,42,64,largest,0.5
3183,3183,0,1,0.024764631604598852,0.18820690784400815,36,0.9494562032604592,42,64,largest,0.5
3184,3184,4,0,-0.011346342374337737,0.0563775208824901,30,0.9892692267125548,42,64,largest,0.5
3185,3185,3,0,-0.06926875123259957,0.03342134804893813,8,0.9583792463243324,42,64,largest,0.5
3186,3186,2,0,-0.05572461447347954,0.04493427107634616,58,0.9779968283614084,42,64,largest,0.5
3187,3187,1,0,-0.03244170508553945,0.06670513713478662,16,0.984820367248568,42,64,largest,0.5
3188,3188,0,0,-0.058983439180273045,0.041734916583550004,10,0.9951026117993431,42,64,largest,0.5
3189,3189,4,0,-0.10293928902168858,0.016538222291543708,17,0.9097972454982152,42,64,largest,0.5
319,319,3,1,0.024435545534277736,0.18358196590239428,47,0.904567387592848,42,64,largest,0.5
3190,3190,2,0,-0.0753326415223513,0.030468308964168987,40,0.9341205328985066,42,64,largest,0.5
3191,3191,1,0,-0.06603381736730873,0.03678242665830022,13,0.9463309705000955,42,64,largest,0.5
3192,3192,0,0,-0.06440581371073795,0.03761370492661845,55,0.9708805144146566,42,64,largest,0.5
3193,3193,4,0,-0.05678781289204282,0.030869923609605533,18,0.9767167365598598,42,64,largest,0.5
3194,3194,3,0,-0.08107015222340141,0.026587384311735313,42,0.9758936949812527,42,64,largest,0.5
3195,3195,2,0,-0.05268713897761601,0.047694670301137186,12,0.9754230781856839,42,64,largest,0.5
3196,3196,1,0,-0.06389325676342639,0.03822404239979274,3,0.9440698507893556,42,64,largest,0.5
3197,3197,0,0,-0.10349994790713102,0.017591586679187036,5,0.9703001782995357,42,64,largest,0.5
3198,3198,4,0,-0.05651547077993235,0.030982895868448358,5,0.9808994792453639,42,64,largest,0.5
3199,3199,3,0,-0.13349685152714053,0.009490694933474838,52,0.9388271552159774,42,64,largest,0.5
32,32,2,0,-0.14830220835417462,0.006951031249907369,54,0.9098837879771576,42,64,largest,0.5
320,320,1,0,-0.04228603044683177,0.0561398706735818,16,0.9576044295181162,42,64,largest,0.5
3200,3200,0,0,-0.058666028675995574,0.04198910228074208,45,0.978310692259026,42,64,largest,0.5
3201,3201,4,0,-0.043823273661524165,0.03671468828415618,21,0.9829953312681606,42,64,largest,0.5
3202,3202,3,0,-0.08431502986831474,0.024959925234097166,31,0.9471974957835428,42,64,largest,0.5
3203,3203,2,0,-0.017044050990264292,0.09444701661894787,40,0.9797433556753973,42,64,largest,0.5
3204,3204,1,0,-0.03766268990354671,0.06089012860353266,23,0.9734069284964487,42,64,largest,0.5
3205,3205,0,0,-0.1182001258155787,0.013176130998030632,39,0.9526796618933278,42,64,largest,0.5
3206,3206,4,0,-0.010725797684179361,0.05683619454135577,2,0.974946838874359,42,64,largest,0.5
3207,3207,3,0,-0.03136814376541697,0.06867155121497086,14,0.9874410174027803,42,64,largest,0.5
3208,3208,2,0,-0.09521140073731449,0.02044731175783385,18,0.9727349203251313,42,64,largest,0.5
3209,3209,1,0,-0.04608163291704248,0.052502841051638834,63,0.9820616813366997,42,64,largest,0.5
321,321,0,0,-0.06387029555684498,0.03800266134325666,35,0.9562854372102204,42,64,largest,0.5
3210,3210,4,0,-0.08025591518626929,0.022500917148951013,7,0.9449102521501328,42,64,largest,0.5
3211,3211,3,0,-0.0895120687709986,0.022553597055736164,43,0.9370151929901503,42,64,largest,0.5
3212,3212,2,0,-0.07434752370616027,0.03107294977853555,11,0.94599954775321,42,64,largest,0.5
3213,3213,1,0,-0.019521356782699284,0.08337507600231958,23,0.9828887247055513,42,64,largest,0.5
3214,3214,0,0,-0.09136398019049574,0.022307240564275133,41,0.9555413683780603,42,64,largest,0.5
3215,3215,4,0,-0.02254838643957635,0.04867433838761365,5,1.0016010056888136,42,64,largest,0.5
3216,3216,3,0,-0.03144041176762635,0.06857925756660332,28,0.9728387104479796,42,64,largest,0.5
3217,3217,2,0,-0.08821285223059838,0.023540529136871612,47,0.9842664902092463,42,64,largest,0.5
3218,3218,1,0,-0.034897397948484454,0.06390844364415192,12,0.9851105136513799,42,64,largest,0.5
3219,3219,0,0,-0.13778823199583834,0.00894944997933686,14,0.9345824127095441,42,64,largest,0.5
322,322,4,1,0.001750396007980437,0.06683331619061171,42,0.9882958624306164,42,64,largest,0.5
3220,3220,3,0,-0.09879610040004583,0.01880676394559094,42,0.9620852103996008,42,64,largest,0.5
3221,3221,2,0,-0.05342752966204434,0.04700732398098319,39,0.9871718369191964,42,64,largest,0.5
3222,3222,1,1,0.008847134646594146,0.1337732598880129,7,1.0055668541032974,42,64,largest,0.5
3223,3223,0,0,-0.043712394497665175,0.05578281558249984,60,1.0062391422800938,42,64,largest,0.5
3225,3225,4,0,-0.04470398646194784,0.036285992518527085,36,0.99465482560758,42,64,largest,0.5
3226,3226,3,0,-0.036668577272238045,0.062199820379990084,35,0.975958902027157,42,64,largest,0.5
3227,3227,2,0,-0.052826458154623834,0.04756460732469713,5,0.9768554429451162,42,64,largest,0.5
3228,3228,1,0,-0.042789019748666,0.0556446091239094,11,0.9648807460426869,42,64,largest,0.5
3229,3229,0,0,-0.13235864828578126,0.009963943645815827,14,0.9261422162169968,42,64,largest,0.5
323,323,4,0,-0.039815285311991966,0.03872788307043572,61,0.9767791244019102,42,64,largest,0.5
3230,3230,3,0,-0.07604675005888317,0.029312265144188988,52,0.9723646620957699,42,64,largest,0.5
3231,3231,2,0,-0.0799405727598339,0.027788247230829673,24,0.9756588213477579,42,64,largest,0.5
3232,3232,1,0,-0.06862937590552298,0.03510446340535656,13,0.9308696359969462,42,64,largest,0.5
3233,3233,0,0,-0.04945504405656953,0.050042435857402756,48,0.9947774618354179,42,64,largest,0.5
3234,3234,4,0,-0.10113572660602344,0.01694918193813856,55,0.9238239340280251,42,64,largest,0.5
3235,3235,3,0,-0.04989376629960063,0.04845567243014731,35,0.96181086452072,42,64,largest,0.5
3236,3236,2,0,-0.07384844165508242,0.031383690681959564,5,1.0011831213673246,42,64,largest,0.5
3238,3238,1,0,-0.011010020429437661,0.09634347484565353,16,0.9953349591359815,42,64,largest,0.5
3239,3239,0,0,-0.022139513230073127,0.0833120256837511,57,0.9745391906150741,42,64,largest,0.5
324,324,4,0,-0.061262578302781145,0.02906987076869864,25,0.9577071605789229,42,64,largest,0.5
3240,3240,3,0,-0.013596966806191269,0.09516058276854289,41,0.9871543326004721,42,64,largest,0.5
3241,3241,2,0,-0.039363879757834175,0.06181134031043711,58,0.9769247982958507,42,64,largest,0.5
3242,3242,1,0,-0.049292390448275936,0.04960111137785424,28,0.9580907786193159,42,64,largest,0.5
3243,3243,0,0,-0.11147103197835351,0.015042276385804685,35,0.9376190088843744,42,64,largest,0.5
3244,3244,4,0,-0.01467384876213984,0.053976835659974166,30,0.9678110359421843,42,64,largest,0.5
3245,3245,3,0,-0.03662379461840959,0.06225203545742605,37,0.9878569074786483,42,64,largest,0.5
3246,3246,2,0,-0.06017644353003415,0.04116221884254157,55,0.9823490848772521,42,64,largest,0.5
3247,3247,1,0,-0.06728025857323083,0.035967218035216915,39,0.952033635486268,42,64,largest,0.5
3248,3248,0,0,-0.05243939625932614,0.04728465164389483,28,1.0071888784316354,42,64,largest,0.5
3249,3249,4,0,-0.011966568982658243,0.055922561728457665,13,0.9886897681092566,42,64,largest,0.5
325,325,3,0,-0.0959333006342673,0.019891879310351045,1,0.9585278401710837,42,64,largest,0.5
3250,3250,2,0,-0.04116364592244104,0.05969788463882866,5,0.991571146785227,42,64,largest,0.5
3251,3251,1,0,-0.03240191467765219,0.06675137542152476,37,0.9735532498459467,42,64,largest,0.5
3252,3252,0,0,-0.07178025899173379,0.03263208540320086,40,0.9759944961336764,42,64,largest,0.5
3253,3253,4,0,-0.037388183548067055,0.03999807774084411,46,0.9792881894544069,42,64,largest,0.5
3254,3254,3,0,-0.04432713948806777,0.05384941119707836,12,0.971058638668846,42,64,largest,0.5
3255,3255,2,0,-0.05737759741673798,0.04349671060316243,36,0.9581067381767191,42,64,largest,0.5
3256,3256,1,0,-0.016165490319724474,0.08828724200118614,53,0.983292969876357,42,64,largest,0.5
3257,3257,0,0,-0.10350432165853518,0.017590077586734996,45,0.9323159992319652,42,64,largest,0.5
3258,3258,4,0,-0.02986545428248666,0.044193367831119004,13,0.9881630836258494,42,64,largest,0.5
3259,3259,3,0,-0.07343186168573601,0.030836006423215462,18,0.9939084449968422,42,64,largest,0.5
326,326,2,0,-0.07492039342526402,0.03071993746589126,16,0.9782518716801187,42,64,largest,0.5
3260,3260,1,0,-0.0165221731201044,0.08775298085496727,18,0.9896942791752528,42,64,largest,0.5
3261,3261,0,0,-0.06490013525912586,0.03725806775622779,30,0.990813054006376,42,64,largest,0.5
3262,3262,4,1,0.0028670618121279245,0.06780372635248072,42,0.98315833169194,42,64,largest,0.5
3263,3263,3,0,-0.021474308807307052,0.08244443438120493,3,0.9647231842215106,42,64,largest,0.5
3264,3264,2,0,-0.06570065810113657,0.03690186483818724,16,1.0025059085354633,42,64,largest,0.5
3265,3265,1,0,-0.025764362664960738,0.07489349862688696,12,0.9955334322926342,42,64,largest,0.5
3266,3266,0,0,-0.05405022861263631,0.04585673758031122,20,1.0063791024196787,42,64,largest,0.5
3267,3267,4,0,-0.07751472310815577,0.023350712616313885,48,0.9381068678597632,42,64,largest,0.5
3268,3268,3,0,-0.03074837074626291,0.06946780095635689,12,0.9931219451725904,42,64,largest,0.5
3269,3269,2,0,-0.07122381910748332,0.033067950359054944,15,0.9948046880393894,42,64,largest,0.5
327,327,1,0,-0.013869925365314728,0.09179646376534137,34,0.9883007145712814,42,64,largest,0.5
3270,3270,0,0,-0.04395709647487278,0.055526041970820346,15,0.9647072660315197,42,64,largest,0.5
3271,3271,4,0,-0.04291958337076529,0.03715963078880166,15,0.9932450674774719,42,64,largest,0.5
3272,3272,3,0,-0.04959987576476177,0.04872714603428467,14,0.9995536599639079,42,64,largest,0.5
3273,3273,2,0,-0.02407113692697549,0.0827824164877475,23,0.9964435098658408,42,64,largest,0.5
3274,3274,1,0,-0.027549894632315275,0.07261755575157444,55,0.979370011845332,42,64,largest,0.5
3275,3275,0,0,-0.06146935655859609,0.039794476082943106,2,0.9948296218023219,42,64,largest,0.5
3276,3276,4,0,-0.015800899423301762,0.053185785854773425,32,0.9955300845859002,42,64,largest,0.5
3277,3277,3,0,-0.0007684212048069128,0.11963776283009331,3,0.9515266306363471,42,64,largest,0.5
3278,3278,2,0,-0.03604767553977872,0.06588957362667938,58,0.9938164725917851,42,64,largest,0.5
3279,3279,1,0,-0.013533747845976496,0.09232078246900195,55,0.9900776541392389,42,64,largest,0.5
328,328,0,0,-0.0875650700417363,0.02402278397538187,16,0.9504243955112686,42,64,largest,0.5
3280,3280,4,1,0.017687076441106342,0.08197572701962401,42,0.953776595888442,42,64,largest,0.5
3281,3281,3,0,-0.05433437654752293,0.04452471139243972,42,0.986410128367266,42,64,largest,0.5
3282,3282,2,0,-0.06041045376097132,0.04097255735094832,4,0.9842079225370866,42,64,largest,0.5
3283,3283,1,0,-0.023230922653521335,0.07823534108435644,42,0.9865626252184473,42,64,largest,0.5
3284,3284,0,0,-0.11710147111638713,0.013464412477726239,40,0.9632336836448523,42,64,largest,0.5
3285,3285,4,1,0.006330628963543972,0.07089732272898955,42,0.9680514945931186,42,64,largest,0.5
3286,3286,3,0,-0.056186238244712694,0.042976826959113056,17,0.9873061770097589,42,64,largest,0.5
3287,3287,2,0,-0.06349980408004186,0.03854586115146709,39,0.9948245935284588,42,64,largest,0.5
3288,3288,1,0,-0.05878983930426096,0.041883058906868574,33,0.9402704373606239,42,64,largest,0.5
3289,3289,0,0,-0.10549483134608517,0.016916319078978587,48,0.9725081522796603,42,64,largest,0.5
329,329,4,0,-0.03892706663246537,0.0391881667219262,4,0.954537430935302,42,64,largest,0.5
3290,3290,3,0,-0.0629498542047422,0.03774922557496379,13,1.013054698249774,42,64,largest,0.5
3291,3291,2,0,-0.09891765219118687,0.018974140165659837,5,0.9766651551713915,42,64,largest,0.5
3292,3292,1,0,-0.01974060984207815,0.08306294363644334,9,0.9859194857311674,42,64,largest,0.5
3293,3293,0,0,-0.10479222417541967,0.01715119463569995,37,0.9832562331267619,42,64,largest,0.5
3294,3294,4,0,-0.03743499974984821,0.03997320353831838,36,0.9965909854323882,42,64,largest,0.5
3295,3295,3,0,-0.056266276165974904,0.042911098761009785,46,0.9720459757062241,42,64,largest,0.5
3296,3296,2,0,-0.05500388341129714,0.045575152260135775,28,0.9819740678346571,42,64,largest,0.5
3297,3297,1,0,-0.013664323889855723,0.0921168109883632,34,1.0045586594153404,42,64,largest,0.5
3298,3298,0,0,-0.08206507392780549,0.026736487711664522,33,0.9935684832150453,42,64,largest,0.5
3299,3299,4,0,-0.022887834280246988,0.048457241898753174,46,0.9927161442362915,42,64,largest,0.5
33,33,3,0,-0.059828395130761436,0.04008123610831429,21,0.9295747881217672,42,64,largest,0.5
330,330,2,0,-0.04646076794365828,0.053864046859344296,47,0.9187819866416062,42,64,largest,0.5
3300,3300,1,0,-0.03185979214482704,0.0673843180417064,61,0.9694522658984145,42,64,largest,0.5
3301,3301,0,0,-0.07265856825169659,0.032083036504610474,5,0.9906239246298684,42,64,largest,0.5
3302,3302,4,0,-0.009550864777062573,0.05771426226012047,3,0.9966726849749121,42,64,largest,0.5
3303,3303,3,0,-0.08478789019464661,0.02473101402674026,54,0.9408501579741961,42,64,largest,0.5
3305,3305,2,0,-0.06451280031640516,0.037780616475990625,11,0.9562109449024657,42,64,largest,0.5
3306,3306,1,0,-0.035198357509924505,0.06357330327114182,22,0.9851963931041251,42,64,largest,0.5
3307,3307,0,0,-0.04182720140618479,0.05779877484104529,34,0.9802613322466246,42,64,largest,0.5
3308,3308,4,0,-0.03539291169357017,0.04107208961704426,5,0.9976246788732769,42,64,largest,0.5
3309,3309,3,0,-0.008675744521952744,0.10397098787140066,6,0.9844668247462243,42,64,largest,0.5
331,331,2,0,-0.030552306373256233,0.07320179119238684,63,0.9703975267521208,42,64,largest,0.5
3310,3310,1,0,-0.017032715934925502,0.08699334330425393,22,0.9944071573964441,42,64,largest,0.5
3311,3311,0,0,-0.09461815846097654,0.020933355618312544,37,0.9833042492224499,42,64,largest,0.5
3312,3312,4,0,-0.056813830028219936,0.030859152139869103,36,0.9839833410142713,42,64,largest,0.5
3313,3313,3,0,-0.016857988778832156,0.0896961943702636,41,0.9775105062631826,42,64,largest,0.5
3314,3314,2,1,0.01435714856250292,0.1659996010542708,10,0.9453313260135549,42,64,largest,0.5
3315,3315,1,0,-0.0738274168886911,0.03196317641620173,11,0.9324585481945732,42,64,largest,0.5
3316,3316,0,0,-0.09900349438462852,0.019212177099026086,45,0.9320675616021663,42,64,largest,0.5
3317,3317,4,0,-0.03986717932389505,0.038701152102704854,15,0.9766401229247791,42,64,largest,0.5
3318,3318,3,0,-0.06917800778912453,0.033479970014635284,20,0.9798727156078014,42,64,largest,0.5
3319,3319,2,0,-0.05383969413303702,0.04662877914386887,40,0.9936676673062017,42,64,largest,0.5
332,332,1,0,-0.0071006378679057125,0.10288412979592947,26,0.994606627268408,42,64,largest,0.5
3320,3320,0,0,-0.07366772441358171,0.0314632172108767,3,0.930256471298512,42,64,largest,0.5
3321,3321,4,0,-0.07099667677516563,0.02549908078142521,7,0.9249933653429993,42,64,largest,0.5
3322,3322,3,0,-0.02138340726503929,0.082581936967507,20,0.9775133977123119,42,64,largest,0.5
3323,3323,2,0,-0.0250219095199109,0.0813087401422069,34,0.9544758158837557,42,64,largest,0.5
3324,3324,1,0,-0.022566125235895407,0.07913461170169976,2,0.9899178493595645,42,64,largest,0.5
3325,3325,0,0,-0.044627256783807745,0.05482850574270379,6,0.9352086491749442,42,64,largest,0.5
3326,3326,4,0,-0.05873075469927891,0.03007545275188293,7,0.9479031026617007,42,64,largest,0.5
3327,3327,3,0,-0.05471844457851338,0.044199378654239736,52,0.982010092233961,42,64,largest,0.5
3328,3328,2,0,-0.1397518517572004,0.00827737368972456,28,0.9367273569641407,42,64,largest,0.5
3329,3329,1,0,-0.054421260439438957,0.045279169018385024,3,0.9410770635906417,42,64,largest,0.5
333,333,0,0,-0.035794241451229,0.06471856056213644,15,0.9889720124318125,42,64,largest,0.5
3330,3330,4,0,-0.07133496216416868,0.02538299029606215,24,0.9549441277307799,42,64,largest,0.5
3331,3331,3,0,-0.03604302821241856,0.06293290596839993,30,0.9622515083002783,42,64,largest,0.5
3332,3332,2,0,-0.06419616409355655,0.03801823056729162,11,0.9741791319106662,42,64,largest,0.5
3333,3333,1,0,-0.003142127817731044,0.10990450719566111,36,0.9984875190222524,42,64,largest,0.5
3334,3334,0,0,-0.07348163446080469,0.03157663503567364,49,0.9675119992382679,42,64,largest,0.5
3335,3335,4,0,-0.048397480260989,0.034540057295321856,32,0.978601364362814,42,64,largest,0.5
3336,3336,3,0,-0.05957540529652505,0.04027617797087071,53,0.9820166573638273,42,64,largest,0.5
3337,3337,2,0,-0.019342918230709327,0.09047745758086098,5,0.9890845344010378,42,64,largest,0.5
3338,3338,1,0,-0.019372093098089294,0.08358817994865457,26,0.9977723739697845,42,64,largest,0.5
3339,3339,0,0,-0.06279366969253841,0.03879635560887689,51,0.9713014559624682,42,64,largest,0.5
334,334,4,0,-0.05981921527530332,0.029639075537948506,16,0.9733840291019159,42,64,largest,0.5
3340,3340,3,0,-0.044114879698495035,0.05406590594718673,60,0.9778832686897169,42,64,largest,0.5
3342,3342,2,0,-0.0630093336437515,0.038921701169207776,39,0.9816072991790407,42,64,largest,0.5
3343,3343,1,0,-0.03473657129253027,0.06408821002508736,52,0.982774460585877,42,64,largest,0.5
3344,3344,0,0,-0.13015001012476002,0.010408478130582276,5,0.9462181645335966,42,64,largest,0.5
3345,3345,4,0,-0.09165380312546101,0.01928033837606565,38,0.9475704774003069,42,64,largest,0.5
3346,3346,3,0,-0.14201689516349514,0.008016964549889424,31,0.8882499613771989,42,64,largest,0.5
3347,3347,2,0,-0.027512103991418124,0.07756171634185421,23,0.9821473550930986,42,64,largest,0.5
3348,3348,1,0,-0.04460263925912655,0.05389279836071195,46,0.9740961535676342,42,64,largest,0.5
3349,3349,0,0,-0.09745415321548423,0.019803812383861318,27,0.9443231605634814,42,64,largest,0.5
335,335,4,0,-0.03718688512123247,0.040105199947617465,19,0.9868597282565403,42,64,largest,0.5
3350,3350,3,0,-0.07704969808001316,0.02874741638536468,42,0.941024711060595,42,64,largest,0.5
3351,3351,2,0,-0.03651355472963602,0.06530189365719007,7,0.9935091994126004,42,64,largest,0.5
3352,3352,1,0,-0.021934477405668895,0.07999778444344662,12,0.9777835306951919,42,64,largest,0.5
3353,3353,0,1,0.012778636082808159,0.15433320561940697,36,0.9114508744591435,42,64,largest,0.5
3354,3354,4,0,-0.023012172441724155,0.04837795066195482,60,0.9872223594801969,42,64,largest,0.5
3355,3355,3,0,-0.03345205571486509,0.06605587906943945,41,0.9979694478579563,42,64,largest,0.5
3356,3356,2,0,-0.046386708736918525,0.05394177652536505,62,0.999211581851678,42,64,largest,0.5
3357,3357,1,0,-0.020175555569355352,0.08244689089479561,60,0.9819350728590673,42,64,largest,0.5
3358,3358,0,0,-0.06605195105793948,0.03644189870527866,24,0.9775249468655914,42,64,largest,0.5
3359,3359,4,0,-0.01839681689076611,0.05140521367582476,54,0.9898178600804067,42,64,largest,0.5
336,336,3,0,-0.049311209253502075,0.04899519842290258,42,0.9813584465521842,42,64,largest,0.5
3360,3360,2,0,-0.05301607779573714,0.0473881271318245,23,0.9595013163005266,42,64,largest,0.5
3361,3361,1,0,-0.07219756233225483,0.032917703910439015,62,0.9359863427179171,42,64,largest,0.5
3362,3362,0,0,-0.04329714638067905,0.05622110690133599,9,0.9655387231606596,42,64,largest,0.5
3363,3363,4,0,-0.03450424688519205,0.04155927576243029,22,0.9828546488875888,42,64,largest,0.5
3365,3365,3,0,-0.0638891255842764,0.03707339179330915,35,0.9906455528964735,42,64,largest,0.5
3366,3366,2,0,-0.09284173048182076,0.02144731503575352,15,0.9794761092456172,42,64,largest,0.5
3367,3367,1,1,0.005783298634130518,0.12728606479489998,7,0.9968621954155684,42,64,largest,0.5
3368,3368,0,0,-0.10484888798665037,0.017132134209236746,51,0.97690656602405,42,64,largest,0.5
3369,3369,4,0,-0.0706950841134335,0.0256030151572962,2,0.9754936219449843,42,64,largest,0.5
337,337,3,0,-0.0375308110144722,0.061202425979510235,59,0.9617328774777435,42,64,largest,0.5
3370,3370,2,0,-0.07693327317410847,0.02951010711471003,47,0.9801443041110093,42,64,largest,0.5
3371,3371,1,0,-0.013672760894367864,0.09210364556805889,61,0.9886044185601506,42,64,largest,0.5
3372,3372,0,0,-0.05931738491487226,0.04146907829731677,3,0.9829402475038329,42,64,largest,0.5
3373,3373,4,0,-0.015865819491371336,0.053140554856617665,31,0.9908292820844268,42,64,largest,0.5
3374,3374,3,0,-0.012344856113852831,0.09733671917204634,13,1.0026117541999116,42,64,largest,0.5
3375,3375,2,0,-0.04405547809474353,0.056443264441059966,14,1.0029610673698388,42,64,largest,0.5
3376,3376,1,0,-0.02499237492391393,0.07589767923254753,18,0.977092539342458,42,64,largest,0.5
3377,3377,0,0,-0.07404595346832599,0.031233908193236,39,0.9710287060469889,42,64,largest,0.5
3378,3378,4,0,-0.03846238895693299,0.039431053502831125,32,0.9824906443066977,42,64,largest,0.5
3379,3379,3,0,-0.04626094144711124,0.051914354651814515,44,0.9837969356984767,42,64,largest,0.5
338,338,2,0,-0.003540309760169169,0.12104296001012216,17,0.9428537110005822,42,64,largest,0.5
3380,3380,1,1,0.007948135428607506,0.13184131098999613,7,0.9936202887235597,42,64,largest,0.5
3381,3381,0,0,-0.056076763077833824,0.044118585591815536,43,0.9905148636223897,42,64,largest,0.5
3382,3382,4,0,-0.03413982780649549,0.04176065284096771,58,1.0038234978417693,42,64,largest,0.5
3383,3383,3,0,-0.035008420920144334,0.06416308045795222,37,0.9720769176433396,42,64,largest,0.5
3384,3384,2,0,-0.02508073212254791,0.0812183562978229,58,0.9853187626663564,42,64,largest,0.5
3385,3385,1,0,-0.04360414931914114,0.054850725268119585,42,0.9601623158487674,42,64,largest,0.5
3386,3386,0,0,-0.08047050304562098,0.0275775297498144,37,0.9834296665565103,42,64,largest,0.5
3387,3387,4,0,-0.021313954235387733,0.04947163338959976,57,0.9789332642765542,42,64,largest,0.5
3388,3388,3,0,-0.04668903789578038,0.05149495395687865,14,0.9896805239841501,42,64,largest,0.5
3389,3389,2,0,-0.01830977584929072,0.09224250196950778,7,0.9447161062643283,42,64,largest,0.5
339,339,1,0,-0.03437327901814691,0.06449602039846135,18,0.9693121477678649,42,64,largest,0.5
3390,3390,0,0,-0.06400196747599107,0.03790666899704964,25,0.9796278145389692,42,64,largest,0.5
3391,3391,4,1,0.005441254628998582,0.07009072704220161,42,0.9771205966880366,42,64,largest,0.5
3392,3392,3,0,-0.03990730364080075,0.05853029571859716,56,0.9903697486326434,42,64,largest,0.5
3393,3393,2,1,0.010809142822255424,0.1561353448435981,10,0.9551251865124315,42,64,largest,0.5
3394,3394,1,0,-0.056419653617296395,0.04369424124511882,8,0.9617532721245642,42,64,largest,0.5
3395,3395,0,0,-0.004344381588796131,0.11477346434923211,6,0.983116543984617,42,64,largest,0.5
3396,3396,4,0,-0.009890310262681834,0.05745928309355776,4,0.9514866598221821,42,64,largest,0.5
3397,3397,3,0,-0.003585881502427779,0.11383425621973693,12,0.9523947599672489,42,64,largest,0.5
3398,3398,2,0,-0.057407261974417145,0.04347131727588414,55,0.9651718341374519,42,64,largest,0.5
3399,3399,1,0,-0.08853274838881886,0.024480740197919487,11,0.9289748743364129,42,64,largest,0.5
34,34,0,0,-0.049562431351362624,0.04994060965028722,17,0.9930714706494083,42,64,largest,0.5
340,340,4,0,-0.12121795650455902,0.012889082345582658,17,0.9167188585712571,42,64,largest,0.5
3400,3400,3,0,-0.05120626337033207,0.04726071804390268,44,1.0028707071797411,42,64,largest,0.5
3401,3401,2,0,-0.04979771993633675,0.05046943482212791,33,0.9696916292079089,42,64,largest,0.5
3402,3402,1,0,-0.0151901857337714,0.08976313862988097,63,0.9974216508836952,42,64,largest,0.5
3403,3403,0,0,-0.0819403206814171,0.026801378288503097,17,1.00728103493075,42,64,largest,0.5
3404,3404,4,0,-0.020321773278613064,0.05012142173700829,19,0.9980628660586032,42,64,largest,0.5
3405,3405,3,0,-0.05967218904763605,0.04020149399436578,10,0.9878854477948792,42,64,largest,0.5
3406,3406,2,0,-0.06297855693708565,0.03894540177547664,13,0.9873352961156164,42,64,largest,0.5
3407,3407,1,1,0.003548413910196113,0.12272513848745621,7,0.9953354985703154,42,64,largest,0.5
3408,3408,0,0,-0.10294801264753817,0.01778304693778886,1,0.9677926159199552,42,64,largest,0.5
3409,3409,4,0,-0.036358642240612804,0.04054885373313733,15,1.0060374280908597,42,64,largest,0.5
341,341,3,0,-0.04559702618738115,0.05257117562689432,55,0.9997775841964792,42,64,largest,0.5
3410,3410,2,0,-0.029550341380390033,0.07461316798940067,23,0.9965844873585327,42,64,largest,0.5
3411,3411,1,0,-0.030730856475899904,0.06872028592168164,63,0.9861197539202293,42,64,largest,0.5
3412,3412,0,0,-0.04326533605271521,0.05625481569175526,1,0.9927230074605177,42,64,largest,0.5
3413,3413,4,0,-0.012464327714862722,0.055559937868346614,19,0.9872527480079043,42,64,largest,0.5
3414,3414,3,0,-0.022677836017140462,0.08064346499236232,3,0.9805395002381314,42,64,largest,0.5
3415,3415,2,0,-0.056395918422505464,0.044345073078970246,11,0.989356500311544,42,64,largest,0.5
3416,3416,1,0,-0.03994364872020162,0.058501327154122255,56,0.9698399905871455,42,64,largest,0.5
3417,3417,0,0,-0.08487764456313474,0.025313441690691163,62,0.9639678164058576,42,64,largest,0.5
3418,3418,4,0,-0.04346444330395327,0.03689074586395982,13,0.9850722573829382,42,64,largest,0.5
3419,3419,3,0,-0.07921677198800137,0.027562788274526365,14,0.9877443958441451,42,64,largest,0.5
342,342,2,0,-0.09340734954947927,0.021204361310724652,61,0.9676923252421691,42,64,largest,0.5
3420,3420,1,0,-0.004977215201464991,0.10659921653768448,37,0.9985788367326566,42,64,largest,0.5
3421,3421,0,0,-0.07984057025666613,0.027916818836610697,28,0.9941181491275827,42,64,largest,0.5
3422,3422,4,0,-0.03805296515310086,0.03964625488118559,31,0.98737738500128,42,64,largest,0.5
3423,3423,3,0,-0.08139390320908213,0.026420478781597093,2,0.9524208499521812,42,64,largest,0.5
3424,3424,2,0,-0.09393086502294445,0.02098189317394961,16,0.9907710185377887,42,64,largest,0.5
3425,3425,1,0,-0.022674210171683806,0.07898776485230927,9,0.9850559039232382,42,64,largest,0.5
3426,3426,0,0,-0.05265172676770591,0.0470940417815908,8,0.9776374159108029,42,64,largest,0.5
3427,3427,4,0,-0.02597197192493761,0.046526448877316925,40,0.9966524705986264,42,64,largest,0.5
3428,3428,3,0,-0.008695342254595118,0.1039345133802077,14,0.9877144132083819,42,64,largest,0.5
3429,3429,2,0,-0.046160421435186394,0.054179934713574414,24,0.9788998892789033,42,64,largest,0.5
343,343,1,0,-0.017323366525989647,0.08656354580906205,26,0.9708926674148972,42,64,largest,0.5
3430,3430,0,0,-0.12540420156101406,0.011431123742929133,34,0.945574764465784,42,64,largest,0.5
3431,3431,4,0,-0.06876516518381193,0.02627793128906726,11,0.9528217390489824,42,64,largest,0.5
3432,3432,3,0,-0.11941569650650763,0.012535792270149509,2,0.9097826521961616,42,64,largest,0.5
3433,3433,2,0,-0.06716684567793674,0.035844295291642736,15,0.973423180123134,42,64,largest,0.5
3434,3434,1,1,0.0021347772092499273,0.11991332235913774,7,0.989421329757137,42,64,largest,0.5
3435,3435,0,0,-0.06430833944534176,0.03768421632390076,37,0.988572787538056,42,64,largest,0.5
3436,3436,4,0,-0.037836106296627925,0.03976069596745918,54,0.982532282625658,42,64,largest,0.5
3437,3437,3,0,-0.05411900213806531,0.044708146564920816,17,0.9792249878104036,42,64,largest,0.5
3438,3438,2,0,-0.06562727044853744,0.03695558106864475,57,0.9801092755854748,42,64,largest,0.5
3439,3439,1,0,-0.05407126566481768,0.04556232905870081,60,0.9616193821557433,42,64,largest,0.5
344,344,0,0,-0.08472881060477377,0.02538686160597826,9,0.973534354568916,42,64,largest,0.5
3440,3440,4,0,-0.047360936366543926,0.03502169295937721,29,0.9779982278836314,42,64,largest,0.5
3441,3441,3,0,-0.06963800058370762,0.033183826501656806,1,0.9694091560047386,42,64,largest,0.5
3442,3442,2,0,-0.1398231285974061,0.008265340579969728,54,0.9468874386099893,42,64,largest,0.5
3443,3443,1,0,-0.020164717728484494,0.08246219085857795,58,0.9780190019728373,42,64,largest,0.5
3444,3444,0,0,-0.09733870090001862,0.01984860724667444,16,0.9346091782413266,42,64,largest,0.5
3445,3445,4,0,-0.023354984484410313,0.0481599746106889,48,0.9829620546248934,42,64,largest,0.5
3446,3446,3,0,-0.1043516981084045,0.016864120062893156,49,0.921051715069428,42,64,largest,0.5
3447,3447,2,0,-0.12632483579696685,0.010883324930438781,51,0.9573514361603108,42,64,largest,0.5
3448,3448,1,0,-0.0046314945842027555,0.10721514908321499,23,0.9831758546200929,42,64,largest,0.5
3449,3449,0,0,-0.07835953565735199,0.028730568148183505,39,0.9712213584076522,42,64,largest,0.5
345,345,4,0,-0.03924067250798735,0.03902505686881139,4,0.9729641564013446,42,64,largest,0.5
3451,3451,3,0,-0.05853315481483479,0.04108890592365785,33,0.9923142780045643,42,64,largest,0.5
3452,3452,2,0,-0.0443291777090431,0.05614401777037984,0,0.9866304318445553,42,64,largest,0.5
3453,3453,1,0,-0.021975270971513194,0.07994177965989592,9,0.9954789979095054,42,64,largest,0.5
3454,3454,0,0,-0.07681429323874145,0.02960412129664915,49,0.9757254646926168,42,64,largest,0.5
3455,3455,4,0,-0.042042456083080326,0.03759644963880834,8,0.9898913002271277,42,64,largest,0.5
3456,3456,3,0,-0.022591605975426088,0.08077129772222813,46,0.9766662379541778,42,64,largest,0.5
3457,3457,2,0,-0.1104720615526732,0.01501880445134551,56,0.9497358775688097,42,64,largest,0.5
3458,3458,1,0,-0.03579029728828087,0.0629189102422364,16,0.9605251222891107,42,64,largest,0.5
3459,3459,0,0,-0.04198172208794815,0.057630995125392194,0,0.9522273299965942,42,64,largest,0.5
346,346,4,0,-0.054106812661259385,0.03199962061156772,23,0.9554970977116135,42,64,largest,0.5
3460,3460,3,0,-0.08103439356423026,0.026605881990678124,35,0.9761955896295352,42,64,largest,0.5
3461,3461,2,0,-0.03241970958021634,0.07063679694007378,40,0.9906348614975105,42,64,largest,0.5
3462,3462,1,0,-0.0190449996514388,0.08405690341729803,26,0.9899806049189566,42,64,largest,0.5
3463,3463,0,0,-0.03870464951851482,0.061288982504601845,58,0.9853173822661934,42,64,largest,0.5
3464,3464,4,0,-0.046643114578222566,0.035359019055163136,29,0.9774687316085721,42,64,largest,0.5
3465,3465,3,0,-0.0636790860067552,0.037223504376481295,42,0.9586737004524478,42,64,largest,0.5
3466,3466,2,0,-0.07096732749291945,0.03323715297049903,4,1.0062351226042505,42,64,largest,0.5
3468,3468,1,0,-0.044392534584990706,0.05409304808891782,52,0.9660731074383007,42,64,largest,0.5
3469,3469,0,0,-0.03568599156088481,0.06484950594304961,1,0.9855869007668091,42,64,largest,0.5
347,347,4,0,-0.055306074160890395,0.031489427212908025,2,0.9645832176559401,42,64,largest,0.5
3470,3470,3,0,-0.07022988774160244,0.03280648921651022,17,0.987402594264236,42,64,largest,0.5
3471,3471,2,0,-0.05069379030418586,0.049592955509438034,23,0.9934107939753275,42,64,largest,0.5
3472,3472,1,0,-0.03041366929675482,0.06910003341049038,18,0.9975122669395969,42,64,largest,0.5
3473,3473,0,0,-0.05637909058793078,0.04386472722964564,37,0.9889770521116742,42,64,largest,0.5
3474,3474,4,0,-0.05167667505270923,0.03305807391358994,18,0.9579766931503025,42,64,largest,0.5
3475,3475,3,0,-0.04401386809269381,0.05416922087293182,57,0.9718209549069339,42,64,largest,0.5
3476,3476,2,0,-0.059780418412095915,0.041485106403569186,39,0.9796654877166925,42,64,largest,0.5
3477,3477,1,0,-0.07840832785664553,0.029421567908499778,33,0.9329878031592086,42,64,largest,0.5
3478,3478,0,0,-0.06738371379103636,0.03551966040015671,16,0.9707413271368645,42,64,largest,0.5
3479,3479,4,0,-0.07243443862820531,0.025009224039724536,48,0.9384977292044762,42,64,largest,0.5
348,348,3,0,-0.03627906169601014,0.06265535450344684,12,0.9780402656116863,42,64,largest,0.5
3480,3480,2,0,-0.052439855588023665,0.04792635684564558,15,1.0032165781155806,42,64,largest,0.5
3481,3481,1,0,-0.0804002867275907,0.028378524186476253,61,0.9389298871402053,42,64,largest,0.5
3482,3482,0,0,-0.09042616640482015,0.022719278283286834,45,0.9342656305404741,42,64,largest,0.5
3483,3483,4,0,-0.05290176582002204,0.032520321958111525,22,0.9839519461525078,42,64,largest,0.5
3484,3484,3,0,-0.09694648433986786,0.019501003234358053,1,0.9468749336664527,42,64,largest,0.5
3485,3485,2,0,-0.09049222033580562,0.022485980042266422,11,0.9424989497852256,42,64,largest,0.5
3486,3486,1,0,-0.02959400700203385,0.07009037462808479,16,0.9790167915760976,42,64,largest,0.5
3487,3487,0,0,-0.0966945085278057,0.020100378443758025,10,0.9930562699983165,42,64,largest,0.5
349,349,4,0,-0.034383283316195445,0.04162601671608988,18,0.9743556372235092,42,64,largest,0.5
3490,3490,3,0,-0.07192795831050491,0.03174681059835577,35,0.9764871988473137,42,64,largest,0.5
3493,3493,2,0,-0.053412796127612516,0.047020909667048805,54,1.0037097919683093,42,64,largest,0.5
3494,3494,1,0,-0.017878815846632756,0.08574752280405228,42,0.9918195791203388,42,64,largest,0.5
3495,3495,0,0,-0.09467511543135343,0.020910061602370838,42,0.9822892958492766,42,64,largest,0.5
3496,3496,4,0,-0.08439940747952412,0.02127346284377892,38,0.9525099341181734,42,64,largest,0.5
3497,3497,3,0,-0.06089567714828037,0.03926874946350858,35,0.9718391218276413,42,64,largest,0.5
3498,3498,2,0,-0.07471426235093792,0.03084650950527494,11,0.966177311663056,42,64,largest,0.5
3499,3499,1,0,-0.0054155757494904755,0.10582271989224157,50,1.002686253662358,42,64,largest,0.5
35,35,0,0,-0.1166502799155188,0.013584596970517388,51,0.953674101853578,42,64,largest,0.5
350,350,4,0,-0.050184729472154244,0.033724565287370036,19,0.9904695094427449,42,64,largest,0.5
3500,3500,3,0,-0.06141986758440299,0.03887550741356932,28,0.9552435044409978,42,64,largest,0.5
3501,3501,2,0,-0.09621957046966856,0.020035837952770603,23,0.9683036314825607,42,64,largest,0.5
3502,3502,1,0,-0.05113598368209382,0.04800431956366816,3,0.9630462222888422,42,64,largest,0.5
3503,3503,0,0,-0.11169660062582609,0.014975696257837231,45,0.9367007814301097,42,64,largest,0.5
3504,3504,4,0,-0.0589175660085105,0.030000117736139083,17,0.9358403581668419,42,64,largest,0.5
3505,3505,3,0,-0.08511425388690241,0.024574216483821996,52,0.9744100243703354,42,64,largest,0.5
3506,3506,2,0,-0.1177286941959973,0.012962262839288722,54,0.9258351374016974,42,64,largest,0.5
3507,3507,1,0,-0.06537653784464159,0.03721943449003162,3,0.9644244624965475,42,64,largest,0.5
3508,3508,0,0,-0.07737466145655403,0.02928439861934192,5,0.9669393751661473,42,64,largest,0.5
3509,3509,4,0,-0.03809193159547042,0.03962572494740905,19,1.00235551800639,42,64,largest,0.5
351,351,3,0,-0.061050501033584115,0.03915220689838968,60,0.988100243184917,42,64,largest,0.5
3510,3510,2,0,-0.04129250041489918,0.059549195671054475,58,0.9960490738850025,42,64,largest,0.5
3511,3511,1,0,-0.006629121348216804,0.10369905277847526,34,1.0140533607108486,42,64,largest,0.5
3512,3512,0,0,-0.02839111745858547,0.07426202985248773,10,0.9808514506351694,42,64,largest,0.5
3513,3513,4,0,-0.08176792783210107,0.022045185564887562,1,0.9686015645317332,42,64,largest,0.5
3514,3514,3,0,-0.02721140518567189,0.07417752247336815,13,0.9871429994933621,42,64,largest,0.5
3515,3515,2,0,-0.09440453446025698,0.020782576364987777,18,0.9258957119965542,42,64,largest,0.5
3516,3516,1,0,-0.017888358471617516,0.0857335646169373,25,0.9871785613441407,42,64,largest,0.5
3517,3517,0,0,-0.10717494212476175,0.01636741566992332,40,0.9881778090310348,42,64,largest,0.5
3518,3518,4,0,-0.05325932922349996,0.032364970096671095,47,0.9846467698462273,42,64,largest,0.5
3519,3519,3,0,-0.032008754696882025,0.06785742161541905,1,0.9758067265929714,42,64,largest,0.5
352,352,2,0,-0.05510579885486855,0.045484002434957926,24,0.9795195137789273,42,64,largest,0.5
3520,3520,1,0,-0.030356927215945517,0.0691681715294416,18,0.9636737139253939,42,64,largest,0.5
3521,3521,0,0,-0.04820703385628333,0.05124032799162303,52,0.9871505722641986,42,64,largest,0.5
3522,3522,4,0,-0.05088577436636721,0.03340979011585993,16,0.9787643907773921,42,64,largest,0.5
3523,3523,3,0,-0.044030447056503386,0.05415225110913149,38,0.9783768518158509,42,64,largest,0.5
3524,3524,2,0,-0.0917188220772186,0.021937738948238965,24,0.9635483742606473,42,64,largest,0.5
3525,3525,1,0,-0.006121018253041788,0.10458359294364626,23,0.9882568764622635,42,64,largest,0.5
3526,3526,0,0,-0.07483262214159825,0.0307621435466963,40,0.9900132318361621,42,64,largest,0.5
3527,3527,4,0,-0.12017871641228017,0.013073380596309024,48,0.9081457675614774,42,64,largest,0.5
3528,3528,3,0,-0.07356441017243376,0.030756955464811244,31,0.9495777956339715,42,64,largest,0.5
3529,3529,2,0,-0.04902956359005095,0.05123245357985667,23,0.9858580767827035,42,64,largest,0.5
353,353,1,0,-0.04635616409607013,0.05224859016029446,36,0.9461062513997213,42,64,largest,0.5
3530,3530,0,0,-0.20766344686452098,0.0022327723980454647,44,0.8647763574186086,42,64,largest,0.5
3531,3531,4,0,-0.12275125429174083,0.012621841418764363,48,0.9075183482032148,42,64,largest,0.5
3532,3532,3,0,-0.05793623384499613,0.041561419970639606,8,0.9741182009397046,42,64,largest,0.5
3533,3533,2,0,-0.03444989086246386,0.06794261460110418,18,0.9688009448669045,42,64,largest,0.5
3534,3534,1,0,-0.05613735114242824,0.04391488176802769,46,0.9525621128789251,42,64,largest,0.5
3535,3535,0,0,-0.07947205554702574,0.02811718126660758,1,0.9821774077952589,42,64,largest,0.5
3536,3536,4,0,-0.029072217634238617,0.04465946406455929,3,0.9897238334377623,42,64,largest,0.5
3537,3537,3,0,-0.10365215231048719,0.01709743662031555,43,0.9091666406748,42,64,largest,0.5
3538,3538,2,0,-0.04664405442857611,0.05367213046277482,55,0.9701375867743881,42,64,largest,0.5
3539,3539,1,0,-0.024857976652350233,0.07607375907099907,46,1.0004251424442272,42,64,largest,0.5
354,354,0,0,-0.01694213522221233,0.09158737037518751,49,0.9954939176135806,42,64,largest,0.5
3540,3540,4,0,-0.01984629633748758,0.05043567392224187,55,0.9818977868124724,42,64,largest,0.5
3541,3541,3,0,-0.06730228169194763,0.034714184865169494,17,0.9803229598045534,42,64,largest,0.5
3542,3542,2,0,-0.04032351462420669,0.060675890487074495,37,0.970354709223765,42,64,largest,0.5
3543,3543,1,0,-0.037221970977347696,0.06136208201514292,27,0.9825894753450307,42,64,largest,0.5
3544,3544,0,0,-0.04623347329061822,0.05319013902281129,1,0.9824350487338018,42,64,largest,0.5
3545,3545,4,0,-0.03633068273533813,0.04056391215176455,23,0.9825840793723276,42,64,largest,0.5
3546,3546,3,0,-0.0788308600173927,0.027770218632215075,23,0.9473729801364229,42,64,largest,0.5
3547,3547,2,0,-0.05497080522326203,0.04560477367646712,4,0.975027338910881,42,64,largest,0.5
3548,3548,1,0,-0.14209818079815606,0.00915189787364884,14,0.8680170188598282,42,64,largest,0.5
3549,3549,0,0,-0.08200380252916906,0.02676833900026229,44,0.9634029721445186,42,64,largest,0.5
355,355,4,0,-0.07504360365899176,0.024143577689349615,32,0.9810058344634093,42,64,largest,0.5
3550,3550,3,0,-0.11960690644596095,0.012488586886025223,31,0.9259144350473086,42,64,largest,0.5
3551,3551,2,0,-0.03994741781618427,0.0611185484968447,0,0.9853431710293528,42,64,largest,0.5
3552,3552,1,0,-0.043760027646106314,0.05470012986252955,4,0.97028260835804,42,64,largest,0.5
3553,3553,0,0,-0.07005792401386479,0.03373522407151579,9,1.00320912534821,42,64,largest,0.5
3554,3554,4,0,-0.048682242440950096,0.03440886320880737,32,1.0040934314958512,42,64,largest,0.5
3555,3555,3,0,-0.02888842584564666,0.07190890169376218,54,0.9895410454540884,42,64,largest,0.5
3556,3556,2,0,-0.08621660816763621,0.024503619956017846,54,0.9347612196160805,42,64,largest,0.5
3557,3557,1,0,-0.010422236492803716,0.09730259166065022,9,1.005174722361555,42,64,largest,0.5
3558,3558,0,0,-0.06401843458047474,0.03789468043623873,51,0.9599654704096624,42,64,largest,0.5
3559,3559,4,0,-0.031167293679306263,0.04343846377960662,41,0.9558242891522652,42,64,largest,0.5
356,356,3,1,0.007151639806716181,0.13733367326937457,47,0.9737224104933938,42,64,largest,0.5
3560,3560,2,0,-0.08190083879672572,0.026718839503264116,12,0.9558390582757692,42,64,largest,0.5
3561,3561,1,0,-0.046499589669773855,0.052116222860291356,23,0.9689869074745757,42,64,largest,0.5
3562,3562,0,0,-0.05568043534434153,0.0444534972285021,28,0.9907865538844188,42,64,largest,0.5
3563,3563,4,0,-0.011841186967265993,0.05601425465910057,61,0.9900713868349326,42,64,largest,0.5
3564,3564,3,0,-0.014226355482604203,0.09408324249446595,6,0.9714712967151099,42,64,largest,0.5
3565,3565,2,0,-0.06002908872371193,0.04128207835747453,43,0.9983059569466827,42,64,largest,0.5
3566,3566,1,0,-0.013868369507613387,0.09179888417917498,37,0.9892989819137095,42,64,largest,0.5
3567,3567,0,0,-0.04180612474642664,0.05782169554010657,28,0.9934832032909345,42,64,largest,0.5
3568,3568,4,0,-0.024393015969897403,0.0475056183186147,29,0.9897653130149745,42,64,largest,0.5
3569,3569,3,0,-0.05021025476535235,0.048164930094551674,46,0.9997324493426464,42,64,largest,0.5
357,357,2,0,-0.042453125961205984,0.058225469072188805,16,0.977153408381521,42,64,largest,0.5
3571,3571,1,0,-0.006737353861195783,0.10351149103978448,61,0.9990880377204326,42,64,largest,0.5
3572,3572,0,0,-0.08860240036614186,0.023541958584156596,20,0.9968699100366354,42,64,largest,0.5
3573,3573,4,0,-0.05317878163249934,0.032399903186302,22,0.9836616692132887,42,64,largest,0.5
3574,3574,3,0,-0.11869022835088061,0.012716501365839832,56,0.9327222128466994,42,64,largest,0.5
3575,3575,2,0,-0.07783849918567753,0.028981204001980156,16,0.9975774351615216,42,64,largest,0.5
3576,3576,1,0,-0.036861078833835825,0.061751095064224326,25,0.9782587844316987,42,64,largest,0.5
3577,3577,0,0,-0.05183464792833148,0.04783156197621843,60,0.9767525912255267,42,64,largest,0.5
3578,3578,4,0,-0.006264106026551253,0.06023864833198259,0,0.9877829326979942,42,64,largest,0.5
3579,3579,3,0,-0.039206228781616836,0.05930699862263984,39,1.0008227478659795,42,64,largest,0.5
358,358,2,0,-0.15413025100644162,0.006170197784920015,45,0.9107835426324277,42,64,largest,0.5
3580,3580,1,0,-0.002180645871350584,0.1116719165848919,53,0.9902566757845848,42,64,largest,0.5
3581,3581,0,0,-0.06185932977968989,0.03949802763908031,33,0.9892774316799962,42,64,largest,0.5
3582,3582,4,0,-0.02786021814775641,0.045380679825145105,22,0.9907272753329276,42,64,largest,0.5
3583,3583,3,0,-0.057076412756297046,0.04225118719882323,18,0.9941655820948834,42,64,largest,0.5
3584,3584,2,0,-0.06372042863237903,0.03837793810999169,13,0.9928000830440714,42,64,largest,0.5
3585,3585,1,0,-0.012545769881075142,0.0938772804744726,34,1.0015588934898634,42,64,largest,0.5
3586,3586,0,0,-0.06722644124939858,0.03562738913749917,52,0.997734556769871,42,64,largest,0.5
3587,3587,4,0,-0.07025308621728121,0.02575608137946218,12,0.9654824810980249,42,64,largest,0.5
3588,3588,3,0,-0.17411340741024872,0.004237794459512547,63,0.8700108570239194,42,64,largest,0.5
3589,3589,2,0,-0.07867358726021856,0.028501443981461146,5,0.9800220648957921,42,64,largest,0.5
359,359,1,0,-0.058219128988568736,0.04231249438526194,3,0.9568276532307689,42,64,largest,0.5
3590,3590,0,0,-0.03507400648182857,0.06559444685931018,25,0.9915922302335164,42,64,largest,0.5
3591,3591,4,0,-0.018243320326473245,0.051508911996425,13,0.9886455113370615,42,64,largest,0.5
3592,3592,3,0,-0.08836149527589399,0.02306600235566313,53,0.9864301215126217,42,64,largest,0.5
3593,3593,2,0,-0.02896299388627044,0.07545210127383141,41,0.9621381644496624,42,64,largest,0.5
3594,3594,1,0,-0.04628071048921556,0.052318353663977656,32,0.955940725044478,42,64,largest,0.5
3595,3595,0,0,-0.0921935425433359,0.021948857214835183,49,0.9857757935111685,42,64,largest,0.5
3596,3596,4,0,-0.04137679714215803,0.037931244008387176,15,0.9949214903797278,42,64,largest,0.5
3597,3597,3,0,-0.061190923687515886,0.03904679174109168,44,0.9998584033721858,42,64,largest,0.5
3598,3598,2,0,-0.06571335966758673,0.036892575528268315,58,0.9870519809256302,42,64,largest,0.5
3599,3599,1,0,-0.016987945991450926,0.08705971788947553,37,0.9934118198762864,42,64,largest,0.5
36,36,0,0,-0.08776000801984751,0.02393170081594112,52,0.9748528591121257,42,64,largest,0.5
360,360,4,0,-0.005576098750970537,0.0607799960213063,31,0.9766230882711793,42,64,largest,0.5
3600,3600,3,0,-0.0733321128648119,0.030895625581024884,22,0.9931974590244721,42,64,largest,0.5
3601,3601,2,0,-0.06885676342799107,0.034661540576174744,14,1.0013523970804328,42,64,largest,0.5
3602,3602,1,0,-0.01830672184300719,0.08512363694090651,26,0.9895674045896402,42,64,largest,0.5
3603,3603,0,0,-0.057898109367601425,0.042610196503436865,28,0.9933510408309012,42,64,largest,0.5
3604,3604,4,0,-0.034498067649524566,0.04156268263768857,22,1.0016034900895274,42,64,largest,0.5
3605,3605,3,0,-0.04565422723894352,0.05251427818561787,14,0.9929384828172607,42,64,largest,0.5
3606,3606,2,0,-0.04554754176916609,0.05482995272180712,5,0.994891205115498,42,64,largest,0.5
3607,3607,1,1,0.011704120413952857,0.14007227255056545,7,0.9995751297580492,42,64,largest,0.5
3608,3608,0,0,-0.04265374083516116,0.0569066177134863,25,0.9902586107332684,42,64,largest,0.5
3609,3609,4,0,-0.00440827500060359,0.06170930747090521,54,1.007260547684875,42,64,largest,0.5
361,361,3,0,-0.058329275501135536,0.04124971281748827,51,0.9933271879236116,42,64,largest,0.5
3610,3610,2,0,-0.057262093294592864,0.04359571890024738,5,0.9911535465783101,42,64,largest,0.5
3611,3611,1,0,-0.025313098184530092,0.07547899914355263,37,0.9774662400390982,42,64,largest,0.5
3612,3612,0,0,-0.005270699289875003,0.11290775772584039,6,0.9687149755502077,42,64,largest,0.5
3613,3613,4,0,-0.015225110769637507,0.05358854147153857,61,1.0066771093179236,42,64,largest,0.5
3614,3614,3,0,-0.00021670310800858683,0.12080372342843576,21,0.9715863326353202,42,64,largest,0.5
3615,3615,2,0,-0.035699007776599845,0.06633261033415608,61,0.9744752814556364,42,64,largest,0.5
3616,3616,1,0,-0.11907862258242674,0.013993622682091814,40,0.889989055775285,42,64,largest,0.5
3617,3617,0,0,-0.04532031146356519,0.054115827386173765,58,0.9694902802492829,42,64,largest,0.5
3618,3618,4,0,-0.013449709504791518,0.05484859230729167,44,0.9794531848592657,42,64,largest,0.5
3619,3619,3,0,-0.049249770639052115,0.04905242985668094,3,0.9508268711076996,42,64,largest,0.5
362,362,2,0,-0.035743088438049186,0.06627644654408552,54,0.9799682253144222,42,64,largest,0.5
3620,3620,1,0,-0.024411725433738707,0.07666110006612072,26,0.9808135265307659,42,64,largest,0.5
3621,3621,0,0,-0.028369806346553728,0.0742912863705955,31,0.9820067274713001,42,64,largest,0.5
3622,3622,4,0,-0.0661301954913961,0.027227426898928833,12,0.9352126792220029,42,64,largest,0.5
3623,3623,3,0,-0.024855076889528926,0.07747639783236242,27,0.9719985067446663,42,64,largest,0.5
3624,3624,2,0,-0.01196705687648758,0.10377013150913077,47,0.9709612019991903,42,64,largest,0.5
3625,3625,1,0,-0.00602773690430114,0.10474670564892685,9,0.999809368097212,42,64,largest,0.5
3626,3626,0,0,-0.03984006265206108,0.059997659289965984,33,0.983738050391412,42,64,largest,0.5
3627,3627,4,0,-0.060220374476319005,0.029479798908820024,32,0.9841371969557944,42,64,largest,0.5
3628,3628,3,0,-0.05294161201488323,0.04572373135649789,18,0.9762295247125811,42,64,largest,0.5
3629,3629,2,0,-0.03856240983322534,0.06277482750176155,5,1.002751998620676,42,64,largest,0.5
363,363,1,0,-0.08903796378217577,0.024256611884370536,52,0.9283348306765854,42,64,largest,0.5
3630,3630,0,0,-0.051669219640953834,0.04798221219611236,25,1.000782004077566,42,64,largest,0.5
3631,3631,4,0,-0.015497267945207671,0.0533978142349054,44,0.9841646132455928,42,64,largest,0.5
3632,3632,3,0,-0.06142153379195292,0.03887426348721998,7,0.9991243696328823,42,64,largest,0.5
3633,3633,2,0,-0.10121633104279448,0.018113286593822768,5,0.9927182918088651,42,64,largest,0.5
3634,3634,1,0,-0.009709759032951348,0.09847659167900703,50,1.0018723444748738,42,64,largest,0.5
3635,3635,0,0,-0.036487655307247624,0.06388558848458743,1,0.9989549536587433,42,64,largest,0.5
3636,3636,4,0,-0.005297432577113348,0.06100055223206822,22,0.9893605977307528,42,64,largest,0.5
3637,3637,3,0,-0.05891600111348472,0.04078856130060053,59,0.9693807702134948,42,64,largest,0.5
3638,3638,2,0,-0.06034526989362843,0.04102530359876958,58,1.0022915411639155,42,64,largest,0.5
3639,3639,1,1,0.02267031797861707,0.16657979925333985,7,0.9801270353820767,42,64,largest,0.5
364,364,0,0,-0.0069963211245548385,0.10950269544580069,15,0.9514390719336313,42,64,largest,0.5
3640,3640,4,0,-0.053287191963706126,0.03235289464142747,61,1.0020334776560704,42,64,largest,0.5
3641,3641,3,0,-0.054254301548421924,0.04459282761421742,46,0.9781508724508018,42,64,largest,0.5
3642,3642,2,0,-0.1080732426529466,0.015766896775905554,33,0.9378706629393277,42,64,largest,0.5
3643,3643,1,0,-0.013996278955772157,0.09160008966229224,51,1.0058692591986658,42,64,largest,0.5
3644,3644,0,0,-0.05813803085255553,0.04241521064342869,28,0.9979140513590808,42,64,largest,0.5
3645,3645,4,0,-0.0609961606361078,0.029174131233745272,61,0.9969163623363011,42,64,largest,0.5
3646,3646,3,0,-0.07234836117303534,0.03148961484319057,44,1.0030163023437275,42,64,largest,0.5
3647,3647,2,0,-0.01810050751872183,0.09260376789869111,58,0.9859097342320883,42,64,largest,0.5
3648,3648,1,0,-0.010567197741004675,0.09706526260159085,23,0.990748641245605,42,64,largest,0.5
3649,3649,0,0,-0.0028260780241479155,0.117889520320472,57,0.9766175104186016,42,64,largest,0.5
365,365,4,0,-0.03569468967110445,0.04090789490066274,5,0.9942458144724068,42,64,largest,0.5
3650,3650,3,0,-0.045808977044079824,0.05236064116892318,13,0.9940708887055253,42,64,largest,0.5
3651,3651,2,0,-0.055068996222947586,0.04551689745574755,35,1.0007001325026357,42,64,largest,0.5
3652,3652,1,0,-0.041521480401274236,0.05690062043027604,60,0.9742601288619974,42,64,largest,0.5
3653,3653,0,0,-0.09854574608082767,0.019385147114348855,21,0.9830496263026807,42,64,largest,0.5
3654,3654,4,0,-0.025449491820580428,0.04684831420220333,3,0.9923599691465762,42,64,largest,0.5
3655,3655,3,0,-0.05884436666940951,0.040844598526247174,44,0.9930424628840294,42,64,largest,0.5
3656,3656,2,0,-0.05149839499145903,0.04881825276477342,5,0.9883087855542251,42,64,largest,0.5
3657,3657,1,0,-0.029070532402648896,0.07072970349505388,28,0.9895338951547347,42,64,largest,0.5
3658,3658,0,0,-0.06366027195671764,0.03815625754173184,52,0.9982050345450901,42,64,largest,0.5
3659,3659,4,0,-0.05138459589672839,0.033187544084517295,52,0.9882370628939711,42,64,largest,0.5
366,366,3,0,-0.015920737670183316,0.09123707857377225,10,0.9920848005789267,42,64,largest,0.5
3660,3660,2,0,-0.044102754661166754,0.05639146816558513,14,1.0001599603939209,42,64,largest,0.5
3661,3661,1,0,-0.004645764128641927,0.1071896647591338,37,1.0040432892960522,42,64,largest,0.5
3662,3662,0,0,-0.052032182748897426,0.04765226184201063,0,0.9942624738506209,42,64,largest,0.5
3663,3663,4,0,-0.03637561880534679,0.040539713114462216,15,1.0013564062973033,42,64,largest,0.5
3664,3664,3,0,-0.025077037833669102,0.0771600053015011,17,1.0018090870569607,42,64,largest,0.5
3665,3665,2,0,-0.028789603174710354,0.07570141400864032,7,0.9497200279891918,42,64,largest,0.5
3666,3666,1,0,-0.028645095520891894,0.07125326139146995,2,0.9813537666215055,42,64,largest,0.5
3667,3667,0,0,-0.04370472893304711,0.055790877325846956,33,0.9713131731741872,42,64,largest,0.5
3668,3668,4,1,0.011139171649242496,0.07540857289465233,42,0.9813956462248028,42,64,largest,0.5
3669,3669,3,0,-0.0822657352323719,0.02597607021236814,41,0.9602915625048738,42,64,largest,0.5
367,367,2,0,-0.09907688499445433,0.018913235505448444,13,0.9760553916217132,42,64,largest,0.5
3670,3670,1,0,-0.0413216048802455,0.057101094098745406,16,0.9625076957374913,42,64,largest,0.5
3671,3671,0,0,-0.0545296258176311,0.04543976433240658,0,0.9643157545123333,42,64,largest,0.5
3672,3672,4,0,-0.02528663456760971,0.04694907183748428,34,0.961094396543792,42,64,largest,0.5
3673,3673,3,0,-0.015185977910983195,0.09246166690815545,12,0.9779824684120882,42,64,largest,0.5
3674,3674,2,0,-0.03197750258326104,0.07123658709336639,5,0.9952165691697444,42,64,largest,0.5
3675,3675,1,0,-0.01839008105306006,0.08500257953135323,26,0.9862184546265876,42,64,largest,0.5
3676,3676,0,0,-0.03038780889424675,0.07156749870711647,4,0.9615365909867778,42,64,largest,0.5
3677,3677,4,0,-0.019670089678515246,0.050552605544523066,10,0.94766439279026,42,64,largest,0.5
3678,3678,3,0,-0.037709969076894057,0.060997068104080315,12,0.9564077193379932,42,64,largest,0.5
3679,3679,2,0,-0.011807710190534726,0.10407552446176427,2,0.9833779096412432,42,64,largest,0.5
368,368,1,0,-0.07062551137872919,0.03386443157820138,62,0.9530418076718655,42,64,largest,0.5
3680,3680,0,0,-0.07598178067712491,0.03008537466410946,39,0.9947499786242998,42,64,largest,0.5
3681,3681,4,0,-0.03404381327781281,0.04181386537499931,46,0.9917479090558498,42,64,largest,0.5
3682,3682,3,0,-0.04585160519481801,0.05231839420742804,18,0.9896189676204071,42,64,largest,0.5
3683,3683,2,0,-0.05176979404937454,0.04855953887772534,9,0.9763582846923752,42,64,largest,0.5
3684,3684,1,0,-0.022072431065660925,0.07980853439591333,32,0.9898588139090169,42,64,largest,0.5
3685,3685,0,0,-0.053133873975846235,0.04666392543669772,37,0.9826048761528456,42,64,largest,0.5
3686,3686,4,0,-0.03863060803294449,0.03934295922193283,44,0.9648419119936876,42,64,largest,0.5
3687,3687,3,0,-0.05246596601848308,0.046140209242358184,3,0.9800562613458322,42,64,largest,0.5
3688,3688,2,0,-0.03330518146846695,0.06944978722138967,35,0.9631716673106057,42,64,largest,0.5
3689,3689,1,0,-0.03721556688315786,0.06136896511582247,2,0.9618610127671365,42,64,largest,0.5
369,369,0,0,-0.042865417297294095,0.056680226354999086,25,0.9817371598563732,42,64,largest,0.5
3690,3690,4,0,-0.012745468149577888,0.05535610242997234,29,0.9884312842437276,42,64,largest,0.5
3691,3691,3,0,-0.05624069278628496,0.04293209772313343,16,0.9743579463173259,42,64,largest,0.5
3692,3692,2,0,-0.04275303529739438,0.05788792862726151,15,0.9997413973931304,42,64,largest,0.5
3693,3693,1,0,-0.027540445658642887,0.07262943047020085,25,0.9852259593170237,42,64,largest,0.5
3694,3694,0,0,-0.03552249578313749,0.06504774746928048,48,0.9910753173248343,42,64,largest,0.5
3695,3695,4,0,-0.04843451489730233,0.03452296765213776,21,0.9857310352391727,42,64,largest,0.5
3696,3696,3,0,-0.0450529356793975,0.05311529639916237,14,0.9919097921895735,42,64,largest,0.5
3697,3697,2,0,-0.024108136186284823,0.08272461681049902,11,0.9985620804300522,42,64,largest,0.5
3698,3698,1,0,-0.0493022917257937,0.049592402586466994,16,0.9639515537848093,42,64,largest,0.5
3699,3699,0,0,-0.08925672801752027,0.023243507338107892,58,0.960265895226067,42,64,largest,0.5
37,37,4,0,-0.034039355119636294,0.04181633772052727,54,1.0051546514661558,42,64,largest,0.5
370,370,3,0,-0.07217207745947662,0.031597216058472655,6,0.9483685047312164,42,64,largest,0.5
3700,3700,2,0,-0.08609313513575001,0.02456443524224267,55,0.9630573651260291,42,64,largest,0.5
3701,3701,1,0,-0.044936735435306185,0.053575812046318574,4,0.9728313386758219,42,64,largest,0.5
3702,3702,0,0,-0.01101954460124055,0.10191211637848516,58,0.981124917149253,42,64,largest,0.5
3703,3703,4,0,-0.036292596803252475,0.04058443307393219,49,0.9475920605936098,42,64,largest,0.5
3704,3704,3,0,-0.06918044889872754,0.033478391713614955,37,0.951085424786779,42,64,largest,0.5
3705,3705,2,0,-0.01526726502790643,0.09762123523638,9,0.9368816463753205,42,64,largest,0.5
3706,3706,1,0,-0.07771087800693266,0.029795486124944075,40,0.9287989973187727,42,64,largest,0.5
3707,3707,0,0,-0.023585725429506765,0.08113321100365774,25,0.9790978690460502,42,64,largest,0.5
3708,3708,4,0,-0.020061408550228976,0.05029327154022877,58,0.9793576919538755,42,64,largest,0.5
3709,3709,3,0,-0.06287129967697269,0.037806281294333915,9,0.9678055135449946,42,64,largest,0.5
371,371,2,0,-0.16575668341530092,0.0048635315584758445,53,0.8729569211435463,42,64,largest,0.5
3710,3710,1,1,0.008259033245773484,0.13250673903426813,7,0.9915120706813536,42,64,largest,0.5
3711,3711,0,0,-0.14193578070894952,0.00824407822536522,63,0.8817459045393524,42,64,largest,0.5
3712,3712,4,0,-0.01630494099664692,0.05283556299404711,54,0.9855904171610856,42,64,largest,0.5
3713,3713,3,0,-0.06841520790947786,0.033976692307406325,30,0.9285524807278773,42,64,largest,0.5
3714,3714,2,0,-0.023551719776945146,0.08359772840655853,58,0.9982742278827611,42,64,largest,0.5
3715,3715,1,0,-0.0010606501065956175,0.11376199323006438,38,0.9963463517998099,42,64,largest,0.5
3716,3716,0,0,-0.03975986814313859,0.060088023574152584,57,0.9648987216110663,42,64,largest,0.5
3717,3717,4,0,-0.018235358369790067,0.051514296282447,57,0.9530800104355913,42,64,largest,0.5
3718,3718,3,0,-0.021624731575927703,0.08221735443080352,14,0.9481028429130665,42,64,largest,0.5
3719,3719,2,0,-0.008899830900371941,0.10978949268186487,7,0.9567574919193277,42,64,largest,0.5
372,372,1,0,-0.03320037942785825,0.06582919386237263,37,0.9717282556361325,42,64,largest,0.5
3720,3720,0,0,-0.03567149410536585,0.06486706162189691,57,0.9362557786961949,42,64,largest,0.5
3721,3721,4,0,-0.037246800353137766,0.0400732869825266,12,0.9764915282631385,42,64,largest,0.5
3722,3722,3,0,-0.06033271495381087,0.039695325783113654,41,0.9878307515362947,42,64,largest,0.5
3723,3723,2,0,-0.02920203199002347,0.07510963265419494,15,1.0043580259998572,42,64,largest,0.5
3724,3724,1,0,-0.020741566457726623,0.08165142661313844,22,0.9989811101981696,42,64,largest,0.5
3725,3725,0,0,-0.06156266589232806,0.03972335100892477,52,0.9966056075612832,42,64,largest,0.5
3726,3726,4,0,-0.0006502443161420235,0.06479061478534652,58,0.9625260542886245,42,64,largest,0.5
3727,3727,3,0,-0.05886715088037242,0.0408267672123995,59,0.9719098227249947,42,64,largest,0.5
3728,3728,2,0,-0.054675994509544745,0.04586958672384093,32,0.9886015229272149,42,64,largest,0.5
3729,3729,1,0,-0.013328312147728005,0.09264251276245214,36,0.9925449826779539,42,64,largest,0.5
373,373,0,0,-0.09695113889045648,0.019999706304306676,34,0.952657405913768,42,64,largest,0.5
3730,3730,4,0,-0.010477996602005324,0.05702033394334789,18,0.9931064371081869,42,64,largest,0.5
3731,3731,3,0,-0.057123285451224914,0.04221330450920273,62,0.9941810852933441,42,64,largest,0.5
3732,3732,2,0,-0.09490707568181567,0.020573136652773494,16,0.9648421455270971,42,64,largest,0.5
3733,3733,1,0,-0.030493155255150617,0.06900468804186612,53,0.975458873971538,42,64,largest,0.5
3734,3734,0,0,-0.03268113402752448,0.06858415478253181,2,0.9809748710101379,42,64,largest,0.5
3735,3735,4,0,-0.026680215474769953,0.04609350397938361,3,0.989897858233659,42,64,largest,0.5
3736,3736,3,0,-0.07183717112514298,0.03180261893080582,61,0.9515221074364596,42,64,largest,0.5
3737,3737,2,0,-0.08738732056407794,0.023934245510405083,28,0.9786457207879503,42,64,largest,0.5
3738,3738,1,0,-0.06200844019153584,0.03953820999291174,35,0.9600728474990764,42,64,largest,0.5
3739,3739,0,0,-0.04366620245289099,0.05583141156957237,37,0.9845518161052024,42,64,largest,0.5
374,374,4,0,-0.028310905959635257,0.045111205769938496,14,0.9671443094952501,42,64,largest,0.5
3740,3740,3,0,-0.041987678108607485,0.05628131245889638,57,0.9692345294187874,42,64,largest,0.5
3741,3741,2,0,-0.0768084995887175,0.029583739543986208,4,1.000398058445092,42,64,largest,0.5
3742,3742,1,0,-0.07263222006254644,0.03266048592479445,56,0.9360823985208295,42,64,largest,0.5
3743,3743,0,0,-0.03810406366655339,0.0619825006698334,43,0.9725111581096578,42,64,largest,0.5
3744,3744,4,0,-0.03787083338143793,0.03974234846615947,22,0.9806040908167613,42,64,largest,0.5
3745,3745,3,0,-0.05466190099799073,0.04424713234649043,8,0.9454294071794833,42,64,largest,0.5
3746,3746,2,0,-0.02353500073234327,0.08362409258251474,51,0.9727853883286546,42,64,largest,0.5
3747,3747,1,0,-0.037706746071921704,0.06084313716746081,63,0.9676995903433093,42,64,largest,0.5
3748,3748,0,0,-0.09133745479359245,0.022318793782470304,56,0.9680158690643507,42,64,largest,0.5
3749,3749,4,0,-0.053297695510141074,0.03234834363137834,54,0.9949865155086844,42,64,largest,0.5
375,375,3,0,-0.04671776813949913,0.05146692232786286,61,0.9816649265302467,42,64,largest,0.5
3750,3750,2,0,-0.0878163726169996,0.02372882488893416,56,0.9327453300353565,42,64,largest,0.5
3751,3751,1,0,-0.1125380343365463,0.015781408043924958,33,0.9008483462839434,42,64,largest,0.5
3752,3752,0,0,-0.030460696271522703,0.07147086454274472,31,0.9935821958689123,42,64,largest,0.5
3753,3753,4,0,-0.026904319058450255,0.045957311173971754,54,0.9873048872609588,42,64,largest,0.5
3754,3754,3,0,-0.0315202561594059,0.0684774217103126,54,0.9631111613907952,42,64,largest,0.5
3755,3755,2,0,-0.06050768469099976,0.04089399950815943,14,0.9913579602599405,42,64,largest,0.5
3756,3756,1,0,-0.01955240588386853,0.08333080925884233,16,0.985565199207304,42,64,largest,0.5
3757,3757,0,0,-0.04135549532414884,0.058313797047694786,62,0.9771042897046007,42,64,largest,0.5
3758,3758,4,1,0.0002094438017665734,0.06551535576236273,42,0.9893535065568817,42,64,largest,0.5
3759,3759,3,0,-0.08161557614778969,0.026306786604125797,26,0.9588598621586755,42,64,largest,0.5
376,376,2,0,-0.04675563667338756,0.05355561049773083,61,0.9806700834639529,42,64,largest,0.5
3760,3760,1,0,-0.060248730805063544,0.04080417119391917,61,0.9700768181037466,42,64,largest,0.5
3761,3761,0,0,-0.08594400692241333,0.02479342103240031,8,0.9461667431276994,42,64,largest,0.5
3762,3762,4,0,-0.05923236780824148,0.0298735817948252,11,0.9593222050703466,42,64,largest,0.5
3763,3763,3,0,-0.0911677930536332,0.021835690204635102,15,0.9626535576798825,42,64,largest,0.5
3764,3764,2,0,-0.07504287111949592,0.03064496999834039,15,0.9877913084885885,42,64,largest,0.5
3765,3765,1,0,-0.020058085956288108,0.08261286257736335,50,0.9789936675329968,42,64,largest,0.5
3766,3766,0,0,-0.04693509741360968,0.05248906398607232,21,0.9816107032065639,42,64,largest,0.5
3767,3767,4,0,-0.04103728329966383,0.038103104139987895,8,0.9881483391424987,42,64,largest,0.5
3768,3768,3,0,-0.07189193466514843,0.0317689435634297,35,0.9754912417050604,42,64,largest,0.5
3769,3769,2,0,-0.05730367256907953,0.04356005305366985,24,0.9548316012460255,42,64,largest,0.5
377,377,1,0,-0.05923697714054055,0.041549521571169847,56,0.9548146897522851,42,64,largest,0.5
3770,3770,0,0,-0.059502506075445494,0.041322410881039974,45,0.9510371016722121,42,64,largest,0.5
3771,3771,4,0,-0.04467080756037867,0.03630205500904297,23,0.9570474642803023,42,64,largest,0.5
3772,3772,3,0,-0.026641461352930662,0.07496340031895407,17,0.9727680344083354,42,64,largest,0.5
3773,3773,2,0,-0.06290255904916198,0.039003985754478686,13,0.985304211897115,42,64,largest,0.5
3774,3774,1,0,-0.06769828207208506,0.03569773371303961,18,0.9421437375794122,42,64,largest,0.5
3775,3775,0,0,-0.0754342109808791,0.030406033960928003,45,0.953125757841715,42,64,largest,0.5
3776,3776,4,0,-0.08839462275191945,0.020152075275232155,47,0.9545777209715582,42,64,largest,0.5
3777,3777,3,0,-0.07882341262459724,0.027774236535875907,54,0.9761264541718122,42,64,largest,0.5
3778,3778,2,0,-0.05246571167862135,0.04790208162240033,35,0.9950052679620254,42,64,largest,0.5
3779,3779,1,0,-0.008704333356712057,0.10015476391567875,18,1.001095077868709,42,64,largest,0.5
378,378,0,0,-0.08775781122411586,0.02393272537141646,56,0.9532940931499466,42,64,largest,0.5
3780,3780,4,0,-0.046009560035004005,0.03565934405691822,16,0.9888328642451015,42,64,largest,0.5
3781,3781,3,0,-0.0600014909555302,0.03994837802206089,17,1.0010189666358242,42,64,largest,0.5
3782,3782,2,0,-0.0532911982111961,0.04713317684115664,15,0.9946259873374452,42,64,largest,0.5
3783,3783,1,0,-0.10796017286806758,0.017164578730965017,3,0.9217385745124477,42,64,largest,0.5
3784,3784,0,0,-0.03992717068297724,0.05989964890843255,25,0.9961821780133441,42,64,largest,0.5
3785,3785,4,0,-0.004675379245370315,0.061495591762724906,36,0.998329565592068,42,64,largest,0.5
3786,3786,3,0,-0.04596557368710141,0.052205602940968834,17,1.0032038016402012,42,64,largest,0.5
3787,3787,2,0,-0.08052776983018095,0.027463616811015282,16,1.0045989922970069,42,64,largest,0.5
3788,3788,1,0,-0.01730076654990298,0.0865968963238784,25,0.9756695712774607,42,64,largest,0.5
3789,3789,0,0,-0.0711210277517309,0.03305013782646149,17,0.9969033959915463,42,64,largest,0.5
379,379,4,0,-0.042532138809851405,0.03735197747387374,48,0.9771523015618093,42,64,largest,0.5
3790,3790,3,0,-0.02974194364101279,0.07077902051737707,60,0.9860005552723748,42,64,largest,0.5
3791,3791,2,0,-0.0510872270436602,0.049212695140319285,35,0.9668913156536307,42,64,largest,0.5
3792,3792,1,0,-0.03363689243598467,0.06533006583793456,4,0.9916906280013877,42,64,largest,0.5
3793,3793,0,0,-0.05920092136920507,0.04156160489193248,37,1.0011225505521981,42,64,largest,0.5
3794,3794,4,0,-0.04039012415230925,0.03843276611153499,31,0.9825609249235354,42,64,largest,0.5
3795,3795,3,0,-0.09581734982733892,0.019937098549238252,42,0.9745949079510385,42,64,largest,0.5
3796,3796,2,0,-0.07037710219170967,0.03362969441029741,4,0.9875970140629036,42,64,largest,0.5
3797,3797,1,0,-0.0927049285792858,0.02268877187786081,27,0.9167965731644943,42,64,largest,0.5
3798,3798,0,0,-0.10675293353270199,0.016503619094611024,16,0.9594555339758701,42,64,largest,0.5
3799,3799,4,0,-0.06868696188682177,0.026305641840668376,54,0.9710955588876529,42,64,largest,0.5
38,38,3,0,-0.04029917302429564,0.05810031984795599,13,0.976458270469684,42,64,largest,0.5
380,380,2,0,-0.09126232695233438,0.022140230153352945,54,0.956768685846315,42,64,largest,0.5
3800,3800,1,0,-0.01756217390108672,0.0862118505667038,25,0.9917394373275372,42,64,largest,0.5
3801,3801,0,0,-0.09239567147682382,0.021862390833183806,40,0.9598047241770961,42,64,largest,0.5
3802,3802,4,0,-0.05536615196000394,0.031464076792302155,36,0.9569512163696119,42,64,largest,0.5
3803,3803,3,0,-0.05812651849567274,0.041410231700799945,44,1.0101136877607624,42,64,largest,0.5
3804,3804,2,0,-0.062314735658447695,0.03945998156885783,33,1.012061808771093,42,64,largest,0.5
3805,3805,1,0,-0.009928820653159809,0.09811429115691508,12,0.9874751215994295,42,64,largest,0.5
3806,3806,0,0,-0.06043866611400539,0.04058828362693859,28,0.9917358362898395,42,64,largest,0.5
3807,3807,4,0,-0.028526724683941906,0.044982704472060445,4,0.9908735708460322,42,64,largest,0.5
3808,3808,3,0,-0.0735980973910847,0.030736895944314183,56,0.9845023686551867,42,64,largest,0.5
3809,3809,2,0,-0.0743314416091787,0.031082916298304314,5,0.9844386293474934,42,64,largest,0.5
381,381,1,0,-0.04025107707747477,0.05818616424658249,8,0.9695424476610569,42,64,largest,0.5
3810,3810,0,0,-0.06982257369893963,0.033888731447591816,4,0.9379503111144806,42,64,largest,0.5
3811,3811,4,0,-0.04766106849067819,0.03488157310147745,38,0.9547298856429141,42,64,largest,0.5
3812,3812,3,0,-0.036869475666519214,0.06196608239776095,34,0.94301956444116,42,64,largest,0.5
3813,3813,2,0,-0.05375924081469641,0.0467024415619978,35,0.9896887465657981,42,64,largest,0.5
3814,3814,1,0,-0.011497514647733298,0.09555442235425742,37,0.9717590253613293,42,64,largest,0.5
3815,3815,0,0,-0.04933288240825329,0.05015851044773385,30,0.9840179162720892,42,64,largest,0.5
3816,3816,4,0,-0.05533825333055331,0.03147584643793803,0,0.9855484494982902,42,64,largest,0.5
3817,3817,3,0,-0.06357403889959867,0.037298799222297105,36,0.9981711506445019,42,64,largest,0.5
3819,3819,2,0,-0.08283225536497973,0.02622484258613316,11,0.9639518530483141,42,64,largest,0.5
382,382,1,0,-0.026463010324557668,0.07399525690700674,47,0.9806248621668016,42,64,largest,0.5
3820,3820,0,0,-0.13681281105481824,0.009123841972852537,48,0.9059560407158632,42,64,largest,0.5
3821,3821,4,0,-0.08457447833048404,0.021223068604639198,27,0.9477592345289136,42,64,largest,0.5
3822,3822,3,0,-0.024265116215970606,0.0783231375525922,41,0.9817320072249083,42,64,largest,0.5
3823,3823,2,0,-0.05247630710087814,0.047892137388232295,32,0.9703425755174885,42,64,largest,0.5
3824,3824,1,0,-0.04639734146023167,0.052210555143116046,58,0.9695483602551616,42,64,largest,0.5
3825,3825,0,0,-0.09760977070344767,0.019743590358985798,34,0.9674102449069998,42,64,largest,0.5
3826,3826,4,0,-0.05976713856421079,0.029659813208222897,1,0.955260695103389,42,64,largest,0.5
3827,3827,3,0,-0.04804627993645738,0.0501863706187117,52,0.9966382436615879,42,64,largest,0.5
3828,3828,2,0,-0.05627153775509208,0.04445368209212598,40,0.999974100092135,42,64,largest,0.5
3829,3829,1,0,-0.08612801743427345,0.025575515219858177,56,0.9405098160717243,42,64,largest,0.5
383,383,0,0,-0.07501906170414852,0.03065135124474807,37,0.9776788598834086,42,64,largest,0.5
3830,3830,4,0,-0.09470300867319925,0.018498294200435764,24,0.9314254511292042,42,64,largest,0.5
3831,3831,3,0,-0.06332889933037245,0.0374750783213658,14,0.9803090779148242,42,64,largest,0.5
3832,3832,2,0,-0.06159243282721727,0.040027300090315195,62,0.9580976542226451,42,64,largest,0.5
3833,3833,1,0,-0.032454752539685994,0.06668998186793015,12,0.983023266760711,42,64,largest,0.5
3834,3834,0,0,-0.10283597261245325,0.0178221614880383,48,0.9315836562095414,42,64,largest,0.5
3835,3835,4,0,-0.09650075661558455,0.01805189007467658,24,0.9182716392613423,42,64,largest,0.5
3836,3836,3,0,-0.03100612139435477,0.06913562484496638,18,0.9863587626372988,42,64,largest,0.5
3837,3837,2,0,-0.05143155719591097,0.04888216695553902,34,0.9765863097232477,42,64,largest,0.5
3838,3838,1,0,-0.050748806523955525,0.04833556438932639,1,0.9564351385695385,42,64,largest,0.5
3839,3839,0,0,-0.12628633142718326,0.011233800074144982,16,0.8875600853396258,42,64,largest,0.5
384,384,4,0,-0.05981057347017593,0.0296425158518593,48,0.9447544312148812,42,64,largest,0.5
3840,3840,3,0,-0.0589829956511464,0.040736220338060604,4,0.9810151527469936,42,64,largest,0.5
3841,3841,2,0,-0.09829041506871794,0.01921592736878558,11,0.9634560865176275,42,64,largest,0.5
3842,3842,1,0,-0.07557063096173455,0.030971891962366594,52,0.9314892573120093,42,64,largest,0.5
3843,3843,0,0,-0.09804547035872968,0.019575932979106054,8,0.937457298269559,42,64,largest,0.5
3844,3844,4,0,-0.038693176881949176,0.03931024086209229,29,0.976627540246559,42,64,largest,0.5
3845,3845,3,0,-0.04791685663045031,0.050309782913768517,33,0.9786852541649186,42,64,largest,0.5
3846,3846,2,0,-0.06108096648608097,0.04043373965658763,11,0.9676375584777779,42,64,largest,0.5
3847,3847,1,0,-0.029833589901850588,0.0697995536028791,2,0.9789289000715419,42,64,largest,0.5
3848,3848,0,0,-0.040321379886431585,0.059457972463384856,43,0.9704987618600903,42,64,largest,0.5
3849,3849,4,0,-0.05960879395073038,0.02972295467695461,23,0.9696111724158558,42,64,largest,0.5
385,385,3,0,-0.09011232226701082,0.022290706493168964,31,0.9420391255709266,42,64,largest,0.5
3850,3850,2,0,-0.1332744285309756,0.009446609237616447,56,0.9042837455525631,42,64,largest,0.5
3851,3851,1,0,-0.07824515974280755,0.029508636106745048,33,0.9259379620212635,42,64,largest,0.5
3852,3852,0,0,-0.08991403750295901,0.022947415917190538,33,0.9527636161002213,42,64,largest,0.5
3853,3853,4,0,-0.04810662462407811,0.03467455658324613,24,0.981793953162695,42,64,largest,0.5
3854,3854,3,0,-0.08199189062247636,0.026114870576189417,49,0.9617487973529315,42,64,largest,0.5
3855,3855,2,0,-0.08709972241272668,0.024072911198752028,45,0.9724494307882411,42,64,largest,0.5
3856,3856,1,0,-0.03530860570716643,0.0634509443521257,27,0.9758093237974713,42,64,largest,0.5
3857,3857,0,0,-0.07832012498687668,0.028752533682564748,39,0.9716075882386602,42,64,largest,0.5
3858,3858,4,0,-0.07295551948626822,0.024833961168784228,41,0.9610259179279675,42,64,largest,0.5
3859,3859,3,0,-0.07521814049147924,0.02978703491659718,59,0.9920303072193056,42,64,largest,0.5
386,386,2,0,-0.02239486524946599,0.08543988124009948,36,0.9756478063199463,42,64,largest,0.5
3860,3860,1,0,-0.0470759389148252,0.05158749989567833,18,0.9672260894491114,42,64,largest,0.5
3861,3861,0,0,-0.11296060114537831,0.01460794194964251,8,0.9649080808219799,42,64,largest,0.5
3862,3862,4,0,-0.06853170835232814,0.026360738643744098,24,0.9491294332895944,42,64,largest,0.5
3863,3863,3,0,-0.07519231828443484,0.029801949447385987,49,0.9632610250306363,42,64,largest,0.5
3864,3864,2,0,-0.05824824759391223,0.04275728087795041,56,0.9909601274769512,42,64,largest,0.5
3865,3865,1,0,-0.02151352599877998,0.08057779667392764,53,0.9703566666739143,42,64,largest,0.5
3866,3866,0,0,-0.028764851466929975,0.07375067663764062,27,0.9702576823501946,42,64,largest,0.5
3867,3867,4,0,-0.0664440268272003,0.027112613176704135,24,0.9566373934697999,42,64,largest,0.5
3868,3868,3,0,-0.07521949244884163,0.029786254245054777,28,0.9355305030064274,42,64,largest,0.5
3869,3869,2,0,-0.14678463489697302,0.007169975477074334,54,0.9518190371596038,42,64,largest,0.5
387,387,1,0,-0.018567848458025504,0.08474494044901172,4,0.9740634584077307,42,64,largest,0.5
3870,3870,0,0,-0.07229718595906676,0.03230785405936159,28,0.9982228690967542,42,64,largest,0.5
3871,3871,4,0,-0.06821631651769655,0.026473011689951087,23,0.9647361558637433,42,64,largest,0.5
3872,3872,3,0,-0.08596193261016172,0.0241714732378079,7,0.9528247206871654,42,64,largest,0.5
3873,3873,2,0,-0.07868257617911611,0.028496321994257105,5,0.9844326840164401,42,64,largest,0.5
3874,3874,1,0,-0.02429217203867362,0.07681915706077043,56,0.9801270311759526,42,64,largest,0.5
3875,3875,0,0,-0.0691017269219526,0.03436310891201487,20,0.9632297182916346,42,64,largest,0.5
3876,3876,4,0,-0.04874380446709803,0.03438056392603173,38,0.9801070633968874,42,64,largest,0.5
3877,3877,3,0,-0.07502607003600548,0.02989814547265115,15,0.958564945266325,42,64,largest,0.5
3878,3878,2,0,-0.08122624846464721,0.02708226213584334,51,0.9922739143865756,42,64,largest,0.5
3879,3879,1,0,-0.04138445722056727,0.05703798225009394,25,0.9641087892726956,42,64,largest,0.5
388,388,0,0,-0.08088712432054457,0.027355337465884682,57,0.9789555861949978,42,64,largest,0.5
3880,3880,4,0,-0.019531701274582813,0.050644620681605176,22,0.9845627658404057,42,64,largest,0.5
3881,3881,3,0,-0.07265087710699158,0.031305788846075114,8,0.9673456130692464,42,64,largest,0.5
3882,3882,2,0,-0.0834113895317623,0.02592217911025639,16,0.9654505414316483,42,64,largest,0.5
3883,3883,1,0,-0.02272000462304291,0.07892562255418739,3,0.9749253627224709,42,64,largest,0.5
3884,3884,0,0,-0.06152813114475675,0.03974966091681934,1,0.9814431927847581,42,64,largest,0.5
3885,3885,4,0,-0.10043184742176692,0.017112276416944336,26,0.9392614055204667,42,64,largest,0.5
3886,3886,3,0,-0.10828292806746564,0.015610024545570717,2,0.9384748064271334,42,64,largest,0.5
3887,3887,2,0,-0.06937880180529177,0.03430383989962442,40,0.9564827458301218,42,64,largest,0.5
3888,3888,1,0,-0.06729176028578754,0.035959777171084166,3,0.9510221495810193,42,64,largest,0.5
3889,3889,0,0,-0.06459322854233529,0.03747848795773984,52,0.9857351346309061,42,64,largest,0.5
389,389,4,0,-0.11144380963062184,0.014728734959020977,17,0.9138860061226783,42,64,largest,0.5
3890,3890,3,0,-0.07207310048814386,0.03165778610115572,49,0.9748513137182009,42,64,largest,0.5
3891,3891,2,0,-0.06259290375465054,0.03924356284399671,60,0.9576421209062237,42,64,largest,0.5
3892,3892,1,0,-0.03898141709636682,0.05949814355954099,28,0.96485141456454,42,64,largest,0.5
3893,3893,0,0,-0.07549250812253461,0.03037173803416932,4,0.9865819499200768,42,64,largest,0.5
3894,3894,4,0,-0.06502897782238426,0.027634052491718634,38,0.96395216629327,42,64,largest,0.5
3895,3895,3,0,-0.09366777414666028,0.020793870670672187,28,0.965597898553529,42,64,largest,0.5
3896,3896,2,0,-0.09675765750243803,0.019819554425513575,11,0.9630123058730593,42,64,largest,0.5
3897,3897,1,0,-0.06483084333373412,0.03758604061461625,31,0.9429698404607447,42,64,largest,0.5
3898,3898,0,0,-0.12818019674997272,0.010821466705478882,45,0.9026602239723964,42,64,largest,0.5
3899,3899,4,0,-0.03049192333424544,0.04382854485662765,11,0.9885935423628788,42,64,largest,0.5
39,39,3,0,-0.06908949381139551,0.03353724733115441,54,0.9955786337997599,42,64,largest,0.5
390,390,2,0,-0.04372678487842174,0.05680461953940208,58,0.9856370958374607,42,64,largest,0.5
3900,3900,1,0,-0.03387123734359121,0.06506355985020922,26,0.9764219200472204,42,64,largest,0.5
3901,3901,0,0,-0.009273773587001433,0.10514685037125084,52,1.0009787877899217,42,64,largest,0.5
3902,3902,4,0,-0.06471539595352216,0.027750918203853257,31,0.9870603064220346,42,64,largest,0.5
3903,3903,3,0,-0.052223470708146036,0.04635392631486032,40,0.9748110982139476,42,64,largest,0.5
3904,3904,2,0,-0.08709257282366778,0.024076368341932008,40,0.9763990707101349,42,64,largest,0.5
3905,3905,1,0,-0.024088058950084035,0.07708969779339933,14,0.9658654752177351,42,64,largest,0.5
3906,3906,0,0,-0.0705898119162659,0.03339076814404185,16,0.9741276678606291,42,64,largest,0.5
3907,3907,4,0,-0.03604268112208586,0.040719335962923466,3,0.987303443606475,42,64,largest,0.5
3908,3908,3,0,-0.07273485397611923,0.03125494410475763,15,0.962691493492632,42,64,largest,0.5
3909,3909,2,0,-0.08245429672769578,0.02642422048660005,0,0.9572553708319149,42,64,largest,0.5
391,391,1,0,-0.08447800794721305,0.02635412556494807,3,0.9185054062077159,42,64,largest,0.5
3910,3910,0,0,-0.0597666726012227,0.04111397686309187,9,0.97415662051339,42,64,largest,0.5
3911,3911,4,0,-0.05934843298418069,0.029827059534225243,38,0.9721994811792494,42,64,largest,0.5
3912,3912,3,0,-0.07054394313494372,0.03260796059421393,14,0.9763513772083201,42,64,largest,0.5
3913,3913,2,0,-0.06571538881872163,0.036891091713846996,23,0.9748520231404953,42,64,largest,0.5
3914,3914,1,0,-0.03456198434181634,0.06428389032111304,26,0.978730815537812,42,64,largest,0.5
3915,3915,0,0,-0.08861285711258804,0.02353715978563296,45,0.933904994979822,42,64,largest,0.5
3916,3916,4,0,-0.046453120822017024,0.035448825434956845,27,0.9769833472544497,42,64,largest,0.5
3917,3917,3,0,-0.04446942565372747,0.05370474415141026,45,0.9774572984742576,42,64,largest,0.5
3918,3918,2,0,-0.05986902648310377,0.04141265260893579,11,0.9618027390322689,42,64,largest,0.5
3919,3919,1,0,-0.045066852965780835,0.053452834681795555,50,0.9757883131696273,42,64,largest,0.5
392,392,0,0,-0.009881072265137902,0.10401143763990196,6,0.9697003947212088,42,64,largest,0.5
3920,3920,4,0,-0.042568426613948884,0.03733392186613899,5,0.9939969212716481,42,64,largest,0.5
3921,3921,3,0,-0.10265607106367514,0.017435137734849556,7,0.9741814817346323,42,64,largest,0.5
3922,3922,2,0,-0.08044954528368364,0.027506649347614456,33,0.964441949867031,42,64,largest,0.5
3923,3923,1,0,-0.019157600994257895,0.08389527736190339,50,0.9964620145863382,42,64,largest,0.5
3924,3924,0,0,-0.05773273141340274,0.042745098663151876,28,0.9955275393834949,42,64,largest,0.5
3925,3925,4,0,-0.047220245457007426,0.03508756258834195,32,0.9924779944688551,42,64,largest,0.5
3926,3926,3,0,-0.03508188199411888,0.06407499963690647,44,0.9969340321418075,42,64,largest,0.5
3927,3927,2,0,-0.058028550475805796,0.042942725591842285,5,0.9930827670575666,42,64,largest,0.5
3928,3928,1,0,-0.0063813936634219415,0.10412948443010787,25,0.9903995973388204,42,64,largest,0.5
3929,3929,0,0,-0.09134567775289903,0.02231521162205785,37,0.9869935324916254,42,64,largest,0.5
393,393,4,0,-0.024237436363435783,0.04760315197300007,44,0.9585967344260602,42,64,largest,0.5
3930,3930,3,0,-0.09232794030683777,0.021346022129762186,62,0.957801724899144,42,64,largest,0.5
3931,3931,2,0,-0.09439683699424961,0.020785800544052654,61,0.9573819783705799,42,64,largest,0.5
3932,3932,1,0,-0.047458885314928145,0.05123900692805886,18,0.9675930939962919,42,64,largest,0.5
3933,3933,0,0,-0.05155945313676957,0.04808242157856133,0,0.9823335251243304,42,64,largest,0.5
3934,3934,4,1,0.01287286880174865,0.07709878630310085,42,0.9867817518746553,42,64,largest,0.5
3935,3935,3,0,-0.08988019860525898,0.022392011763443433,4,0.9774804437306807,42,64,largest,0.5
3936,3936,2,0,-0.12080217614711353,0.012177411837634178,48,0.957535860847807,42,64,largest,0.5
3937,3937,1,0,-0.06198929553117516,0.0395517781751189,0,0.9569086969450793,42,64,largest,0.5
3938,3938,0,0,-0.06468174538585836,0.03741478693270793,57,0.9853220348873255,42,64,largest,0.5
3939,3939,4,0,-0.019350700855151226,0.05076520806977566,31,1.007735900635521,42,64,largest,0.5
394,394,3,0,-0.06695707449985155,0.03494605967291487,53,0.9873199355109263,42,64,largest,0.5
3940,3940,2,0,-0.0479707561014695,0.05230208072892972,15,0.995020701206927,42,64,largest,0.5
3941,3941,1,0,-0.05808243202442365,0.042415976157300465,18,0.945467620689295,42,64,largest,0.5
3942,3942,0,0,-0.05742190693227567,0.04299974933399277,45,0.9592551497265058,42,64,largest,0.5
3943,3943,4,0,-0.04394980816798,0.036652797978853575,18,0.9708976540396216,42,64,largest,0.5
3944,3944,3,0,-0.04458755091186317,0.05358492087997346,14,0.9969611289033222,42,64,largest,0.5
3945,3945,2,0,-0.09870942062168486,0.019054076560400052,16,0.9643722757829721,42,64,largest,0.5
3946,3946,1,0,-0.037759250820737944,0.060787178555260356,22,0.9727774354196622,42,64,largest,0.5
3947,3947,0,0,-0.056650109552877526,0.043638343211118924,37,0.9931668933301578,42,64,largest,0.5
3948,3948,4,0,-0.05306494661539929,0.03244933501804797,9,0.9625398612737871,42,64,largest,0.5
3949,3949,3,0,-0.054347113018657356,0.04451388619391062,61,0.957387077408245,42,64,largest,0.5
395,395,2,0,-0.07428574551240963,0.031111252321284224,35,0.9938673140917623,42,64,largest,0.5
3950,3950,1,0,-0.033963340097151296,0.0649590942332645,37,0.985932609772872,42,64,largest,0.5
3951,3951,0,0,-0.0325724823640029,0.06872286013396482,2,0.981421709971731,42,64,largest,0.5
3952,3952,4,0,-0.043176835113276746,0.037032444694895306,55,0.9866791013579009,42,64,largest,0.5
3953,3953,3,0,-0.08926573723427811,0.02266235630616749,43,0.9647463641468147,42,64,largest,0.5
3954,3954,2,0,-0.07121231556377228,0.03307552117652662,23,0.9741124271006738,42,64,largest,0.5
3955,3955,1,0,-0.04823813071145877,0.05053673553957132,46,0.9633921335091995,42,64,largest,0.5
3956,3956,0,0,-0.025070586002837403,0.07895033699921106,45,0.9969347702224566,42,64,largest,0.5
3957,3957,4,0,-0.033857368031233626,0.04191738109382422,29,0.9879772539182506,42,64,largest,0.5
3958,3958,3,0,-0.05579554609789905,0.04329905104331647,44,0.9834305422584494,42,64,largest,0.5
3959,3959,2,0,-0.05551928710712728,0.04511597026690535,4,1.0038612993451923,42,64,largest,0.5
396,396,1,0,-0.04242701160821394,0.0560006388407541,26,0.9600856801990083,42,64,largest,0.5
3960,3960,0,0,-0.04762821983847698,0.051805061281656156,4,0.9895659262313317,42,64,largest,0.5
3961,3961,4,0,-0.03745289719174183,0.039963698256531406,19,0.9874286165448891,42,64,largest,0.5
3962,3962,3,0,-0.062229658501408824,0.03827542981891414,35,1.0013588353855825,42,64,largest,0.5
3963,3963,2,0,-0.028039095946258086,0.07678928640304875,39,0.9793436675368724,42,64,largest,0.5
3964,3964,1,0,-0.021246008716845566,0.08094838949663896,34,0.989539115342158,42,64,largest,0.5
3965,3965,0,0,-0.024268786964389943,0.08012229863071892,8,0.9865039143908138,42,64,largest,0.5
3966,3966,4,0,-0.031116745898992715,0.043467544114701155,11,0.9786956140137073,42,64,largest,0.5
3967,3967,3,0,-0.06661844318581367,0.03517496742483101,18,0.9962301808834693,42,64,largest,0.5
3968,3968,2,0,-0.05645435944553634,0.04429412988444983,40,0.9980438115020321,42,64,largest,0.5
3969,3969,1,0,-0.02205329418740365,0.07983476264265774,26,0.9816927769927546,42,64,largest,0.5
397,397,0,0,-0.036858195398483784,0.06344457784351036,57,0.956729142866894,42,64,largest,0.5
3970,3970,4,0,-0.05191164925740466,0.032954270909175944,48,0.97957666708809,42,64,largest,0.5
3971,3971,3,0,-0.04144511788522354,0.05685988936903082,33,0.9982156604882377,42,64,largest,0.5
3972,3972,2,0,-0.05651828282486393,0.04423847161653021,14,0.9895155855555947,42,64,largest,0.5
3973,3973,1,0,-0.01317427220394185,0.09288441287937468,18,0.9967919990264962,42,64,largest,0.5
3974,3974,0,0,-0.0589565923499723,0.0417563587110443,34,0.9762015811891193,42,64,largest,0.5
3975,3975,4,0,-0.05022256784827406,0.033707502697468035,5,0.9983131093619236,42,64,largest,0.5
3976,3976,3,0,-0.03697630581838596,0.0618421237292105,8,0.9839576321145397,42,64,largest,0.5
3977,3977,2,0,-0.07234303398864894,0.03233931285440732,16,0.9727168535261052,42,64,largest,0.5
3978,3978,1,0,-0.010942876909848853,0.09645260754549939,2,0.9829569015031587,42,64,largest,0.5
3979,3979,0,0,-0.06606170386858923,0.03643506191187114,32,0.9890983936990346,42,64,largest,0.5
398,398,4,0,-0.012421284462794002,0.05559120783661162,14,0.967682332555552,42,64,largest,0.5
3980,3980,3,0,-0.05048393933543427,0.047914845673998806,46,0.9895388954531018,42,64,largest,0.5
3981,3981,2,0,-0.07590337762207722,0.030123235161811018,47,0.9829429685615862,42,64,largest,0.5
3982,3982,1,0,-0.0334585876107274,0.06553352069415036,60,0.9736323353064831,42,64,largest,0.5
3983,3983,0,0,-0.05530685986100192,0.04477140065901752,51,0.9760862789824561,42,64,largest,0.5
3984,3984,4,0,-0.035768693711711874,0.040867726006111785,5,0.9653098166517824,42,64,largest,0.5
3985,3985,3,0,-0.09831607650158669,0.018984572925194988,38,0.9423289766111651,42,64,largest,0.5
3986,3986,2,0,-0.03986841737672453,0.06121191328115984,23,0.9779309099584965,42,64,largest,0.5
3988,3988,1,0,-0.008120193278793097,0.10114139432112797,58,0.9864714097818431,42,64,largest,0.5
3989,3989,0,0,-0.07690771993217627,0.029550581831023975,44,0.9646280469755942,42,64,largest,0.5
399,399,4,0,-0.041276109466354516,0.03798213376966787,54,0.9832269965758373,42,64,largest,0.5
3990,3990,3,0,-0.0637474870163297,0.037174555006791364,40,0.9873514189634098,42,64,largest,0.5
3991,3991,2,0,-0.08576831378068184,0.02472512593653484,11,0.9857813115555308,42,64,largest,0.5
3992,3992,1,0,-0.013738021112041254,0.09200186816682038,12,0.99276477149205,42,64,largest,0.5
3993,3993,0,0,-0.060416180045234635,0.04060576967937456,45,0.9572967511816312,42,64,largest,0.5
3994,3994,4,0,-0.12896785164848312,0.011593275879823691,7,0.8947697797569063,42,64,largest,0.5
3995,3995,3,0,-0.08686786433820559,0.023748169371154246,15,0.9833061965109037,42,64,largest,0.5
3996,3996,2,0,-0.08244507928819933,0.026429101175694324,40,0.9381822507662635,42,64,largest,0.5
3997,3997,1,0,-0.021971613705599857,0.07994679919592514,60,0.9747753393955351,42,64,largest,0.5
3998,3998,0,0,-0.05073224869324888,0.04884401846578157,4,0.964224343904855,42,64,largest,0.5
3999,3999,4,0,-0.039534399254800734,0.0388728772212216,23,0.9662038189074988,42,64,largest,0.5
4,4,3,0,-0.03759700773635044,0.061126473570718064,40,0.9963212944839998,42,64,largest,0.5
40,40,2,0,-0.04270602252881106,0.057940718677414675,58,0.9943131297300171,42,64,largest,0.5
400,400,1,0,-0.013142537471690141,0.09293431861630776,50,0.9945059068842829,42,64,largest,0.5
4000,4000,0,0,-0.034949403168177406,0.06574709250237364,35,0.9797677131261959,42,64,largest,0.5
4001,4001,4,0,-0.022781312231582085,0.048525269768822585,38,0.9820980833385069,42,64,largest,0.5
4002,4002,3,0,-0.0863768933497423,0.023976673819361888,33,0.9652906506888129,42,64,largest,0.5
4003,4003,2,0,-0.13337028199221534,0.009428167522518467,56,0.9390194182963931,42,64,largest,0.5
4004,4004,1,0,-0.03733851146485423,0.06123695063229013,27,0.9759204645294536,42,64,largest,0.5
4005,4005,0,0,-0.04976567930476117,0.04974842411347736,2,0.9908316235449341,42,64,largest,0.5
4006,4006,4,0,-0.056232942446360346,0.031100516467811652,18,0.961916308002079,42,64,largest,0.5
4007,4007,3,0,-0.0750989134303699,0.02985595920033309,4,0.9811019730392485,42,64,largest,0.5
4008,4008,2,0,-0.08287187121952477,0.026204029679090534,37,0.9451959911138911,42,64,largest,0.5
4009,4009,1,0,-0.08539985364862013,0.02591632260246143,33,0.916221379410154,42,64,largest,0.5
401,401,0,0,-0.03923331700973531,0.0606845198886139,28,0.9881118763477709,42,64,largest,0.5
4010,4010,4,0,-0.04306772717812268,0.03708633681343703,40,0.9746271960586269,42,64,largest,0.5
4011,4011,3,0,-0.05188185568884118,0.046656598432510424,15,0.9806567320923782,42,64,largest,0.5
4012,4012,2,0,-0.07281280681528246,0.03203812387535332,15,0.9943236371988338,42,64,largest,0.5
4013,4013,1,0,-0.018383772729610892,0.08501173525359622,50,0.9883711621167129,42,64,largest,0.5
4014,4014,0,0,-0.03474831903835662,0.06599412779569708,28,1.0108441659024154,42,64,largest,0.5
4015,4015,4,0,-0.03540885714383202,0.04106339807624287,54,1.0052308197622535,42,64,largest,0.5
4016,4016,3,0,-0.056228990728115824,0.04294170610043076,23,0.9556400477639723,42,64,largest,0.5
4017,4017,2,0,-0.04974059304703993,0.050525807335148006,3,0.9850139812449509,42,64,largest,0.5
4018,4018,1,0,-0.08337348470393757,0.026888166816441218,56,0.9387304648358159,42,64,largest,0.5
4019,4019,0,0,-0.08734955653816312,0.024123874434166206,1,0.9709436328832489,42,64,largest,0.5
402,402,4,0,-0.04886042054931383,0.03432701851097404,47,0.9736306617666274,42,64,largest,0.5
4020,4020,3,0,-0.055822468239201006,0.04327677315554551,0,0.9801895694138403,42,64,largest,0.5
4021,4021,2,0,-0.08715778719287881,0.024044852231848626,5,0.9934017984409924,42,64,largest,0.5
4022,4022,1,0,-0.01846500593541156,0.08489390405923374,50,0.9954400424003605,42,64,largest,0.5
4023,4023,0,0,-0.08433274097997767,0.025583254846591838,60,0.9718351397635112,42,64,largest,0.5
4024,4024,4,1,0.012764250154135959,0.07699188026115392,42,0.9448889850324518,42,64,largest,0.5
4025,4025,3,0,-0.05886074231085836,0.04083178191519853,42,0.9923595154484101,42,64,largest,0.5
4026,4026,2,0,-0.07210572510969615,0.03249249917199704,11,0.9544316806583433,42,64,largest,0.5
4027,4027,1,0,-0.023203613547350566,0.07827209717598281,61,0.9890058417656484,42,64,largest,0.5
4028,4028,0,0,-0.10988443100927947,0.015518892216726414,51,0.9538507170571955,42,64,largest,0.5
4029,4029,4,0,-0.03825873430563487,0.03953795809861585,18,0.982156151651971,42,64,largest,0.5
403,403,3,0,-0.032791891827863795,0.06687432007129696,45,0.9795994067877383,42,64,largest,0.5
4030,4030,2,0,-0.04970670925920906,0.05055927183939786,5,0.9971020364480924,42,64,largest,0.5
4031,4031,1,0,-0.01871361215698042,0.08453421341432425,60,0.9872797529662816,42,64,largest,0.5
4032,4032,0,0,-0.056991511077897794,0.04335475492366705,25,0.9899171439243375,42,64,largest,0.5
4033,4033,4,0,-0.03388821561231292,0.041900237396417524,9,0.9925300712347697,42,64,largest,0.5
4034,4034,3,0,-0.0930955953674093,0.021027936947210894,42,0.9777024112031254,42,64,largest,0.5
4035,4035,2,0,-0.06356863935849066,0.03849339328634376,5,1.0068510247033498,42,64,largest,0.5
4036,4036,1,0,-0.020089761039623344,0.08256807924451597,23,0.9878328424072087,42,64,largest,0.5
4037,4037,0,0,-0.054029015000084724,0.04587527280580104,28,0.9786040779303254,42,64,largest,0.5
4038,4038,4,0,-0.01264353288446085,0.05542992714290377,10,0.9663167195971658,42,64,largest,0.5
4039,4039,3,0,-0.05859964510733828,0.04103659252681242,14,0.9836634198465308,42,64,largest,0.5
404,404,2,0,-0.036970761991334755,0.06472989612142145,23,0.9987546893083775,42,64,largest,0.5
4040,4040,1,0,-0.015239030239200257,0.0896886977927718,61,0.9891136077498295,42,64,largest,0.5
4041,4041,0,1,0.002250113295038547,0.12884384827512202,36,0.9970305631603741,42,64,largest,0.5
4042,4042,4,0,-0.03279612664166154,0.04251127208314762,8,0.9884191426898284,42,64,largest,0.5
4043,4043,3,0,-0.037510192779172336,0.06122610082309108,14,0.9975379575894889,42,64,largest,0.5
4044,4044,2,0,-0.05290285743840761,0.04749342704611934,16,1.0036261716329788,42,64,largest,0.5
4045,4045,1,0,-0.05084152467727254,0.0482560434449124,1,0.9625090692426291,42,64,largest,0.5
4046,4046,0,0,-0.046889724844432656,0.05253413584390496,52,0.9877541596191797,42,64,largest,0.5
4047,4047,4,0,-0.047432195581012304,0.03498837581500314,45,0.9939390116319834,42,64,largest,0.5
4048,4048,3,0,-0.09321273845460698,0.020979807226733066,44,0.9791211847031761,42,64,largest,0.5
4049,4049,2,0,-0.07598960272034483,0.030071432788134223,15,0.9862219695916921,42,64,largest,0.5
405,405,1,0,-0.023093900622515928,0.0784199221902585,37,0.9868930497811905,42,64,largest,0.5
4050,4050,0,0,-0.02473139387258283,0.07944419742639262,6,0.9511003058654343,42,64,largest,0.5
4051,4051,4,0,-0.027583126803938263,0.04554711792414836,54,0.9928877466504386,42,64,largest,0.5
4052,4052,3,0,-0.06328068264182463,0.037509844901021695,44,0.9970810949359705,42,64,largest,0.5
4053,4053,2,0,-0.039530459130893036,0.06161282815956901,23,0.9867552286792373,42,64,largest,0.5
4054,4054,1,0,-0.013733683847111933,0.09200862926679726,21,0.9879406443948312,42,64,largest,0.5
4055,4055,0,0,-0.06144529645343377,0.03981283569441288,2,1.0030450388481986,42,64,largest,0.5
4056,4056,4,0,-0.03577530635424686,0.04086413854675377,29,0.9973450565293202,42,64,largest,0.5
4057,4057,3,0,-0.062372324550112435,0.0381706358211601,53,0.9859275210638292,42,64,largest,0.5
4058,4058,2,0,-0.059061575148215084,0.0420773947981528,58,0.9948445805754962,42,64,largest,0.5
4059,4059,1,0,-0.014578334376712077,0.09070035091282891,62,1.0016825214689122,42,64,largest,0.5
406,406,0,0,-0.08696859011958469,0.024303589357819774,41,0.9542195887737857,42,64,largest,0.5
4060,4060,4,1,0.005701092288195708,0.07032549887317124,42,0.9939120428328494,42,64,largest,0.5
4061,4061,3,0,-0.048930385287302425,0.04935096725325766,44,0.9879163473122969,42,64,largest,0.5
4062,4062,2,0,-0.0738907777509249,0.031357214877416474,24,0.997607924477642,42,64,largest,0.5
4063,4063,1,1,0.0019895988923278596,0.1196277258472421,7,0.9988673528094268,42,64,largest,0.5
4064,4064,0,0,-0.06397944188881632,0.03792307422112205,17,0.9948712403572414,42,64,largest,0.5
4065,4065,4,0,-0.025070882085279744,0.0470828723506953,3,0.9988306673033381,42,64,largest,0.5
4066,4066,3,0,-0.07136968552346912,0.032091495197634684,46,0.9856923079461712,42,64,largest,0.5
4067,4067,2,0,-0.061407444014414225,0.04017384853424717,5,0.9944018853675353,42,64,largest,0.5
4068,4068,1,1,0.01112579651193002,0.13877747176200955,7,1.0037640212166858,42,64,largest,0.5
4069,4069,0,0,-0.05514943365264546,0.04490601442848245,33,0.9905370187988523,42,64,largest,0.5
407,407,4,0,-0.027600434124768092,0.045536705084611065,54,0.9992647668748059,42,64,largest,0.5
4070,4070,3,0,-0.04813555918764989,0.050101405085574445,7,0.9807140681527474,42,64,largest,0.5
4071,4071,2,0,-0.0772051751858358,0.029350265058166358,15,0.9859486436183036,42,64,largest,0.5
4072,4072,1,0,-0.010825685448455191,0.09664335097642479,50,0.9974113131642048,42,64,largest,0.5
4073,4073,0,0,-0.025838784776649693,0.07784220998027631,52,0.9865267223380507,42,64,largest,0.5
4074,4074,4,0,-0.028845251288713958,0.04479368668444802,29,0.9959328611996267,42,64,largest,0.5
4075,4075,3,0,-0.05066353217252195,0.04775140995499611,52,0.9758396793082875,42,64,largest,0.5
4076,4076,2,0,-0.01748089688728449,0.0936808791290393,55,0.9946172435130541,42,64,largest,0.5
4077,4077,1,0,-0.02273769463574149,0.07890162947627404,26,0.9868170390410603,42,64,largest,0.5
4079,4079,0,0,-0.018552231367661043,0.0889476870108673,25,0.9891335282058907,42,64,largest,0.5
408,408,4,0,-0.04799685828473943,0.034725446544617795,23,0.974319175848601,42,64,largest,0.5
4080,4080,3,0,-0.00601950322030842,0.10902038915817275,36,0.9954410173417144,42,64,largest,0.5
4081,4081,2,0,-0.05573983974623764,0.04492082566779581,23,1.0026481174105473,42,64,largest,0.5
4082,4082,1,0,-0.024639659345316645,0.07636058332247912,53,0.9845813470839897,42,64,largest,0.5
4083,4083,0,0,-0.07858081198700317,0.028607541872800943,37,0.9894056602521889,42,64,largest,0.5
4084,4084,4,0,-0.025215022130608222,0.046993442694985676,54,0.9988838937501325,42,64,largest,0.5
4085,4085,3,0,-0.02888963420661006,0.07190729037307816,60,0.982990179277696,42,64,largest,0.5
4086,4086,2,0,-0.04368373547657578,0.05685210742850236,24,0.9740653555237091,42,64,largest,0.5
4087,4087,1,0,-0.008555644552031061,0.10040508933379605,50,0.9968823397081096,42,64,largest,0.5
4088,4088,0,0,-0.06215770414719979,0.039272641561171356,44,0.9893921138576603,42,64,largest,0.5
4089,4089,4,0,-0.04464688202876521,0.03631364202607254,54,0.9925457949190072,42,64,largest,0.5
409,409,3,1,0.0193953710463588,0.16896605066367035,47,0.9480102142293977,42,64,largest,0.5
4091,4091,2,0,-0.07256602350714059,0.032196006197294985,5,0.9914586793076952,42,64,largest,0.5
4092,4092,1,0,-0.044554978949928103,0.05393816177246321,0,0.9608381280622112,42,64,largest,0.5
4093,4093,0,0,-0.09801919357558098,0.01958600463913224,47,0.9526463849060962,42,64,largest,0.5
4096,4096,4,0,-0.03531766686389104,0.04111312780946268,32,0.9790004553090055,42,64,largest,0.5
4097,4097,3,0,-0.026937278900782013,0.07455455626222657,21,0.8606416281760317,42,64,largest,0.5
4098,4098,2,0,-0.07915267564763206,0.028229695759483576,15,0.9949954822231794,42,64,largest,0.5
4099,4099,1,0,-0.027004711435149265,0.07330563266097558,11,0.964246120531744,42,64,largest,0.5
41,41,0,0,-0.06205274953544482,0.03935178120505237,51,0.9668603175791157,42,64,largest,0.5
410,410,4,0,-0.017807553871406756,0.05180438357460731,29,0.9624762985955433,42,64,largest,0.5
4100,4100,3,0,-0.06127496803345134,0.038983830037182164,30,0.9213762163947133,42,64,largest,0.5
4101,4101,2,1,0.023627171863973007,0.19411894934267898,10,0.9365592529749193,42,64,largest,0.5
4102,4102,1,0,-0.03806222641313328,0.06046521189034901,11,0.9632674071123611,42,64,largest,0.5
4103,4103,0,1,0.030829790491516018,0.20740994933795412,36,0.9001051167341734,42,64,largest,0.5
4104,4104,4,0,-0.036619225333494376,0.04040876624740584,30,0.9832612525694749,42,64,largest,0.5
4105,4105,3,1,0.0018262726852285027,0.1252068349397213,47,0.9700982707430963,42,64,largest,0.5
4106,4106,2,0,-0.05741548347351566,0.04346428204832223,5,0.9929941742341526,42,64,largest,0.5
4107,4107,1,1,0.013436260638510333,0.14401091262718543,7,0.9867249509826406,42,64,largest,0.5
4108,4108,0,0,-0.03530440296652082,0.06531306664325005,24,1.005850431242592,42,64,largest,0.5
4109,4109,4,0,-0.06442671963363544,0.02785892645870193,4,0.9215619415981603,42,64,largest,0.5
411,411,3,0,-0.02281632312316728,0.08043854937127742,46,0.9690209273929591,42,64,largest,0.5
4110,4110,2,0,-0.03955890163383424,0.06157899290421586,9,0.9584077631292621,42,64,largest,0.5
4111,4111,1,0,-0.01664774221152321,0.08756559230345684,40,0.9884734147586429,42,64,largest,0.5
4112,4112,0,0,-0.07320371059854114,0.03174676041043341,48,0.9580436083369529,42,64,largest,0.5
4113,4113,4,0,-0.016489004110338268,0.052708214153420044,44,1.0031504602878623,42,64,largest,0.5
4114,4114,3,0,-0.04719421778466237,0.051004157383927315,62,0.9854979323404104,42,64,largest,0.5
4115,4115,2,0,-0.014911197757609629,0.09826868435254384,58,0.9915362955893997,42,64,largest,0.5
4116,4116,1,0,-0.03714096574552628,0.06144919936861074,18,0.9794742358247343,42,64,largest,0.5
4117,4117,0,0,-0.01300689951709666,0.09833740800475109,0,0.9725691984569101,42,64,largest,0.5
4118,4118,4,0,-0.06333320865220227,0.028271778386100076,3,0.953076984305222,42,64,largest,0.5
4119,4119,3,0,-0.050906639386767316,0.04753101733904403,63,0.9415434778838156,42,64,largest,0.5
412,412,2,1,0.012580755751936401,0.16099979196455932,10,0.9579017310413659,42,64,largest,0.5
4120,4120,1,0,-0.02220589066843115,0.0796258386676926,16,0.9771551333110404,42,64,largest,0.5
4121,4121,0,0,-0.05386059426946943,0.04602268235108592,10,0.9827107474284262,42,64,largest,0.5
4122,4122,4,0,-0.014316513086090166,0.05422994898477787,52,0.9989612928584864,42,64,largest,0.5
4123,4123,3,0,-0.0727811807470633,0.031226929251721852,44,0.9899962354671337,42,64,largest,0.5
4124,4124,2,0,-0.06241501469306099,0.039381831452194586,36,0.9589714145790419,42,64,largest,0.5
4125,4125,1,0,-0.056250123823319176,0.04382661425808897,9,0.9726632642430512,42,64,largest,0.5
4126,4126,0,0,-0.05441807942967514,0.045536462352638966,24,1.0041662141825205,42,64,largest,0.5
4127,4127,4,0,-0.04537206021868079,0.03596401800974843,54,0.9736802888063684,42,64,largest,0.5
4128,4128,3,0,-0.05951721478509864,0.04032114512208233,44,0.9951540935765908,42,64,largest,0.5
4129,4129,2,0,-0.0119805561090639,0.10374429624309281,32,0.9669050740618113,42,64,largest,0.5
413,413,1,0,-0.05154417114069121,0.04765743438207776,22,0.9711416443059393,42,64,largest,0.5
4130,4130,0,0,-0.053696531901967104,0.046166710646833635,49,0.9891423806026691,42,64,largest,0.5
4131,4131,4,0,-0.026008651678405936,0.04650393210181444,3,0.9755988386549466,42,64,largest,0.5
4132,4132,3,0,-0.07084425642298064,0.032419205102460526,23,0.96921745196741,42,64,largest,0.5
4133,4133,2,0,-0.06338754289770732,0.03863157656013199,15,0.9965507432036527,42,64,largest,0.5
4134,4134,1,0,-0.01694148216757252,0.08712865221437657,60,0.9867459584142956,42,64,largest,0.5
4135,4135,0,0,-0.0637378205416097,0.0380994747677735,37,0.9848442855667612,42,64,largest,0.5
4136,4136,4,0,-0.053381318326351845,0.0323121333383428,41,0.972918800895265,42,64,largest,0.5
4137,4137,3,0,-0.06290270155654731,0.03778346355034994,57,0.9683166094165563,42,64,largest,0.5
4138,4138,2,0,-0.07056098156983137,0.0335069241787409,0,0.9658755858301615,42,64,largest,0.5
4139,4139,1,0,-0.02113919717235624,0.08109678970300657,18,0.9759870949293439,42,64,largest,0.5
414,414,0,0,-0.10776148518817574,0.01617994290520471,48,0.9152488745945285,42,64,largest,0.5
4140,4140,4,0,-0.01012364435201285,0.05728462484924294,12,0.9802937822149725,42,64,largest,0.5
4142,4142,3,0,-0.04961735017491653,0.04871096423920644,6,0.9876112701489538,42,64,largest,0.5
4144,4144,2,0,-0.10027926211240601,0.018459490082510726,54,0.9421740526219795,42,64,largest,0.5
4145,4145,1,0,-0.02162886006812481,0.08041850192695171,50,0.9924539466256027,42,64,largest,0.5
4146,4146,0,0,-0.07158366838495189,0.03275621607174683,25,0.9952738499524777,42,64,largest,0.5
4147,4147,4,0,-0.03083342092922292,0.04363088636745844,22,1.0030514150059486,42,64,largest,0.5
4148,4148,3,0,-0.05112529305945168,0.04733361927215622,18,0.9947487315277737,42,64,largest,0.5
4149,4149,2,0,-0.07467497422424552,0.030870691078664376,48,0.9687277077778346,42,64,largest,0.5
415,415,1,0,-0.014258492703052683,0.09119377164270781,9,1.003126310358923,42,64,largest,0.5
4150,4150,0,0,-0.05990208643026429,0.04100752243872987,49,0.9933325620116674,42,64,largest,0.5
4151,4151,4,0,-0.04696375688046783,0.03520795449084876,41,0.9680559753174519,42,64,largest,0.5
4152,4152,3,0,-0.08889782937747959,0.022825747980487514,53,0.9772375271658391,42,64,largest,0.5
4153,4153,2,0,-0.0562236347006162,0.04449557858122878,55,0.9966267282310202,42,64,largest,0.5
4154,4154,1,0,-0.003645086997827951,0.10898976218130646,0,0.9796536939357576,42,64,largest,0.5
4155,4155,0,0,-0.08206450281715394,0.026736784427251963,1,0.9809132070682071,42,64,largest,0.5
4156,4156,4,0,-0.044022229758758025,0.036617420445555326,2,0.9803759190425287,42,64,largest,0.5
4157,4157,3,0,-0.05903363020042052,0.040696703656951265,20,0.9735441613124934,42,64,largest,0.5
4158,4158,2,0,-0.09927582821162861,0.018837411442566503,42,0.9646924933086884,42,64,largest,0.5
4159,4159,1,0,-0.016430339210287914,0.08789025529151953,61,0.9799043864451427,42,64,largest,0.5
416,416,0,0,-0.00034589935004436523,0.12313723119506544,57,0.9532700213842534,42,64,largest,0.5
4160,4160,4,0,-0.058731820795425604,0.030075022309821692,9,0.9657238453236906,42,64,largest,0.5
4161,4161,3,0,-0.069189276743569,0.033472684664242545,52,0.9652571924435681,42,64,largest,0.5
4162,4162,2,0,-0.05350529856444086,0.046935675647886234,40,0.9747066181266708,42,64,largest,0.5
4163,4163,1,0,-0.00867002496844227,0.10021247462117365,23,0.9838571751592172,42,64,largest,0.5
4164,4164,0,0,-0.07472831372958544,0.030824298209195418,45,0.9561244772178873,42,64,largest,0.5
4165,4165,4,0,-0.07310132049272267,0.024785136432414402,48,0.9329991021871855,42,64,largest,0.5
4166,4166,3,0,-0.08584757493834694,0.024225428115823473,7,0.9508682724818591,42,64,largest,0.5
4167,4167,2,0,-0.1311954693680888,0.009855497320742673,37,0.9101060551504021,42,64,largest,0.5
4168,4168,1,0,-0.040675309572204554,0.05775387377012614,3,0.9642258779286799,42,64,largest,0.5
417,417,0,0,-0.025213301242688613,0.07874338514197882,30,0.9914197030776389,42,64,largest,0.5
4170,4170,4,0,-0.08178358896289872,0.022040512714398733,40,0.9340046584245435,42,64,largest,0.5
4171,4171,3,0,-0.07852956805485634,0.027933218545646683,1,0.9354126300363537,42,64,largest,0.5
4172,4172,2,0,-0.06298138761834648,0.03894322133899304,42,0.9622666050436011,42,64,largest,0.5
4173,4173,1,0,-0.029893533040535436,0.06972696554764231,63,0.9632603821110861,42,64,largest,0.5
4174,4174,0,0,-0.07108844479864429,0.033070933958455194,49,0.9650917167698799,42,64,largest,0.5
4175,4175,4,0,-0.10663913469080954,0.015725602902356906,41,0.9438323729420512,42,64,largest,0.5
4176,4176,3,0,-0.07017307166726161,0.03284252975154685,45,0.9693392922961853,42,64,largest,0.5
4177,4177,2,0,-0.060155019357851724,0.041179624711777225,40,0.9526406179594957,42,64,largest,0.5
4178,4178,1,0,-0.058944510040829234,0.04176739538957444,62,0.9665883133491471,42,64,largest,0.5
4179,4179,0,0,-0.092383221261233,0.021867707128078336,45,0.9733842632233864,42,64,largest,0.5
418,418,4,0,-0.048906314859847644,0.03430596775162591,1,0.9748358355447917,42,64,largest,0.5
4180,4180,3,0,-0.08134672650441199,0.026444736509630955,23,0.9540138208341152,42,64,largest,0.5
4181,4181,2,0,-0.11137111307353897,0.01474752577285489,60,0.9649455567569681,42,64,largest,0.5
4182,4182,1,0,-0.055840510946330135,0.04414803092930687,9,0.9634325903621391,42,64,largest,0.5
4183,4183,0,0,-0.09148782930870436,0.022253374999012598,45,0.9557236342985426,42,64,largest,0.5
4184,4184,4,0,-0.04755379673693971,0.03493159189472873,40,0.9653393004535342,42,64,largest,0.5
4185,4185,3,0,-0.07510293479166996,0.02985363196416172,52,0.9496717413973869,42,64,largest,0.5
4186,4186,2,0,-0.11385474674525786,0.01402295432932122,61,0.9481549203981051,42,64,largest,0.5
4187,4187,1,0,-0.04456378251890902,0.053929779764284216,18,0.9664844469849371,42,64,largest,0.5
4188,4188,0,0,-0.15174445679883342,0.006787794629728455,14,0.9378914953370049,42,64,largest,0.5
4189,4189,4,0,-0.044428723304894446,0.036419459522775796,22,0.9827941283555012,42,64,largest,0.5
419,419,3,0,-0.08041140869967056,0.02693016299254168,1,0.953858060292484,42,64,largest,0.5
4190,4190,2,0,-0.1184973928619335,0.012761405296189592,0,0.9703739331165919,42,64,largest,0.5
4191,4191,1,0,-0.0580709323524875,0.042424692612814396,1,0.9611153542079098,42,64,largest,0.5
4192,4192,0,0,-0.05716235667343139,0.043213501808386734,45,0.9623219224303703,42,64,largest,0.5
4193,4193,4,0,-0.0954130657430241,0.018320698103844006,40,0.9475364491767542,42,64,largest,0.5
4194,4194,3,0,-0.14574217315492188,0.0074461747389270505,57,0.9051117719227694,42,64,largest,0.5
4195,4195,2,0,-0.05619649529517112,0.04451933167978084,4,0.9903649165376937,42,64,largest,0.5
4196,4196,1,0,-0.0646104631759834,0.03773507705030635,56,0.9687579702931333,42,64,largest,0.5
4197,4197,0,0,-0.07562417251175402,0.030294418340001524,52,0.9809401913523791,42,64,largest,0.5
4198,4198,4,0,-0.07269413018718096,0.02492172798711129,27,0.9593878676739734,42,64,largest,0.5
4199,4199,3,0,-0.04566700406774027,0.052501577122977205,60,0.9749749793045157,42,64,largest,0.5
42,42,2,0,-0.029537046751399343,0.07463206205642123,58,0.9839455549214,42,64,largest,0.5
420,420,1,0,-0.027353806089109756,0.07286435132632599,11,0.9596480313312757,42,64,largest,0.5
4200,4200,0,0,-0.11287154653577891,0.0146335580089053,51,0.9396951797087795,42,64,largest,0.5
4201,4201,4,0,-0.030628639700370552,0.043749311201568046,48,0.9585889690787733,42,64,largest,0.5
4202,4202,3,0,-0.09502536930791594,0.02024866423914909,49,0.9470314456195779,42,64,largest,0.5
4203,4203,2,0,-0.10292403488693924,0.01749868540431183,56,0.9624950137328901,42,64,largest,0.5
4204,4204,1,0,-0.09032111959752709,0.023696324210541776,33,0.9237253115106343,42,64,largest,0.5
4205,4205,0,0,-0.018837876148996457,0.0884866145893047,2,0.9940996381076048,42,64,largest,0.5
4206,4206,4,0,-0.028306936973266028,0.04511357222852205,48,0.9694199471620278,42,64,largest,0.5
4207,4207,3,0,-0.13849570811674417,0.008596304467297276,31,0.9046977740719979,42,64,largest,0.5
4208,4208,2,0,-0.08532848844077545,0.024944343391183798,56,0.9705348836793326,42,64,largest,0.5
4209,4209,1,0,-0.057174766338738636,0.04310925217189847,27,0.9431363587481442,42,64,largest,0.5
421,421,0,0,-0.08261539146362806,0.026452058430170487,34,0.959280760273663,42,64,largest,0.5
4210,4210,4,0,-0.0451576734946777,0.036067039695580616,48,0.9600291766408231,42,64,largest,0.5
4211,4211,3,0,-0.08870964574653684,0.022909766457454947,49,0.9440613669384814,42,64,largest,0.5
4212,4212,2,0,-0.09193497491680125,0.021842490951363015,37,0.9413439950537017,42,64,largest,0.5
4213,4213,1,0,-0.04725396163029083,0.05142521585545167,33,0.9661723225945725,42,64,largest,0.5
4214,4214,0,0,-0.10808390980845717,0.016077789748551004,16,0.9250835797129022,42,64,largest,0.5
4215,4215,4,0,-0.046969249880930986,0.03520537199273707,36,0.9817234112968766,42,64,largest,0.5
4216,4216,3,0,-0.10953221424642723,0.015231052439156742,31,0.9209815785283124,42,64,largest,0.5
4217,4217,2,0,-0.08728529616650182,0.02398334725522322,45,0.9763444276992381,42,64,largest,0.5
4218,4218,1,0,-0.07287034279954918,0.03252039619524134,14,0.9431401042555618,42,64,largest,0.5
4219,4219,0,0,-0.07341579958452105,0.031616854613888114,34,0.9461851245311013,42,64,largest,0.5
422,422,4,0,-0.03538885233546052,0.04107430257181658,22,0.9772663770879061,42,64,largest,0.5
4220,4220,3,0,-0.09054303466189861,0.022103916764409513,61,0.9434151644737349,42,64,largest,0.5
4221,4221,2,0,-0.0991912437350696,0.01886961297712183,24,0.9608605136173703,42,64,largest,0.5
4222,4222,1,0,-0.01524275156236432,0.08968302864037617,28,0.987588291959034,42,64,largest,0.5
4223,4223,0,0,-0.08732664447884053,0.02413464611269674,25,0.9833467635573345,42,64,largest,0.5
4224,4224,4,0,-0.03907270657560291,0.039112336622614215,13,0.9958857024079144,42,64,largest,0.5
4225,4225,3,0,-0.09212735974566144,0.021429907230294032,35,0.9820947944745192,42,64,largest,0.5
4226,4226,2,0,-0.05540721592922493,0.045215439886779035,46,1.0080250699588573,42,64,largest,0.5
4227,4227,1,0,-0.018803641020184947,0.0844042985765577,12,0.9830199392409634,42,64,largest,0.5
4228,4228,0,0,-0.07092352461150297,0.03317638859832827,24,0.9903329930455715,42,64,largest,0.5
4229,4229,4,1,0.006965259001396662,0.07147811741438481,42,0.9606911367801103,42,64,largest,0.5
423,423,3,0,-0.06214111269834588,0.038340609179544745,8,0.9872441339098527,42,64,largest,0.5
4230,4230,2,1,0.04394586317791627,0.26790214644116855,10,0.9244388534883288,42,64,largest,0.5
4231,4231,1,0,-0.039056150761645037,0.05942015730697145,61,0.9708478952963414,42,64,largest,0.5
4232,4232,0,0,-0.08693773481706413,0.024318201879593097,32,0.9804349049145051,42,64,largest,0.5
4233,4233,4,0,-0.06203511176153442,0.02876958547640874,47,0.9883018056039038,42,64,largest,0.5
4234,4234,3,0,-0.07160089229263811,0.03194830846137023,8,0.9746609811075866,42,64,largest,0.5
4235,4235,2,0,-0.1015031532334788,0.0180085987177607,45,0.9753129097057985,42,64,largest,0.5
4236,4236,1,0,-0.024032898917670797,0.07716295913411862,23,0.9847029449951317,42,64,largest,0.5
4237,4237,0,0,-0.05277535029580804,0.04698340114455609,35,0.987319376491475,42,64,largest,0.5
4238,4238,4,0,-0.03373367840701835,0.04198618961216237,1,0.9833060776774691,42,64,largest,0.5
4239,4239,3,0,-0.048770029043042284,0.04950150501042268,52,0.9786392236346174,42,64,largest,0.5
424,424,2,0,-0.06077516106504066,0.04067863496557345,56,0.9574674769350933,42,64,largest,0.5
4240,4240,1,0,-0.07436810093118584,0.03165247642932411,52,0.9447885511329439,42,64,largest,0.5
4241,4241,0,0,-0.0736057560415374,0.03150094176106187,4,0.9709531862057713,42,64,largest,0.5
4242,4242,4,0,-0.02819667886050503,0.0451793595516831,8,0.9763640161849716,42,64,largest,0.5
4243,4243,3,0,-0.09755486421192372,0.019269924045241346,62,0.9624438657508072,42,64,largest,0.5
4244,4244,2,0,-0.07736314338474581,0.02925778678307875,0,0.9701546971789053,42,64,largest,0.5
4245,4245,1,0,-0.049256063449130694,0.04963307565681213,58,0.9736486168533388,42,64,largest,0.5
4246,4246,0,0,-0.0626784019248402,0.03888226847387995,8,0.9851287102949312,42,64,largest,0.5
4247,4247,4,0,-0.0714244906804401,0.025352352750535795,38,0.9397983141982381,42,64,largest,0.5
4248,4248,3,0,-0.08417356881258464,0.025028806702695965,2,0.940992902692265,42,64,largest,0.5
4249,4249,2,0,-0.1132867795944581,0.01418549369797773,45,0.9378848271147566,42,64,largest,0.5
425,425,1,0,-0.029814916838241445,0.06982217999612551,36,0.9790845647822909,42,64,largest,0.5
4250,4250,0,0,-0.06496218601982207,0.03721365463147083,10,0.9841548696939536,42,64,largest,0.5
4251,4251,4,0,-0.05728428439042588,0.03066500393226054,32,0.9932115618048084,42,64,largest,0.5
4252,4252,3,0,-0.06963414761180153,0.033186296509558476,45,0.9866242117806042,42,64,largest,0.5
4253,4253,2,0,-0.05390306262995159,0.04657083726118058,24,0.9989636821220059,42,64,largest,0.5
4254,4254,1,0,-0.04047783362892832,0.05795472428920068,11,0.9724680125312767,42,64,largest,0.5
4255,4255,0,0,-0.04352361294496043,0.05598167313402296,28,0.9963006633778438,42,64,largest,0.5
4256,4256,4,0,-0.14036666172315904,0.009917952628718784,7,0.8836904505737023,42,64,largest,0.5
4257,4257,3,0,-0.08869880066474722,0.022914617662002083,60,0.9788775989677566,42,64,largest,0.5
4258,4258,2,0,-0.09672336495612877,0.019833269770220353,37,0.9777458048502372,42,64,largest,0.5
4259,4259,1,0,-0.03552869473579501,0.06320733500074668,36,0.9808777816212139,42,64,largest,0.5
426,426,0,0,-0.0070163963295037934,0.10946361743999601,57,0.9308627314483942,42,64,largest,0.5
4260,4260,4,0,-0.04633857294935584,0.03550307612497907,51,0.96181620452994,42,64,largest,0.5
4261,4261,3,0,-0.05380242187766371,0.04497908723924249,20,0.9580253527270716,42,64,largest,0.5
4262,4262,2,0,-0.023488876215745802,0.08369686527651506,23,0.9825471190285507,42,64,largest,0.5
4263,4263,1,0,-0.06535645228039944,0.03723286714673339,3,0.9494577730262109,42,64,largest,0.5
4264,4264,0,0,-0.04387075360073811,0.0556165170462714,27,0.9701342064076997,42,64,largest,0.5
4265,4265,4,0,-0.03299341644894427,0.04240025976978539,48,0.9720612544945875,42,64,largest,0.5
4266,4266,3,0,-0.08257929689279953,0.02581802066981352,1,0.97239708956358,42,64,largest,0.5
4267,4267,2,0,-0.05761760228398194,0.043291668165418226,60,0.9951400327835135,42,64,largest,0.5
4268,4268,1,0,-0.06261616745683996,0.03910981457305012,61,0.9477989875427129,42,64,largest,0.5
4269,4269,0,0,-0.10544472335705524,0.01693296455414388,51,0.9267174933888911,42,64,largest,0.5
427,427,4,0,-0.04833791873921822,0.03456755908590081,43,0.9746496276500197,42,64,largest,0.5
4270,4270,3,0,-0.08724589491335677,0.023573678024968826,57,0.9295329759760027,42,64,largest,0.5
4271,4271,2,0,-0.06657315164095523,0.03626896805321504,24,0.9820669157234007,42,64,largest,0.5
4272,4272,1,0,-0.05222047548614128,0.047087934438071535,53,0.9545628056174555,42,64,largest,0.5
4274,4274,0,0,-0.07468490291528507,0.030850201397435228,52,0.9621981298464787,42,64,largest,0.5
4275,4275,4,0,-0.010932820190499015,0.05668278602872046,46,1.0050722945969508,42,64,largest,0.5
4276,4276,3,0,-0.0598766783005833,0.04004413429002694,4,0.9890698120515193,42,64,largest,0.5
4277,4277,2,0,-0.04787440514987673,0.0524004570031756,15,0.9917925648255368,42,64,largest,0.5
4278,4278,1,0,-0.0847237922020978,0.02623669909033808,52,0.9275267107386538,42,64,largest,0.5
4279,4279,0,0,-0.08256162217379637,0.02647971860211143,14,0.9544268676920893,42,64,largest,0.5
428,428,4,0,-0.011119164429176376,0.05654503349357321,44,0.9603967051369564,42,64,largest,0.5
4280,4280,3,0,-0.07924689062784074,0.027546662776959704,33,0.9397379590963868,42,64,largest,0.5
4281,4281,2,0,-0.07589091262518854,0.03013073104100645,15,0.9879262797732722,42,64,largest,0.5
4282,4282,1,0,-0.026755070073600007,0.07362270559653891,18,0.9721662181612266,42,64,largest,0.5
4283,4283,0,0,-0.06326440334780548,0.038447389753781196,28,0.979041333287516,42,64,largest,0.5
4284,4284,4,0,-0.02660827913099173,0.04613730269674485,48,0.973494504197039,42,64,largest,0.5
4285,4285,3,0,-0.09551316724424852,0.020056204770739612,31,0.9627297624395214,42,64,largest,0.5
4286,4286,2,0,-0.03494848387210747,0.06729567163941182,13,0.9945597947345417,42,64,largest,0.5
4287,4287,1,0,-0.024095879812024323,0.0770793155999007,32,0.9850029624405332,42,64,largest,0.5
4288,4288,0,0,-0.039096080191509786,0.06084089434730253,0,0.9911733744214984,42,64,largest,0.5
4289,4289,4,0,-0.04837830080577665,0.034548910866014755,11,0.9702300318777829,42,64,largest,0.5
429,429,3,0,-0.039943342207785615,0.058490628381636336,51,0.9855522171291496,42,64,largest,0.5
4290,4290,2,0,-0.06102897079558489,0.04047527900749732,15,0.9855062844220583,42,64,largest,0.5
4292,4292,1,0,-0.016155189245046997,0.0883027151375376,51,0.9837793401628636,42,64,largest,0.5
4293,4293,0,0,-0.09633994052277506,0.02024028705532574,21,0.9454730499837197,42,64,largest,0.5
4294,4294,4,0,-0.050229571867968836,0.03370434526458268,55,0.9552267502524565,42,64,largest,0.5
4295,4295,3,0,-0.07968185387167526,0.02731480347607288,7,0.9955114378988492,42,64,largest,0.5
4296,4296,2,0,-0.033287517013590895,0.0694732856508223,24,0.9555521954125152,42,64,largest,0.5
4297,4297,1,0,-0.03309343820575317,0.06595201460577367,56,0.9825374422335601,42,64,largest,0.5
4298,4298,0,0,-0.07877720470878657,0.028498778901190312,24,0.9726636002700267,42,64,largest,0.5
4299,4299,4,0,-0.03982301794740983,0.038723898812807286,31,0.9793555021103174,42,64,largest,0.5
43,43,3,1,0.010332694006099263,0.14503891156901152,47,0.9389194601576596,42,64,largest,0.5
430,430,2,0,-0.0364311388175097,0.06540550047223569,63,0.9873581864339681,42,64,largest,0.5
4300,4300,1,0,-0.06394708251067971,0.038187135747748374,11,0.9371722625088729,42,64,largest,0.5
4301,4301,0,0,-0.030186048522104603,0.07183562202751194,0,0.9722692372485389,42,64,largest,0.5
4302,4302,4,0,-0.024937372493238352,0.047165850793565306,54,0.9853673339875514,42,64,largest,0.5
4303,4303,3,0,-0.04147560431027697,0.056827231486903634,42,0.9888567007385903,42,64,largest,0.5
4304,4304,2,0,-0.09293287878577305,0.021407980339857153,5,0.9960916527249979,42,64,largest,0.5
4305,4305,1,0,-0.05659623933702451,0.043556764533738614,16,0.9745836440315061,42,64,largest,0.5
4306,4306,0,0,-0.02108705464678229,0.08493092728066916,40,0.9671260905146704,42,64,largest,0.5
4307,4307,4,0,-0.028832415595300254,0.0448012888910064,31,0.9886277647979377,42,64,largest,0.5
4308,4308,3,0,-0.046606747731745335,0.05157532304842867,37,0.9950650777618881,42,64,largest,0.5
4309,4309,2,0,-0.07247845756544424,0.03225220805798718,34,0.982968184401088,42,64,largest,0.5
431,431,1,0,-0.007590641987957447,0.10204326715498988,16,1.0027379842588988,42,64,largest,0.5
4310,4310,0,0,-0.04819940614436713,0.05124773213878239,1,0.9941716091050965,42,64,largest,0.5
4311,4311,4,0,-0.015983652221271738,0.053058551380807666,61,1.0051593694184593,42,64,largest,0.5
4312,4312,3,0,-0.06666978349733232,0.035140169750941426,51,0.9957493426499268,42,64,largest,0.5
4313,4313,2,0,-0.05233222588531494,0.048027531544937566,5,0.9917168970333705,42,64,largest,0.5
4314,4314,1,1,0.011645026712129636,0.13993950607828048,7,0.9984673730009971,42,64,largest,0.5
4315,4315,0,0,-0.11387212459111595,0.014348274551109166,28,0.9815148130603405,42,64,largest,0.5
4316,4316,4,0,-0.04204192515901295,0.037596715533186824,31,0.991991620686695,42,64,largest,0.5
4317,4317,3,0,-0.040658671767097365,0.057708470756849546,36,1.0032438682522766,42,64,largest,0.5
4318,4318,2,0,-0.06098876943612486,0.04050742388456134,4,0.9800067343864831,42,64,largest,0.5
4319,4319,1,0,-0.023107953189935082,0.078400973786987,9,0.9937177172266601,42,64,largest,0.5
432,432,0,0,-0.04029290775963357,0.05948977047295922,15,0.968461574339912,42,64,largest,0.5
4320,4320,4,0,-0.026192964596874924,0.046390943876260846,31,0.9906452151709909,42,64,largest,0.5
4321,4321,3,0,-0.060212768886025336,0.039786785554759285,44,0.9942421280243098,42,64,largest,0.5
4322,4322,2,0,-0.07677954499783679,0.02960085191553469,5,1.0012775776103624,42,64,largest,0.5
4323,4323,1,0,-0.020168792356657028,0.08245643833376538,34,0.9801437337566573,42,64,largest,0.5
4324,4324,0,0,-0.07098409295588792,0.03313762180594037,0,0.9890278539974885,42,64,largest,0.5
4325,4325,4,0,-0.01908356368805364,0.05094367873107102,19,0.9858283271513341,42,64,largest,0.5
4326,4326,3,1,0.0027041627514949873,0.12714077703432367,47,0.984986845399543,42,64,largest,0.5
4327,4327,2,0,-0.037062912364605904,0.0646151757734543,58,0.9929452388695469,42,64,largest,0.5
4328,4328,1,0,-0.020075966111598786,0.08258758027668517,60,0.9890608323807211,42,64,largest,0.5
4329,4329,0,0,-0.06462240474170677,0.03745747983832154,49,0.9779012922883519,42,64,largest,0.5
433,433,4,0,-0.015983163645784226,0.05305889114899822,29,0.9754581928808224,42,64,largest,0.5
4330,4330,3,0,-0.0448600328087001,0.05330948336953007,44,1.0010840898272402,42,64,largest,0.5
4331,4331,2,0,-0.049097506740110264,0.051164527269246494,3,0.9744067801079022,42,64,largest,0.5
4332,4332,1,0,-0.01718539778923367,0.0867673259178058,50,0.9941584898859336,42,64,largest,0.5
4333,4333,0,0,-0.04041601049255439,0.05935240224380132,31,0.9631721053228994,42,64,largest,0.5
4334,4334,4,0,-0.009028699929567452,0.05810856807835236,44,0.9798981495816241,42,64,largest,0.5
4335,4335,3,0,-0.035880837832454215,0.06312428981608409,10,1.0050494758329374,42,64,largest,0.5
4336,4336,2,0,-0.05989501482255677,0.04139142521705249,5,0.9898100844076889,42,64,largest,0.5
4338,4338,1,0,-0.024225780935272945,0.07690705918250819,53,0.9885287661487919,42,64,largest,0.5
4339,4339,0,0,-0.025692920181758172,0.07805151864578523,57,0.9763265574673612,42,64,largest,0.5
434,434,4,0,-0.058726570596617456,0.030077142163558584,23,0.9584941686935856,42,64,largest,0.5
4340,4340,3,0,-0.037873799393146834,0.06080984361736087,41,0.9692229350932215,42,64,largest,0.5
4341,4341,2,1,0.031245719507846603,0.2198278108469455,10,0.9326791903135417,42,64,largest,0.5
4342,4342,1,1,0.008499397195112612,0.13302314893711342,7,1.0018032484301773,42,64,largest,0.5
4343,4343,0,0,-0.040654072004128294,0.05908759617070333,40,0.9909869972937061,42,64,largest,0.5
4344,4344,4,0,-0.04489569333732246,0.03619331769136392,14,0.9483990199500129,42,64,largest,0.5
4345,4345,3,0,-0.015851688901075467,0.09135153478206214,3,0.958266818742167,42,64,largest,0.5
4346,4346,2,0,-0.017264753318856574,0.09405925137006939,17,0.9774145925016409,42,64,largest,0.5
4347,4347,1,0,-0.02824167532569377,0.07175302777191937,8,0.9656311878934407,42,64,largest,0.5
4348,4348,0,0,-0.03048876751370022,0.07143367979336918,35,0.9690735184543179,42,64,largest,0.5
4349,4349,4,0,-0.06577485756084456,0.027357996126033776,14,0.9248164393765791,42,64,largest,0.5
435,435,3,0,-0.08760142689785289,0.02341071359263542,22,0.963167211167991,42,64,largest,0.5
4350,4350,2,0,-0.033105074627325815,0.06971641334122794,39,0.9866882331986877,42,64,largest,0.5
4351,4351,1,0,-0.02296820202181893,0.07858959991998118,16,0.9729042970379447,42,64,largest,0.5
4352,4352,0,0,-0.03393120881821343,0.0670068602545363,57,0.9381681972262639,42,64,largest,0.5
4353,4353,4,0,-0.03783606266724937,0.03976071902345154,1,0.9918245032924711,42,64,largest,0.5
4354,4354,3,0,-0.04054048491819062,0.05783701841487012,7,0.9737295624149466,42,64,largest,0.5
4355,4355,2,0,-0.041002045742513094,0.05988485127600655,4,1.0015580515711389,42,64,largest,0.5
4356,4356,1,0,-0.010755865144122523,0.09675715212649591,34,0.9964202411944986,42,64,largest,0.5
4357,4357,0,0,-0.04881012431961462,0.050658106937857175,30,0.9981956959611362,42,64,largest,0.5
4358,4358,4,0,-0.0467912661293457,0.035289142805091836,2,1.0008879054086623,42,64,largest,0.5
4359,4359,3,0,-0.027120610558334257,0.07430220690338994,41,0.976009721055063,42,64,largest,0.5
436,436,2,0,-0.06913646906496052,0.0344694413683555,51,1.0075934079427307,42,64,largest,0.5
4360,4360,1,1,0.007984981187099893,0.13192002526901242,7,0.9911573155923077,42,64,largest,0.5
4361,4361,0,0,-0.07074801078599413,0.033288973780306166,17,0.9885041636266498,42,64,largest,0.5
4362,4362,4,0,-0.024189201139317107,0.04763342949656324,22,0.9921489556882034,42,64,largest,0.5
4363,4363,3,0,-0.1171253850217574,0.013115093555961911,1,0.9501664316464723,42,64,largest,0.5
4364,4364,2,0,-0.04320985826300805,0.05737731341180411,58,0.9837116936528683,42,64,largest,0.5
4365,4365,1,0,-0.055313549784527516,0.04456483656398748,18,0.9760581992704601,42,64,largest,0.5
4366,4366,0,0,-0.04244054128815111,0.05713549671439281,2,0.9671001434880867,42,64,largest,0.5
4367,4367,4,0,-0.06894294373128429,0.02621504288285626,38,0.9645271784188933,42,64,largest,0.5
4368,4368,3,0,-0.051074523496534074,0.047379383899817495,45,0.9671325215165657,42,64,largest,0.5
4369,4369,2,0,-0.06094175672488811,0.04054504611302453,40,0.9832519283213631,42,64,largest,0.5
437,437,1,0,-0.00527313298799692,0.10607448955278326,40,1.0007213661951397,42,64,largest,0.5
4371,4371,0,0,-0.05836263951291254,0.04223344268346947,5,0.9781815296585125,42,64,largest,0.5
4372,4372,4,0,-0.043275400414945264,0.036983824686952514,47,0.9699523523681494,42,64,largest,0.5
4373,4373,3,0,-0.07737257162608402,0.028567835483262964,51,1.0041992981938634,42,64,largest,0.5
4374,4374,2,0,-0.04468368391640376,0.05575863978783522,5,0.9870825293930949,42,64,largest,0.5
4375,4375,1,0,-0.02340306868838249,0.07800400830838934,60,0.9922571858088284,42,64,largest,0.5
4376,4376,0,0,-0.0824424953814682,0.026541100451469346,52,0.9767114435926911,42,64,largest,0.5
4378,4378,4,0,-0.031101542978977825,0.04347629404838876,54,0.991879585226799,42,64,largest,0.5
4379,4379,3,0,-0.054093781445176736,0.04472967418006104,36,0.9894153551625524,42,64,largest,0.5
438,438,2,0,-0.06894943273854193,0.034597782105044064,14,0.9941678744230921,42,64,largest,0.5
4380,4380,1,1,0.008445229059919623,0.1329066228997448,7,0.9969510800777884,42,64,largest,0.5
4381,4381,0,0,-0.051977349416123086,0.047701969323654524,31,0.9442171105788073,42,64,largest,0.5
4382,4382,4,0,-0.026804956573547534,0.046017648670333755,44,0.9853301322100179,42,64,largest,0.5
4383,4383,3,0,-0.04865644370891431,0.04960839885385631,22,1.0012572306260528,42,64,largest,0.5
4384,4384,2,0,-0.06016799279761342,0.04116908372032491,4,0.9925055246138631,42,64,largest,0.5
4385,4385,1,0,-0.00308415235984838,0.11001038014956314,22,1.003159737621607,42,64,largest,0.5
4386,4386,0,0,-0.11040428663330637,0.015361112368424372,51,0.9546987639929572,42,64,largest,0.5
4387,4387,4,0,-0.09498401086427544,0.018427810198570097,41,0.9299953544781356,42,64,largest,0.5
4388,4388,3,0,-0.11630716267770069,0.013328391579154638,2,0.9285768433730311,42,64,largest,0.5
4389,4389,2,0,-0.036774509934886734,0.06497484737099722,58,0.9933905028175384,42,64,largest,0.5
439,439,1,0,-0.017414916447308526,0.08642856560164418,53,0.9900636136469882,42,64,largest,0.5
4390,4390,0,0,-0.006249653413003098,0.11096485664959202,57,0.9770025771242301,42,64,largest,0.5
4391,4391,4,0,-0.06787257230930777,0.026595907387320122,40,0.9543777931790712,42,64,largest,0.5
4392,4392,3,0,-0.08861286227282372,0.0229530949715124,44,0.9780509058753986,42,64,largest,0.5
4393,4393,2,0,-0.0853591696458873,0.024928990028377875,63,0.9715613180146434,42,64,largest,0.5
4395,4395,1,0,-0.04407682288528203,0.05439527079872298,52,0.979854858072769,42,64,largest,0.5
4396,4396,0,0,-0.04913516584841371,0.05034691574048716,0,0.98285259262297,42,64,largest,0.5
4397,4397,4,0,-0.027840060038149983,0.0453927684617711,54,0.9833076902350325,42,64,largest,0.5
4398,4398,3,0,-0.016188694252515234,0.09079413086668814,41,0.9946471715775379,42,64,largest,0.5
4399,4399,2,0,-0.009486076583192893,0.10861581749252834,41,0.9602889738940265,42,64,largest,0.5
44,44,1,0,-0.018930217142785755,0.08422195130313635,34,0.9826567220257735,42,64,largest,0.5
440,440,0,0,-0.06734622945050084,0.03554530795658434,40,0.9949111737810271,42,64,largest,0.5
4400,4400,4,0,-0.031612003985384884,0.043183419467847366,54,1.0055379199714536,42,64,largest,0.5
4401,4401,3,1,0.03775125016521641,0.22684639877236917,47,0.9370641843017478,42,64,largest,0.5
4402,4402,2,0,-0.010908510996827325,0.10581379401288563,7,0.9501357346500463,42,64,largest,0.5
4403,4403,1,0,-0.06224269805424343,0.039372548033640715,4,0.9387874254880664,42,64,largest,0.5
4404,4404,0,1,0.005764297302886079,0.1369263122835949,36,0.9345241594148913,42,64,largest,0.5
4405,4405,4,0,-0.02752461994631905,0.04558233499383453,11,0.9775926570031275,42,64,largest,0.5
4406,4406,3,0,-0.038434378981993866,0.060173274595661005,60,0.9778298107045129,42,64,largest,0.5
4407,4407,2,0,-0.022432485753126286,0.08537940037573226,9,0.9677477834466928,42,64,largest,0.5
4408,4408,1,0,-0.0059772441401104714,0.10483509147850024,55,0.9957172543597541,42,64,largest,0.5
4409,4409,0,0,-0.08099970783029631,0.0272955936864851,10,0.9791471895119562,42,64,largest,0.5
441,441,4,0,-0.03506014973780347,0.04125387368805743,8,0.9750325809843982,42,64,largest,0.5
4410,4410,3,0,-0.07714336222351348,0.028695208282705515,46,0.9695758512902132,42,64,largest,0.5
4411,4411,2,0,-0.011183283777183917,0.10527992382333556,32,0.9760626305409994,42,64,largest,0.5
4412,4412,1,0,-0.05373140869633197,0.04583890032972938,11,0.9545962405660174,42,64,largest,0.5
4413,4413,0,1,0.02872778844719348,0.20059549708906396,36,0.9270570270511873,42,64,largest,0.5
4414,4414,4,0,-0.0052906218407647865,0.06100595209033062,10,0.9581216771165934,42,64,largest,0.5
4415,4415,3,0,-0.09589800284042793,0.019905634321640955,49,0.9410420628745839,42,64,largest,0.5
4416,4416,2,0,-0.07407563443015697,0.031241863706310474,11,0.9899951522206378,42,64,largest,0.5
4417,4417,1,0,-0.07998791969317076,0.028591462138764324,18,0.9521236569749925,42,64,largest,0.5
4418,4418,0,0,-0.10079576246399125,0.018549375121774212,45,0.9580778566189161,42,64,largest,0.5
4419,4419,4,0,-0.04409330555253177,0.036582732266534766,2,0.9898677847993506,42,64,largest,0.5
442,442,3,0,-0.041808491879703924,0.056471778672946414,14,0.9820546570807944,42,64,largest,0.5
4420,4420,2,0,-0.02991860921134326,0.07409153813568212,15,0.9987080885141619,42,64,largest,0.5
4421,4421,1,0,-0.065252965054862,0.037302150369395305,6,0.927824474296384,42,64,largest,0.5
4422,4422,0,0,-0.09350171848325517,0.02139511302204217,62,0.9728567187169952,42,64,largest,0.5
4423,4423,4,0,-0.05411095493629092,0.0319978447101642,23,0.9408868505221084,42,64,largest,0.5
4424,4424,3,0,-0.03434519698436511,0.06496341452745566,14,0.9815692287790649,42,64,largest,0.5
4425,4425,2,0,-0.07358338737110004,0.03154994044511178,39,1.0019922579751834,42,64,largest,0.5
4426,4426,1,1,0.011267520492310501,0.13909384371177805,7,0.9895670424178755,42,64,largest,0.5
4427,4427,0,0,-0.058331798291941794,0.04225835723639173,24,0.9911350569835045,42,64,largest,0.5
4428,4428,4,0,-0.035759630365512995,0.04087264349941267,30,0.9758178282856889,42,64,largest,0.5
4429,4429,3,0,-0.004385431624582159,0.1122325977874976,7,0.9752213239364776,42,64,largest,0.5
443,443,2,0,-0.030162781459615817,0.07374753419519264,58,0.9716903208781497,42,64,largest,0.5
4430,4430,1,0,-0.03158563635929412,0.06770651815921655,36,0.9887046853869257,42,64,largest,0.5
4431,4431,0,0,-0.0114385845848608,0.10114891961918523,2,0.9551411913105952,42,64,largest,0.5
4432,4432,4,0,-0.04254453368377309,0.03734580925208719,14,0.9184901522792536,42,64,largest,0.5
4433,4433,3,0,-0.031112764649990354,0.0689986188689502,3,0.9804084315899336,42,64,largest,0.5
4434,4434,2,0,-0.03576255309865861,0.06625166041004651,3,0.9940946290293508,42,64,largest,0.5
4435,4435,1,0,-0.009605892345238676,0.09864879032389112,9,0.9906754101195601,42,64,largest,0.5
4436,4436,0,0,-0.05720671342604611,0.04317690008590271,55,0.9828727486731046,42,64,largest,0.5
4437,4437,4,0,-0.04600002141793014,0.03566388438338507,22,0.9712409314742889,42,64,largest,0.5
4438,4438,3,0,-0.05443505144941985,0.044439212511019836,5,0.9591345111120901,42,64,largest,0.5
4439,4439,2,0,-0.07655368751153058,0.029734665085448257,39,0.9616188625056307,42,64,largest,0.5
444,444,1,0,-0.0613127244585745,0.040034153379484703,8,0.945460305448214,42,64,largest,0.5
4440,4440,0,0,-0.04813171074075129,0.051313487784367666,2,0.9723768882861366,42,64,largest,0.5
4441,4441,4,1,0.023695126350564477,0.08845536366691954,42,0.9681473682127552,42,64,largest,0.5
4442,4442,3,0,-0.04902056353528772,0.0492665013224277,45,0.9769715291690085,42,64,largest,0.5
4443,4443,2,0,-0.09985290250190604,0.018619151519047132,40,0.9698989346929908,42,64,largest,0.5
4444,4444,1,0,-0.019906237359183065,0.08282785848710016,22,0.9832323951644996,42,64,largest,0.5
4445,4445,0,0,-0.09159284407099921,0.02220780064098712,24,0.9692835612215791,42,64,largest,0.5
4446,4446,4,0,-0.04961349463222753,0.03398316912700849,36,1.0061105255157614,42,64,largest,0.5
4447,4447,3,0,-0.02104661020412779,0.08309321506019252,51,0.9934713750379083,42,64,largest,0.5
4448,4448,2,0,-0.0403605318005994,0.06063248451866748,17,0.9835395627251818,42,64,largest,0.5
4449,4449,1,0,-0.03867375856508759,0.0598202029444482,28,0.9646838466745085,42,64,largest,0.5
445,445,0,0,-0.029599182564315374,0.07262079604478323,57,0.9454875887153802,42,64,largest,0.5
4450,4450,4,0,-0.04877825245014333,0.03436473842038866,38,0.9596832366568572,42,64,largest,0.5
4451,4451,3,0,-0.03334683537096517,0.0661857000383797,14,1.008499582895202,42,64,largest,0.5
4452,4452,2,0,-0.05710783142982301,0.04372828522046919,28,1.003918879930223,42,64,largest,0.5
4453,4453,1,0,-0.038081733003099805,0.060444537353686746,4,0.975831031342185,42,64,largest,0.5
4454,4454,0,0,-0.06568099199455235,0.03670286203972055,45,0.9661085878492869,42,64,largest,0.5
4455,4455,4,0,-0.03352451916704724,0.042102790654811616,4,0.9549664445061945,42,64,largest,0.5
4456,4456,3,0,-0.032946796009101775,0.06668143570928409,30,0.9584053697130268,42,64,largest,0.5
4457,4457,2,0,-0.005001934566543964,0.11787887704023402,17,0.9723953393522503,42,64,largest,0.5
4458,4458,1,0,-0.01128895786679196,0.0958912801150142,32,0.9757199619780523,42,64,largest,0.5
4459,4459,0,0,-0.07060179254446763,0.033383048603926116,17,0.9738966933381791,42,64,largest,0.5
446,446,4,0,-0.06953601269231235,0.026006304726401742,23,0.9445970035405398,42,64,largest,0.5
4460,4460,3,0,-0.051381426614065195,0.0471033756238188,44,0.9914044536578513,42,64,largest,0.5
4461,4461,2,0,-0.11479436636790641,0.01375807838878892,40,0.9549392850160906,42,64,largest,0.5
4462,4462,1,0,-0.041471785603191424,0.056950402082513764,28,0.9683435059897207,42,64,largest,0.5
4463,4463,0,0,-0.07842433480571687,0.028694487741673685,21,0.9763306356396634,42,64,largest,0.5
4464,4464,4,0,-0.05032073248017277,0.03366327581633437,21,0.9868259436256207,42,64,largest,0.5
4465,4465,3,0,-0.1002960696129006,0.018261612858361812,34,0.9413766893869452,42,64,largest,0.5
4466,4466,2,0,-0.027760901722666875,0.0771961622142827,61,0.9847758658036548,42,64,largest,0.5
4467,4467,1,0,-0.09667114055830861,0.021104399987366365,33,0.9193363939384708,42,64,largest,0.5
4468,4468,0,0,-0.08098262620155161,0.027304650088311337,8,0.9833711396698304,42,64,largest,0.5
4469,4469,4,0,-0.09521518793742556,0.018370021503381656,40,0.9368090849809815,42,64,largest,0.5
447,447,3,0,-0.05621071749666706,0.042956714073404505,46,0.9898949763781866,42,64,largest,0.5
4470,4470,2,0,-0.0525829581270042,0.047792150198833344,12,0.9720382645877023,42,64,largest,0.5
4471,4471,1,0,-0.033894435353082786,0.06503723327704483,58,0.9723353213794539,42,64,largest,0.5
4472,4472,0,0,-0.03851573295973432,0.061506345715511876,9,0.9974368886281324,42,64,largest,0.5
4473,4473,4,0,-0.03757596720212042,0.03989839475357981,29,0.9945825757456964,42,64,largest,0.5
4474,4474,3,0,-0.1049167782749485,0.016677938537365745,58,0.9598541407056036,42,64,largest,0.5
4475,4475,2,0,-0.05931680019955354,0.041866183042969,54,0.9998516759134778,42,64,largest,0.5
4476,4476,1,0,-0.002261171068749679,0.11152294576432904,41,1.0037730070927582,42,64,largest,0.5
4477,4477,0,0,-0.0944225021239613,0.021013567913743564,43,0.9798740252175204,42,64,largest,0.5
4478,4478,4,0,-0.05506771520597664,0.03159019998935009,3,0.965171109040619,42,64,largest,0.5
4479,4479,3,0,-0.08563576672201334,0.024325671330022967,45,0.9616237279606532,42,64,largest,0.5
448,448,2,0,-0.01334574985756476,0.10116076566090376,32,0.9523695365769236,42,64,largest,0.5
4480,4480,1,0,-0.01940061527470971,0.08354742058140482,12,0.9929588860092362,42,64,largest,0.5
4481,4481,0,0,-0.09467511543135343,0.020910061602370838,42,0.9822892958492766,42,64,largest,0.5
4482,4482,4,0,-0.08361757128503922,0.021499947093462562,13,0.9725275573933388,42,64,largest,0.5
4483,4483,3,0,-0.06640462498218369,0.0353202475188903,12,0.9568031116591194,42,64,largest,0.5
4484,4484,2,0,-0.04299458884306229,0.05761740231973001,47,0.9925882205933545,42,64,largest,0.5
4485,4485,1,0,-0.00815526673569611,0.10108191157806681,16,0.9936140389205235,42,64,largest,0.5
4487,4487,0,0,-0.08973367575801205,0.023028292976751474,40,0.9879919079991131,42,64,largest,0.5
4488,4488,4,0,-0.03320076264947913,0.04228388748367782,40,0.982440305642791,42,64,largest,0.5
4489,4489,3,0,-0.039266884765110754,0.059239419573108465,62,0.969315367185281,42,64,largest,0.5
449,449,2,0,-0.04692122971993584,0.053383129456649706,16,0.9903605871250128,42,64,largest,0.5
4490,4490,1,0,-0.039403984730028374,0.059058443343425554,38,0.969859864452801,42,64,largest,0.5
4491,4491,0,0,-0.06177363615312026,0.03956298783969915,58,0.9710341853760749,42,64,largest,0.5
4492,4492,4,0,-0.02486652572508219,0.047209939677129775,18,0.9568815855099896,42,64,largest,0.5
4493,4493,3,0,-0.07038360546452971,0.032709171813947155,7,0.9936374734903402,42,64,largest,0.5
4494,4494,2,0,-0.06621932898863103,0.03652435792204319,28,0.9983556506043829,42,64,largest,0.5
4495,4495,1,0,-0.015624723740147117,0.08910283894158559,50,0.9934735181229645,42,64,largest,0.5
4496,4496,0,0,-0.07691595723100286,0.02954586583835563,24,0.9875262530788494,42,64,largest,0.5
4497,4497,4,0,-0.06100430094551801,0.02917094022229926,11,0.9669647670052518,42,64,largest,0.5
4498,4498,3,0,-0.0451826148239064,0.052985129507530385,42,0.9566077647503336,42,64,largest,0.5
4499,4499,2,1,0.05380746304913764,0.3095264991993932,10,0.9199901639532833,42,64,largest,0.5
45,45,1,0,-0.005225147342510006,0.10615942368839809,34,0.9953577539662397,42,64,largest,0.5
450,450,0,0,-0.08258584052295104,0.026467256639840415,51,0.9508460585131794,42,64,largest,0.5
4500,4500,4,0,-0.058199621776325206,0.03029064445756813,54,0.9887437542578414,42,64,largest,0.5
4501,4501,3,0,-0.045557938472780224,0.05261008935585571,7,1.0124944164622993,42,64,largest,0.5
4502,4502,2,0,-0.0533573318326227,0.04707208637599056,14,0.9917469956972781,42,64,largest,0.5
4503,4503,1,0,-0.0033960598845120815,0.10944183617102297,12,0.9953284825849985,42,64,largest,0.5
4504,4504,0,0,-0.014623350314119765,0.09551267470554392,28,1.0050590944609141,42,64,largest,0.5
4505,4505,4,0,-0.0377150461030451,0.03982471969898616,54,0.9975808929729963,42,64,largest,0.5
4506,4506,3,0,-0.043538775159418064,0.05465764798778383,13,0.9798442567990977,42,64,largest,0.5
4507,4507,2,0,-0.05748649034758635,0.04340356589430588,7,0.975453841336115,42,64,largest,0.5
4508,4508,1,0,-0.010297450188594515,0.09750730503282659,36,0.9888652105828516,42,64,largest,0.5
4509,4509,0,0,-0.033926054424408436,0.0670132942037556,31,0.9387208469100562,42,64,largest,0.5
451,451,4,0,-0.058028208720818486,0.030360411330618915,47,0.9703187773367107,42,64,largest,0.5
4510,4510,3,0,-0.039747923493462345,0.05870602674503853,35,0.9950021664510336,42,64,largest,0.5
4511,4511,2,0,-0.09793779546427728,0.019353178880677,45,0.9542619955640981,42,64,largest,0.5
4512,4512,1,0,-0.03908432052034849,0.05939078639158948,53,0.9772339920159466,42,64,largest,0.5
4513,4513,0,0,-0.06409439830311248,0.0378394236388352,30,0.9852036941574279,42,64,largest,0.5
4514,4514,4,0,-0.014809783623637052,0.05388084105492821,54,0.9966468877664058,42,64,largest,0.5
4515,4515,3,0,-0.06510695586855397,0.03621443205363259,52,0.9742889931864707,42,64,largest,0.5
4516,4516,2,0,-0.058862732554078256,0.04224265283135049,55,1.0022191388433301,42,64,largest,0.5
4517,4517,1,0,-0.025291621204549086,0.0755069693375188,25,0.9829787493992899,42,64,largest,0.5
4518,4518,0,0,-0.07132626882780391,0.03291943238715615,4,0.9661112917734639,42,64,largest,0.5
4519,4519,4,0,-0.009519594315119617,0.0577378048597379,43,0.9733003637657766,42,64,largest,0.5
452,452,3,0,-0.008490251232366908,0.1043167810339318,21,0.9759527508256893,42,64,largest,0.5
4520,4520,2,0,-0.0090474043585278,0.1094930048261801,58,0.9928380295040014,42,64,largest,0.5
4521,4521,1,1,0.03237570423234004,0.19326022571161783,7,0.9763956166416423,42,64,largest,0.5
4522,4522,0,0,-0.043457618323704206,0.05605134731898359,15,0.9994368346453494,42,64,largest,0.5
4523,4523,4,0,-0.016123560683929394,0.052961339832261554,58,0.9895172498102924,42,64,largest,0.5
4524,4524,3,0,-0.06812292578205481,0.034168899589930676,52,0.9746923933122789,42,64,largest,0.5
4525,4525,2,0,-0.04943410258885639,0.05082926973024612,24,0.9584108290412242,42,64,largest,0.5
4526,4526,1,0,-0.018824163654539094,0.08437470906711114,9,0.9782959940863594,42,64,largest,0.5
4527,4527,0,0,-0.05561144050221323,0.04451204763243257,2,0.9889059176919717,42,64,largest,0.5
4528,4528,4,0,-0.03960066697725961,0.03883862276311719,58,0.9861411456894015,42,64,largest,0.5
4529,4529,3,0,-0.06482294300459235,0.03641302325089057,22,0.9989054058878626,42,64,largest,0.5
453,453,2,0,-0.056355772699608564,0.044380100579896636,13,0.9916943405356992,42,64,largest,0.5
4530,4530,1,0,-0.04299096217779674,0.05544692831618394,18,0.9812717980631617,42,64,largest,0.5
4531,4531,0,0,-0.04627015444346538,0.05315326863318963,35,0.9912873077277251,42,64,largest,0.5
4532,4532,4,0,-0.035083276018256115,0.041241215207210156,11,0.9897461147880616,42,64,largest,0.5
4533,4533,3,0,-0.04667091875342266,0.05151263993153114,28,0.9713074250722544,42,64,largest,0.5
4534,4534,2,0,-0.06547590894911004,0.037066607966525444,61,0.961411855819931,42,64,largest,0.5
4535,4535,1,0,-0.0459980318886104,0.052580498121261164,53,0.9648009497442271,42,64,largest,0.5
4536,4536,0,0,-0.05962465857988797,0.04122590410707928,49,0.9744057925357982,42,64,largest,0.5
4537,4537,4,0,-0.06002053629198556,0.02955903884025851,1,0.9251041025797312,42,64,largest,0.5
4538,4538,3,0,-0.07048450136546058,0.032645447146575544,61,0.9405025197122617,42,64,largest,0.5
4539,4539,2,0,-0.0796526848006388,0.027948764186956847,40,0.9650116744454919,42,64,largest,0.5
454,454,1,0,-0.03509345076060011,0.06368993816709503,22,0.9851848372834672,42,64,largest,0.5
4540,4540,0,0,-0.05974508452994465,0.04113097256794482,28,0.9927533509587433,42,64,largest,0.5
4541,4541,4,0,-0.10103531592329917,0.01697235414699751,7,0.9284476706683825,42,64,largest,0.5
4542,4542,3,0,-0.06646804076390922,0.03527709908094565,17,0.9964073238477412,42,64,largest,0.5
4543,4543,2,0,-0.08041336222092754,0.027526576367648038,42,0.9418041900486722,42,64,largest,0.5
4544,4544,1,0,-0.066433553982854,0.03651907005769511,14,0.9497613984656021,42,64,largest,0.5
4545,4545,0,0,-0.04381518359910397,0.05567481988140076,35,0.9626985421995858,42,64,largest,0.5
4546,4546,4,0,-0.02286903008699348,0.048469244184479524,29,0.9858350889958344,42,64,largest,0.5
4547,4547,3,0,-0.07013555228759571,0.03286635064607657,14,0.9830254272396663,42,64,largest,0.5
4548,4548,2,0,-0.05306576747380132,0.047341983625348846,28,0.9975692129861338,42,64,largest,0.5
4549,4549,1,0,-0.028123880422959213,0.0718995638466771,23,0.9737160307419789,42,64,largest,0.5
455,455,0,0,-0.06393076643221285,0.03795854750264055,30,0.9918993184901244,42,64,largest,0.5
4550,4550,4,0,-0.008656783707047255,0.05839095555269952,3,0.9810000810245014,42,64,largest,0.5
4551,4551,3,0,-0.058249027150552135,0.04131317259636753,22,0.9918764473665808,42,64,largest,0.5
4552,4552,2,0,-0.046372477753525154,0.05395672492315846,40,0.9729320999994434,42,64,largest,0.5
4553,4553,1,0,-0.09103749982273623,0.023389031568757237,33,0.9150032456221912,42,64,largest,0.5
4554,4554,0,0,-0.031739113147891795,0.06979541170807327,52,0.9824758628078251,42,64,largest,0.5
4555,4555,4,0,-0.0733410414233594,0.024705063790617907,1,0.9561546715785326,42,64,largest,0.5
4556,4556,3,0,-0.06428616301831114,0.03679122285955686,60,0.9626425764180964,42,64,largest,0.5
4557,4557,2,0,-0.07189694574281369,0.03262784894651607,39,0.9968866447004713,42,64,largest,0.5
4558,4558,1,0,-0.03212397009456025,0.06707519062436722,5,0.9849843639005625,42,64,largest,0.5
4559,4559,0,0,-0.09114657527941328,0.0224021045387866,8,0.9587113000557003,42,64,largest,0.5
456,456,4,0,-0.025618719188685746,0.046743833307461465,32,0.9807929813982786,42,64,largest,0.5
4560,4560,3,0,-0.04702481345795939,0.05116824319553373,23,0.973531638028607,42,64,largest,0.5
4562,4562,2,0,-0.07220912398640722,0.032425667680991234,42,0.961731029742518,42,64,largest,0.5
4563,4563,1,0,-0.09517995245699096,0.0216869656924583,52,0.9292956664784828,42,64,largest,0.5
4564,4564,0,0,-0.07616119724066761,0.029981022003590214,20,0.9761391090850672,42,64,largest,0.5
4565,4565,4,0,-0.04545882859391148,0.03592240279723172,21,0.9731974886742194,42,64,largest,0.5
4566,4566,3,0,-0.07521323540891922,0.029789867464125527,23,0.9772877740630166,42,64,largest,0.5
4567,4567,2,0,-0.06330696138759317,0.03869321617246037,61,0.9776922576816476,42,64,largest,0.5
4568,4568,1,0,-0.021413658255720946,0.08071596246434,62,0.9857575195526131,42,64,largest,0.5
4569,4569,0,0,-0.11805602619375488,0.013213592204160648,9,0.9370736815267231,42,64,largest,0.5
457,457,4,0,-0.049055074648903796,0.03423782030180175,19,0.9852814778161343,42,64,largest,0.5
4570,4570,3,0,-0.051942813720615155,0.046602451968319254,7,0.9710416266841485,42,64,largest,0.5
4571,4571,2,0,-0.061404729471618236,0.04017600282219499,24,0.9649864302872782,42,64,largest,0.5
4572,4572,1,0,-0.0239158613902144,0.07731861502048032,14,0.973193545701472,42,64,largest,0.5
4573,4573,0,0,-0.03096871534903034,0.07080067096679131,21,0.9877597222850749,42,64,largest,0.5
4574,4574,4,0,-0.05555195173408378,0.03138580164230585,51,0.9809450353028449,42,64,largest,0.5
4575,4575,3,0,-0.07265023415288496,0.03130617843846675,40,0.9892683439275671,42,64,largest,0.5
4576,4576,2,0,-0.0639094306307999,0.03823464257230818,16,0.9793383821088342,42,64,largest,0.5
4577,4577,1,0,-0.05733421022639773,0.042986690150338056,52,0.9492838719088202,42,64,largest,0.5
4578,4578,0,0,-0.11711548570199448,0.013460696233362875,48,0.9419162888621806,42,64,largest,0.5
4579,4579,4,0,-0.08511648014503992,0.021067792456089796,40,0.9409624527160871,42,64,largest,0.5
458,458,3,0,-0.1254115678993699,0.011136199052122094,43,0.940190197185327,42,64,largest,0.5
4580,4580,2,0,-0.0598765985243922,0.04140646665667455,3,0.9788185544907858,42,64,largest,0.5
4581,4581,1,0,-0.0861874414908772,0.025547895969176983,18,0.9388643401611751,42,64,largest,0.5
4582,4582,0,0,-0.08775027031033766,0.023936242675974342,21,0.9462511264186679,42,64,largest,0.5
4583,4583,4,0,-0.09948182253441606,0.01733485225872712,21,0.9439929332062238,42,64,largest,0.5
4584,4584,3,0,-0.05425255787298988,0.044594311985588365,62,0.9790661753237259,42,64,largest,0.5
4585,4585,2,0,-0.03329323767898573,0.06946567483691438,14,0.9913948353911654,42,64,largest,0.5
4586,4586,1,0,-0.023202235961481965,0.07827395172603058,42,0.9742684719996069,42,64,largest,0.5
4587,4587,0,0,-0.0640404752679744,0.03787863983470645,28,0.9867578913040311,42,64,largest,0.5
4588,4588,4,0,-0.0522953405186386,0.032785446609529575,47,0.9505891617841709,42,64,largest,0.5
4589,4589,3,0,-0.0744693170941918,0.030222495011058947,62,0.9750705276718615,42,64,largest,0.5
459,459,2,0,-0.027056700727209115,0.07823494172446872,35,0.9885671425981806,42,64,largest,0.5
4590,4590,1,0,-0.07709196240086569,0.03013115462476838,3,0.9434880537112156,42,64,largest,0.5
4591,4591,0,0,-0.07315890463176455,0.03177427031714415,60,0.975754654880422,42,64,largest,0.5
4592,4592,4,0,-0.03085413552802696,0.043618924183018194,58,1.0079028778813939,42,64,largest,0.5
4593,4593,3,0,-0.09076866101696468,0.022006679464353276,58,0.961570199455468,42,64,largest,0.5
4594,4594,2,0,-0.08964895367781855,0.022870627393836745,19,0.9355507781618767,42,64,largest,0.5
4595,4595,1,0,-0.04130137859359129,0.05712141784583029,18,0.9726008199814636,42,64,largest,0.5
4596,4596,0,0,-0.035506824486323585,0.06506677877982589,28,0.9948087702393761,42,64,largest,0.5
4597,4597,4,0,-0.020599879309876612,0.04993847648689061,13,0.9922543461155134,42,64,largest,0.5
4598,4598,3,0,-0.08756512608854328,0.023427302186368494,57,0.9773643163574643,42,64,largest,0.5
4599,4599,2,0,-0.08104638693637845,0.027179967782559364,61,0.9804238968712387,42,64,largest,0.5
46,46,1,0,-0.006199260063626477,0.10444695156291825,42,0.9843986522184577,42,64,largest,0.5
460,460,0,0,-0.0020636995914420364,0.11948164343628376,31,0.9468106724168492,42,64,largest,0.5
4600,4600,4,0,-0.03464591442272602,0.04148124166222298,29,0.9833878864974328,42,64,largest,0.5
4601,4601,3,0,-0.03758451267519558,0.06114080333111534,17,0.9708053461567673,42,64,largest,0.5
4602,4602,2,0,-0.13019006928382637,0.010059477218601572,40,0.9204945087684301,42,64,largest,0.5
4603,4603,1,0,-0.012791183935118244,0.09348846394941965,36,0.9996780811074517,42,64,largest,0.5
4604,4604,0,0,-0.04653543224209322,0.052887339519822094,37,1.0068079012752533,42,64,largest,0.5
4605,4605,4,0,-0.07919942707226979,0.02282479980845058,40,0.9475111886325818,42,64,largest,0.5
4606,4606,3,0,-0.06977937397254841,0.03309331954399897,16,0.9696467382119894,42,64,largest,0.5
4607,4607,2,0,-0.056893759323541904,0.043912887443753726,3,0.9912667854366073,42,64,largest,0.5
4608,4608,1,0,-0.05063495151816566,0.04843338379023367,5,0.9480943192318554,42,64,largest,0.5
4609,4609,0,0,-0.11337405452296934,0.014489591893301042,56,0.9395666994039238,42,64,largest,0.5
461,461,4,0,-0.007072381480682899,0.05960843513557959,46,0.9863871296738891,42,64,largest,0.5
4610,4610,3,0,-0.10655896466269332,0.016148268584436305,23,0.9112657985735572,42,64,largest,0.5
4611,4611,2,0,-0.06203485358689753,0.03967888860672337,62,0.9712923531363216,42,64,largest,0.5
4612,4612,1,0,-0.07984156900489614,0.028667406878274054,33,0.935492322081761,42,64,largest,0.5
4613,4613,0,0,-0.07183131962817424,0.03259991927565215,39,0.9585976385571505,42,64,largest,0.5
4614,4614,4,0,-0.035687499131373035,0.040911799891300664,60,0.9991040238296732,42,64,largest,0.5
4615,4615,3,0,-0.02939530427135084,0.07123590798272937,33,1.0054575836259,42,64,largest,0.5
4616,4616,2,0,-0.0778594261198865,0.028969086266860077,0,0.9600907608303041,42,64,largest,0.5
4617,4617,1,0,-0.05938262527804283,0.041441426705807194,28,0.9490348720124807,42,64,largest,0.5
4618,4618,0,0,-0.10970623186394157,0.015573343167611704,21,0.9471242860314689,42,64,largest,0.5
4619,4619,4,0,-0.0652083108527387,0.02756743370929854,41,0.9502672845640262,42,64,largest,0.5
462,462,3,0,-0.07234761095861797,0.03149007201201607,34,0.9788671839686974,42,64,largest,0.5
4620,4620,2,0,-0.07295780873778102,0.03194570672361795,28,0.9978939658859501,42,64,largest,0.5
4621,4621,1,0,-0.02554229460640023,0.07518110101447607,53,0.9763794755190448,42,64,largest,0.5
4622,4622,0,0,-0.07004325736462003,0.03374477076353379,34,0.9502175856723866,42,64,largest,0.5
4623,4623,4,0,-0.03643269228768875,0.0405089977524437,31,0.9899639368670381,42,64,largest,0.5
4624,4624,3,0,-0.034259261814683084,0.06506779261487451,35,1.0042157225239754,42,64,largest,0.5
4625,4625,2,0,-0.07644215009619992,0.029800963464877313,15,0.9901622658652404,42,64,largest,0.5
4626,4626,1,0,-0.01653100606678004,0.087739787480285,32,0.9852481877414168,42,64,largest,0.5
4627,4627,0,0,-0.055265022513032336,0.04480713783708144,4,0.9506482812826199,42,64,largest,0.5
4628,4628,4,0,-0.052413255495937894,0.032733732031947994,19,0.9890831107168684,42,64,largest,0.5
4629,4629,3,0,-0.07548634651682329,0.0296325502534566,52,0.9252476516607301,42,64,largest,0.5
463,463,2,0,-0.04382587940791005,0.05669544977617735,61,0.9689326520603194,42,64,largest,0.5
4630,4630,1,0,-0.09279610664187943,0.02265107659034914,58,0.9245593086695114,42,64,largest,0.5
4631,4631,0,0,-0.05361863015712709,0.04623524970491562,27,0.9928431479003108,42,64,largest,0.5
4632,4632,4,0,-0.05062038834445326,0.03352861568011469,38,0.9680367892649676,42,64,largest,0.5
4633,4633,3,0,-0.04228173333150054,0.05597005470414485,36,0.9933777237068416,42,64,largest,0.5
4634,4634,2,0,-0.08857091747382928,0.023371730731610214,39,0.9825239075586737,42,64,largest,0.5
4635,4635,1,1,0.00733505954937852,0.1305374228281444,7,0.9846620060694161,42,64,largest,0.5
4636,4636,0,0,-0.03875133580405987,0.06123537704573145,24,0.9902312207815092,42,64,largest,0.5
4637,4637,4,0,-0.0541557411958854,0.03197864975640678,13,0.9827745599701018,42,64,largest,0.5
4638,4638,3,0,-0.04520425431239228,0.05296343796823263,40,1.0045748404978134,42,64,largest,0.5
4639,4639,2,0,-0.043344624300217016,0.05722748805204046,36,0.9792902204654897,42,64,largest,0.5
464,464,1,0,-0.05937464485772048,0.041447342516145944,1,0.9609867252869072,42,64,largest,0.5
4640,4640,0,0,-0.05352811886786779,0.04631500441468121,25,1.005066470276161,42,64,largest,0.5
4641,4641,4,0,-0.04437325216554133,0.03644641297533079,54,0.9954649767683008,42,64,largest,0.5
4642,4642,3,0,-0.03885546194489098,0.05969921939494955,22,0.9991569651087818,42,64,largest,0.5
4643,4643,2,0,-0.06249864999858523,0.03931676577738657,4,0.9939536166178863,42,64,largest,0.5
4644,4644,1,0,-0.05410679184285827,0.045533510210827646,22,0.9719673465393618,42,64,largest,0.5
4645,4645,0,0,-0.05770153457851768,0.04277059225992072,33,0.9867448400486667,42,64,largest,0.5
4646,4646,4,0,-0.07329551406425783,0.024720251619760724,48,0.9359592057397131,42,64,largest,0.5
4647,4647,3,0,-0.05912006728378583,0.04062933043517273,44,0.988435753422685,42,64,largest,0.5
4648,4648,2,0,-0.09964098809376243,0.018699011626804804,41,0.9507468389053929,42,64,largest,0.5
4649,4649,1,0,-0.02866681450199604,0.07122644678048184,37,0.9749518567990713,42,64,largest,0.5
465,465,0,0,-0.025898737107115544,0.07775633038779849,58,0.9486001933847489,42,64,largest,0.5
4650,4650,4,0,-0.015838992854872558,0.053159241061287305,31,0.9965189961747598,42,64,largest,0.5
4651,4651,3,0,-0.058302107591248875,0.041271186540173144,17,0.9868124075525142,42,64,largest,0.5
4652,4652,2,0,-0.04974494675230079,0.050521509024038756,46,0.979358969097885,42,64,largest,0.5
4653,4653,1,0,-0.028250337707054207,0.07174226271138533,53,0.9835824147448595,42,64,largest,0.5
4654,4654,0,0,-0.08478973441733428,0.025356782798933827,5,0.9598569859571242,42,64,largest,0.5
4655,4655,4,0,-0.03916339120103807,0.039065191145295726,32,0.990479940050558,42,64,largest,0.5
4656,4656,3,0,-0.05834511134305631,0.04123720098053907,18,0.9794424455416754,42,64,largest,0.5
4657,4657,2,0,-0.06769482105179292,0.03547065677710025,11,0.9896935033163199,42,64,largest,0.5
4658,4658,1,0,-0.016115185605632742,0.08836282741107637,26,0.9763346614829391,42,64,largest,0.5
4659,4659,0,0,-0.08931854597847066,0.023215502692949527,41,0.9480417796232554,42,64,largest,0.5
466,466,4,0,-0.007988198437974492,0.05890183631704697,58,0.9830671119237334,42,64,largest,0.5
4660,4660,3,0,-0.08808193858507896,0.02319220875249153,60,0.9653467366204359,42,64,largest,0.5
4661,4661,2,0,-0.02289266251848321,0.08464272969828499,51,0.9856748485208814,42,64,largest,0.5
4662,4662,1,0,-0.030892067340531737,0.06852802037032116,22,0.9943895449045377,42,64,largest,0.5
4663,4663,0,0,-0.044156790764820375,0.05531732114010597,25,0.9654520681996193,42,64,largest,0.5
4664,4664,4,0,-0.0071154255980167,0.059575047357246565,55,0.9941424975958645,42,64,largest,0.5
4665,4665,3,0,-0.027050731469165812,0.07439830014435071,1,0.9824985785873949,42,64,largest,0.5
4666,4666,2,0,-0.04813856910776182,0.052131156759070124,15,0.9969057481364352,42,64,largest,0.5
4667,4667,1,0,-0.01797364459211337,0.08560890632612796,23,0.9775783899715186,42,64,largest,0.5
4668,4668,0,0,-0.07010709517610858,0.033703237006306334,44,0.9888190694203404,42,64,largest,0.5
4669,4669,4,0,-0.08437822591594202,0.0212795679010073,48,0.9438837683302908,42,64,largest,0.5
467,467,3,0,-0.1005635263107032,0.018166050414299893,2,0.9615582627803714,42,64,largest,0.5
4670,4670,2,0,-0.03098730166857766,0.07259673987469344,13,0.9901401262941903,42,64,largest,0.5
4671,4671,1,0,-0.03716999079814265,0.06141797099668035,2,0.9768528261919709,42,64,largest,0.5
4672,4672,0,0,-0.07529274184131807,0.030489415611052575,8,0.976931120344855,42,64,largest,0.5
4673,4673,4,0,-0.08719158755636036,0.020483512961574322,40,0.9456839753530563,42,64,largest,0.5
4674,4674,3,0,-0.052406006442317854,0.046192965664615615,8,0.9808506251870418,42,64,largest,0.5
4675,4675,2,0,-0.09882672035080553,0.01900900675226534,61,0.9323818852126979,42,64,largest,0.5
4676,4676,1,0,-0.004216052737443299,0.10795943685408656,53,0.9827802009997805,42,64,largest,0.5
4677,4677,0,0,-0.09158700649794282,0.02221033163777075,34,0.9817988453472143,42,64,largest,0.5
4678,4678,4,0,-0.07416860276697634,0.024430571177313117,27,0.9374451046544738,42,64,largest,0.5
4679,4679,3,0,-0.062197874545391385,0.038298814024056466,34,0.965953664801568,42,64,largest,0.5
468,468,2,0,-0.03812341581964929,0.06330848664654441,32,0.9765773731913294,42,64,largest,0.5
4680,4680,1,0,-0.012879554088107481,0.09334881061364564,1,0.9866262763174634,42,64,largest,0.5
4681,4681,0,0,-0.09005193589523885,0.0228857672669944,27,0.9668588791062492,42,64,largest,0.5
4683,4683,4,0,-0.043089748671825356,0.03707545357861682,5,0.9859369106347764,42,64,largest,0.5
4684,4684,3,0,-0.047115390846090954,0.051080447489185624,30,0.9434975408067341,42,64,largest,0.5
4685,4685,2,0,-0.03995656119899871,0.06110775120816988,0,0.9903409897295488,42,64,largest,0.5
4686,4686,1,0,-0.01354342802232078,0.09230564725303746,55,0.9874772462944539,42,64,largest,0.5
4687,4687,0,0,-0.04527624581955625,0.0541608795566003,15,0.9726516516387583,42,64,largest,0.5
4688,4688,4,0,-0.03143715412328629,0.04328352600040614,44,0.9706919484456071,42,64,largest,0.5
4689,4689,3,0,-0.018710964978816635,0.08671870628938036,46,1.007505285285542,42,64,largest,0.5
469,469,2,0,-0.07528215666806515,0.030499016377600795,61,0.9663613550015818,42,64,largest,0.5
4690,4690,1,0,-0.015141080559139874,0.0898380328708796,18,0.9870074025102233,42,64,largest,0.5
4691,4691,0,0,-0.004759845490030612,0.11393337760218153,61,0.9091636366994735,42,64,largest,0.5
4692,4692,4,0,-0.03848320504158742,0.03942014212599581,36,0.977661707335897,42,64,largest,0.5
4693,4693,3,0,-0.06864744430875003,0.033824715754041626,2,0.9596509339781588,42,64,largest,0.5
4694,4694,2,0,-0.04426632977973077,0.056212599656179356,15,1.004840496697652,42,64,largest,0.5
4695,4695,1,1,0.0032932884038601173,0.12221351740823984,7,1.0007525542022815,42,64,largest,0.5
4696,4696,0,0,-0.04222430549253331,0.05736851838995991,32,1.0045322137118207,42,64,largest,0.5
4697,4697,4,1,0.0021936273072112877,0.06721694228151533,42,0.988409441779508,42,64,largest,0.5
4698,4698,3,1,0.00010449839724491206,0.12148703215700266,47,0.9713634218430547,42,64,largest,0.5
4699,4699,2,0,-0.055118188545710045,0.045472933345216016,3,0.9701794084766012,42,64,largest,0.5
47,47,1,0,-0.05862066520572573,0.04200991881729504,4,0.9624423444702426,42,64,largest,0.5
470,470,0,0,-0.05473612414458795,0.04526126970534733,2,0.974971696133431,42,64,largest,0.5
4700,4700,4,0,-0.029892665399810836,0.04417746149430275,5,1.0014050590383403,42,64,largest,0.5
4701,4701,3,0,-0.05143491640277975,0.04705542712497971,6,0.9971416167303672,42,64,largest,0.5
4702,4702,2,0,-0.05685560346149965,0.04394586862179871,39,0.966434236740645,42,64,largest,0.5
4703,4703,1,0,-0.023644619423539126,0.07768046398629784,47,0.9653774313035701,42,64,largest,0.5
4704,4704,0,0,-0.04089269186738864,0.058823280488563855,30,0.9513314847695994,42,64,largest,0.5
4705,4705,4,0,-0.05898720578595318,0.029972081062027013,31,0.9901165132319035,42,64,largest,0.5
4706,4706,3,0,-0.0289697140818439,0.07180057997978309,55,0.9835441675351886,42,64,largest,0.5
4707,4707,2,0,-0.04109830239733048,0.059773419244851994,4,0.9865066514435178,42,64,largest,0.5
4708,4708,1,0,-0.056993571956926226,0.0432489385399079,56,0.972573526833754,42,64,largest,0.5
471,471,0,0,-0.07848905297287712,0.028658496316959724,52,0.9822180539862496,42,64,largest,0.5
4710,4710,4,0,-0.05995291346822085,0.02958589940778347,29,0.9694732597827624,42,64,largest,0.5
4711,4711,3,0,-0.08247142605278901,0.025872286636075343,35,0.9662725026005514,42,64,largest,0.5
4712,4712,2,0,-0.11736847155431906,0.013057457903143646,56,0.9236809177996141,42,64,largest,0.5
4713,4713,1,0,-0.07113433586545426,0.03355516410269991,27,0.9532669589665178,42,64,largest,0.5
4714,4714,0,0,-0.12937532133713547,0.010569004341436846,16,0.9333769635238366,42,64,largest,0.5
4715,4715,4,1,0.0034973630187582483,0.06835722698545342,42,0.9844047681689083,42,64,largest,0.5
4716,4716,3,0,-0.1478625200335837,0.007139500295118017,49,0.9072181233756336,42,64,largest,0.5
4717,4717,2,0,-0.022228785468938028,0.08570734499877322,62,0.9991476615334285,42,64,largest,0.5
4718,4718,1,0,-0.0653063782453942,0.03726637553867068,58,0.9540199322051675,42,64,largest,0.5
4719,4719,0,0,-0.052205542866236465,0.04749543104193082,49,0.973920538090598,42,64,largest,0.5
472,472,4,0,-0.053931859741253474,0.032074714572657384,58,0.9801865359298927,42,64,largest,0.5
4720,4720,3,0,-0.064920671536987,0.03634457025614973,20,0.9771225067439113,42,64,largest,0.5
4721,4721,2,0,-0.05992625434709864,0.04136592241254364,12,0.9963935219589761,42,64,largest,0.5
4722,4722,1,0,-0.019417085334551554,0.0835238924139212,50,0.9902254494240511,42,64,largest,0.5
4723,4723,0,0,-0.02366160317650634,0.0810203424328435,40,0.985631229435109,42,64,largest,0.5
4724,4724,4,0,-0.05513544642519108,0.03156153307417438,14,0.9334039375123918,42,64,largest,0.5
4725,4725,3,0,-0.024884284619052344,0.07743469609614004,41,0.9692432346942197,42,64,largest,0.5
4726,4726,2,1,0.046389268981006926,0.27787930575638986,10,0.9175830552382619,42,64,largest,0.5
4727,4727,1,0,-0.019536238179829968,0.08335385690845645,60,0.992408358094841,42,64,largest,0.5
4728,4728,0,0,-0.029561798263886385,0.07267107996374185,40,0.9655196097216948,42,64,largest,0.5
4729,4729,4,0,-0.020130313774591846,0.05024773746630535,46,0.985835975696356,42,64,largest,0.5
473,473,3,0,-0.06290338764036973,0.03778296516469757,16,0.963680493466498,42,64,largest,0.5
4730,4730,2,1,0.017967133192545726,0.17654217579837636,10,0.9697503203501256,42,64,largest,0.5
4731,4731,1,0,-0.051986194581866374,0.04728448073605585,4,0.9316158929891359,42,64,largest,0.5
4732,4732,0,0,-0.047218697951284305,0.052208169744667285,31,0.9601509754421662,42,64,largest,0.5
4733,4733,4,1,0.0042086035145417755,0.06898683084641555,42,0.9732336573955204,42,64,largest,0.5
4734,4734,3,0,-0.06296168678189151,0.03774063851057913,45,0.9602994686715688,42,64,largest,0.5
4735,4735,2,0,-0.10229782378377728,0.01772164297095003,61,0.9689124530858118,42,64,largest,0.5
4736,4736,1,0,-0.09468461558932639,0.021883937426803626,52,0.9115141363594577,42,64,largest,0.5
4737,4737,0,0,-0.06302546486639016,0.03862414221005816,2,0.9853645436071061,42,64,largest,0.5
4738,4738,4,0,-0.07134385812954203,0.025379944395717557,15,0.9535156606193456,42,64,largest,0.5
4739,4739,3,0,-0.09380279901806499,0.020739007819777187,31,0.9508811569365376,42,64,largest,0.5
474,474,2,0,-0.07243706281768514,0.03227880917283303,16,0.9948184264708506,42,64,largest,0.5
4740,4740,1,0,-0.005210114880189853,0.10618604332885326,33,0.9905990018683429,42,64,largest,0.5
4741,4741,0,0,-0.03961308759700488,0.06025374799194522,35,0.984973167640556,42,64,largest,0.5
4742,4742,4,0,-0.017311005739839125,0.05214302115348067,38,0.9456278443459412,42,64,largest,0.5
4743,4743,3,0,-0.032529962486047115,0.06720164929445388,22,1.0035921152486225,42,64,largest,0.5
4744,4744,2,0,-0.02883666343537905,0.0756336729428509,5,0.9933653942996364,42,64,largest,0.5
4745,4745,1,0,-0.010203775413341387,0.0976612319291688,1,0.9837348927594237,42,64,largest,0.5
4746,4746,0,0,-0.08647067210203496,0.024540443504281192,24,0.9822009568567163,42,64,largest,0.5
4747,4747,4,0,-0.07480971628824962,0.024219967369679636,15,0.947711883266738,42,64,largest,0.5
4748,4748,3,0,-0.08210605692929529,0.026056916941751936,58,0.9930682454672248,42,64,largest,0.5
4749,4749,2,0,-0.038486674025504986,0.0628665945166801,23,0.982472663610017,42,64,largest,0.5
475,475,1,0,-0.029798433045633566,0.06984215925875065,36,0.9719354789734236,42,64,largest,0.5
4750,4750,0,0,-0.07496385374991299,0.030684118415484414,9,0.9837856100268251,42,64,largest,0.5
4751,4751,4,0,-0.0555511897001808,0.03138612229265139,36,0.9588672867598205,42,64,largest,0.5
4752,4752,3,0,-0.06456214777558,0.03659630247749399,17,0.9874962029541259,42,64,largest,0.5
4753,4753,2,0,-0.13577476581133396,0.008977048306112054,37,0.9368716719920669,42,64,largest,0.5
4754,4754,1,0,-0.032640128474284213,0.06647500364930073,62,0.974743206437415,42,64,largest,0.5
4755,4755,0,0,-0.024896320482343803,0.07920371430853732,6,0.968635895832799,42,64,largest,0.5
4756,4756,4,0,-0.03433619456071746,0.041652025380293924,18,0.9808653147941342,42,64,largest,0.5
4757,4757,3,0,-0.062325063615667364,0.03820532033907948,13,0.9993830096088665,42,64,largest,0.5
4758,4758,2,0,-0.0523094792808636,0.04804893988568318,13,0.9917999456149884,42,64,largest,0.5
4759,4759,1,0,-0.05320717462498337,0.04626865127275583,8,0.9536552107760534,42,64,largest,0.5
476,476,0,0,-0.06895163556188877,0.034462684079758804,24,0.9833416466988915,42,64,largest,0.5
4760,4760,4,0,-0.04419707181944488,0.03653214642986303,18,0.9864639825734698,42,64,largest,0.5
4761,4761,3,0,-0.06976626655510021,0.0331017008491591,22,0.9745686811441967,42,64,largest,0.5
4762,4762,2,0,-0.039081146134677724,0.06214964125829205,53,0.9829381085293559,42,64,largest,0.5
4763,4763,1,0,-0.010799407854404364,0.09668616718275803,26,0.9954810449717463,42,64,largest,0.5
4764,4764,0,0,-0.07346163561121077,0.031588847415775174,62,0.9593917937830727,42,64,largest,0.5
4765,4765,4,0,-0.047912819299748,0.03476445742643573,18,0.9642492789815895,42,64,largest,0.5
4766,4766,3,0,-0.04856566668207496,0.04969398531864732,46,0.9791728855472283,42,64,largest,0.5
4767,4767,2,0,-0.057873883559005135,0.04307373931502628,54,1.0007927906005545,42,64,largest,0.5
4768,4768,1,0,-0.006747667352014153,0.1034936339243657,50,1.000006290535543,42,64,largest,0.5
4769,4769,0,0,-0.09632658369551006,0.02024557611030113,21,0.9917098351553184,42,64,largest,0.5
477,477,4,0,-0.08419770519953262,0.021331668088172308,23,0.9636671541704813,42,64,largest,0.5
4770,4770,3,0,-0.059430619751190794,0.04038815112950169,52,0.9745222363467047,42,64,largest,0.5
4771,4771,2,0,-0.0009165595914907287,0.1269065156971685,62,0.9587000527234542,42,64,largest,0.5
4772,4772,1,0,-0.03871140262305439,0.05978070937226158,11,0.9529889281531846,42,64,largest,0.5
4773,4773,0,0,-0.044028465143324036,0.05545136233048311,0,0.999561215894732,42,64,largest,0.5
4774,4774,4,0,-0.028729527360375928,0.0448622710386256,58,0.992743852033915,42,64,largest,0.5
4775,4775,3,0,-0.05173947642716481,0.046783301134296455,2,0.9591770343112929,42,64,largest,0.5
4776,4776,2,0,-0.03211845502666577,0.07104489660925022,5,0.9914284473781521,42,64,largest,0.5
4777,4777,1,0,-0.0988889026124643,0.02026620254656275,52,0.9086595375795888,42,64,largest,0.5
4778,4778,0,0,-0.08263357802959448,0.026442709201002716,52,0.9821713040313306,42,64,largest,0.5
4779,4779,4,0,-0.0722996735795467,0.025054747371680414,21,0.9615472496659796,42,64,largest,0.5
478,478,3,0,-0.12660233487395633,0.01087721428318128,31,0.9173881832728953,42,64,largest,0.5
4780,4780,2,0,-0.0527720521378946,0.04761535852063893,23,0.9571019255357628,42,64,largest,0.5
4781,4781,1,0,-0.14166635795302351,0.009225255970363954,57,0.8679087896466493,42,64,largest,0.5
4782,4782,0,0,-0.10285678174451696,0.017814890382746983,21,0.9364693090905487,42,64,largest,0.5
4783,4783,4,0,-0.054580119769649604,0.03179731702747144,7,0.9521518767951038,42,64,largest,0.5
4784,4784,3,0,-0.12988092036727839,0.010194525043004466,49,0.9197811302179684,42,64,largest,0.5
4785,4785,2,0,-0.037742534317545706,0.06377492607414224,14,0.9806075930999765,42,64,largest,0.5
4786,4786,1,0,-0.003858722187145891,0.10860324423196122,60,0.9974134348044358,42,64,largest,0.5
4787,4787,0,0,-0.02734629979362535,0.07570892381844778,25,1.0083746972830523,42,64,largest,0.5
4788,4788,4,0,-0.0077437275432568065,0.05908968598019165,58,0.9951193112247796,42,64,largest,0.5
4789,4789,3,0,-0.0713119187281267,0.03212736703503418,46,0.9918881468010664,42,64,largest,0.5
479,479,2,0,-0.06479883383101492,0.03756719476453547,45,0.9360819772648091,42,64,largest,0.5
4791,4791,1,0,-0.007204841353991576,0.10270480130579701,26,0.9997652764182756,42,64,largest,0.5
4792,4792,0,0,-0.04665812506497524,0.052764770741147306,25,0.9987286356908603,42,64,largest,0.5
4793,4793,4,0,-0.03426371395198824,0.041692089177455975,54,0.9838210867743814,42,64,largest,0.5
4794,4794,3,0,-0.05377680214328984,0.04500108182695704,53,0.9565397452890148,42,64,largest,0.5
4795,4795,2,0,-0.04001267024777633,0.06104153188350266,34,0.9881337269279225,42,64,largest,0.5
4796,4796,1,0,-0.0056799125221767,0.10535689664481582,1,0.9966708298946352,42,64,largest,0.5
4797,4797,0,0,-0.09756166362988616,0.019762188008847215,45,0.9593628769741123,42,64,largest,0.5
4798,4798,4,0,-0.09263265051856895,0.019025819633689114,47,0.9524479710494606,42,64,largest,0.5
4799,4799,3,0,-0.06551118342195095,0.03593357949662438,60,0.9639686793125314,42,64,largest,0.5
48,48,2,0,-0.13810424769144503,0.008560418743764382,54,0.9145725122432681,42,64,largest,0.5
480,480,1,0,-0.0314862711216235,0.06782364897931573,2,0.9706366492771568,42,64,largest,0.5
4800,4800,0,0,-0.05603377910064167,0.04415479196939208,49,0.9735445765935421,42,64,largest,0.5
4801,4801,4,0,-0.045395037922133064,0.03595299309617045,2,0.9924710675053507,42,64,largest,0.5
4802,4802,3,0,-0.060847504628708804,0.03930507880094069,51,0.9692460465105307,42,64,largest,0.5
4803,4803,2,0,-0.022736801171047705,0.0848915909354964,5,0.98596077527947,42,64,largest,0.5
4804,4804,1,0,-0.04487624546161362,0.05363307349100855,8,0.9602639896581697,42,64,largest,0.5
4805,4805,0,0,-0.061018404746658206,0.040139938152690145,37,1.0032468448724312,42,64,largest,0.5
4806,4806,4,0,-0.012266505649395576,0.055703788127439174,29,0.99295773506951,42,64,largest,0.5
4807,4807,3,0,-0.0480817637855091,0.05015258491801227,10,0.9993564624134947,42,64,largest,0.5
4808,4808,2,0,-0.03846910072758569,0.06288790548452726,23,0.9947007377169226,42,64,largest,0.5
4809,4809,1,0,-0.0030740058633920153,0.11002891854951734,2,0.9860704221848949,42,64,largest,0.5
481,481,0,0,-0.025286601225729677,0.07863728552943666,31,0.9728728097077115,42,64,largest,0.5
4810,4810,4,0,-0.05645770352092527,0.031006910133447963,43,0.9286432271568071,42,64,largest,0.5
4812,4812,3,0,-0.05946522852011338,0.04036135856899767,35,0.9647640117646727,42,64,largest,0.5
4813,4813,2,0,-0.08873017190001653,0.023297035434771077,24,0.9624809325589166,42,64,largest,0.5
4814,4814,1,0,-0.023543018670152183,0.07781640275766843,26,0.9809981934589489,42,64,largest,0.5
4815,4815,0,0,-0.04916971278761928,0.050313947505373414,15,0.9905730100446347,42,64,largest,0.5
4816,4816,4,0,-0.022678097416281795,0.04859127199748362,22,0.9636621528962472,42,64,largest,0.5
4817,4817,3,0,-0.07055532484731941,0.032600787540010334,36,1.0049474618979646,42,64,largest,0.5
4818,4818,2,0,-0.0732080324150709,0.03178683229800187,14,0.9851914365886766,42,64,largest,0.5
4819,4819,1,0,-0.03143833267636886,0.06788022553965423,50,0.9861187224726587,42,64,largest,0.5
482,482,0,0,-0.06520146259703985,0.03704286737579535,21,0.9689119304001585,42,64,largest,0.5
4820,4820,4,0,-0.028473984378975414,0.04501407450032256,58,1.0037617463586945,42,64,largest,0.5
4821,4821,3,0,-0.04244198016859091,0.05580111563124028,17,1.005865052551862,42,64,largest,0.5
4822,4822,2,0,-0.04915016933013994,0.05111193635510498,33,0.9888277092394262,42,64,largest,0.5
4823,4823,1,0,-0.00708564806938583,0.10290994921275246,55,0.9979839370584686,42,64,largest,0.5
4824,4824,0,0,-0.0601696244751615,0.040797974815685756,10,1.0013587253410439,42,64,largest,0.5
4825,4825,4,0,-0.01356797429082457,0.0547637959695909,31,0.9966524057230508,42,64,largest,0.5
4826,4826,3,0,-0.028517406498293374,0.07240522515558788,23,0.9936563268754273,42,64,largest,0.5
4827,4827,2,0,-0.06372568826716196,0.03837394344990711,13,0.982213380669408,42,64,largest,0.5
4828,4828,1,0,-0.04289722845427901,0.05553860162256889,55,0.9533232657673288,42,64,largest,0.5
4829,4829,0,0,-0.015848610037960675,0.09342011941500504,0,1.003078574724378,42,64,largest,0.5
483,483,4,0,-0.06576761005278231,0.027360665551616974,1,0.9806313428013408,42,64,largest,0.5
4830,4830,3,0,-0.023793728324533303,0.07900577293869437,30,0.9758004232111063,42,64,largest,0.5
4831,4831,2,0,-0.049632316280531885,0.05063281789181119,7,0.9754159150900241,42,64,largest,0.5
4832,4832,1,0,-0.01951099394837197,0.08338985506575523,47,0.9714206896429844,42,64,largest,0.5
4833,4833,0,0,-0.14387425439932544,0.00793358751401611,3,0.9525672317084264,42,64,largest,0.5
4834,4834,4,0,-0.039848313957505876,0.03871086773541341,5,0.9859801984585412,42,64,largest,0.5
4835,4835,3,0,-0.0861447184542139,0.024085476663741518,34,0.9546326440152113,42,64,largest,0.5
4836,4836,2,0,-0.09964466392176319,0.018697623528760234,40,0.9554569559259303,42,64,largest,0.5
4837,4837,1,0,-0.01546119186279693,0.08935081703520674,63,0.9818221672660561,42,64,largest,0.5
4838,4838,0,0,-0.05086391459117734,0.04872203404146398,17,0.9911918961560273,42,64,largest,0.5
4839,4839,4,0,-0.05681430701223844,0.030858954695575314,13,0.9779632355534269,42,64,largest,0.5
484,484,3,0,-0.040555991134712865,0.057820137545759646,18,0.986941925644568,42,64,largest,0.5
4840,4840,2,1,0.02703742908963369,0.20533471449273602,10,0.8963640780606199,42,64,largest,0.5
4841,4841,1,0,-0.03210148063979923,0.0671014552885191,51,0.9762766321165075,42,64,largest,0.5
4842,4842,0,0,-0.12219497314850314,0.012178327253933828,44,0.9327309262315909,42,64,largest,0.5
4843,4843,4,0,-0.05710133457366051,0.030740363140983846,29,0.9616171791076681,42,64,largest,0.5
4844,4844,3,0,-0.07176917886852663,0.03184447698427477,36,0.9932072165478998,42,64,largest,0.5
4845,4845,2,0,-0.0647543389674583,0.03760031800876958,16,0.9881400624141896,42,64,largest,0.5
4846,4846,1,0,-0.06705539796981197,0.03611298638852727,4,0.9369197276238933,42,64,largest,0.5
4847,4847,0,1,0.003329207127915401,0.13128150035512115,36,0.9394563322104624,42,64,largest,0.5
4848,4848,4,0,-0.03516682854387665,0.041195512575231054,58,0.9647640167955983,42,64,largest,0.5
4849,4849,3,0,-0.05872348575566788,0.04093932678516108,15,0.9751844959881543,42,64,largest,0.5
485,485,2,0,-0.06493893742729173,0.03746308071140648,15,0.9776334642839937,42,64,largest,0.5
4850,4850,1,0,-0.011460322025430458,0.0956144176774365,16,0.9909285565715827,42,64,largest,0.5
4851,4851,0,0,-0.069853497083599,0.03386852325523163,17,0.9928789459768316,42,64,largest,0.5
4852,4852,4,0,-0.05903439940530841,0.029953095550710532,16,0.9811166233717254,42,64,largest,0.5
4853,4853,3,0,-0.04727350368324523,0.050927531858600585,22,0.9837769031118035,42,64,largest,0.5
4856,4856,2,0,-0.08570761888615674,0.024755265395326957,56,0.9900684795004804,42,64,largest,0.5
4857,4857,1,0,-0.056124424337873347,0.04392501044458619,57,0.9598842216593033,42,64,largest,0.5
4858,4858,0,0,-0.028915918195279833,0.07354490411275369,30,0.9903688597438467,42,64,largest,0.5
4859,4859,4,0,-0.049960741604773484,0.03382573975249327,61,0.9767055756783337,42,64,largest,0.5
486,486,3,0,-0.05406558947947959,0.04475374967817586,45,0.9935867851542607,42,64,largest,0.5
4860,4860,2,0,-0.0483924559690051,0.051873566407108926,16,0.9761706180963553,42,64,largest,0.5
4861,4861,1,0,-0.06277693930256634,0.038997231113690814,1,0.9560114095962964,42,64,largest,0.5
4862,4862,0,0,-0.06930638313318338,0.03422778078613009,52,0.981231538419782,42,64,largest,0.5
4863,4863,4,0,-0.031783373856013375,0.04308551987649991,31,0.9806441473041194,42,64,largest,0.5
4864,4864,3,0,-0.0515286413221564,0.04697152352349397,60,0.9772539257532457,42,64,largest,0.5
4865,4865,2,0,-0.026636021769628093,0.07886158115932582,17,0.994467105600417,42,64,largest,0.5
4866,4866,1,0,-0.04311184646476418,0.0553289115488044,22,0.9714599683571199,42,64,largest,0.5
4867,4867,0,0,-0.07781816762019844,0.029033729011699504,37,0.9927285120996187,42,64,largest,0.5
4868,4868,4,0,-0.018729456007803513,0.05118116849039988,31,1.0024226136277343,42,64,largest,0.5
4869,4869,3,0,-0.041898979096719136,0.05637551955651433,56,0.9712676394283418,42,64,largest,0.5
487,487,2,0,-0.05672022362533635,0.0440630790673752,41,0.9690764223438457,42,64,largest,0.5
4870,4870,1,0,-0.006401005873641674,0.10409535036208349,2,1.0001801366962166,42,64,largest,0.5
4871,4871,0,0,-0.14980723778243177,0.007053586710141533,11,0.8985600605379214,42,64,largest,0.5
4872,4872,4,0,-0.023898704524955794,0.04781616306894421,61,0.9838280668895353,42,64,largest,0.5
4873,4873,3,0,-0.08102123577499143,0.026612691563634397,53,0.9755432284925797,42,64,largest,0.5
4874,4874,2,0,-0.07540489243594084,0.03042441443462278,61,0.9708753572550303,42,64,largest,0.5
4875,4875,1,0,-0.015785991977107505,0.08885890164782885,61,0.9955303235980939,42,64,largest,0.5
4876,4876,0,0,-0.032084077840029535,0.0693495744778308,30,1.0003008203443466,42,64,largest,0.5
4877,4877,4,0,-0.05103386314534342,0.03334366077334748,25,0.955417988761237,42,64,largest,0.5
4878,4878,3,0,-0.08434780885322113,0.02494399057961543,1,0.9438905987611667,42,64,largest,0.5
4879,4879,2,0,-0.0738582764593696,0.03137753834367774,42,0.9563279788586241,42,64,largest,0.5
488,488,1,0,-0.058090203659559414,0.04241008642699726,53,0.954565471133374,42,64,largest,0.5
4880,4880,0,0,-0.07974661984728793,0.02796776783100496,51,0.9686193751667885,42,64,largest,0.5
4881,4881,4,0,-0.03039752695803566,0.04388333194545289,41,0.9808400400581387,42,64,largest,0.5
4882,4882,3,0,-0.0687406619408345,0.03376389838721093,35,0.9896828968407346,42,64,largest,0.5
4883,4883,2,0,-0.06437899111443313,0.03788085666994714,46,0.9948800518223252,42,64,largest,0.5
4884,4884,1,0,-0.0112433087417656,0.09596515336231234,61,0.9939866546041751,42,64,largest,0.5
4885,4885,0,0,-0.09059592792664417,0.022644144772711476,8,0.9342822492419256,42,64,largest,0.5
4886,4886,4,0,-0.08812367284677092,0.020226261009817947,23,0.9590145279580535,42,64,largest,0.5
4887,4887,3,0,-0.10660031904721079,0.016135145978805783,57,0.9188163883229098,42,64,largest,0.5
4888,4888,2,0,-0.10461237338334595,0.01691120393134301,3,0.9384112827876803,42,64,largest,0.5
4889,4889,1,0,-0.03610709851465388,0.06257127103309976,53,0.9590392559016926,42,64,largest,0.5
489,489,0,0,-0.0012692869977649623,0.12116040338064954,7,0.9783896495810297,42,64,largest,0.5
4890,4890,4,0,-0.025986147174726026,0.04651774581981112,54,1.0018026423200153,42,64,largest,0.5
4891,4891,3,0,-0.10358175348854448,0.017121091373139212,57,0.9482654112972756,42,64,largest,0.5
4892,4892,2,0,-0.061421129382637774,0.04016298937645525,60,0.9811159045785668,42,64,largest,0.5
4893,4893,1,0,-0.008080765315216176,0.10120829916643513,53,0.9972041786170471,42,64,largest,0.5
4894,4894,0,0,-0.0428936154772549,0.056650131922275804,17,0.9982390368062218,42,64,largest,0.5
4895,4895,4,0,-0.024090795021621814,0.047695256316862306,3,0.9904635128487327,42,64,largest,0.5
4896,4896,3,0,-0.06330878728967315,0.03748957631539194,57,0.9596968986425702,42,64,largest,0.5
4897,4897,2,0,-0.13340426087788804,0.009421638723474448,45,0.9106624573728008,42,64,largest,0.5
4898,4898,1,0,-0.06452088052403848,0.03779582126079768,33,0.9423574772747876,42,64,largest,0.5
4899,4899,0,0,-0.12489498117455977,0.011546586908660698,48,0.8975764492467521,42,64,largest,0.5
49,49,4,0,-0.047290816289760396,0.03505450734547995,1,0.9804225198932045,42,64,largest,0.5
490,490,3,1,0.03019243985874598,0.20145312405946206,47,0.9509647197175529,42,64,largest,0.5
4900,4900,2,0,-0.05597206421462775,0.04471622333141182,61,0.975283124963618,42,64,largest,0.5
4901,4901,1,0,-0.07965005121701052,0.02876708563875416,3,0.9357485202841339,42,64,largest,0.5
4902,4902,0,0,-0.0537092532893223,0.04615552737746624,30,0.997676730047908,42,64,largest,0.5
4903,4903,4,0,-0.06251479692058637,0.028584647909533294,38,0.9576178814504865,42,64,largest,0.5
4904,4904,3,0,-0.07635853719480523,0.02913552686584778,28,0.9834751792807286,42,64,largest,0.5
4905,4905,2,0,-0.0869597224486025,0.02414069555047586,18,0.9699326768242307,42,64,largest,0.5
4906,4906,1,0,-0.06774503638705709,0.0356677141002384,27,0.9362151130702585,42,64,largest,0.5
4907,4907,0,0,-0.10420116039927085,0.01735126144574354,16,0.9482305825921745,42,64,largest,0.5
4908,4908,4,0,-0.06446362440836695,0.027845095804987632,48,0.9629570613967975,42,64,largest,0.5
4909,4909,3,0,-0.11410508345917925,0.01391958416188133,31,0.9213836502072572,42,64,largest,0.5
491,491,2,0,-0.020337784760923294,0.08880660880821799,58,0.9940715614634122,42,64,largest,0.5
4910,4910,1,0,-0.017358976995261566,0.08651101945816309,33,0.9810707479522603,42,64,largest,0.5
4911,4911,0,0,-0.08073908650791595,0.027434088944012554,48,0.9499860666986623,42,64,largest,0.5
4912,4912,4,0,-0.03857953242832257,0.039369686920301225,40,0.9684335210483538,42,64,largest,0.5
4913,4913,3,0,-0.03087891318295488,0.06929938023829353,13,0.9817448280078606,42,64,largest,0.5
4914,4914,2,0,-0.02287520427932288,0.08467057201915915,62,0.9432549528405765,42,64,largest,0.5
4915,4915,1,0,-0.027125363148665538,0.07315284240781575,16,0.9799733968320193,42,64,largest,0.5
4916,4916,0,0,-0.007566191263102762,0.1083981430623878,2,0.9305226237855924,42,64,largest,0.5
4917,4917,4,0,-0.02038506803586404,0.05007972910918653,51,0.9907862970226357,42,64,largest,0.5
4918,4918,3,0,-0.03292629345422371,0.06670693548993353,41,0.9743507333978872,42,64,largest,0.5
4919,4919,2,1,0.0066808085157957775,0.14526487145914796,10,0.9469880869678761,42,64,largest,0.5
492,492,1,0,-0.02904662294561422,0.07075903283218944,46,0.9788553819718618,42,64,largest,0.5
4920,4920,0,0,-0.0014234553916503412,0.12083303090680159,6,0.970985301030723,42,64,largest,0.5
4921,4921,4,0,-0.06621679338053899,0.027195698339412853,48,0.9363506815281789,42,64,largest,0.5
4922,4922,3,0,-0.02065705357277392,0.08368817440046183,55,0.9698834781607489,42,64,largest,0.5
4923,4923,2,0,-0.07500834070920392,0.030666087792808314,4,0.9749053503533642,42,64,largest,0.5
4924,4924,1,0,-0.05296947261834273,0.04646477285983591,3,0.9569146812802503,42,64,largest,0.5
4925,4925,0,0,-0.1078072799821369,0.016165395028141308,51,0.9717160676211848,42,64,largest,0.5
4926,4926,4,0,-0.038432963762582095,0.03944648254425512,38,0.9675885475555003,42,64,largest,0.5
4927,4927,3,0,-0.10960064236225597,0.015210558401149194,43,0.9394896185330219,42,64,largest,0.5
4928,4928,2,0,-0.08912361815323822,0.023113494503929057,45,0.9705415471974288,42,64,largest,0.5
4929,4929,1,0,-0.032614987628695524,0.06650412141141257,15,0.9745252952071347,42,64,largest,0.5
493,493,0,0,-0.08627534633610912,0.024633971071167417,28,0.9721985737760331,42,64,largest,0.5
4930,4930,4,0,-0.03315184758254297,0.04231131333762079,23,0.9766430537490105,42,64,largest,0.5
4931,4931,3,0,-0.07412262965404526,0.03042618557096014,34,0.960895087217947,42,64,largest,0.5
4932,4932,2,0,-0.057267509583721066,0.04359107134045958,15,0.9617873203511739,42,64,largest,0.5
4933,4933,1,0,-0.025158277123529138,0.075680840922408,34,0.9923174215376324,42,64,largest,0.5
4934,4934,0,0,-0.0688552619866768,0.03452676786568209,25,0.9977679074753641,42,64,largest,0.5
4935,4935,4,0,-0.04083843087538397,0.038204109211558736,54,0.9993293380989583,42,64,largest,0.5
4936,4936,3,0,-0.08672020458174501,0.023816667864676712,41,0.9452140046203468,42,64,largest,0.5
4937,4937,2,0,-0.09300499505285009,0.02137690885343628,34,0.9466911459840649,42,64,largest,0.5
4938,4938,1,0,-0.04024596181794604,0.05819139514454134,55,0.9637884104881229,42,64,largest,0.5
4939,4939,0,0,-0.020161723669820164,0.08637780058267831,31,0.9976058653171189,42,64,largest,0.5
494,494,4,0,-0.10726350652819983,0.015592397588830987,17,0.9350763952193367,42,64,largest,0.5
4940,4940,3,0,-0.03832473506925016,0.06029728867228408,41,0.9931570532619416,42,64,largest,0.5
4941,4941,2,0,-0.03560915690712063,0.06644722751969176,32,0.9923809662110392,42,64,largest,0.5
4942,4942,1,0,-0.035442775662941406,0.0633023320573293,26,0.9738543081330309,42,64,largest,0.5
4943,4943,0,0,-0.0122426929568068,0.09969859510064566,31,0.9767994934805779,42,64,largest,0.5
4944,4944,4,0,-0.025739580455564015,0.04666934930024823,46,1.0008705884704596,42,64,largest,0.5
4945,4945,3,0,-0.08395969847651152,0.02513329814593922,17,0.9880087737065321,42,64,largest,0.5
4946,4946,2,0,-0.05743226449080652,0.04344992571947252,14,1.0010238068493782,42,64,largest,0.5
4947,4947,1,0,-0.01741288121826301,0.08643156424900357,53,0.9866174457776289,42,64,largest,0.5
4948,4948,0,0,-0.03980359790334509,0.06003873249129561,2,0.9938137574401882,42,64,largest,0.5
4949,4949,4,0,-0.02697324736352036,0.04591549896467793,44,0.9522393776287761,42,64,largest,0.5
495,495,3,0,-0.03560660987749831,0.0634491126102601,37,0.9416937634114405,42,64,largest,0.5
4950,4950,2,0,-0.07017530042155973,0.03376493054412837,5,1.0104911143171822,42,64,largest,0.5
4951,4951,1,0,-0.007848404204073844,0.10160338821225932,60,0.98741920395296,42,64,largest,0.5
4952,4952,0,0,-0.0854222987954727,0.025046522539108308,62,0.9888098346394438,42,64,largest,0.5
4953,4953,4,0,-0.047893952281882535,0.03477322129794168,19,0.9910196991173624,42,64,largest,0.5
4954,4954,3,0,-0.04812611076649287,0.05011039053498047,35,0.9990434573667119,42,64,largest,0.5
4955,4955,2,0,-0.08534095584357737,0.024938103393583103,51,0.9744938397516623,42,64,largest,0.5
4956,4956,1,0,-0.0030590694419788678,0.11005621347833348,1,0.9841274393584228,42,64,largest,0.5
4957,4957,0,0,-0.06629975749787254,0.03626856674300362,58,0.9679738494309356,42,64,largest,0.5
4958,4958,4,0,-0.03816470495916424,0.03958741072435791,29,0.9491768873631321,42,64,largest,0.5
4959,4959,3,0,-0.046219871568755955,0.051954759610440715,41,0.9548997730671426,42,64,largest,0.5
496,496,2,0,-0.07901337978385992,0.02830844663652444,47,0.9548236516470894,42,64,largest,0.5
4960,4960,1,1,0.005132088114494504,0.12594233531766882,7,0.9834316263542089,42,64,largest,0.5
4961,4961,0,0,-0.028093144919114965,0.07467205849059926,2,0.9794527521202977,42,64,largest,0.5
4962,4962,4,0,-0.042153416912538044,0.037540918502161486,10,0.9277573032801945,42,64,largest,0.5
4963,4963,3,0,-0.019648938051250786,0.08524584876259123,13,0.9779072911043356,42,64,largest,0.5
4964,4964,2,0,-0.05801602089713409,0.04295332484033869,40,0.9748008957842393,42,64,largest,0.5
4965,4965,1,1,0.0005398578424534728,0.11680790221744085,7,0.9967892836466096,42,64,largest,0.5
4966,4966,0,0,-0.038271673010213725,0.06178822218996587,15,0.9978854389858325,42,64,largest,0.5
4967,4967,4,0,-0.02640493664727095,0.04626132284240652,44,0.9944828616623589,42,64,largest,0.5
4968,4968,3,0,-0.04727200040390023,0.050928983682943234,41,0.9935700122438882,42,64,largest,0.5
4969,4969,2,0,-0.040904969359073506,0.05999742924291382,14,0.98885758675979,42,64,largest,0.5
497,497,1,0,-0.03094420452754243,0.06846594651133191,26,0.9716984983958602,42,64,largest,0.5
4970,4970,0,0,-0.024574550051527755,0.0796735135803511,17,1.0052172590553363,42,64,largest,0.5
4971,4971,4,1,0.0013615151437957884,0.0664984066015518,42,0.9691498188951212,42,64,largest,0.5
4972,4972,3,0,-0.02968265706463935,0.07085697072444819,35,0.9957406014567147,42,64,largest,0.5
4973,4973,2,0,-0.031392871409794076,0.07203677334464025,0,0.9912855821884724,42,64,largest,0.5
4974,4974,1,0,-0.02704719126841071,0.07325180379236895,9,0.9825493488694175,42,64,largest,0.5
4975,4975,0,0,-0.03836981058348399,0.06167473365694479,1,0.9868705826310358,42,64,largest,0.5
4976,4976,4,0,-0.03750936671893057,0.0399337216448283,23,0.9947504996939958,42,64,largest,0.5
4977,4977,3,0,-0.08215502735203362,0.02603209672373079,22,0.9470585929660925,42,64,largest,0.5
4978,4978,2,0,-0.415413923360581,2.8681407784240537e-05,30,0.6175840713310704,42,64,largest,0.5
4979,4979,1,0,-0.15621492731569908,0.007047466193843781,35,0.8616695533868958,42,64,largest,0.5
498,498,0,0,-0.06997444028737376,0.03378959942428156,1,0.9998488582402031,42,64,largest,0.5
4980,4980,4,0,-0.3260520350181053,0.0007660209458124962,45,0.7048912314924345,42,64,largest,0.5
4981,4981,3,0,-0.06301638757197736,0.037700965779437566,22,0.9573552450788072,42,64,largest,0.5
4982,4982,2,0,-0.46719565088401027,9.880511987274368e-06,30,0.5739658747909702,42,64,largest,0.5
4983,4983,1,1,0.003549587817267552,0.12272749685771399,7,0.9815505559005169,42,64,largest,0.5
4984,4984,0,0,-0.009570518818939666,0.10459069173474173,58,0.9780573373198054,42,64,largest,0.5
4985,4985,4,1,0.012704614489805088,0.0769332426745109,42,0.9662385161993268,42,64,largest,0.5
4986,4986,3,0,-0.06750256233473562,0.0345803374713607,52,0.9939361497859411,42,64,largest,0.5
4987,4987,2,0,-0.08094884869593721,0.027233096398423452,5,0.9789281725321434,42,64,largest,0.5
4988,4988,1,0,-0.057683973042784165,0.042718997705784176,40,0.954559442783785,42,64,largest,0.5
4989,4989,0,0,-0.04325575421680605,0.05626497310247083,10,0.9928347402268504,42,64,largest,0.5
499,499,4,0,-0.046697814108746516,0.03533320430297352,21,0.9844380486251062,42,64,largest,0.5
4990,4990,3,1,0.014753340533100956,0.15633885882475693,47,0.9358807210156516,42,64,largest,0.5
4991,4991,2,1,0.02174704678709205,0.18813728698022988,10,0.9157871722781507,42,64,largest,0.5
4992,4992,1,0,-0.03063805676299014,0.06883118847572003,47,0.9668835807058349,42,64,largest,0.5
4993,4993,0,0,-0.044013041040027345,0.05546749398410158,33,0.9928000046611613,42,64,largest,0.5
4994,4994,4,0,-0.06130233458434797,0.029054343484097918,54,1.002210605454232,42,64,largest,0.5
4995,4995,3,0,-0.05291280025661982,0.045748856910806206,56,0.9837261227373048,42,64,largest,0.5
4996,4996,2,0,-0.025062488711264486,0.08124637840100825,58,0.9850653897523318,42,64,largest,0.5
4997,4997,1,0,-0.023101224156415245,0.07841004665539106,16,0.9854207914255375,42,64,largest,0.5
4998,4998,0,0,-0.006096778784404955,0.11126632270880032,30,0.983232782473995,42,64,largest,0.5
4999,4999,4,0,-0.018302264796324685,0.05146906725550266,12,0.9624309100710142,42,64,largest,0.5
5,5,3,0,-0.05806269364153138,0.04146088419161109,53,0.998627681420855,42,64,largest,0.5
50,50,2,0,-0.012100052776629289,0.10351584759109178,2,0.9482532866582162,42,64,largest,0.5
500,500,1,0,-0.06791568408527426,0.03555835224526912,4,0.947443645331464,42,64,largest,0.5
5000,5000,0,0,-0.052027388823896015,0.047656605664547685,31,0.987003177375072,42,64,largest,0.5
5001,5001,4,0,-0.03804016240572139,0.03965300238631573,60,0.9930215935337765,42,64,largest,0.5
5002,5002,3,1,0.03152397347118929,0.20576712864412017,47,0.9279910069199965,42,64,largest,0.5
5003,5003,2,0,-0.004687581385607875,0.11855327371213267,4,0.9949044397942343,42,64,largest,0.5
5004,5004,1,0,-0.021235899401575553,0.08096242440722214,23,0.9858783271445708,42,64,largest,0.5
5005,5005,0,0,-0.02559137264863587,0.07819753849371525,24,0.9813481534279462,42,64,largest,0.5
5006,5006,4,0,-0.04226278753251311,0.037486260337731836,43,0.9656209356004203,42,64,largest,0.5
5007,5007,3,0,-0.04636673062722574,0.051810414943324945,17,0.9984011935014037,42,64,largest,0.5
5008,5008,2,0,-0.04846232797313588,0.05180288656035774,63,0.9834391503343664,42,64,largest,0.5
5009,5009,1,0,-0.05486897543879743,0.04491939255601742,11,0.9569756119689841,42,64,largest,0.5
501,501,0,0,-0.10561040257481302,0.016877988531744652,48,0.9447163503782319,42,64,largest,0.5
5010,5010,4,0,-0.01874515507712815,0.05117061742630886,0,0.9794063538654043,42,64,largest,0.5
5011,5011,3,0,-0.04605232579972063,0.052119900980744656,1,0.992930332840308,42,64,largest,0.5
5012,5012,2,0,-0.06875871553817337,0.03472912295207378,5,0.9900790494218662,42,64,largest,0.5
5013,5013,1,1,0.0012663182847982846,0.11821362577194951,7,0.9954498115530583,42,64,largest,0.5
5014,5014,0,0,-0.06460201755736183,0.037472158297100926,28,1.0061014821753707,42,64,largest,0.5
5015,5015,4,0,-0.03997850671508418,0.03864386631558836,32,0.9999591328789568,42,64,largest,0.5
5016,5016,3,0,-0.04073394471920655,0.05762673888662286,52,0.995973134134092,42,64,largest,0.5
5017,5017,2,1,0.00591980905206535,0.14333102771381132,10,0.9688284980119095,42,64,largest,0.5
5018,5018,1,0,-0.011682956488925589,0.0952557887857246,35,0.995180370506801,42,64,largest,0.5
5019,5019,0,0,-0.03291672593104433,0.06828428719257501,17,0.9983797749567773,42,64,largest,0.5
502,502,4,0,-0.05703338291019955,0.030768398886964095,15,0.9743795176055255,42,64,largest,0.5
5020,5020,3,0,-0.04175702462289621,0.056526597784967166,12,0.9930771227859674,42,64,largest,0.5
5021,5021,2,1,0.006503143929209032,0.1448114631420824,10,0.9487790255684571,42,64,largest,0.5
5022,5022,1,0,-0.017955390015291228,0.08563557426636971,22,0.9876154528133919,42,64,largest,0.5
5023,5023,0,0,-0.07813836840133814,0.02885404675747011,41,0.9762151829064472,42,64,largest,0.5
5024,5024,4,0,-0.0490884182552076,0.034222563386484876,5,0.9726450998332261,42,64,largest,0.5
5025,5025,3,0,-0.0574913699928995,0.04191694385850352,41,0.9875478500573295,42,64,largest,0.5
5026,5026,2,0,-0.05319991653332823,0.047217621451221506,7,0.9697975552004049,42,64,largest,0.5
5027,5027,1,0,-0.04828201858503023,0.05049745517541666,38,0.9568630260989303,42,64,largest,0.5
5028,5028,0,0,-0.09313621651959525,0.021548437742799735,9,0.9745407112105917,42,64,largest,0.5
5029,5029,4,0,-0.049261395018019405,0.034143520220578455,32,0.9692309158114221,42,64,largest,0.5
503,503,3,1,0.020419132907033788,0.17185785755602145,47,0.9186182447101037,42,64,largest,0.5
5030,5030,2,0,-0.03357257340374031,0.06909498196597137,15,0.9955393634574955,42,64,largest,0.5
5031,5031,1,0,-0.018278260514722144,0.08516500535748249,63,0.9897435303096044,42,64,largest,0.5
5032,5032,0,0,-0.07065042097461749,0.03335173328264071,34,0.995612710921101,42,64,largest,0.5
5033,5033,4,0,-0.057894453632687415,0.03041495912015198,38,0.9605247288290742,42,64,largest,0.5
5034,5034,3,0,-0.04453438904780749,0.053638815686163556,35,0.9751000582048982,42,64,largest,0.5
5035,5035,2,0,-0.07314357960798656,0.031827682076715415,4,0.9835735314532447,42,64,largest,0.5
5036,5036,1,0,-0.035198357509924505,0.06357330327114182,22,0.9851963931041251,42,64,largest,0.5
5037,5037,0,0,-0.048322798942633916,0.05112808008340567,3,0.963578021869906,42,64,largest,0.5
5038,5038,4,0,-0.05143983999307522,0.033163018496434715,40,0.9778263138874282,42,64,largest,0.5
5039,5039,3,0,-0.07621367433778237,0.029217514255669593,38,0.9465228312660134,42,64,largest,0.5
504,504,2,0,-0.04110920235024418,0.05976081310144039,32,0.9548242535734646,42,64,largest,0.5
5040,5040,1,0,-0.008833327486079012,0.09993804497959365,36,0.9973827287173245,42,64,largest,0.5
5041,5041,0,0,-0.03915634445526228,0.060772179892408795,43,0.9679794812871747,42,64,largest,0.5
5042,5042,4,0,-0.04363723114731499,0.03680586760883788,40,0.9583098619274462,42,64,largest,0.5
5043,5043,3,0,-0.09515787032816747,0.02019620808240491,62,0.9597968009480715,42,64,largest,0.5
5044,5044,2,0,-0.08115200739646022,0.027122550441248013,16,0.9892714708843557,42,64,largest,0.5
5045,5045,1,0,-0.03000968589547537,0.06958650913784532,26,0.9722064593342127,42,64,largest,0.5
5046,5046,0,0,-0.09533777424731948,0.02064090785159409,48,0.9742051391364318,42,64,largest,0.5
5047,5047,4,0,-0.026143615947038623,0.046421170151249046,46,0.9927046848405531,42,64,largest,0.5
5048,5048,3,0,-0.067052019767607,0.034882136764220154,44,0.9820870248957012,42,64,largest,0.5
5049,5049,2,0,-0.056176054503995876,0.044537229961787,14,0.9867762985286438,42,64,largest,0.5
505,505,1,0,-0.03536536278361058,0.06338803817136496,53,0.9769597096041909,42,64,largest,0.5
5050,5050,0,0,-0.044547557770453716,0.05491102600358806,0,1.0052028512459068,42,64,largest,0.5
5051,5051,4,0,-0.06490295335985652,0.027680961717639715,29,0.9898786364150137,42,64,largest,0.5
5052,5052,3,0,-0.06276365136933892,0.037884602975967865,17,0.9992318877335374,42,64,largest,0.5
5053,5053,2,0,-0.0859142891987642,0.024652784826645888,42,0.9568208106086876,42,64,largest,0.5
5054,5054,1,0,-0.03788137172627282,0.060657210432870194,52,0.9671314719868512,42,64,largest,0.5
5055,5055,0,0,-0.09827537806139586,0.019488027595303815,16,0.9648709769636268,42,64,largest,0.5
5056,5056,4,0,-0.07941634897708805,0.02275792971219924,7,0.9332612592328444,42,64,largest,0.5
5057,5057,3,0,-0.04607649605074149,0.05209604700724066,3,0.925692485005249,42,64,largest,0.5
5058,5058,2,0,-0.06768512672175975,0.03547748334811177,61,0.9914649532499107,42,64,largest,0.5
506,506,1,0,-0.04427946354131773,0.054201105698751174,36,0.9495320512466044,42,64,largest,0.5
5060,5060,0,0,-0.050545262842005556,0.04901775311001112,1,0.9685801596555312,42,64,largest,0.5
5061,5061,4,0,-0.07166525094301623,0.025270140763639606,1,0.92950359261544,42,64,largest,0.5
5062,5062,3,0,-0.06293693214933083,0.037758605433105205,60,0.9659872288118428,42,64,largest,0.5
5063,5063,2,0,-0.05674062815429659,0.04404539397283832,22,0.9517550276625533,42,64,largest,0.5
5064,5064,1,1,0.006510000492922052,0.12880000359516877,7,0.9970020546680792,42,64,largest,0.5
5065,5065,0,0,-0.06139977925498452,0.03984759084115551,20,0.9842842961096967,42,64,largest,0.5
5066,5066,4,0,-0.05942889594431433,0.02979484888899105,13,0.945654403079895,42,64,largest,0.5
5067,5067,3,0,-0.08019631653135617,0.02704301448842439,36,0.9945407406744937,42,64,largest,0.5
5068,5068,2,0,-0.10071351991886757,0.018298252040922204,24,0.93451242246677,42,64,largest,0.5
507,507,1,0,-0.030357551882838063,0.06916742106642654,32,0.9615009609040496,42,64,largest,0.5
5070,5070,0,0,-0.03182892112507385,0.06967908800209835,1,0.9923668600386778,42,64,largest,0.5
5071,5071,4,0,-0.0726342695329204,0.024941869925419625,41,0.9627931382701559,42,64,largest,0.5
5072,5072,3,0,-0.038219999722435505,0.060415974185305615,35,0.9860641908354928,42,64,largest,0.5
5073,5073,2,0,-0.061670828141501044,0.039965349864753766,4,1.0010336642489803,42,64,largest,0.5
5074,5074,1,0,-0.004952379977918864,0.10664335864440767,42,0.9948035495479707,42,64,largest,0.5
5075,5075,0,0,-0.08015777567676807,0.027745464557321166,24,0.985250234079431,42,64,largest,0.5
5076,5076,4,0,-0.08608212232665569,0.020793899084358435,41,0.952493174606778,42,64,largest,0.5
5077,5077,3,0,-0.060055220365368145,0.039907224420994904,60,0.9722890346154451,42,64,largest,0.5
5078,5078,2,0,-0.07085122830683921,0.03331401595679903,14,0.9661039721463791,42,64,largest,0.5
5079,5079,1,0,-0.03795908076992571,0.06057464335590863,63,0.9707365413648696,42,64,largest,0.5
508,508,0,0,-0.053846148835469454,0.046035346627928665,39,0.9860821167765758,42,64,largest,0.5
5080,5080,4,0,-0.0560061017987159,0.031195266182150787,2,0.9641972556927514,42,64,largest,0.5
5081,5081,3,0,-0.08990451543837197,0.022381378156265494,35,0.9338382111875609,42,64,largest,0.5
5082,5082,2,0,-0.06942826261582613,0.03427013457686084,42,0.9497450362965169,42,64,largest,0.5
5083,5083,1,1,0.01378730619035462,0.144820278555832,7,0.9819087830984963,42,64,largest,0.5
5084,5084,0,0,-0.06513623518171718,0.037089349561454536,52,0.9600861215532525,42,64,largest,0.5
5085,5085,4,0,-0.10932975236587117,0.015159448726284636,15,0.9361111423885811,42,64,largest,0.5
5086,5086,3,0,-0.062436994598086826,0.03812322385379422,60,0.9574690908032811,42,64,largest,0.5
5087,5087,2,0,-0.07200909391231225,0.032555076718779274,24,0.973134888625438,42,64,largest,0.5
5088,5088,1,0,-0.005053796547329625,0.1064632022123278,3,0.9879986338054061,42,64,largest,0.5
5089,5089,0,0,-0.07356943722968823,0.03152307193765913,40,0.9747408740017409,42,64,largest,0.5
509,509,4,0,-0.05422578697871916,0.031948651140602365,25,0.9715088879228636,42,64,largest,0.5
5090,5090,3,0,-0.06035573991695842,0.039677792150164745,39,0.9668018347981421,42,64,largest,0.5
5091,5091,2,1,0.006207887434420467,0.144060555571765,10,0.9813174627043318,42,64,largest,0.5
5092,5092,1,0,-0.04684273669036787,0.051800817878837904,46,0.9737766874128928,42,64,largest,0.5
5093,5093,0,0,-0.04226957298537115,0.05731966313955704,17,0.9877145113685925,42,64,largest,0.5
5094,5094,4,0,-0.09310500968544011,0.01890417878711409,41,0.9251838180481756,42,64,largest,0.5
5095,5095,3,0,-0.01757554974769182,0.08853238742361966,37,0.9855537305647851,42,64,largest,0.5
5096,5096,2,0,-0.06417300933138459,0.03803566286226452,34,0.9727510224462812,42,64,largest,0.5
5097,5097,1,1,0.0006056770902095332,0.11693466453263057,7,0.9863724344046787,42,64,largest,0.5
5098,5098,0,0,-0.031011791149597734,0.0707441118950483,17,0.9846407424601389,42,64,largest,0.5
5099,5099,4,0,-0.053680556684452485,0.03218287804326828,54,0.9867421907605531,42,64,largest,0.5
51,51,3,0,-0.02890082346040035,0.07189237135071651,46,0.9794351459543694,42,64,largest,0.5
510,510,2,0,-0.002069866438801249,0.12429976099358817,7,0.9389524104889042,42,64,largest,0.5
5100,5100,1,0,-0.00036304088099214926,0.11508100329075202,42,0.9925522560001958,42,64,largest,0.5
5101,5101,0,0,-0.058415389363298154,0.042190862161748714,49,0.9850154607330281,42,64,largest,0.5
5102,5102,4,0,-0.0705305555908825,0.02565988849325656,48,0.921384954280908,42,64,largest,0.5
5103,5103,3,0,-0.05719161843120235,0.04215813570164283,17,0.9870427716321316,42,64,largest,0.5
5104,5104,2,0,-0.026894253595163176,0.0784763795739011,48,0.9806020246090584,42,64,largest,0.5
5105,5105,1,0,-0.055409040920506025,0.044489029503375715,36,0.9654362373106656,42,64,largest,0.5
5106,5106,0,0,-0.07366471270585906,0.03146504964034354,33,0.9901153129365264,42,64,largest,0.5
5107,5107,4,0,-0.08165443949343487,0.02207907630804358,17,0.937782924906976,42,64,largest,0.5
5108,5108,3,0,-0.07408613836615485,0.030447702624500673,39,0.9823684823603176,42,64,largest,0.5
5109,5109,2,0,-0.05387051503702678,0.04660058905468644,33,0.9967499874227913,42,64,largest,0.5
511,511,1,0,-0.006691177193042908,0.10359147625511742,31,0.993288215619711,42,64,largest,0.5
5110,5110,0,0,-0.09169210616577161,0.022164806692311877,56,0.9741302753271015,42,64,largest,0.5
5111,5111,4,0,-0.051367795723905374,0.033195005985130116,41,0.9700037164549999,42,64,largest,0.5
5112,5112,3,0,-0.0720025670749419,0.03170101831787755,38,0.9644138497523144,42,64,largest,0.5
5113,5113,2,0,-0.0665081038984211,0.036315790358269706,47,0.9716253397092683,42,64,largest,0.5
5114,5114,1,0,-0.08014097857885905,0.02851224526926267,14,0.935487650889896,42,64,largest,0.5
5115,5115,0,0,-0.09327326879583497,0.021490820051018523,16,0.9278372281597461,42,64,largest,0.5
5116,5116,4,0,-0.047389562038274935,0.03500830539474321,57,0.9735533067744033,42,64,largest,0.5
5117,5117,3,0,-0.08732449504036421,0.023537555202650804,39,0.9677400679446857,42,64,largest,0.5
5118,5118,2,0,-0.0015862361219304288,0.12538724445105623,34,0.9797460248663258,42,64,largest,0.5
5119,5119,1,0,-0.030000126058736365,0.06959805935994512,36,0.9749620609467688,42,64,largest,0.5
512,512,0,0,-0.03461339634453753,0.06616036592642859,40,0.9741568566050222,42,64,largest,0.5
5120,5120,4,0,-0.014086592235039164,0.0543934010786787,31,0.9807128345490226,42,64,largest,0.5
5121,5121,3,0,-0.048879442864370626,0.04939874341098969,36,0.9905187187119797,42,64,largest,0.5
5122,5122,2,0,-0.11890380879222207,0.01265645531175223,47,0.9277896065096556,42,64,largest,0.5
5123,5123,1,0,-0.013289961511670945,0.092702684616228,38,0.9847850012151392,42,64,largest,0.5
5124,5124,0,0,-0.059002424428951206,0.04171975973096081,39,0.9693497114028234,42,64,largest,0.5
5125,5125,4,0,-0.010269952725813103,0.05717536270220547,0,0.9925908295595404,42,64,largest,0.5
5126,5126,3,0,-0.03124757613609641,0.06882578455643784,14,0.9961176090788351,42,64,largest,0.5
5127,5127,2,0,-0.07812683490945438,0.028814675364880006,15,0.9916095985059852,42,64,largest,0.5
5128,5128,1,0,-0.03125783915854663,0.06809363525104048,9,0.9810289218358822,42,64,largest,0.5
513,513,0,0,-0.05370694553011346,0.046157555918610094,9,0.993575703588509,42,64,largest,0.5
5130,5130,4,0,-0.037588120107724055,0.0398919517207008,5,0.9996880618350971,42,64,largest,0.5
5131,5131,3,0,-0.05823522891241939,0.041324093545560076,18,0.9800131429819617,42,64,largest,0.5
5132,5132,2,0,-0.031010919785653956,0.0725640208259288,62,0.956775581781393,42,64,largest,0.5
5133,5133,1,0,-0.03681992865690653,0.06179559773240217,4,0.9519847273107649,42,64,largest,0.5
5135,5135,0,1,0.020481857552030358,0.1754893307397459,36,0.9424753256550125,42,64,largest,0.5
5137,5137,4,0,-0.06523151471984945,0.027558825327419992,14,0.953371162612112,42,64,largest,0.5
5138,5138,3,0,-0.013383055466443694,0.09552924648944389,21,0.9391922189516076,42,64,largest,0.5
5139,5139,2,0,-0.05350062780306031,0.046939975878711265,34,0.9850904121053943,42,64,largest,0.5
514,514,1,0,-0.04212991069605909,0.056294433117666146,47,0.9504874166738798,42,64,largest,0.5
5140,5140,0,0,-0.017691062854878647,0.0903508838373211,57,0.9533233989132844,42,64,largest,0.5
5141,5141,4,0,-0.01973143663601884,0.05051186630089978,18,0.952384172428423,42,64,largest,0.5
5142,5142,3,0,-0.055958703036718016,0.04316420750320435,16,0.9529080258130133,42,64,largest,0.5
5143,5143,2,0,-0.07251378424581723,0.03222952316839065,60,0.9889611060992523,42,64,largest,0.5
5144,5144,1,0,-0.025930196063077893,0.07467938611160838,14,0.9825243147666919,42,64,largest,0.5
5145,5145,0,0,-0.04553204945562539,0.0538998414330999,35,0.9794701178927302,42,64,largest,0.5
5147,5147,4,0,-0.021561039984539176,0.04931106088388927,55,0.9742840955074482,42,64,largest,0.5
5148,5148,3,0,-0.04854826989709693,0.04971040333949315,60,0.9909779438393898,42,64,largest,0.5
5149,5149,2,0,-0.01156435004228562,0.10454346482254795,23,0.9902848547476927,42,64,largest,0.5
515,515,1,0,-0.04706949792028081,0.05159338052158964,28,0.969940000508289,42,64,largest,0.5
5150,5150,0,0,-0.07032718117756787,0.03356042396334704,17,0.9987036325816223,42,64,largest,0.5
5151,5151,4,0,-0.027249505447067723,0.045748282736611585,51,0.9745794006366187,42,64,largest,0.5
5152,5152,3,0,-0.1256263400062576,0.01108904087045594,2,0.9034933756349972,42,64,largest,0.5
5153,5153,2,0,-0.010767463547394995,0.10608876843794605,58,0.9771403494796654,42,64,largest,0.5
5154,5154,1,0,-0.03341665970473673,0.0655814480523177,3,0.9736705779264647,42,64,largest,0.5
5155,5155,0,0,-0.11269000277866736,0.01468591518590304,44,0.8958334667515918,42,64,largest,0.5
5156,5156,4,0,-0.03292258361402822,0.04244008453500999,2,0.9875485819296478,42,64,largest,0.5
5157,5157,3,0,-0.06504797678162189,0.036255586242166876,23,0.9610508989298714,42,64,largest,0.5
5158,5158,2,0,-0.07971138862509641,0.02791595991675138,62,0.9910473199327843,42,64,largest,0.5
5159,5159,1,0,-0.034599907110277606,0.06424133852888306,60,0.9822122635486175,42,64,largest,0.5
516,516,0,0,-0.07981892033299254,0.027928551518960325,21,0.95820933484988,42,64,largest,0.5
5160,5160,4,1,0.0022637696824726605,0.06727783895451696,42,0.9728862835679939,42,64,largest,0.5
5161,5161,3,0,-0.09646905274519324,0.019684244695674768,8,0.9655900214832049,42,64,largest,0.5
5162,5162,2,0,-0.06523132924930752,0.03724669052543563,51,0.9670169269673191,42,64,largest,0.5
5163,5163,1,0,-0.06316595581105666,0.038726100152295405,8,0.942499121609679,42,64,largest,0.5
5164,5164,0,0,-0.05481800329946196,0.04519067944910343,2,0.9660420474961317,42,64,largest,0.5
5165,5165,4,0,-0.016081333678205523,0.0529906623764508,55,1.001596147293657,42,64,largest,0.5
5166,5166,3,0,-0.0912573908507529,0.021797485146706645,35,0.9693342089247307,42,64,largest,0.5
5167,5167,2,0,-0.02542284881060386,0.08069449035192047,32,0.9590164753230943,42,64,largest,0.5
5168,5168,1,0,-0.03418460633464182,0.0647087652131915,11,0.9603994480423195,42,64,largest,0.5
5169,5169,0,0,-0.0020726997313414985,0.11946273994036953,31,0.9822932295366682,42,64,largest,0.5
517,517,4,0,-0.027346689083534326,0.045689596432801315,4,0.970178664922463,42,64,largest,0.5
5170,5170,3,0,-0.039344041478968084,0.05915356072479356,41,0.9855220270025167,42,64,largest,0.5
5171,5171,2,0,-0.08847407103916605,0.02341726897980621,16,0.9948794957316665,42,64,largest,0.5
5172,5172,1,0,-0.04188438238179726,0.05653832199856823,51,0.9413285535337712,42,64,largest,0.5
5173,5173,0,1,0.0016693109483338908,0.12754786021766368,36,0.9602664224974351,42,64,largest,0.5
5175,5175,4,0,-0.03978736358681523,0.038742273076903894,31,0.9911888311159581,42,64,largest,0.5
5176,5176,3,0,-0.06477446593456981,0.03644702455459917,44,0.99996707365062,42,64,largest,0.5
5177,5177,2,0,-0.06944135041538335,0.034261221174472944,23,0.9787118305941126,42,64,largest,0.5
5178,5178,1,0,-0.038521717153888635,0.0599799631293002,12,0.9706230111705415,42,64,largest,0.5
5179,5179,0,0,-0.08023100746967404,0.02770605017216934,27,0.9353338997085038,42,64,largest,0.5
518,518,4,0,-0.027826706542603885,0.04540077812144703,3,0.9569444730213761,42,64,largest,0.5
5180,5180,3,0,-0.0783691317038594,0.028020393899351643,61,0.9413151906965224,42,64,largest,0.5
5181,5181,2,0,-0.0661384150176395,0.03658300440231266,5,0.9889449887982545,42,64,largest,0.5
5182,5182,1,0,-0.06200025258389097,0.03954401215873514,52,0.9602019096547396,42,64,largest,0.5
5183,5183,0,0,-0.10359440318626256,0.017559024667141803,35,0.9663955800067361,42,64,largest,0.5
5184,5184,4,0,-0.0517259243306073,0.033036291259712906,1,0.9537623417549527,42,64,largest,0.5
5185,5185,3,0,-0.023804499675039947,0.078990113973319,10,0.9877574985129454,42,64,largest,0.5
5186,5186,2,0,-0.05347560765909398,0.04696301755795727,46,0.9787277140203362,42,64,largest,0.5
5187,5187,1,0,-0.019320828331657935,0.08366148484695779,16,0.9859356693752288,42,64,largest,0.5
5188,5188,0,0,-0.07301522035080044,0.031862645000989044,51,0.9765193878853077,42,64,largest,0.5
5189,5189,4,0,-0.04149376140963856,0.03787220993235557,29,0.9819980328556529,42,64,largest,0.5
519,519,3,0,-0.039352807597665906,0.05914381329824606,39,0.9945307135391044,42,64,largest,0.5
5190,5190,2,0,-0.06160183766526983,0.040019863262581085,58,0.9956637362765797,42,64,largest,0.5
5191,5191,1,0,-0.012750607505523481,0.09355265054265148,55,0.9707145177280814,42,64,largest,0.5
5192,5192,0,0,-0.058669398034906894,0.04198639630502647,1,1.0000361119816574,42,64,largest,0.5
5193,5193,4,0,-0.13264599512427266,0.011024182230019986,35,0.8966304530121432,42,64,largest,0.5
5194,5194,3,0,-0.06388851537094786,0.03707382706073848,42,0.9463997240436823,42,64,largest,0.5
5195,5195,2,0,-0.05000902877072366,0.05026143352169949,46,0.9690408358113732,42,64,largest,0.5
5196,5196,1,0,-0.012662359816298041,0.09369238327617996,61,0.9867301331362277,42,64,largest,0.5
5197,5197,0,0,-0.05204959751997362,0.047636485311537476,37,0.9968379058448958,42,64,largest,0.5
5198,5198,4,0,-0.01591552660218032,0.053105947548417715,3,0.9756054652866184,42,64,largest,0.5
5199,5199,3,0,-0.028920912554895484,0.0718655930259274,30,0.9804395465009117,42,64,largest,0.5
52,52,2,1,0.01816573291367707,0.1771371557057844,10,0.9376473975426293,42,64,largest,0.5
520,520,1,0,-0.02209999820987163,0.07977076579384013,22,0.9909920925632768,42,64,largest,0.5
5200,5200,0,0,-0.04387098676440471,0.05561627253712485,43,0.9800554870738436,42,64,largest,0.5
5201,5201,4,0,-0.016112929332376402,0.052968720827675946,44,0.9681081537172599,42,64,largest,0.5
5202,5202,3,0,-0.047893687507069016,0.05033190626653752,30,0.9543912917025863,42,64,largest,0.5
5203,5203,2,1,0.008485923417625774,0.1499386455700711,10,0.9597390283027001,42,64,largest,0.5
5204,5204,1,0,-0.06019928157684051,0.040840300602015524,11,0.9565654932812265,42,64,largest,0.5
5205,5205,0,1,0.01192257376226491,0.15211563124876692,36,0.944820338275052,42,64,largest,0.5
5206,5206,4,0,-0.0035856535740503848,0.06237187068219965,36,0.9891002871780608,42,64,largest,0.5
5207,5207,3,0,-0.08907828946623741,0.022745460532219212,36,0.9893172125136027,42,64,largest,0.5
5208,5208,2,0,-0.09209582959316465,0.0217718726576346,43,0.9408891319681194,42,64,largest,0.5
5209,5209,1,0,-0.030091750505279125,0.06948743137480543,63,0.9713105003436757,42,64,largest,0.5
521,521,0,0,-0.013664599260622357,0.0971792105197959,0,0.975043187417319,42,64,largest,0.5
5210,5210,4,0,-0.04461839338381979,0.036327443578348564,2,1.0039985350837066,42,64,largest,0.5
5211,5211,3,0,-0.10421412445007949,0.016909755889586195,27,0.9328671760775772,42,64,largest,0.5
5212,5212,2,0,-0.029048380214466762,0.07532960440788572,14,1.0025954697478434,42,64,largest,0.5
5213,5213,1,0,-0.07415111970964494,0.03177681053494242,13,0.9404351451485975,42,64,largest,0.5
5214,5214,0,0,-0.08563600002548533,0.024942544539170393,21,0.9577846295888893,42,64,largest,0.5
5215,5215,4,0,-0.018427986784923966,0.05138418023155085,29,0.9722815821443775,42,64,largest,0.5
5216,5216,3,0,-0.06730959299125516,0.03470928995798704,6,0.9685355368463918,42,64,largest,0.5
5217,5217,2,0,-0.045246715930146286,0.05515168903515995,5,0.9928133739660915,42,64,largest,0.5
5218,5218,1,0,-0.039153485733518845,0.05931872966362786,1,0.9740030483554148,42,64,largest,0.5
5219,5219,0,0,-0.06639136384402922,0.036204692373471424,49,0.9840445925637149,42,64,largest,0.5
522,522,4,0,-0.04411636262536889,0.03657148617215735,17,0.9878439621351285,42,64,largest,0.5
5220,5220,3,0,-0.08366180814408875,0.025279548061317794,28,0.9794585231828872,42,64,largest,0.5
5221,5221,2,0,-0.08971005928811715,0.022842540057978384,12,0.9704380730810346,42,64,largest,0.5
5222,5222,1,0,-0.0033756181240531813,0.10947901828849689,42,0.9914124032678178,42,64,largest,0.5
5223,5223,0,0,-0.04370794837610115,0.05578749135907662,37,1.0103176779752028,42,64,largest,0.5
5224,5224,4,0,-0.054757013040965474,0.03172202629821769,46,0.9962033381008472,42,64,largest,0.5
5226,5226,3,0,-0.05176140248028149,0.046763767940526356,22,0.9911368277379973,42,64,largest,0.5
5227,5227,2,0,-0.04424674296493758,0.05623398958023064,35,1.0021860036452699,42,64,largest,0.5
5228,5228,1,1,0.00943869381058704,0.13505753873588378,7,0.9917785218265531,42,64,largest,0.5
5229,5229,0,0,-0.08752197373187687,0.024042965963099995,24,0.9931113768881299,42,64,largest,0.5
523,523,4,1,0.007009307249179808,0.07151859164171492,42,0.9704745464030298,42,64,largest,0.5
5230,5230,3,0,-0.07458927623392198,0.03015232309548829,39,0.9987297061377178,42,64,largest,0.5
5231,5231,2,0,-0.038956035436033765,0.06229989184341706,0,0.9764427444856546,42,64,largest,0.5
5232,5232,1,0,-0.05686908259978052,0.04334516021948201,14,0.9480718281867105,42,64,largest,0.5
5233,5233,0,0,-0.06166027679403896,0.039649077489994036,9,0.9829446148608268,42,64,largest,0.5
5234,5234,4,0,-0.032570760347903294,0.0426384225036471,36,0.9832032349081155,42,64,largest,0.5
5235,5235,3,0,-0.08640986506350701,0.023961261394149808,45,0.9526003648198991,42,64,largest,0.5
5236,5236,2,0,-0.07450318774148645,0.030976640214484322,40,0.9467267067313364,42,64,largest,0.5
5237,5237,1,0,-0.02833117086327841,0.07164188018417726,12,0.980208259163501,42,64,largest,0.5
5238,5238,0,0,-0.04529645470868193,0.05414021384994658,57,0.9753846362732884,42,64,largest,0.5
5239,5239,4,0,-0.01839876282790298,0.05140390031917693,46,0.9940543809650322,42,64,largest,0.5
524,524,3,0,-0.04276928040005046,0.055457551453096596,59,0.9446017393979362,42,64,largest,0.5
5240,5240,2,0,-0.06180070320773556,0.039862921027835084,34,0.9871886815332996,42,64,largest,0.5
5241,5241,1,0,-0.06791540199236656,0.035558532761509144,56,0.9469585107570498,42,64,largest,0.5
5242,5242,0,0,-0.0817573998953186,0.026896801788094903,49,0.9829230492183888,42,64,largest,0.5
5243,5243,4,0,-0.03511753873821022,0.041222467879137505,38,0.9746270115447934,42,64,largest,0.5
5244,5244,3,0,-0.1227542124541472,0.011736344836506816,43,0.9467840737314355,42,64,largest,0.5
5245,5245,2,0,-0.07049431836443931,0.033551382940663343,5,0.9759626363507334,42,64,largest,0.5
5246,5246,1,0,-0.02225561695132361,0.07955786503162122,12,0.9902915776732991,42,64,largest,0.5
5247,5247,0,0,-0.04338307533719998,0.056130144583684,52,0.993509050328657,42,64,largest,0.5
5248,5248,4,0,-0.1019984343215733,0.01675136810905648,48,0.9275504182746613,42,64,largest,0.5
5249,5249,3,0,-0.04988979877712685,0.048459327747703417,62,0.995519358947487,42,64,largest,0.5
525,525,2,0,-0.1125100122988405,0.014410796835014065,45,0.9365206086629885,42,64,largest,0.5
5250,5250,1,0,-0.04865167301748963,0.05016775373822723,61,0.9656312092537954,42,64,largest,0.5
5251,5251,0,0,-0.07160822091467378,0.0327406882902657,62,0.9872090078965183,42,64,largest,0.5
5252,5252,4,0,-0.0288225982901541,0.044807104224223814,29,0.9842899775829853,42,64,largest,0.5
5253,5253,3,0,-0.06571277863500646,0.03579429828913634,45,0.9897655695020482,42,64,largest,0.5
5254,5254,2,0,-0.0832960772652861,0.02598217054449838,41,0.9729891022523917,42,64,largest,0.5
5255,5255,1,0,-0.036530963154411955,0.06210894995652859,56,0.9765508399638758,42,64,largest,0.5
5256,5256,0,0,-0.07910217785091411,0.02831968865525705,39,0.9743362951861202,42,64,largest,0.5
5257,5257,4,0,-0.04366045951167874,0.03679447151388126,29,0.9697301288819227,42,64,largest,0.5
5258,5258,3,0,-0.041737741575783915,0.056547149539294544,37,0.9833414333143907,42,64,largest,0.5
5259,5259,2,0,-0.0640855905421156,0.03810154620495133,39,1.0026953078271552,42,64,largest,0.5
526,526,1,0,-0.005212368769269227,0.10618205174384941,36,0.9988495854855276,42,64,largest,0.5
5260,5260,0,0,-0.0945614607032974,0.02095656884376126,4,0.9758590182326883,42,64,largest,0.5
5261,5261,4,0,-0.02348174552618454,0.04807961034855034,38,0.991790317512761,42,64,largest,0.5
5262,5262,3,0,-0.029391380365048958,0.07124109543519098,55,0.9704382814058011,42,64,largest,0.5
5263,5263,2,0,-0.04306781860180575,0.05753562386852538,7,0.9907837582993068,42,64,largest,0.5
5264,5264,1,0,-0.01717410496100702,0.08678402465614754,4,0.9961873734804934,42,64,largest,0.5
5265,5265,0,0,-0.07085764516621151,0.03321860448732131,14,0.9546115943075493,42,64,largest,0.5
5266,5266,4,0,-0.036779829524682284,0.040322657691448334,1,0.9615510916921969,42,64,largest,0.5
5268,5268,3,0,-0.08667927153876731,0.023835690561697376,54,0.9738076752111918,42,64,largest,0.5
5269,5269,2,0,-0.07679931193561051,0.029589168473981034,16,0.9779570004541365,42,64,largest,0.5
527,527,1,1,0.003008237871472419,0.12164405819697044,7,1.0000528866368077,42,64,largest,0.5
5270,5270,0,0,-0.08054847571462864,0.027535812436116452,28,0.9930809705958672,42,64,largest,0.5
5271,5271,4,0,-0.03290040850326159,0.04245255952494304,54,0.989691347547007,42,64,largest,0.5
5272,5272,3,0,-0.07282251203999279,0.031201955791029256,36,0.9889578349199437,42,64,largest,0.5
5273,5273,2,0,-0.0837731450343896,0.02573484881806999,16,0.9780869471101706,42,64,largest,0.5
5274,5274,1,1,0.0032408085603319314,0.1221085038300164,7,0.9965438198807646,42,64,largest,0.5
5275,5275,0,0,-0.08171248657452612,0.02692028199539974,5,0.9649493343614443,42,64,largest,0.5
5276,5276,4,0,-0.06228652690168135,0.028672510676807404,18,0.9654234885710137,42,64,largest,0.5
5277,5277,3,0,-0.09783764490827762,0.019163432144631003,48,0.9504246603547006,42,64,largest,0.5
5278,5278,2,0,-0.10399321573834863,0.017124363189723445,56,0.948631298373173,42,64,largest,0.5
5279,5279,1,0,-0.029252828797382113,0.07050645254124122,62,0.9784631156447805,42,64,largest,0.5
528,528,0,0,-0.069405626052646,0.03416234200905368,16,0.9697236157648322,42,64,largest,0.5
5280,5280,4,0,-0.04979758955622038,0.03389961922040912,3,0.9931415636220198,42,64,largest,0.5
5281,5281,3,0,-0.032931592241556396,0.06670034432596435,17,0.9802338172611657,42,64,largest,0.5
5282,5282,2,0,-0.04552351854407366,0.054855580715430355,35,0.9876049828188505,42,64,largest,0.5
5283,5283,1,0,-0.010538048546716805,0.0971129438257419,42,0.9768498306028941,42,64,largest,0.5
5284,5284,0,0,-0.11698266203316132,0.013495957735398493,34,0.9503029642485248,42,64,largest,0.5
5285,5285,4,0,-0.07381464932961734,0.02454760767355629,15,0.9248441999406458,42,64,largest,0.5
5286,5286,3,0,-0.05497792803711521,0.04398086248120139,52,0.9681578684491026,42,64,largest,0.5
5287,5287,2,0,-0.1113665007049397,0.014748905110520382,42,0.9491533954696832,42,64,largest,0.5
5288,5288,1,0,-0.005008086993094629,0.10654436747375082,51,0.9959095898825119,42,64,largest,0.5
5289,5289,0,0,-0.10927416276116997,0.015706149068444676,37,0.9667460163565365,42,64,largest,0.5
529,529,4,0,-0.029839301585098843,0.04420866061320378,22,0.9958832555805475,42,64,largest,0.5
5290,5290,3,0,-0.09260084598881824,0.02123240545141006,23,0.9490780321399642,42,64,largest,0.5
5291,5291,2,0,-0.10416568277272131,0.017064723579116287,19,0.9834441331262496,42,64,largest,0.5
5292,5292,1,0,-0.004340901906029204,0.10773528637586946,23,1.0054994805860553,42,64,largest,0.5
5293,5293,0,0,-0.13392580064251636,0.009659971958927612,20,0.9755879576157809,42,64,largest,0.5
5294,5294,4,0,-0.08340855337351083,0.021560894366722174,23,0.9464700186480514,42,64,largest,0.5
5295,5295,3,0,-0.06619697284608317,0.035461891240496174,44,0.981335046634668,42,64,largest,0.5
5296,5296,2,0,-0.05047232004091251,0.049808232045924904,55,1.000408261625318,42,64,largest,0.5
5297,5297,1,0,-0.015938496862027196,0.08862877459030545,55,0.9892177254696374,42,64,largest,0.5
5298,5298,0,0,-0.04986790548388853,0.04965202701841455,17,0.9813777650765446,42,64,largest,0.5
5299,5299,4,0,-0.049276274287004984,0.034136729247055214,54,0.998017419006064,42,64,largest,0.5
53,53,3,0,-0.05984234462617266,0.040070513635944736,35,1.0007387872468896,42,64,largest,0.5
530,530,2,0,-0.06130013639997334,0.04025909326041665,5,0.9916752203876767,42,64,largest,0.5
5300,5300,1,1,0.002863039539571788,0.12135486817614498,7,0.9945389632631418,42,64,largest,0.5
5301,5301,0,0,-0.0959495994833699,0.020395414296098646,33,0.9812689892658455,42,64,largest,0.5
5302,5302,4,0,-0.01789652138798936,0.051743929238558674,44,1.0001810634205686,42,64,largest,0.5
5303,5303,3,0,-0.05456210868049072,0.044331531689929204,10,0.998151105321183,42,64,largest,0.5
5304,5304,2,0,-0.05336256897400138,0.04706725182128333,34,0.9849240568281006,42,64,largest,0.5
5305,5305,1,0,-0.04577806956391994,0.052785339856520876,1,0.9704092087264776,42,64,largest,0.5
5306,5306,0,0,-0.07973641014954924,0.027973309953323172,34,0.9865703897702705,42,64,largest,0.5
5307,5307,4,0,-0.052025974359136695,0.03290388018557369,13,1.0015102366309387,42,64,largest,0.5
5308,5308,3,0,-0.05313926529708701,0.0455517199219401,36,0.9828482024710046,42,64,largest,0.5
5309,5309,2,0,-0.06441304906348622,0.0378553187009595,15,0.9851011269818468,42,64,largest,0.5
531,531,1,0,-0.0689917672025595,0.034876134407965276,4,0.9421328487471716,42,64,largest,0.5
5310,5310,0,0,-0.04779593852900743,0.05164081992247607,32,0.980327955395863,42,64,largest,0.5
5311,5311,4,0,-0.013750597916772356,0.0546330966448561,51,0.988530043189295,42,64,largest,0.5
5312,5312,3,0,-0.0758811274842387,0.029406571634643823,36,0.9774024612053417,42,64,largest,0.5
5313,5313,2,0,-0.042306131115231516,0.05839158161000369,55,0.9695392811153554,42,64,largest,0.5
5314,5314,1,1,0.012527064784401465,0.14193216787990057,7,0.9873606545247844,42,64,largest,0.5
5315,5315,0,0,-0.039212637935228,0.06070805857555279,20,0.9845767478208689,42,64,largest,0.5
5316,5316,4,1,0.01165988825634312,0.07591262146841811,42,0.9911997215558185,42,64,largest,0.5
5317,5317,3,0,-0.006253853157699885,0.10856638305056507,3,0.9786141008856816,42,64,largest,0.5
5318,5318,2,0,-0.06957110455307658,0.03417297344366598,55,0.966707586740971,42,64,largest,0.5
5319,5319,1,0,-0.02913594365714589,0.07064952197323832,61,0.9780855498526804,42,64,largest,0.5
532,532,0,0,-0.04518383199372367,0.05425547716889485,27,0.9787015286584646,42,64,largest,0.5
5320,5320,4,0,-0.08925598070027319,0.019918002567945924,23,0.9571799638630719,42,64,largest,0.5
5321,5321,3,0,-0.030263646947878087,0.07009649178420235,53,0.9908774726135183,42,64,largest,0.5
5322,5322,2,0,-0.04195462813731976,0.058790603953640615,0,0.9885318390397251,42,64,largest,0.5
5323,5323,1,0,-0.04159945084699923,0.0568225961122749,61,0.9724679413862587,42,64,largest,0.5
5324,5324,0,0,-0.051123065917524246,0.0484827821398381,5,0.9889617947810881,42,64,largest,0.5
5325,5325,4,0,-0.06261727086190605,0.028545289992491795,48,0.9776786101697735,42,64,largest,0.5
5326,5326,3,0,-0.053602805844606194,0.045150729325683085,8,0.9921899584439878,42,64,largest,0.5
5327,5327,2,0,-0.06018080255343805,0.04115867825672493,60,0.983567240011612,42,64,largest,0.5
5328,5328,1,0,-0.005964513775488123,0.10485738593056333,53,0.9819090794673823,42,64,largest,0.5
5329,5329,0,0,-0.11004002675953806,0.015471501279947193,20,0.9582491940237083,42,64,largest,0.5
533,533,4,0,-0.07117262944660407,0.025438634155067162,2,0.9731089225244022,42,64,largest,0.5
5330,5330,3,0,-0.11631050876405402,0.013327512374638705,36,0.9642498818483357,42,64,largest,0.5
5331,5331,2,0,-0.5792957149899639,9.836125594413689e-07,52,0.5040491450484169,42,64,largest,0.5
5332,5332,1,0,-0.0335300976855627,0.06545185340139668,26,0.9825728838540654,42,64,largest,0.5
5333,5333,0,0,-0.04624997916641127,0.05317354500757514,24,0.9906716808625804,42,64,largest,0.5
5335,5335,4,0,-0.00880282541391042,0.058279916264941445,61,0.9948653953142356,42,64,largest,0.5
5336,5336,3,0,-0.08445986218116808,0.024889593583460615,36,0.9685633843687229,42,64,largest,0.5
5337,5337,2,0,-0.048541251230272864,0.051723160312332934,15,0.977233459368095,42,64,largest,0.5
5338,5338,1,1,0.0028360438169475755,0.12130116644375405,7,0.9879533809010392,42,64,largest,0.5
5339,5339,0,0,-0.04262649562390086,0.056935818549918187,17,0.9962928434835197,42,64,largest,0.5
534,534,4,0,-0.03416791808129105,0.041745097085469335,17,0.9642544996080511,42,64,largest,0.5
5340,5340,3,0,-0.0632768900918309,0.03751258082874944,6,0.9910887857430496,42,64,largest,0.5
5341,5341,2,0,-0.26994709388311977,0.0005722138672269155,59,0.7936721201722833,42,64,largest,0.5
5342,5342,1,0,-0.036524664813459506,0.06211579632960803,9,0.9701844929806694,42,64,largest,0.5
5343,5343,0,1,0.024143823375882056,0.18632047803836432,36,0.924008126971737,42,64,largest,0.5
5344,5344,4,0,-0.010697116093172587,0.056857479018129424,57,0.9775304024898755,42,64,largest,0.5
5345,5345,3,0,-0.09527750109370259,0.020148961505890153,57,0.9634842863947268,42,64,largest,0.5
5346,5346,2,0,-0.07157751667804624,0.03283598686672414,34,0.9804977878780873,42,64,largest,0.5
5347,5347,1,0,-0.014374627091585879,0.09101433214873167,16,0.992335746649498,42,64,largest,0.5
5348,5348,0,0,-0.06262272391350043,0.038923832488829066,35,0.997914295493062,42,64,largest,0.5
5349,5349,4,0,-0.013225748946443905,0.055009511920891443,3,0.9844577607575141,42,64,largest,0.5
535,535,3,0,-0.07890494705315576,0.02773027906174124,52,0.9813096084334925,42,64,largest,0.5
5350,5350,2,0,-0.060079051612661916,0.04124140078879371,4,1.0031205221743,42,64,largest,0.5
5351,5351,1,0,-0.006862112539117726,0.10329566260971795,60,0.9924455395762313,42,64,largest,0.5
5352,5352,0,0,-0.0688346121689174,0.03454051394018788,37,1.0002617188986942,42,64,largest,0.5
5353,5353,4,0,-0.012278839450268308,0.05569480912300561,31,0.9917633268737279,42,64,largest,0.5
5354,5354,3,0,-0.07052356016183992,0.03262081029076225,41,0.9842129734302731,42,64,largest,0.5
5355,5355,2,0,-0.04623809856306482,0.05409807117043738,3,0.9885941421661077,42,64,largest,0.5
5356,5356,1,0,-0.012486698800262652,0.09397108468090934,23,0.9881285016353923,42,64,largest,0.5
5357,5357,0,0,-0.05055887666569281,0.04900508430484593,30,0.9744791100421695,42,64,largest,0.5
5358,5358,4,0,-0.034270854373703474,0.04168814065931558,12,0.9806511896412841,42,64,largest,0.5
5359,5359,3,0,-0.08535276840670936,0.02446023835048399,8,0.9541608855593756,42,64,largest,0.5
536,536,2,0,-0.0663191711517166,0.036452116940741866,53,1.00081532222193,42,64,largest,0.5
5360,5360,1,0,-0.024906470158084892,0.07601018286125365,60,0.9779358803486627,42,64,largest,0.5
5361,5361,0,0,-0.06778143177065332,0.035248629231674544,24,0.9875664298138862,42,64,largest,0.5
5362,5362,4,0,-0.05017996329289598,0.03372671510809776,21,0.9836718208744727,42,64,largest,0.5
5363,5363,3,0,-0.05257605106051966,0.04604349834453391,13,0.9860410286811297,42,64,largest,0.5
5364,5364,2,0,-0.01597527084070638,0.09634513927913077,55,0.9940791870175385,42,64,largest,0.5
5365,5365,1,0,-0.005659505448895041,0.10539279414792203,37,0.9824051260861001,42,64,largest,0.5
5366,5366,0,0,-0.09437773149365725,0.021031964557411787,16,0.9800649998435275,42,64,largest,0.5
5367,5367,4,0,-0.056702519807912966,0.030905261710239575,7,0.961338354621432,42,64,largest,0.5
5368,5368,3,0,-0.06657948626211374,0.035201393981863914,60,0.9846609396258174,42,64,largest,0.5
5369,5369,2,0,-0.06571536339190276,0.03689111030682383,42,0.9645052655038919,42,64,largest,0.5
537,537,1,0,-0.04757723515902246,0.05113175618310282,47,0.948094766656026,42,64,largest,0.5
5370,5370,0,0,-0.03875029414977005,0.061236572600957995,34,0.9768120358498927,42,64,largest,0.5
5371,5371,4,0,-0.029553941241831083,0.04437585329224431,5,0.9956575612399061,42,64,largest,0.5
5372,5372,3,0,-0.04975717195895113,0.048581668836654726,20,0.9449195807261842,42,64,largest,0.5
5373,5373,2,0,-0.11555414808703679,0.013547510759135418,24,0.9456699469897778,42,64,largest,0.5
5374,5374,1,0,-0.03818797038451793,0.060332055128350714,56,0.9750915930485998,42,64,largest,0.5
5375,5375,0,0,-0.08564904153546615,0.024936212726123102,48,0.929403339295407,42,64,largest,0.5
5376,5376,4,0,-0.058317617914405595,0.030242709099089247,24,0.9226534177369032,42,64,largest,0.5
5377,5377,3,0,-0.07587894358945702,0.029407817120763426,16,0.97616781233003,42,64,largest,0.5
5378,5378,2,0,-0.03889589790664594,0.06237223409222107,17,0.978250308673058,42,64,largest,0.5
5379,5379,1,0,-0.0864992146369008,0.02540346460638998,58,0.9339760904624941,42,64,largest,0.5
538,538,0,0,-0.03523250580849102,0.06540075298134282,40,0.9849515426509454,42,64,largest,0.5
5380,5380,4,0,-0.07490554232918767,0.024188641278703585,38,0.945580140209083,42,64,largest,0.5
5381,5381,3,0,-0.10024231607792666,0.01828087848680607,16,0.9423561807720942,42,64,largest,0.5
5382,5382,2,0,-0.05498002028582383,0.0455965197744105,0,0.9616322451706351,42,64,largest,0.5
5383,5383,1,0,-0.02921993074413287,0.07054669323067594,63,0.9741529432351758,42,64,largest,0.5
5384,5384,0,0,-0.10867816922972273,0.01589117126455372,34,0.9626578650601605,42,64,largest,0.5
5385,5385,4,0,-0.0783869981340104,0.023076955063944752,1,0.9567940456213919,42,64,largest,0.5
5386,5386,3,0,-0.06944517992313981,0.03330765531535321,7,0.9492264255118256,42,64,largest,0.5
5387,5387,2,0,-0.06139765204426273,0.04018162005888508,46,0.9766369174306089,42,64,largest,0.5
5388,5388,1,1,0.008819619154280978,0.1337137756384944,7,0.9832086075794391,42,64,largest,0.5
5389,5389,0,0,-0.0913533743485454,0.022311859270000102,27,0.9413013472727482,42,64,largest,0.5
539,539,4,0,-0.05024690907133833,0.03369653082953108,58,0.9977779798682572,42,64,largest,0.5
5390,5390,3,0,-0.062207344697941425,0.03829184517541614,8,1.0025465678630685,42,64,largest,0.5
5391,5391,2,0,-0.059132305953218056,0.042018759616661905,12,0.9738389214379926,42,64,largest,0.5
5392,5392,1,0,-0.054025245622754015,0.045599686356041155,9,0.9560952875896372,42,64,largest,0.5
5393,5393,0,0,-0.08265230841093074,0.026433083771128924,51,0.9658592369576808,42,64,largest,0.5
5394,5394,4,0,-0.09717368855442354,0.017887526606710547,1,0.9383681049340807,42,64,largest,0.5
5395,5395,3,0,-0.031415794459808244,0.06861068348098592,30,0.9610885622890692,42,64,largest,0.5
5396,5396,2,0,-0.0541638243168413,0.046333126097626624,4,0.9859114621835593,42,64,largest,0.5
5397,5397,1,0,-0.031437600241797536,0.06788109029222891,50,0.9910758292228581,42,64,largest,0.5
5398,5398,0,0,-0.044508623995728636,0.05495138050549254,17,0.9920999417528733,42,64,largest,0.5
5399,5399,4,0,-0.04034312196540113,0.03845681533142645,54,1.008991399957435,42,64,largest,0.5
54,54,3,0,-0.08148517277133971,0.026373610442031653,2,0.9507995995367822,42,64,largest,0.5
540,540,2,0,-0.02200644901886817,0.08606659531205953,7,0.9634294948296872,42,64,largest,0.5
5400,5400,1,0,-0.025115270831273517,0.07573699654613647,50,0.9900077698979012,42,64,largest,0.5
5401,5401,0,0,-0.06147034294472575,0.03979372357173401,17,0.983838139779421,42,64,largest,0.5
5402,5402,4,0,-0.014846442464934606,0.05385498085683458,60,1.0038975832286061,42,64,largest,0.5
5404,5404,3,0,-0.07399476536712335,0.030501645304212774,10,0.9769466226757586,42,64,largest,0.5
5405,5405,2,0,-0.05906002956953338,0.04207867694153595,41,0.9722797021062151,42,64,largest,0.5
5406,5406,1,0,-0.013279032605440166,0.09271983840963262,12,0.9904183031391025,42,64,largest,0.5
5407,5407,0,0,-0.062419995618064106,0.03907553102797746,35,0.9933628198150638,42,64,largest,0.5
5408,5408,4,0,-0.026594258563227724,0.04614584378351783,22,0.9997600069864956,42,64,largest,0.5
5409,5409,3,0,-0.0655160683813063,0.0359301983403673,6,0.9826168699938949,42,64,largest,0.5
541,541,2,1,0.005661587974443272,0.14267972723989727,10,0.9672761816991952,42,64,largest,0.5
5410,5410,1,0,-0.011078567200047296,0.09623217516172074,9,0.9867746851617519,42,64,largest,0.5
5411,5411,0,0,-0.07917804191236366,0.02827803811128666,37,0.9945880781223472,42,64,largest,0.5
5412,5412,4,0,-0.06471719236361428,0.027750247352189332,18,0.960741516979833,42,64,largest,0.5
5413,5413,3,0,-0.06370937687445966,0.03720181988043407,28,0.966292472921058,42,64,largest,0.5
5414,5414,2,0,-0.06673892413505678,0.03614990516385451,39,0.9670776312653736,42,64,largest,0.5
5415,5415,1,0,-0.026687122869216817,0.07370922460153712,23,0.9633856455265272,42,64,largest,0.5
5416,5416,0,0,-0.08808236356964949,0.023781821482973416,14,0.9701254093538452,42,64,largest,0.5
5417,5417,4,0,-0.08161527190296791,0.022090784645628473,17,0.9247582367454164,42,64,largest,0.5
5418,5418,3,0,-0.07615201605690602,0.02925247857187867,8,0.9821886866528764,42,64,largest,0.5
5419,5419,2,0,-0.10902085344408863,0.015467092158538571,42,0.9265852820078806,42,64,largest,0.5
542,542,1,0,-0.046529746055093635,0.05208843191493841,11,0.9563121617472169,42,64,largest,0.5
5420,5420,0,0,-0.055131621836401856,0.04492126942376271,1,0.9664238596488411,42,64,largest,0.5
5421,5421,4,0,-0.05524748060460649,0.03151417037633519,11,0.9628609704472543,42,64,largest,0.5
5422,5422,3,0,-0.05579797910841633,0.04329703729380316,52,0.9616797871668511,42,64,largest,0.5
5423,5423,2,0,-0.06468252253036444,0.037653839421360816,45,0.9665616044944783,42,64,largest,0.5
5424,5424,1,0,-0.03311836752800923,0.06592336454779091,33,0.9738471356453825,42,64,largest,0.5
5425,5425,0,0,-0.023800283753568352,0.08081442421624614,28,0.9968435469312932,42,64,largest,0.5
5426,5426,4,0,-0.017615641886738476,0.05193501716385899,22,0.9916424259383724,42,64,largest,0.5
5427,5427,3,0,-0.045994049614982324,0.0521774570494464,44,0.9867225458489705,42,64,largest,0.5
5428,5428,2,0,-0.060399482316619624,0.04098143080717775,5,0.9914716382654267,42,64,largest,0.5
5429,5429,1,0,-0.0029606559455991333,0.11023620342505061,25,0.9878103856359466,42,64,largest,0.5
543,543,0,0,-0.0223629458108614,0.08297196890149203,6,0.961640788224636,42,64,largest,0.5
5430,5430,4,0,-0.050620986049404126,0.033528347602213106,13,0.9793277145719407,42,64,largest,0.5
5431,5431,3,0,-0.029317872951701407,0.0713383376275676,22,1.0003349388537297,42,64,largest,0.5
5432,5432,2,0,-0.07443008916998362,0.03102183036642963,34,1.0088905571672848,42,64,largest,0.5
5433,5433,1,0,-0.05577834562487727,0.044197007151923914,31,0.9615864115420749,42,64,largest,0.5
5434,5434,0,0,-0.12239604405455962,0.012130127132768693,14,0.9293146865324001,42,64,largest,0.5
5436,5436,4,0,-0.05890254515410076,0.03000616839866325,7,0.933775780937969,42,64,largest,0.5
5437,5437,3,0,-0.08256984820571811,0.025822769535682428,44,0.9904196605478129,42,64,largest,0.5
5438,5438,2,0,-0.08698172027087425,0.024130032462287385,18,0.9528410308698207,42,64,largest,0.5
5439,5439,1,0,-0.046705018706376,0.05192718455826832,63,0.9749858922672341,42,64,largest,0.5
544,544,0,0,-0.034399843213271164,0.06642427999167295,30,0.9674249170799553,42,64,largest,0.5
5440,5440,4,0,-0.08305301105200735,0.021664954875352055,11,0.9640149396901492,42,64,largest,0.5
5441,5441,3,0,-0.0676975413698131,0.03445051122491409,8,0.9715675113067257,42,64,largest,0.5
5442,5442,2,0,-0.06313494640958561,0.03882511239686979,13,0.9859796270355716,42,64,largest,0.5
5443,5443,1,0,-0.030127532064475382,0.06944427267070016,36,0.9790086568502057,42,64,largest,0.5
5444,5444,0,0,-0.08062008089257877,0.02749755590571063,5,0.9853256697085717,42,64,largest,0.5
5445,5445,4,0,-0.04130149573419151,0.03796929681323215,36,0.9687337052936857,42,64,largest,0.5
5446,5446,3,0,-0.02931077331264309,0.07134773615259778,46,0.9891691106264086,42,64,largest,0.5
5447,5447,2,0,-0.0641662450282835,0.03804075688450734,15,0.9766225661114055,42,64,largest,0.5
5448,5448,1,0,-0.01731089990035839,0.086581941221506,5,0.978959275067495,42,64,largest,0.5
5449,5449,0,0,-0.06415400708234065,0.03779611780556485,51,0.9525662314965665,42,64,largest,0.5
545,545,4,0,-0.05743493846631087,0.030603082065660155,29,0.9833457161930172,42,64,largest,0.5
5450,5450,3,0,-0.09553238453366553,0.020048659435487774,23,0.9095970836086302,42,64,largest,0.5
5451,5451,2,0,-0.09962093914148529,0.01870658446551153,40,0.9523419450934141,42,64,largest,0.5
5452,5452,1,0,-0.01319656785029466,0.0928493653470417,42,0.9971467351148428,42,64,largest,0.5
5453,5453,0,0,-0.06975020768890361,0.03393606755581388,5,0.9754252619716777,42,64,largest,0.5
5454,5454,4,0,-0.029339459825905467,0.0445019147190366,36,0.9852019756817986,42,64,largest,0.5
5455,5455,3,0,-0.06808725007360317,0.034192431952096675,52,0.9680622143819693,42,64,largest,0.5
5456,5456,2,0,-0.08556074081744802,0.024828349353847597,18,0.9692898395522548,42,64,largest,0.5
5457,5457,1,0,-0.09534897884152327,0.021620149525096947,56,0.9267811465313612,42,64,largest,0.5
5458,5458,0,0,-0.07482001773194014,0.03076964773492352,1,0.9668174562298931,42,64,largest,0.5
5459,5459,4,0,-0.06057890136113331,0.02933815161186991,7,0.9529828233914592,42,64,largest,0.5
546,546,3,0,-0.027674410046309994,0.07354468595898155,13,0.9902680647954991,42,64,largest,0.5
5460,5460,2,0,-0.11344003306040218,0.014141453979318833,11,0.9648005513362174,42,64,largest,0.5
5461,5461,1,0,-0.03374499797456898,0.06520699816218506,28,0.9629308590756362,42,64,largest,0.5
5462,5462,0,0,-0.04751869533899322,0.0519125814019603,37,1.0052882114229906,42,64,largest,0.5
5463,5463,4,0,-0.05690079356679678,0.030823174383113154,18,0.9306614266203181,42,64,largest,0.5
5464,5464,3,0,-0.03881887740048451,0.059740267149582284,46,0.9915142306201896,42,64,largest,0.5
5465,5465,2,0,-0.040548513311245094,0.060412507259412926,36,0.9736060742998551,42,64,largest,0.5
5466,5466,1,0,-0.02648806629422329,0.0739632276197295,63,0.9904571380504232,42,64,largest,0.5
5467,5467,0,0,-0.07264725711518161,0.032090050228504086,20,0.9738272570257792,42,64,largest,0.5
5468,5468,4,0,-0.03267305651805841,0.04258066259567232,12,0.9885724991995408,42,64,largest,0.5
5469,5469,3,0,-0.03262123080649748,0.06708742420066893,33,0.9789959081529045,42,64,largest,0.5
547,547,2,0,-0.05865622913239665,0.04241493442679958,31,0.9925327983159198,42,64,largest,0.5
5470,5470,1,0,-0.006969735064148441,0.10310979915550904,34,1.0096908777445655,42,64,largest,0.5
5471,5471,0,0,-0.04182623538983643,0.057799825189592466,40,1.0139222982666516,42,64,largest,0.5
5472,5472,4,0,-0.005698842718876995,0.06068308451978674,3,0.9963569751686779,42,64,largest,0.5
5473,5473,3,0,-0.07861798887704718,0.02788528649813623,53,0.969774385149135,42,64,largest,0.5
5474,5474,2,0,-0.06755032190040822,0.03557254169774462,23,0.9866953720899615,42,64,largest,0.5
5475,5475,1,0,-0.019607038643336905,0.08325297113397907,16,0.9878719220540235,42,64,largest,0.5
5477,5477,0,0,-0.056896418028746454,0.04343356757651732,14,0.9907333621724427,42,64,largest,0.5
5478,5478,4,0,-0.018192877165292276,0.05154303326247731,54,0.9941297528971508,42,64,largest,0.5
5479,5479,3,0,-0.07137575975789567,0.03208772549003622,22,0.9758508715328269,42,64,largest,0.5
548,548,2,0,-0.03779061397451222,0.0637158700752012,4,0.9884224034596348,42,64,largest,0.5
5480,5480,1,0,-0.011622571452897468,0.09535294040571338,42,1.005976351050856,42,64,largest,0.5
5481,5481,0,0,-0.041507999613582425,0.05814681932311653,58,0.9775618170133927,42,64,largest,0.5
5482,5482,4,0,-0.04146031446228249,0.03788908222206069,54,0.9930200644548737,42,64,largest,0.5
5483,5483,3,0,-0.07539435208880829,0.029685450637573687,51,1.0027270970269375,42,64,largest,0.5
5484,5484,2,1,0.03039398053968534,0.21683623008628866,10,0.9212508190558383,42,64,largest,0.5
5485,5485,1,0,-0.03420310407924487,0.06468787855445403,32,0.9647919495059332,42,64,largest,0.5
5487,5487,0,0,-0.032775184429147286,0.06846429893682617,20,0.9900826648745322,42,64,largest,0.5
5488,5488,4,0,-0.030166179560895956,0.04401788101897704,22,0.9996881723225922,42,64,largest,0.5
5489,5489,3,0,-0.028453884975899846,0.072490515785929,22,0.9902552267626642,42,64,largest,0.5
549,549,2,0,-0.04636157402906682,0.053968180970739466,62,0.9629636967249573,42,64,largest,0.5
5490,5490,1,0,-0.0018993682480890062,0.112193643305083,60,0.9945147301447987,42,64,largest,0.5
5491,5491,0,0,-0.08634707909270645,0.024599583073626405,56,0.9561553520069922,42,64,largest,0.5
5492,5492,4,0,-0.02193787473996356,0.04906712018200689,57,0.9738945257180778,42,64,largest,0.5
5493,5493,3,0,-0.033833121303643576,0.06558769788595968,14,0.9966719042575412,42,64,largest,0.5
5494,5494,2,0,-0.0806706464209439,0.027385186992429193,24,0.9486004255180642,42,64,largest,0.5
5495,5495,1,0,-0.03415139698545122,0.06474627917708017,61,0.9834657174388155,42,64,largest,0.5
5496,5496,0,0,-0.016910627749982754,0.09163972160101881,58,0.975307348408076,42,64,largest,0.5
5497,5497,4,0,-0.018604069085522812,0.05126551269659126,29,0.9993740201551037,42,64,largest,0.5
5498,5498,3,0,-0.03759905664163821,0.061124124116229396,60,0.9922538277703417,42,64,largest,0.5
5499,5499,2,0,-0.028597555364754834,0.07597843577558305,40,0.9899004134184157,42,64,largest,0.5
55,55,1,0,-0.03000428171598346,0.0695930382650499,3,0.9700329599927483,42,64,largest,0.5
550,550,0,0,-0.027324072600544702,0.07573998408590336,57,0.9720197953402855,42,64,largest,0.5
5500,5500,4,0,-0.01363991762351835,0.0547122727351245,8,0.9930950322259692,42,64,largest,0.5
5501,5501,3,0,-0.0381426205876394,0.06050380015993928,36,0.9955180503823338,42,64,largest,0.5
5502,5502,2,0,-0.05659275547947451,0.04417371218516817,4,0.994100873493573,42,64,largest,0.5
5503,5503,1,0,-0.016202833853854792,0.0882311691977084,23,0.982446823906974,42,64,largest,0.5
5504,5504,0,0,-0.04204893354401695,0.0575581592101907,0,0.9787724541125392,42,64,largest,0.5
5505,5505,4,0,-0.030296140604984423,0.0439422487518009,36,0.9889785177915877,42,64,largest,0.5
5506,5506,3,0,-0.08354187976488325,0.025338660922623484,2,0.9670027304262963,42,64,largest,0.5
5507,5507,2,0,-0.051221645844202524,0.04908341289386166,4,0.991767366552982,42,64,largest,0.5
5508,5508,1,0,-0.011238108644431977,0.09597357182317873,55,0.9958469746318468,42,64,largest,0.5
5509,5509,0,0,-0.07427919271440042,0.031093309247954084,24,0.998539245175976,42,64,largest,0.5
551,551,4,0,-0.005988579850339626,0.06045489792847423,22,1.0032584962139608,42,64,largest,0.5
5510,5510,3,0,-0.05595282988417494,0.04316905449482929,26,0.9893818860180534,42,64,largest,0.5
5511,5511,2,0,-0.03270280629287714,0.07025527029033334,41,0.9774726756067902,42,64,largest,0.5
5512,5512,1,0,-0.017763830064745134,0.08591587677012097,60,0.996986620808685,42,64,largest,0.5
5513,5513,0,0,-0.04827112840198722,0.05117815199413,33,0.9934744824209043,42,64,largest,0.5
5514,5514,4,0,-0.044198068501052235,0.03653166087612555,23,0.9725243269071185,42,64,largest,0.5
5515,5515,3,0,-0.07670359808804106,0.028941132173060765,28,0.993923694313497,42,64,largest,0.5
5516,5516,2,0,-0.08695507670774127,0.024142948085814367,13,0.9968487641762821,42,64,largest,0.5
5518,5518,1,0,-0.02832919253937949,0.071644335414539,37,0.9877447140715229,42,64,largest,0.5
5519,5519,0,0,-0.08757774619099645,0.024016850884443233,51,0.9151312120434946,42,64,largest,0.5
552,552,4,0,-0.04430429699061933,0.03647994508640042,58,0.9842144964443797,42,64,largest,0.5
5520,5520,3,0,-0.09673319601168073,0.019582657202945237,15,0.9275564167904201,42,64,largest,0.5
5521,5521,2,0,-0.09987455311135329,0.01861101133311503,57,0.9291265977773827,42,64,largest,0.5
5522,5522,1,0,-0.05860238698091802,0.04202364722521765,62,0.9502983355074996,42,64,largest,0.5
5523,5523,0,0,-0.10561669303798304,0.016875904677488993,60,0.9459946463127847,42,64,largest,0.5
5524,5524,4,0,-0.010059480827597667,0.057332603590324153,21,0.9783976170918358,42,64,largest,0.5
5525,5525,3,0,-0.05310000600359044,0.04558583693533239,6,0.970025638342072,42,64,largest,0.5
5526,5526,2,0,-0.12366205252051032,0.011489353476379707,3,0.9570961112536436,42,64,largest,0.5
5527,5527,1,0,-0.02286295313907205,0.0787319312755182,12,0.9902639162500986,42,64,largest,0.5
5528,5528,0,0,-0.09002162661312751,0.022899303406555493,5,0.9409356669329538,42,64,largest,0.5
5529,5529,4,0,-0.08413182521878693,0.021350712808624314,23,0.9463606539331179,42,64,largest,0.5
553,553,3,0,-0.037275397238496155,0.061496308749774645,14,0.9884074704717177,42,64,largest,0.5
5530,5530,2,0,-0.048200942858573126,0.05206776136859767,23,0.9509653382237991,42,64,largest,0.5
5531,5531,1,0,-0.029441037613332943,0.07027664427223022,46,0.974756125540045,42,64,largest,0.5
5532,5532,0,0,-0.06951467330182082,0.03409057761400021,49,0.9528298566070705,42,64,largest,0.5
5533,5533,4,0,-0.06124061177679074,0.029078453506746097,36,0.9659786359375953,42,64,largest,0.5
5534,5534,3,0,-0.0649456343592485,0.03632710515588561,57,0.9783503920530039,42,64,largest,0.5
5535,5535,2,1,0.004243439727726783,0.13914667054939409,10,0.9390945470719363,42,64,largest,0.5
5536,5536,1,1,0.001264883179682541,0.11821083441317715,7,0.9959539740319172,42,64,largest,0.5
5537,5537,0,1,0.013502986393226446,0.15623016998672173,36,0.9333446332742275,42,64,largest,0.5
5538,5538,4,0,-0.030436425734636452,0.04386074741875347,14,0.9462894994057309,42,64,largest,0.5
5539,5539,3,1,0.015133530049376454,0.15734343949494511,47,0.9244253532364545,42,64,largest,0.5
554,554,2,0,-0.026253198863447014,0.07943581572379883,34,0.9915784621883555,42,64,largest,0.5
5540,5540,1,0,-0.110432752472847,0.016403331377283507,11,0.9074314153781049,42,64,largest,0.5
5541,5541,0,0,-0.08607145319799803,0.02473197156418691,56,0.9624890345486599,42,64,largest,0.5
5542,5542,4,0,-0.014743256678653172,0.05392780098148838,44,0.992095514457926,42,64,largest,0.5
5543,5543,3,0,-0.14249304900256976,0.007941655583820916,31,0.9058033617102608,42,64,largest,0.5
5544,5544,2,0,-0.03534359835056433,0.06678706019490725,0,0.9753993781387604,42,64,largest,0.5
5545,5545,1,0,-0.050060031182172504,0.04893020707822676,63,0.9543407351401828,42,64,largest,0.5
5546,5546,0,0,-0.09608793730943332,0.020340304087126847,42,0.9678746053829049,42,64,largest,0.5
5547,5547,4,0,-0.08730438774695304,0.020452210958118625,38,0.9441969932445193,42,64,largest,0.5
5548,5548,3,0,-0.07335702830844926,0.030880723350668392,60,0.9684784406721736,42,64,largest,0.5
5549,5549,2,0,-0.0775296553963668,0.029160612717043087,57,0.9555437760608064,42,64,largest,0.5
555,555,1,0,-0.056521956833756715,0.04361454507317075,8,0.9435726255920687,42,64,largest,0.5
5550,5550,0,0,-0.06973716540759411,0.03394460556496843,1,0.9689691416630192,42,64,largest,0.5
5551,5551,4,0,-0.040186689147062915,0.0385369601129394,41,0.9856539319111125,42,64,largest,0.5
5552,5552,3,0,-0.06335486477838581,0.037456368800688415,1,0.9371203572129584,42,64,largest,0.5
5553,5553,2,0,-0.040214898850942316,0.06080342007137688,58,1.0070813264425142,42,64,largest,0.5
5554,5554,1,1,0.0006334795111475611,0.11698824549341828,7,1.003599447088081,42,64,largest,0.5
5555,5555,0,0,-0.08866576979853524,0.02351289178726972,30,0.975213351595236,42,64,largest,0.5
5556,5556,4,0,-0.05386521845262171,0.03210336338963032,32,0.965008185267508,42,64,largest,0.5
5557,5557,3,0,-0.1811790076669969,0.0036818802232139467,31,0.8682190014254526,42,64,largest,0.5
5558,5558,2,0,-0.09571555206968141,0.020240523739058616,18,0.924892912212501,42,64,largest,0.5
5559,5559,1,0,-0.05329355546050751,0.04619757606010776,62,0.9637095573140831,42,64,largest,0.5
556,556,0,0,-0.06972945559656041,0.033949653696339455,17,0.9774379758253711,42,64,largest,0.5
5560,5560,4,0,-0.05272587716867905,0.03259700512670517,23,0.9529076586672763,42,64,largest,0.5
5561,5561,3,0,-0.09438348531979279,0.02050467593138286,34,0.9387153537651246,42,64,largest,0.5
5562,5562,2,0,-0.05612418941480313,0.044582674650948374,4,0.9927503461108352,42,64,largest,0.5
5563,5563,1,0,-0.03043424269552697,0.06907534341892754,14,0.9708957343544978,42,64,largest,0.5
5564,5564,0,0,-0.07664041406738453,0.029704015663853965,44,0.9231520855530347,42,64,largest,0.5
5565,5565,4,0,-0.04637745139962235,0.035484654054477385,36,0.9809288690616694,42,64,largest,0.5
5566,5566,3,0,-0.10678410703648267,0.01607695301152891,0,0.9378550771433017,42,64,largest,0.5
5567,5567,2,0,-0.04350622743716681,0.05704831124713298,5,0.9877025215422449,42,64,largest,0.5
5568,5568,1,0,-0.03809987201092391,0.06042531821760955,12,0.9651426259849528,42,64,largest,0.5
5569,5569,0,0,-0.1408966803537548,0.008415444399409697,21,0.9278161005873531,42,64,largest,0.5
557,557,4,0,-0.037475751285650394,0.03995156365970453,21,0.9469538007168828,42,64,largest,0.5
5570,5570,3,0,-0.08603358157102925,0.024137728408768763,28,0.9580055452717046,42,64,largest,0.5
5571,5571,2,0,-0.08465026999757086,0.02528609709444315,60,0.9403140405272232,42,64,largest,0.5
5572,5572,1,0,-0.02411269410337369,0.07705699896869568,53,0.994881910161531,42,64,largest,0.5
5573,5573,0,0,-0.06627199679791806,0.036287944853155486,37,0.9802877050917697,42,64,largest,0.5
5574,5574,4,0,-0.0371440418682617,0.040128034706050815,41,0.9676058378786617,42,64,largest,0.5
5575,5575,3,0,-0.05166255192513347,0.04685189199807468,20,0.9965113083780692,42,64,largest,0.5
5576,5576,2,0,-0.0020157801787749063,0.12442097539362094,13,0.9798073462835375,42,64,largest,0.5
5577,5577,1,0,-0.05120319198952861,0.04794704028288273,18,0.9653240347240835,42,64,largest,0.5
5578,5578,0,0,-0.025076878083814313,0.07894120236146868,49,0.9715650917294608,42,64,largest,0.5
5579,5579,4,0,-0.03817330761998927,0.03958288388431674,2,0.9837820519441085,42,64,largest,0.5
558,558,3,0,-0.07681134228999686,0.028880691243079137,53,0.9868570667826401,42,64,largest,0.5
5580,5580,2,0,-0.056697472850653186,0.044082805695992565,5,0.9938417436000632,42,64,largest,0.5
5581,5581,1,0,-0.024346300710555435,0.0767475586252045,26,0.9910378301009884,42,64,largest,0.5
5582,5582,0,0,-0.04336870321119146,0.05614534892360082,0,0.9772166600895315,42,64,largest,0.5
5583,5583,4,0,-0.04078282548145162,0.038232399377453825,54,0.9918218518309888,42,64,largest,0.5
5584,5584,3,0,-0.03014593478237837,0.07024995743710578,30,0.933520732132404,42,64,largest,0.5
5585,5585,2,0,-0.0713349393460081,0.032994905007438,13,0.9811908434553049,42,64,largest,0.5
5586,5586,1,0,-0.07266478222202144,0.03264129495514937,16,0.9550022593250338,42,64,largest,0.5
5587,5587,0,0,-0.0068799843993414544,0.10972939523318383,15,0.9620280334062552,42,64,largest,0.5
5588,5588,4,0,-0.015044880949231065,0.053715199717998346,44,0.9816246582359295,42,64,largest,0.5
5589,5589,3,0,-0.04158737978527238,0.05670764531164346,59,0.9751058286673142,42,64,largest,0.5
559,559,2,0,-0.08989060941270599,0.022759746454448556,37,0.9696585147276243,42,64,largest,0.5
5590,5590,1,0,-0.029711606317995076,0.06994748533118196,26,0.9764428023598645,42,64,largest,0.5
5591,5591,0,0,-0.0056841370516320655,0.11208362391420928,57,0.9752531808219793,42,64,largest,0.5
5592,5592,4,0,-0.04544801947920962,0.03592758445664815,40,0.9900477632619274,42,64,largest,0.5
5593,5593,3,0,-0.0602500191705887,0.03975836033100799,13,0.9960348566770335,42,64,largest,0.5
5594,5594,2,0,-0.029473249675918023,0.07472279042584208,13,1.0002271296938388,42,64,largest,0.5
5595,5595,1,0,-0.011814340450577832,0.09504471511157855,46,0.9895219240118763,42,64,largest,0.5
5596,5596,0,0,-0.08150567084790239,0.02702866049347983,33,0.9614454135946803,42,64,largest,0.5
5597,5597,4,0,-0.039420110889043625,0.03893202215881674,14,0.902010086060966,42,64,largest,0.5
5598,5598,3,1,0.0068637792131753805,0.13665366773370882,47,0.9538226044835854,42,64,largest,0.5
5599,5599,2,0,-0.020279904694976536,0.08890304886927858,34,0.9677943752017614,42,64,largest,0.5
56,56,1,0,-0.06384827291614192,0.038254912705893374,8,0.9576954921208781,42,64,largest,0.5
560,560,0,1,0.0006519719984316996,0.1253046216935229,36,0.9373842404475231,42,64,largest,0.5
5600,5600,4,0,-0.0729912056027624,0.02482200221620312,29,0.9734810585028697,42,64,largest,0.5
5601,5601,3,0,-0.023901959105870674,0.07884856022358033,53,1.001629143680673,42,64,largest,0.5
5602,5602,2,0,-0.038513604566260407,0.06283394918430664,5,0.9999141599334831,42,64,largest,0.5
5603,5603,1,0,-0.03624203522845426,0.06242374436443335,4,0.9561221973586295,42,64,largest,0.5
5604,5604,0,0,-0.008877422973549542,0.10589375885828592,2,0.9633336415840568,42,64,largest,0.5
5605,5605,4,0,-0.02681932000095788,0.04600892187346212,4,0.9760019589368911,42,64,largest,0.5
5606,5606,3,0,-0.03646566792622008,0.06243673342213942,18,0.9871971733100611,42,64,largest,0.5
5607,5607,2,0,-0.08416430892096871,0.025533772882735215,11,0.9722757393114545,42,64,largest,0.5
5609,5609,1,0,-0.04898949195299518,0.049868230958517085,4,0.9517418219491609,42,64,largest,0.5
561,561,0,0,-0.00465068615345654,0.11415358230955644,57,0.9617794035021443,42,64,largest,0.5
5610,5610,4,0,-0.046119245070903814,0.03560717460249848,14,0.9359991835604162,42,64,largest,0.5
5611,5611,3,1,0.0017048423763952325,0.12494132420993981,47,0.9715267698425597,42,64,largest,0.5
5612,5612,2,0,-0.10923140218593064,0.015401244569047593,4,0.9609618697456876,42,64,largest,0.5
5613,5613,1,1,0.0025703451826014634,0.12077371281182828,7,0.991072805290157,42,64,largest,0.5
5614,5614,0,0,-0.07258877563887678,0.03212633663222248,28,0.9993588245688976,42,64,largest,0.5
5615,5615,4,0,-0.03166627658660015,0.043152391841847985,54,0.998640535135319,42,64,largest,0.5
5616,5616,3,0,-0.05559736732066356,0.04346337988331813,51,1.0043930268252157,42,64,largest,0.5
5617,5617,2,0,-0.030726364333060863,0.07295913201389408,12,1.0082859339784545,42,64,largest,0.5
5618,5618,1,1,0.005579712071147935,0.12686466691518594,7,0.99506872432884,42,64,largest,0.5
5619,5619,0,0,-0.07715557959016595,0.029408996924837925,28,1.0064652127322427,42,64,largest,0.5
562,562,4,0,-0.0587302656994525,0.030075650190193624,38,0.9574522509045459,42,64,largest,0.5
5620,5620,3,0,-0.03481433883731566,0.0643963303471532,41,0.9901054968636362,42,64,largest,0.5
5621,5621,2,0,-0.0800350750699701,0.027735751315156414,5,0.9804298565677807,42,64,largest,0.5
5623,5623,1,1,0.0029735457615909233,0.12157490834571316,7,0.997782034664831,42,64,largest,0.5
5624,5624,0,0,-0.05964910955666014,0.04120661250075112,25,0.9873279427964422,42,64,largest,0.5
5626,5626,4,0,-0.054431874888992815,0.03186054728504811,43,0.9501846377568587,42,64,largest,0.5
5627,5627,3,0,-0.04976507779028705,0.04857436792587252,30,0.9550065373159354,42,64,largest,0.5
5628,5628,2,0,-0.015403804568969393,0.09737397150523965,41,0.970406286198823,42,64,largest,0.5
5629,5629,1,0,-0.07466083184672678,0.03148548187591933,4,0.936974498174457,42,64,largest,0.5
563,563,0,0,-0.06496950010031821,0.03720842289822217,10,0.9945938728659659,42,64,largest,0.5
5631,5631,4,0,-0.020462791503536693,0.05002857714503308,3,0.9685628436148321,42,64,largest,0.5
5632,5632,3,0,-0.07118492771354545,0.032206361837734,63,0.9434949799090462,42,64,largest,0.5
5633,5633,2,0,-0.05306353618186299,0.04734405476215644,7,0.9689264423336945,42,64,largest,0.5
5634,5634,1,0,-0.04483441948536804,0.05367270084662008,8,0.973975967702343,42,64,largest,0.5
5635,5635,0,0,-0.07908725145488293,0.02832789048685295,30,0.9908996712680717,42,64,largest,0.5
5636,5636,4,0,-0.03884347337774441,0.03923175475853426,32,0.9771418759406113,42,64,largest,0.5
5637,5637,3,0,-0.06963403137944502,0.03318637102488718,10,0.9695632715369817,42,64,largest,0.5
5638,5638,2,0,-0.06210433542638716,0.03962443566911248,13,0.9954517592563582,42,64,largest,0.5
5639,5639,1,0,-0.05759305317710717,0.04278843002887303,4,0.9598205227030434,42,64,largest,0.5
564,564,0,0,-0.07042843116491315,0.033494919540363655,9,0.9771413582272638,42,64,largest,0.5
5640,5640,4,0,-0.018073619271899877,0.05162378789780609,31,0.9990444385837115,42,64,largest,0.5
5642,5642,3,0,-0.08742221969909292,0.023492718508779768,51,0.9786108976127109,42,64,largest,0.5
5643,5643,2,0,-0.05874129711587994,0.04234388275611409,39,0.9831566728787952,42,64,largest,0.5
5644,5644,1,0,-0.039233059297084316,0.05923593078554243,16,0.9728665136683282,42,64,largest,0.5
5645,5645,0,0,-0.0548539879177925,0.04515968931344804,6,0.9152754509514996,42,64,largest,0.5
5646,5646,4,0,-0.09885977213691377,0.017482127025378526,14,0.8542800103772467,42,64,largest,0.5
5647,5647,3,0,-0.058565468228758855,0.04106347432803591,54,0.9671867055632701,42,64,largest,0.5
5648,5648,2,0,-0.05360692393386912,0.0468422048795839,53,0.9977724437779435,42,64,largest,0.5
5649,5649,1,0,-0.014079625552199548,0.09147076228421279,16,0.9775511858395213,42,64,largest,0.5
565,565,0,0,-0.07712735084559075,0.029425088782751217,28,0.9860449202797072,42,64,largest,0.5
5650,5650,4,0,-0.04764774860615184,0.03488778015638197,23,0.9756432337604181,42,64,largest,0.5
5651,5651,3,0,-0.05322904710899112,0.04547378931892528,15,0.9938943688632647,42,64,largest,0.5
5652,5652,2,0,-0.04891259804209258,0.051349590021790854,43,0.9943617901417596,42,64,largest,0.5
5653,5653,1,0,-0.015601547670110238,0.0891379451011959,1,0.9849543783502214,42,64,largest,0.5
5654,5654,0,0,-0.07030359765104566,0.033575699245423016,37,0.9998899899707442,42,64,largest,0.5
5655,5655,4,0,-0.014746125864374626,0.053925774889426056,5,1.0010741768750426,42,64,largest,0.5
5656,5656,3,0,-0.07197020642165375,0.03172087231705218,51,0.9914484171213737,42,64,largest,0.5
5657,5657,2,0,-0.06197700350188229,0.039724280457883614,58,0.9920946185080264,42,64,largest,0.5
5658,5658,1,0,-0.0088370352300986,0.09993182188442859,36,0.9795615279568528,42,64,largest,0.5
5659,5659,0,0,-0.0415121728008756,0.058142256390857794,30,1.0040621737456028,42,64,largest,0.5
566,566,4,0,-0.0296967190539279,0.04429212451221128,54,0.9978605436837509,42,64,largest,0.5
5660,5660,3,0,-0.03320469885067712,0.06636144464042676,6,1.006992786143624,42,64,largest,0.5
5661,5661,2,0,-0.06652166627005607,0.036306023169933206,15,0.9794253984057928,42,64,largest,0.5
5662,5662,1,1,0.0006159624112803685,0.11695448397168832,7,0.9962910318533537,42,64,largest,0.5
5663,5663,0,0,-0.06439515265753071,0.03762141079096493,28,0.9852558545925262,42,64,largest,0.5
5664,5664,4,0,-0.05321900718094075,0.03238245301306528,49,0.967528046918385,42,64,largest,0.5
5665,5665,3,0,-0.05501918058631483,0.04394621797280307,0,0.9898316379604418,42,64,largest,0.5
5666,5666,2,0,-0.057664948903494384,0.043251327832827854,11,0.9734358043937901,42,64,largest,0.5
5667,5667,1,0,-0.00015084200949377902,0.11548485092680456,9,1.0041513542649758,42,64,largest,0.5
5668,5668,0,0,-0.0350575564786374,0.06561458008657022,9,0.9952382167545629,42,64,largest,0.5
5669,5669,4,0,-0.035776100828412094,0.04086370755269886,9,0.9875971002233253,42,64,largest,0.5
567,567,3,0,-0.07504793842102042,0.029885474626686444,20,0.9853168531616293,42,64,largest,0.5
5670,5670,2,0,-0.037982073241277,0.06348120685076708,7,0.9967820721100666,42,64,largest,0.5
5671,5671,1,0,-0.07252713389857834,0.03272249433603615,27,0.9430795892818372,42,64,largest,0.5
5672,5672,0,0,-0.07229737502970845,0.03230773604044556,16,0.9623581065250693,42,64,largest,0.5
5673,5673,4,0,-0.0329047324669256,0.042450126729810515,3,0.9856008119867314,42,64,largest,0.5
5674,5674,3,0,-0.04325552759562079,0.05495081668192623,44,0.9963904583765544,42,64,largest,0.5
5675,5675,2,0,-0.036178264211930156,0.06572434943192121,11,0.9793206525069773,42,64,largest,0.5
5676,5676,1,0,-0.03830300222154204,0.06021048238364679,37,0.9584023084053055,42,64,largest,0.5
5677,5677,0,0,-0.03534615608453251,0.06526219441612904,52,0.9857802215414755,42,64,largest,0.5
5678,5678,4,0,-0.023150111196217793,0.04829013033716978,19,0.9955967906856207,42,64,largest,0.5
5679,5679,3,0,-0.07509054341431587,0.029860803647333768,39,0.984226503993819,42,64,largest,0.5
568,568,2,0,-0.08659595549539323,0.02431769342040798,40,0.9846229170616185,42,64,largest,0.5
5680,5680,1,0,-0.020482129619318612,0.0820151640750958,22,0.9865285902946815,42,64,largest,0.5
5681,5681,0,0,-0.07706688301805231,0.029459587338678282,25,0.9875344675726347,42,64,largest,0.5
5682,5682,4,0,-0.02614065155798395,0.04642298644957903,27,0.989723419910267,42,64,largest,0.5
5683,5683,3,0,-0.04475552667880445,0.053414964774514954,6,1.007707989207267,42,64,largest,0.5
5684,5684,2,0,-0.07452819900350738,0.030961192679000275,63,0.9730204878345825,42,64,largest,0.5
5686,5686,1,0,-0.021119015795587504,0.0811248568453913,1,0.988028930642561,42,64,largest,0.5
5687,5687,0,0,-0.033928691961227386,0.06701000183847892,52,0.9950962152935734,42,64,largest,0.5
5688,5688,4,0,-0.04147190966426839,0.037883232212800565,43,0.9502589121936783,42,64,largest,0.5
5689,5689,3,0,-0.06052409780992796,0.03954981215819971,40,1.001949587123015,42,64,largest,0.5
569,569,2,0,-0.07241758482739868,0.032291333465753184,14,0.9910680474783349,42,64,largest,0.5
5690,5690,1,0,-0.03177801390363666,0.06748027831910929,16,0.9920501059951387,42,64,largest,0.5
5691,5691,0,0,-0.07849613379223719,0.02865456115253839,20,1.0020978712389756,42,64,largest,0.5
5692,5692,4,0,-0.0017904691694009545,0.06384088297940889,44,0.99591103476617,42,64,largest,0.5
5693,5693,3,0,-0.05061334590604949,0.04779702781507554,39,0.9753041643901995,42,64,largest,0.5
5694,5694,2,0,-0.0859286976641207,0.02464565561299692,55,0.9735524843338819,42,64,largest,0.5
5695,5695,1,0,-0.013244088506702001,0.09277470509501017,42,0.9820603106391707,42,64,largest,0.5
5696,5696,0,0,-0.06340520365960711,0.038343597947179064,30,0.9901380486013771,42,64,largest,0.5
5697,5697,4,0,-0.014477357603791319,0.054115879029628305,38,0.985204118985885,42,64,largest,0.5
5698,5698,3,0,-0.028210440527518643,0.07281824801347098,35,0.9745951009768611,42,64,largest,0.5
5699,5699,2,0,-0.07319811530999598,0.031793114393567724,23,0.9679038271680506,42,64,largest,0.5
57,57,1,0,-0.0371274367828186,0.061463760397386595,52,0.968610295840964,42,64,largest,0.5
570,570,0,0,-0.015787675721115613,0.09352320696599524,20,0.9840433132423785,42,64,largest,0.5
5700,5700,4,0,-0.00256617061894282,0.06320220604646001,0,0.9707017434666019,42,64,largest,0.5
5701,5701,3,0,-0.07264946775214731,0.03130664283838921,13,0.990358859984987,42,64,largest,0.5
5702,5702,2,0,-0.05655697935427839,0.04420481085543329,21,0.9964754013513861,42,64,largest,0.5
5703,5703,1,0,-0.05744204665636454,0.042903986703239194,44,0.9432934379258413,42,64,largest,0.5
5704,5704,0,0,-0.42495834929434884,2.9217747598734307e-05,54,0.6213262825686378,42,64,largest,0.5
5705,5705,4,0,-0.02829444887345134,0.045121018873721976,31,0.9846280678012393,42,64,largest,0.5
5706,5706,3,0,-0.08131087397325143,0.02646318596426721,13,0.970613979054518,42,64,largest,0.5
5707,5707,2,0,-0.09900097264952934,0.018942247126542563,21,0.9440013170690509,42,64,largest,0.5
5708,5708,1,0,-0.0730040019929935,0.03244201792630017,44,0.9298206464474902,42,64,largest,0.5
5709,5709,0,0,-0.009362469296720577,0.10498034435358468,17,0.9858201685037905,42,64,largest,0.5
571,571,4,0,-0.07327583315264741,0.024726819946497135,8,0.9655128770516997,42,64,largest,0.5
5710,5710,3,0,-0.042694655469010745,0.055535708928247184,14,0.9892547538294557,42,64,largest,0.5
5711,5711,2,0,-0.07630819676558753,0.029880775355454782,39,0.9856390045787303,42,64,largest,0.5
5712,5712,1,0,-0.027035518109360446,0.07326659195816325,2,0.9951184708771195,42,64,largest,0.5
5713,5713,0,0,-0.04566521803335488,0.053764417861461924,25,0.9980368644989547,42,64,largest,0.5
5714,5714,4,0,-0.036594984728990365,0.04042177823060459,36,1.0096681002697947,42,64,largest,0.5
5715,5715,3,0,-0.039132184932353264,0.05938959148883266,52,0.9979394917288783,42,64,largest,0.5
5716,5716,2,0,-0.06057095780839439,0.0408429553921677,58,0.9984184243494911,42,64,largest,0.5
5717,5717,1,0,-0.0049935360679777,0.10657021660509801,50,0.9955686844001831,42,64,largest,0.5
5718,5718,0,0,-0.054339029596459754,0.04560510816955722,10,0.9867909330018642,42,64,largest,0.5
5719,5719,4,0,-0.009613132325627771,0.05766740971277348,44,0.9995705536121041,42,64,largest,0.5
572,572,3,0,-0.07744012194987127,0.028530402240460127,39,0.9723674220739793,42,64,largest,0.5
5720,5720,2,0,-0.029745519027529865,0.0743362910938738,17,0.9784481946149964,42,64,largest,0.5
5721,5721,1,0,-0.0541978834902932,0.045459695931883114,1,0.9655328758049313,42,64,largest,0.5
5722,5722,0,0,-0.02258207666657175,0.08263968588153682,31,0.9476357351168828,42,64,largest,0.5
5723,5723,4,0,-0.03571769383211976,0.040895404350173144,2,1.0037019655099977,42,64,largest,0.5
5724,5724,3,0,-0.03304209564086369,0.06656302683195894,44,0.9973581890266103,42,64,largest,0.5
5725,5725,2,0,-0.25846852075531834,0.0007245836957109693,50,0.7975064330325254,42,64,largest,0.5
5726,5726,1,0,-0.008034146077106508,0.10128745746982246,50,0.9860515259627378,42,64,largest,0.5
5727,5727,0,0,-0.07595695673808689,0.030099840506886646,39,0.9661410338856928,42,64,largest,0.5
5728,5728,4,0,-0.045922896191778806,0.035700615998403094,19,1.001830133083639,42,64,largest,0.5
5729,5729,3,0,-0.049816439039864435,0.048526961968789625,22,0.9876599352495331,42,64,largest,0.5
573,573,2,0,-0.08340079363480257,0.025927686016380146,13,0.9661341403341809,42,64,largest,0.5
5730,5730,1,0,-0.05224743604849369,0.04706536618585825,23,0.9631289169245021,42,64,largest,0.5
5731,5731,0,0,-0.04106404284088361,0.05863416176188105,10,0.9911581708575253,42,64,largest,0.5
5732,5732,4,0,-0.015599373067665456,0.05332642452222508,4,0.9895747341453643,42,64,largest,0.5
5733,5733,3,0,-0.016740320020071975,0.08988835173151878,41,0.9957037865868241,42,64,largest,0.5
5734,5734,2,0,-0.06281567794323117,0.0390710627837606,40,0.9676118246095828,42,64,largest,0.5
5735,5735,1,0,-0.032187965142180364,0.06700050519533549,46,0.9633272337596737,42,64,largest,0.5
5736,5736,0,0,-0.07204184667319469,0.03246761908404106,45,0.9816360092535337,42,64,largest,0.5
5737,5737,4,0,-0.04451391842013197,0.03637810052234921,29,0.9865639230255396,42,64,largest,0.5
5738,5738,3,0,-0.041940098422031946,0.05633182835688733,7,0.9837050798224503,42,64,largest,0.5
5739,5739,2,0,-0.05429171688731982,0.046216961185412554,23,0.9721148508485176,42,64,largest,0.5
574,574,1,0,-0.03175664178601201,0.06750537768925959,47,0.9771225746622174,42,64,largest,0.5
5740,5740,0,0,-0.0449399616879993,0.054505858554066734,45,0.9735319165679044,42,64,largest,0.5
5741,5741,4,0,-0.03020493916143996,0.043995311454770376,13,0.9859368537434107,42,64,largest,0.5
5742,5742,3,0,-0.008906612958524018,0.10354202285031969,13,0.9967114332333302,42,64,largest,0.5
5743,5743,2,0,-0.08793281074598802,0.023673374294520055,42,0.9485914586973319,42,64,largest,0.5
5744,5744,1,0,-0.04969869527135273,0.049244929162337206,22,0.9614068131821456,42,64,largest,0.5
5745,5745,0,0,-0.08734556278614714,0.024125751684923532,51,0.9523265792207433,42,64,largest,0.5
5746,5746,4,0,-0.07154094013385037,0.025312556481212948,26,0.9494976224426458,42,64,largest,0.5
5747,5747,3,0,-0.03738189512734835,0.061373610791439936,49,0.9824829671103403,42,64,largest,0.5
5748,5748,2,0,-0.0654831942534515,0.03706125670061229,13,0.9901608170864853,42,64,largest,0.5
5749,5749,1,0,-0.019540717550185827,0.08334747082295947,18,0.9889022620862009,42,64,largest,0.5
575,575,0,0,-0.07357011797818835,0.03152265699823361,60,0.9591913131812965,42,64,largest,0.5
5750,5750,4,0,-0.024213820318756074,0.04761797361295778,18,0.9912607611753943,42,64,largest,0.5
5751,5751,3,0,-0.05984885162026843,0.04006551288522978,21,0.8757498550024343,42,64,largest,0.5
5752,5752,2,0,-0.087928644374893,0.02367535623620267,35,0.9744040098478712,42,64,largest,0.5
5753,5753,1,0,-0.0681669494388305,0.03539791315428062,46,0.9602237822474252,42,64,largest,0.5
5754,5754,0,0,-0.0692352052346068,0.03427478849252224,39,0.9743148722913328,42,64,largest,0.5
5755,5755,4,0,-0.04200221824196626,0.03761660644802618,8,0.9525681103824085,42,64,largest,0.5
5756,5756,3,0,-0.07861798887704718,0.02788528649813623,53,0.969774385149135,42,64,largest,0.5
5757,5757,2,0,-0.022826829496873313,0.08474776332894977,2,0.9962813087144929,42,64,largest,0.5
5758,5758,1,0,-0.05376940442714084,0.045807900712712006,28,0.9546288580309423,42,64,largest,0.5
5759,5759,0,0,-0.10008415129207493,0.018809808731488808,33,0.9519287562201033,42,64,largest,0.5
576,576,4,0,-0.0015980654038830755,0.06400022775196848,14,0.9729839351628476,42,64,largest,0.5
5760,5760,3,0,-0.0783194275389476,0.028047454926388223,15,0.962397928632736,42,64,largest,0.5
5761,5761,2,0,-0.06486740380306466,0.037516204220536614,39,0.9984441972794514,42,64,largest,0.5
5762,5762,1,0,-0.039314867890653526,0.05915091919627128,9,0.9620495935951655,42,64,largest,0.5
5763,5763,0,0,-0.060981307275587815,0.04016848510936212,17,0.9827946263268663,42,64,largest,0.5
5764,5764,4,0,-0.037345467914442265,0.04002078618650859,52,0.9725362589176576,42,64,largest,0.5
5765,5765,3,0,-0.03705662425942513,0.06174908007772524,10,0.9905807900376445,42,64,largest,0.5
5766,5766,2,0,-0.056385466149772356,0.04435419024085881,23,0.9895628502682831,42,64,largest,0.5
5767,5767,1,0,-0.02241957241229975,0.07933412053737718,60,0.9913500874438068,42,64,largest,0.5
5768,5768,0,0,-0.01884626702643888,0.08847310316821874,25,1.0069062622711256,42,64,largest,0.5
5769,5769,4,0,-0.04145518502994128,0.03789167039920941,6,0.9896944445047399,42,64,largest,0.5
577,577,3,0,-0.04882687448751988,0.04944809043122545,51,0.989330930641828,42,64,largest,0.5
5770,5770,2,0,-0.03413487452159347,0.06835432759710812,28,0.9925470567243555,42,64,largest,0.5
5771,5771,1,0,-0.023191010730412964,0.07828906498902508,47,0.9838335596683778,42,64,largest,0.5
5772,5772,0,0,-0.04999410673894311,0.04953326610986865,9,0.9880725076809957,42,64,largest,0.5
5773,5773,4,0,-0.027727358065881225,0.04546041134710262,13,0.9993535815375196,42,64,largest,0.5
5774,5774,3,0,-0.04466909361303639,0.05350235321611448,14,0.9894503840403751,42,64,largest,0.5
5775,5775,2,0,-0.04322266049448009,0.057363064785035986,9,0.9501285890389704,42,64,largest,0.5
5776,5776,1,0,-0.0436097721749541,0.05484528619485552,34,0.9597678797342196,42,64,largest,0.5
5777,5777,0,1,0.00968762302821502,0.1464493188195734,36,0.9847155922142335,42,64,largest,0.5
5778,5778,4,0,-0.0692743938319641,0.026098184652281285,12,0.9303994178387165,42,64,largest,0.5
5779,5779,3,0,-0.016943562553389913,0.08955668193988875,41,0.9466384078548826,42,64,largest,0.5
578,578,2,0,-0.06127667568896533,0.04027775342448334,60,0.9674375050829607,42,64,largest,0.5
5780,5780,1,0,-0.013151613905976856,0.09292004264563312,15,0.9863132993139273,42,64,largest,0.5
5781,5781,0,0,-0.04589242286593109,0.05353410628268718,30,0.9939080498146434,42,64,largest,0.5
5782,5782,4,0,-0.01077000504349801,0.056803403127285004,31,1.0055794687978667,42,64,largest,0.5
5783,5783,3,0,-0.06774815090707387,0.034416889913253625,44,0.9773686934095238,42,64,largest,0.5
5784,5784,2,0,-0.041414407414505194,0.05940884301806488,58,0.995351930865083,42,64,largest,0.5
5785,5785,1,0,-0.0040813380513862185,0.10820175927380098,63,0.9976268743693171,42,64,largest,0.5
5786,5786,0,0,-0.09777253294626398,0.01968079539613289,4,0.960921021994118,42,64,largest,0.5
5787,5787,4,0,-0.09081190087899726,0.01950191662723095,41,0.9531812494976978,42,64,largest,0.5
5788,5788,3,0,-0.07393907053206927,0.0305345705259727,52,0.9628890084020703,42,64,largest,0.5
5789,5789,2,0,-0.043757107364034487,0.05677119311749836,42,0.9758132506545641,42,64,largest,0.5
579,579,1,0,-0.018973711495823387,0.08415937537197081,36,0.978949635429202,42,64,largest,0.5
5790,5790,0,0,-0.06005724495332554,0.04088587025603759,33,0.9915236581499619,42,64,largest,0.5
5791,5791,4,0,-0.021118733673665346,0.049598850889171694,18,0.9662306876897436,42,64,largest,0.5
5792,5792,3,0,-0.0417244650010713,0.05656130371472204,23,0.9522224892233757,42,64,largest,0.5
5793,5793,2,0,-0.09223247434834858,0.021712058387066264,47,0.9749007937664086,42,64,largest,0.5
5794,5794,1,0,-0.08352539331568865,0.026814099009081483,27,0.9254861661753634,42,64,largest,0.5
5795,5795,0,0,-0.045580309727743185,0.05385072682752557,10,0.9916506043589435,42,64,largest,0.5
5796,5796,4,0,-0.01888173647233715,0.05107891030154206,34,0.9950928217936624,42,64,largest,0.5
5797,5797,3,0,-0.0474960038401141,0.050713078950141946,41,0.9869428681574591,42,64,largest,0.5
5798,5798,2,0,-0.12273293576380817,0.011708568177507397,60,0.9228148030611282,42,64,largest,0.5
5799,5799,1,0,-0.08695343249104681,0.02519446693186827,3,0.9202413901520745,42,64,largest,0.5
58,58,0,0,-0.08257213025429322,0.026474310790209274,41,0.9502769409781542,42,64,largest,0.5
580,580,4,0,-0.045989118725150435,0.035669074683816464,43,0.9647370200402205,42,64,largest,0.5
5800,5800,3,0,-0.04961318648560986,0.04871481946980094,17,0.9926275143218332,42,64,largest,0.5
5801,5801,2,0,-0.038260759500375,0.06314107292543923,7,1.001702659591447,42,64,largest,0.5
5802,5802,1,0,-0.08023075521779621,0.028465879809803033,18,0.9427649207929248,42,64,largest,0.5
5803,5803,0,0,-0.0770355829484205,0.02947746028940684,52,0.970900508869395,42,64,largest,0.5
5804,5804,4,0,-0.09933252543777049,0.01737008784496003,18,0.9214178838066714,42,64,largest,0.5
5805,5805,3,0,-0.10808765091252825,0.01567009484163412,49,0.928278047809424,42,64,largest,0.5
5806,5806,2,0,-0.11057520957920597,0.014987432823663365,45,0.9043768173272516,42,64,largest,0.5
5807,5807,1,0,-0.07438956688206377,0.0316402016676926,4,0.9431432468496852,42,64,largest,0.5
5808,5808,0,0,-0.07764977588134958,0.029128657924616563,52,0.993681471047534,42,64,largest,0.5
5809,5809,4,0,-0.11775440639514134,0.01351347436539233,55,0.9072628837346773,42,64,largest,0.5
581,581,3,0,-0.048461489506290256,0.049792378164404044,17,0.9984273531634613,42,64,largest,0.5
5810,5810,2,0,-0.1037136011392229,0.017221490199430135,29,0.937210016141183,42,64,largest,0.5
5811,5811,1,0,-0.047603010467265006,0.05110842631960431,56,0.9596203367036246,42,64,largest,0.5
5812,5812,0,0,-0.06587091175629955,0.03656903295195642,1,0.9691464479739978,42,64,largest,0.5
5813,5813,4,0,-0.037594350013422706,0.03988864923570558,18,0.9841291085759046,42,64,largest,0.5
5814,5814,3,0,-0.03563135436747422,0.06341973893942321,46,0.9951450704440046,42,64,largest,0.5
5815,5815,2,0,-0.08938539571200499,0.022992159365470086,54,0.9476938900521392,42,64,largest,0.5
5816,5816,1,0,-0.08424512888505642,0.026465858100302685,62,0.9464389648771646,42,64,largest,0.5
5817,5817,0,0,-0.10514003835566355,0.017034525544272705,5,0.9309467281170611,42,64,largest,0.5
5818,5818,4,0,-0.016757186947886082,0.05252318366272609,32,0.9996284001564398,42,64,largest,0.5
5819,5819,3,0,-0.05231155743828175,0.04627618461578833,51,0.9877980224258758,42,64,largest,0.5
582,582,2,0,-0.047781344529917,0.05249563971566669,51,0.9869316066009995,42,64,largest,0.5
5820,5820,1,0,-0.01987880679557552,0.08286675048190419,22,1.0079376709722354,42,64,largest,0.5
5821,5821,0,0,-0.04689442318116954,0.05252946694965979,5,0.9827785689694571,42,64,largest,0.5
5822,5822,4,0,-0.04486496015871477,0.03620815935926051,40,0.9685301103856889,42,64,largest,0.5
5823,5823,3,0,-0.013585529882046532,0.0951802613842523,30,0.980200024145882,42,64,largest,0.5
5824,5824,2,0,-0.046997850184563594,0.05330349938736947,46,0.9636399217405349,42,64,largest,0.5
5825,5825,1,0,-0.02515013387445786,0.0756914710649919,47,0.9904456397419551,42,64,largest,0.5
5826,5826,0,0,-0.07936467387563229,0.02817582724462687,28,0.9926019480517388,42,64,largest,0.5
5827,5827,4,0,-0.031861833994637934,0.04304076820456221,36,0.9906123373794704,42,64,largest,0.5
5828,5828,3,0,-0.04328833593667847,0.05491678349235026,18,0.9927780963666675,42,64,largest,0.5
5829,5829,2,0,-0.07149190997978339,0.03289198522884579,39,0.970820072978935,42,64,largest,0.5
583,583,1,0,-0.05511937923458232,0.04471936169455196,8,0.9551900289228021,42,64,largest,0.5
5830,5830,0,0,-0.0880487422163192,0.023797410868415476,45,0.9436274368437172,42,64,largest,0.5
5831,5831,4,0,-0.09379843638731689,0.018726989697296675,38,0.9412368769307756,42,64,largest,0.5
5832,5832,3,0,-0.06648792803502801,0.035263578138281126,7,0.9900986279948868,42,64,largest,0.5
5833,5833,2,0,-0.02673492603084704,0.0787138428982316,7,0.9724647592135075,42,64,largest,0.5
5834,5834,1,0,-0.0021339275570813054,0.11175842473169732,46,0.9964176515874119,42,64,largest,0.5
5835,5835,0,0,-0.06632583341248355,0.0362503737529937,21,0.98367588715202,42,64,largest,0.5
5836,5836,4,0,-0.08062797721799864,0.022387928303766746,1,0.952432940013514,42,64,largest,0.5
5837,5837,3,0,-0.08923595479342306,0.022675540387320045,2,0.939813802240628,42,64,largest,0.5
5838,5838,2,0,-0.08294093352321552,0.026167784974791993,16,0.9506993076104536,42,64,largest,0.5
5839,5839,1,0,-0.02027211764886583,0.08231068659095975,23,0.9857996767496273,42,64,largest,0.5
584,584,0,0,-0.02648636394810777,0.0769191579414852,57,0.9268014647599891,42,64,largest,0.5
5840,5840,4,0,-0.06563502813770483,0.027409543245686434,41,0.952530959317036,42,64,largest,0.5
5841,5841,3,0,-0.055533387065895945,0.04351655899344786,33,0.9755748898608904,42,64,largest,0.5
5842,5842,2,0,-0.0564578865819616,0.04429105705677445,63,1.005032898663601,42,64,largest,0.5
5843,5843,1,0,-0.06630126929811775,0.0366060210986984,18,0.9670330914414493,42,64,largest,0.5
5844,5844,0,0,-0.08544143917858649,0.02503719244351779,49,0.9658848633141655,42,64,largest,0.5
5845,5845,4,0,-0.05164697952210573,0.03307121476775871,36,0.9786447946167516,42,64,largest,0.5
5846,5846,3,0,-0.07976925255026457,0.027268444554847563,56,0.9544806287065436,42,64,largest,0.5
5847,5847,2,0,-0.05383406652395395,0.046633928141535094,58,0.9997483279033478,42,64,largest,0.5
5848,5848,1,0,-0.0628756867961503,0.038928235563389084,51,0.9504232341320805,42,64,largest,0.5
5849,5849,0,0,-0.0773507103495904,0.02929799535429431,25,0.9860953631529349,42,64,largest,0.5
585,585,4,0,-0.022641498999449783,0.0486146958445998,6,0.9620976329479494,42,64,largest,0.5
5850,5850,3,0,-0.07328215199092525,0.030925528768432298,39,0.9650889488852219,42,64,largest,0.5
5851,5851,2,0,-0.11976186013372347,0.012437668699102896,48,0.9152876756737872,42,64,largest,0.5
5852,5852,1,0,-0.0070906063520571605,0.10290140810508529,34,0.9915955852856244,42,64,largest,0.5
5853,5853,0,0,-0.10572512008719626,0.016840025551521975,41,0.9263136590854286,42,64,largest,0.5
5854,5854,4,0,-0.08303985123699498,0.021668815914800525,17,0.9387811359676486,42,64,largest,0.5
5855,5855,3,0,-0.061454915007027155,0.038849350404315586,33,0.9683902764262868,42,64,largest,0.5
5856,5856,2,0,-0.05376677754961234,0.046695536292116875,40,0.9745105944933418,42,64,largest,0.5
5857,5857,1,0,-0.05748263944936771,0.04287289409198526,31,0.955605561714939,42,64,largest,0.5
5858,5858,0,0,-0.08428928702597893,0.025604891573382024,49,0.981314058852199,42,64,largest,0.5
5859,5859,4,0,-0.019163344005542426,0.05089031650718289,22,0.9931055827916876,42,64,largest,0.5
586,586,3,0,-0.01687947958620717,0.08966113911682487,30,0.9850890571282233,42,64,largest,0.5
5860,5860,2,0,-0.06380099239065462,0.03831679418966261,15,1.0077413353906572,42,64,largest,0.5
5861,5861,1,0,-0.026714163899693943,0.07367478132405793,26,0.974859723177202,42,64,largest,0.5
5862,5862,0,0,-0.07424770405424475,0.031112255097223596,56,0.9770103692521311,42,64,largest,0.5
5863,5863,4,0,-0.026572180251413058,0.04615929655857384,16,0.99164254551012,42,64,largest,0.5
5864,5864,3,0,-0.05759165968365543,0.041836541837949666,35,0.973537844350923,42,64,largest,0.5
5865,5865,2,0,-0.08239150456051603,0.026457486680523824,14,0.9731710044096656,42,64,largest,0.5
5866,5866,1,0,-0.0372232642551914,0.06136069209167701,61,0.9861654420526672,42,64,largest,0.5
5867,5867,0,0,-0.11663691583484603,0.013588172867675292,48,0.929676758791777,42,64,largest,0.5
5868,5868,4,0,-0.03138308693738989,0.04331452582997432,36,0.989412520745814,42,64,largest,0.5
5869,5869,3,0,-0.05191722804526255,0.046625171369024214,4,0.9793414268999595,42,64,largest,0.5
587,587,2,0,-0.04209243962130549,0.0586338581035969,35,0.9973179193383211,42,64,largest,0.5
5871,5871,1,0,-0.04695040448571275,0.05170222706618172,22,0.9770382315770032,42,64,largest,0.5
5872,5872,0,0,-0.04703734666530113,0.05238762627830196,28,0.9842665723631372,42,64,largest,0.5
5873,5873,4,0,-0.041549150262103485,0.037844284935615154,16,1.0134602048609302,42,64,largest,0.5
5874,5874,3,0,-0.11386407472280358,0.013985837052694718,60,0.938227205828292,42,64,largest,0.5
5875,5875,2,0,-0.13289287637391012,0.009520372749377583,57,0.9582319844597633,42,64,largest,0.5
5876,5876,1,0,-0.0789620901436916,0.029127928189410634,46,0.9245893901497384,42,64,largest,0.5
5877,5877,0,0,-0.029420346908405448,0.0728616302686054,27,0.9636075886128691,42,64,largest,0.5
5878,5878,4,0,-0.06950429373411438,0.026017427556414122,15,0.9574933253829871,42,64,largest,0.5
5879,5879,3,0,-0.05727678302394157,0.042089474329636216,15,0.9829735015266583,42,64,largest,0.5
588,588,2,0,-0.085573403427182,0.02482204038701907,42,0.9682613804898081,42,64,largest,0.5
5880,5880,1,0,-0.01797542818531106,0.08560630109523314,53,0.9797395766303868,42,64,largest,0.5
5881,5881,0,0,-0.05522728655112852,0.04483939495822056,48,0.9919355121592937,42,64,largest,0.5
5882,5882,4,0,-0.03779865191803988,0.039780493491991226,2,0.9661510410419399,42,64,largest,0.5
5883,5883,3,0,-0.06532129932231512,0.036065246627667656,7,0.9739583343741733,42,64,largest,0.5
5884,5884,2,0,-0.11962296818467089,0.012472828455543497,42,0.9286317128891438,42,64,largest,0.5
5885,5885,1,0,-0.05588550562638428,0.04411261469349806,46,0.9644634561600192,42,64,largest,0.5
5886,5886,0,0,-0.08895928160100641,0.02337871763294221,16,0.9546337128738992,42,64,largest,0.5
5887,5887,4,0,-0.013332105757218438,0.05493303731066582,3,0.998375917603912,42,64,largest,0.5
5888,5888,3,0,-0.0794728064091128,0.02742599955953172,2,0.9479952451563933,42,64,largest,0.5
5889,5889,2,0,-0.08083824407664064,0.02729346434430337,42,0.9621632690844932,42,64,largest,0.5
589,589,1,0,-0.04801013069407345,0.050741265199344986,52,0.9529185134634206,42,64,largest,0.5
5890,5890,0,0,-0.05856612492044355,0.04206941209274169,51,0.9565081635738953,42,64,largest,0.5
5891,5891,4,0,-0.03541038245544259,0.04106256675215464,41,0.9639568252411906,42,64,largest,0.5
5892,5892,3,0,-0.09183479635961667,0.02155283900728747,46,0.9848583699954987,42,64,largest,0.5
5893,5893,2,0,-0.11708185719589248,0.013133693236856238,45,0.9479618878251035,42,64,largest,0.5
5894,5894,1,0,-0.052716880859292714,0.04667404612928502,14,0.9547194330068917,42,64,largest,0.5
5895,5895,0,0,-0.06544086778878755,0.036872742714670344,25,0.9844636828573549,42,64,largest,0.5
5896,5896,4,0,-0.04496157256670441,0.03616152301625727,46,0.9818272229727069,42,64,largest,0.5
5897,5897,3,0,-0.06140732924045189,0.038884869283180634,14,0.9903068193709675,42,64,largest,0.5
5898,5898,2,0,-0.029976014674210072,0.0740105295134424,23,0.9716451893404678,42,64,largest,0.5
5899,5899,1,0,-0.04173511038051725,0.05668708245246914,22,0.9844529966099027,42,64,largest,0.5
59,59,0,0,-0.053098517436547144,0.046695339129578045,4,0.9904738945478812,42,64,largest,0.5
590,590,4,0,-0.03236779843586246,0.04275324340468359,43,0.9816442509776252,42,64,largest,0.5
5900,5900,3,0,-0.052472678461337297,0.046134306758773704,1,0.9593154558849525,42,64,largest,0.5
5901,5901,2,0,-0.08190264394134661,0.02671787340754127,42,0.946370435889681,42,64,largest,0.5
5902,5902,1,0,-0.012786991902583034,0.093495093365534,36,0.9804321844468642,42,64,largest,0.5
5903,5903,0,0,-0.1051418088707643,0.017033933650885496,27,0.9390494952859703,42,64,largest,0.5
5904,5904,4,0,-0.022371392206037566,0.04878790216524235,38,0.9719906297865628,42,64,largest,0.5
5905,5905,3,0,-0.0486212958448059,0.04964152040237841,62,0.984695194033325,42,64,largest,0.5
5906,5906,2,0,-0.08632679090133066,0.024449474610886205,16,0.9591115097007027,42,64,largest,0.5
5907,5907,1,0,-0.07492464957824008,0.03133571197120103,46,0.9446524488093226,42,64,largest,0.5
5908,5908,0,0,-0.08150982577360089,0.027026479000829308,21,0.9612326577400834,42,64,largest,0.5
5909,5909,4,0,-0.039841860737935164,0.03871419167017058,29,0.9711142306192437,42,64,largest,0.5
591,591,3,0,-0.03919108205996025,0.059323885406672446,17,0.9966701124400418,42,64,largest,0.5
5910,5910,2,0,-0.1045337422534125,0.016938129273685702,56,0.9359021282891491,42,64,largest,0.5
5911,5911,1,0,-0.0683765404908665,0.03526461777267626,28,0.9377985044185191,42,64,largest,0.5
5912,5912,0,0,-0.10460231780997187,0.017215226902055483,16,0.9410268791727673,42,64,largest,0.5
5913,5913,4,0,-0.0041646032290967305,0.061904879419121164,31,1.0106791242227346,42,64,largest,0.5
5914,5914,3,0,-0.06372696046185267,0.03718923778897326,22,0.9950490174109408,42,64,largest,0.5
5915,5915,2,0,-0.054387278808644135,0.04613034317991497,58,1.0000751534456067,42,64,largest,0.5
5916,5916,1,0,-0.01073161328500094,0.0967967085812776,37,0.9747285170732451,42,64,largest,0.5
5917,5917,0,0,-0.09047041491198526,0.02269967122967939,52,0.974537849924235,42,64,largest,0.5
5918,5918,4,0,-0.0504575482533669,0.033601728550960504,61,0.9922501926680152,42,64,largest,0.5
5919,5919,3,0,-0.05685555456406932,0.042430123329133526,1,0.9820238774845585,42,64,largest,0.5
592,592,2,0,-0.08247681673822616,0.02641229969490142,31,0.9574309831131045,42,64,largest,0.5
5920,5920,1,0,-0.09894616233417264,0.020244998801401928,33,0.9097943752714365,42,64,largest,0.5
5921,5921,0,0,-0.04667086383065755,0.05275206023608321,28,0.979844691562136,42,64,largest,0.5
5922,5922,4,0,-0.051387302546254676,0.033186342060909896,7,0.9838505929094564,42,64,largest,0.5
5923,5923,3,0,-0.05109573464616479,0.047360258663720865,28,0.9768751150030505,42,64,largest,0.5
5924,5924,2,0,-0.08615541402360472,0.024533742091490608,42,0.9518784920031955,42,64,largest,0.5
5925,5925,1,0,-0.027604461529334712,0.07254901541450857,8,0.971615207458212,42,64,largest,0.5
5926,5926,0,0,-0.12058471035040974,0.01257121918529235,14,0.940554490986414,42,64,largest,0.5
5927,5927,4,0,-0.037685940234844284,0.03984012731817549,6,0.9676084922934135,42,64,largest,0.5
5928,5928,3,0,-0.06619850569887675,0.03546084364872903,3,0.9712494053928582,42,64,largest,0.5
5929,5929,2,0,-0.011932254376336493,0.10383676389492075,9,0.9689329351001172,42,64,largest,0.5
593,593,1,0,-0.016837104548787285,0.08728368825054636,23,0.9893293239090032,42,64,largest,0.5
5930,5930,0,0,-0.08795081533630955,0.02384287395803036,10,0.9600642432922644,42,64,largest,0.5
5931,5931,4,0,-0.004827993989629853,0.06137379219193315,32,0.9941829664662595,42,64,largest,0.5
5932,5932,3,0,-0.03998428453600422,0.05844559411083685,34,0.9831771339440377,42,64,largest,0.5
5933,5933,2,0,-0.09189576710708824,0.021859737849594236,3,0.9668897130333566,42,64,largest,0.5
5934,5934,1,0,-0.014347178572121866,0.09105671422085171,22,1.0014937912601434,42,64,largest,0.5
5935,5935,0,0,-0.05904539250486418,0.04168547565385925,37,0.9681216716711041,42,64,largest,0.5
5936,5936,4,0,-0.024147917266293062,0.047659358146583494,31,0.988310076698369,42,64,largest,0.5
5938,5938,3,0,-0.09218927229623841,0.02140398034454845,23,0.944196863340741,42,64,largest,0.5
5939,5939,2,0,-0.07015370778855434,0.033779431750395064,60,0.951541930998856,42,64,largest,0.5
594,594,1,0,-0.026210257693951022,0.07431906737477592,47,0.9643979253379501,42,64,largest,0.5
5940,5940,0,0,-0.0692316058315976,0.034277167283732576,35,0.9522228503131875,42,64,largest,0.5
5941,5941,4,0,-0.059273259581841486,0.029857183177338462,38,0.9516415546906292,42,64,largest,0.5
5942,5942,3,0,-0.10772488448741147,0.015782291864289748,42,0.9533028470636113,42,64,largest,0.5
5943,5943,2,0,-0.057087580596915655,0.043745716494149836,11,0.9886336947100217,42,64,largest,0.5
5944,5944,1,0,-0.04178913319078503,0.05663320234498066,23,0.964743936303288,42,64,largest,0.5
5945,5945,0,0,-0.11946420550784764,0.012851971512048897,44,0.9234750219254082,42,64,largest,0.5
5946,5946,4,0,-0.08382205877921256,0.02144048391086937,40,0.943792948476513,42,64,largest,0.5
5947,5947,3,0,-0.011789901565345207,0.09831534210587578,14,0.999589458662561,42,64,largest,0.5
5948,5948,2,0,-0.0844380702653571,0.025393958057106845,42,0.9407633427095117,42,64,largest,0.5
5949,5949,1,0,-0.0802573388923884,0.02845216462804043,14,0.9164157365351868,42,64,largest,0.5
595,595,0,0,-0.08461557351804316,0.025442860442229726,28,0.9890102240599659,42,64,largest,0.5
5950,5950,4,0,-0.003430890698755684,0.062497261158647364,4,0.9869416764805592,42,64,largest,0.5
5951,5951,3,1,0.0172546374401521,0.16304463201433064,47,0.9376299958898713,42,64,largest,0.5
5952,5952,2,0,-0.010448341529903926,0.10671322741774929,2,0.9727790794808399,42,64,largest,0.5
5953,5953,1,0,-0.04779937913028842,0.050931018600568714,11,0.9571344383137672,42,64,largest,0.5
5954,5954,0,0,-0.01485971360339422,0.09510576554303683,57,0.9400360847752937,42,64,largest,0.5
5955,5955,4,0,-0.033532077951105355,0.042098571435118824,14,0.9478547118165598,42,64,largest,0.5
5956,5956,3,0,-0.04367541207919656,0.05451675263951882,17,0.9897739481579088,42,64,largest,0.5
5957,5957,2,0,-0.04614802804091522,0.05419300684898205,3,0.9716142676514892,42,64,largest,0.5
5958,5958,1,0,-0.05330019173930567,0.046192119947881596,32,0.966047557891506,42,64,largest,0.5
5959,5959,0,0,-0.027714140966810685,0.07519659828669446,35,0.9418450756082544,42,64,largest,0.5
596,596,4,0,-0.035201868275200665,0.04117636052301706,15,0.9693496273974176,42,64,largest,0.5
5960,5960,3,0,-0.027149570432134174,0.0742624166092221,14,0.9817507085499414,42,64,largest,0.5
5961,5961,2,0,-0.007287412698284257,0.11307506558865625,7,0.9405835601431174,42,64,largest,0.5
5962,5962,1,0,-0.046964332639888084,0.05168948609852859,2,0.9649503808344964,42,64,largest,0.5
5963,5963,0,0,-0.04649485240372264,0.05292793745683818,3,0.9852319367533616,42,64,largest,0.5
5964,5964,4,0,-0.03938204410083168,0.03895174111975421,51,0.9875993051125185,42,64,largest,0.5
5965,5965,3,0,-0.10611250006883799,0.016290611183527454,53,0.9643517372804301,42,64,largest,0.5
5966,5966,2,0,-0.14077584040672475,0.008106157599358786,28,0.919152807176052,42,64,largest,0.5
5967,5967,1,0,-0.03987948760823945,0.058567304120765384,61,0.9914268942799435,42,64,largest,0.5
5968,5968,0,0,-0.05859900147548236,0.04204296735829255,37,0.9962446231880214,42,64,largest,0.5
5969,5969,4,0,-0.0481344142615614,0.034661684138489204,48,0.9616234339559437,42,64,largest,0.5
597,597,3,0,-0.11654615520139755,0.013265738523441447,32,0.9277530425051903,42,64,largest,0.5
5970,5970,2,0,-0.1455593765874077,0.007351731092143708,54,0.9401976733475568,42,64,largest,0.5
5971,5971,1,0,-0.05555958750486589,0.044369765515317204,18,0.9518163736661772,42,64,largest,0.5
5972,5972,0,0,-0.07406337209491443,0.031223386846575666,4,0.9584527093286532,42,64,largest,0.5
5973,5973,4,0,-0.09670973780844128,0.018000688380804198,41,0.933333393920989,42,64,largest,0.5
5974,5974,3,1,0.02366274698077009,0.18127893327645436,47,0.9564763977484335,42,64,largest,0.5
5975,5975,2,1,0.049615055776764394,0.29139541309859923,10,0.884862367820401,42,64,largest,0.5
5976,5976,1,0,-0.11201174176458961,0.015934670796627706,11,0.8944701412251812,42,64,largest,0.5
5977,5977,0,0,-0.07989300777343378,0.027888421356722176,17,0.9698439486027158,42,64,largest,0.5
5978,5978,4,0,-0.04205358490588096,0.03759087658082752,36,0.9902799241238582,42,64,largest,0.5
5979,5979,3,0,-0.104256451478971,0.01689570228912087,45,0.9149843534035442,42,64,largest,0.5
598,598,2,1,0.010817129527045166,0.15615700322954382,10,0.943453171532762,42,64,largest,0.5
5980,5980,1,0,-0.01795226571701436,0.08564013927898181,27,0.9803061237378078,42,64,largest,0.5
5981,5981,0,0,-0.03407990705859021,0.06682149502765565,17,0.9951865453607434,42,64,largest,0.5
5982,5982,4,0,-0.03474961109651942,0.041424211761533825,0,0.9700788199312452,42,64,largest,0.5
5983,5983,3,0,-0.08406802952142356,0.025080317428893304,18,0.9778703765786025,42,64,largest,0.5
5984,5984,2,0,-0.10560229927703413,0.016575805151227935,45,0.9241076739243824,42,64,largest,0.5
5985,5985,1,0,-0.08383709286582786,0.026662740851731717,14,0.9149049122682018,42,64,largest,0.5
5986,5986,0,0,-0.07539281107729845,0.030430412100143946,45,0.9865074719724333,42,64,largest,0.5
5987,5987,4,0,-0.07175022696955613,0.025241186195510475,17,0.9458910520722884,42,64,largest,0.5
5988,5988,3,0,-0.07100314397779905,0.03231976731931113,45,0.959380919860155,42,64,largest,0.5
5989,5989,2,0,-0.10911868052538376,0.01543646305517787,61,0.9517147767958937,42,64,largest,0.5
599,599,1,0,-0.020425476236221707,0.08209478970531019,51,0.9817399547352739,42,64,largest,0.5
5990,5990,0,0,-0.0964977762929502,0.020177889412480624,5,0.9768989959176331,42,64,largest,0.5
5991,5991,4,0,-0.038731157706131336,0.03929039274605923,15,0.9663634441578246,42,64,largest,0.5
5992,5992,3,0,-0.09612804662941354,0.019816157023832437,34,0.9098787269972451,42,64,largest,0.5
5993,5993,2,0,-0.08138819370825578,0.02699458128801755,61,0.9612295367991753,42,64,largest,0.5
5994,5994,1,0,-0.044775138377242785,0.053728913103619644,53,0.9779036949950572,42,64,largest,0.5
5995,5995,0,0,-0.057903838879299174,0.04260553012256193,8,0.9722888198678128,42,64,largest,0.5
5996,5996,4,0,-0.02624949965232537,0.04635633890724133,19,0.9836550573724939,42,64,largest,0.5
5997,5997,3,0,-0.09633305630340105,0.01973674910057099,43,0.9375068698386746,42,64,largest,0.5
5998,5998,2,0,-0.13732696980932713,0.008697259614157,37,0.9111256690188254,42,64,largest,0.5
5999,5999,1,0,-0.046688198054467556,0.051942638733691884,26,0.959359253675627,42,64,largest,0.5
6,6,0,0,-0.0020260243922436416,0.11956080282386905,31,0.9593392400114742,42,64,largest,0.5
60,60,4,0,-0.042058485345574104,0.03758842280531639,4,0.9318092340080882,42,64,largest,0.5
600,600,3,0,-0.07056846467752353,0.032592508369971934,13,0.9723808529801365,42,64,largest,0.5
6000,6000,2,0,-0.11274499267035143,0.014342270755494277,24,0.9276669127594865,42,64,largest,0.5
6001,6001,1,0,-0.02271006203983461,0.07893911067181525,23,0.9703111803356967,42,64,largest,0.5
6002,6002,0,0,-0.055841989787346,0.044316686052369235,37,0.9847297546024504,42,64,largest,0.5
6003,6003,4,0,-0.03624996537242031,0.04060741493016732,13,0.9860863989548655,42,64,largest,0.5
6004,6004,3,0,-0.0558851531890906,0.043224944186543955,35,0.971915232634862,42,64,largest,0.5
6005,6005,2,0,-0.06340240827048238,0.03862021581869692,16,0.9938926271729839,42,64,largest,0.5
6006,6006,1,0,-0.024980221109683343,0.07591358696902589,44,0.9638118922889212,42,64,largest,0.5
6007,6007,0,0,-0.01030055317723666,0.10323351170120322,61,0.9039232531557387,42,64,largest,0.5
6008,6008,4,0,-0.06564990190019293,0.027404055656302155,5,0.9671351464948049,42,64,largest,0.5
6009,6009,3,0,-0.0438355564609898,0.054352052851476915,28,0.9479603370251509,42,64,largest,0.5
601,601,2,0,-0.004126626825766477,0.1197650127127822,2,0.961607448172336,42,64,largest,0.5
6010,6010,1,0,-0.02800035167580972,0.07205352930752112,32,0.9773118788656293,42,64,largest,0.5
6011,6011,0,0,-0.06728969546041152,0.035584023414687055,51,0.9906987716577144,42,64,largest,0.5
6012,6012,4,0,-0.02678205535627365,0.04603156603619293,36,0.9780288912943822,42,64,largest,0.5
6013,6013,3,0,-0.07814255826852412,0.028143955952859696,41,0.9643503525827705,42,64,largest,0.5
6014,6014,2,0,-0.062302093223399746,0.03946984470435838,55,0.9657510712988486,42,64,largest,0.5
6015,6015,1,0,-0.037269854631652444,0.06131063967355765,34,0.9838154016963557,42,64,largest,0.5
6016,6016,0,0,-0.06458136153609617,0.03748703595218502,22,0.9821976852558381,42,64,largest,0.5
6017,6017,4,0,-0.02892776423068888,0.04474484602591138,3,0.9629623376243923,42,64,largest,0.5
6018,6018,3,0,-0.04328657852381912,0.05491860601213658,56,0.965544566862422,42,64,largest,0.5
6019,6019,2,0,-0.0431595372172312,0.05743335194097099,58,0.9749804936393648,42,64,largest,0.5
602,602,1,0,-0.030165867456974027,0.06939806113041369,53,0.9740311183472712,42,64,largest,0.5
6020,6020,0,0,-0.07047654738669085,0.033463833676746026,20,0.9819724516234298,42,64,largest,0.5
6021,6021,4,0,-0.036450363126670826,0.040499492317745266,57,0.9694212834467815,42,64,largest,0.5
6022,6022,3,0,-0.07498945624082787,0.029919371671183827,22,0.9854715570669687,42,64,largest,0.5
6023,6023,2,0,-0.06887150170150291,0.034651392758181215,15,0.9683163256972256,42,64,largest,0.5
6024,6024,1,0,-0.01852416634717846,0.08480818338120222,22,0.9864904092612734,42,64,largest,0.5
6025,6025,0,0,-0.011520271015221573,0.10100073628508371,40,0.9851315505292557,42,64,largest,0.5
6026,6026,4,0,-0.03932322795843357,0.03898222728746866,46,0.9762145107157328,42,64,largest,0.5
6027,6027,3,0,-0.06677042540392253,0.03507205243544377,26,0.9783494023443287,42,64,largest,0.5
6028,6028,2,0,-0.028517884405602767,0.07609363096464997,41,0.9855100815663612,42,64,largest,0.5
6029,6029,1,0,-0.016532426199115435,0.08773766645986637,46,0.9991275882316669,42,64,largest,0.5
603,603,0,0,-0.08128289834079683,0.027145875437757965,34,0.9587025038079774,42,64,largest,0.5
6030,6030,4,0,-0.01804278269461823,0.05164468812544385,44,0.9705080522892916,42,64,largest,0.5
6031,6031,3,0,-0.02298707368991637,0.080186548514351,30,0.9464278954970423,42,64,largest,0.5
6032,6032,2,0,-0.05445224863053366,0.046071542312596574,11,0.9733096090636115,42,64,largest,0.5
6033,6033,1,0,-0.02663357288851198,0.0737774771641834,60,0.986386817703992,42,64,largest,0.5
6034,6034,0,0,-0.047318376473071355,0.05210978019373704,6,0.972723886479633,42,64,largest,0.5
6035,6035,4,0,-0.014046357211280558,0.0544220520904089,22,0.9776627972276734,42,64,largest,0.5
6036,6036,3,0,-0.06294073061886651,0.03775584796870404,40,0.9785635850088117,42,64,largest,0.5
6037,6037,2,0,-0.07376709570121331,0.03143462287612989,5,0.9839719126932351,42,64,largest,0.5
6038,6038,1,0,-0.010063869628683886,0.09789152936653325,47,0.9858729581687403,42,64,largest,0.5
6039,6039,0,0,-0.09757786439111393,0.019755923061867207,51,0.9391450702456675,42,64,largest,0.5
604,604,4,0,-0.04143012942919588,0.037904315239885605,31,0.9970954770749862,42,64,largest,0.5
6040,6040,3,0,-0.07437022517467629,0.030280579635075574,45,0.9577783711472851,42,64,largest,0.5
6041,6041,2,0,-0.05099386722918908,0.04930267733511796,31,0.9872402759983617,42,64,largest,0.5
6042,6042,1,0,-0.04331147397166002,0.05513453703114325,12,0.9798854201525629,42,64,largest,0.5
6043,6043,0,0,-0.07497304084201795,0.030678663316636105,45,0.9720503960460958,42,64,largest,0.5
6044,6044,4,0,-0.1256661372339638,0.012128799352558515,17,0.8925359083034299,42,64,largest,0.5
6045,6045,3,0,-0.12045407990502843,0.012281541865171105,34,0.8982310742098589,42,64,largest,0.5
6046,6046,2,0,-0.0242969709912223,0.08243019351379052,23,0.9658066357029212,42,64,largest,0.5
6047,6047,1,0,-0.058649769143652164,0.04198806828302604,53,0.9541070859108366,42,64,largest,0.5
6048,6048,0,0,-0.05620367250723135,0.044011852068837905,14,0.9593211318185731,42,64,largest,0.5
6049,6049,4,0,-0.05787922563473169,0.030421175394224183,38,0.9710647556779387,42,64,largest,0.5
605,605,3,0,-0.06856530849183473,0.033878390682555395,11,0.9906969370391168,42,64,largest,0.5
6050,6050,2,0,-0.07961662065620467,0.027968935745514463,40,0.9833232620403481,42,64,largest,0.5
6051,6051,1,0,-0.03162488915196249,0.06766029904208525,53,0.9802630058925127,42,64,largest,0.5
6052,6052,0,0,-0.07075951105217615,0.03328158553351075,51,0.9746454037785433,42,64,largest,0.5
6053,6053,4,0,-0.04979632278500579,0.03390019345589139,18,0.9585566841729587,42,64,largest,0.5
6054,6054,3,0,-0.08023548074263842,0.0270224321876885,23,0.9805277050212886,42,64,largest,0.5
6055,6055,2,0,-0.07719520523483747,0.029356111200956637,60,0.9715440586555635,42,64,largest,0.5
6056,6056,1,0,-0.0517285572399766,0.047501521611117564,58,0.9692964036341196,42,64,largest,0.5
6057,6057,0,0,-0.06791958554931288,0.035154949268821525,43,0.9785424852386848,42,64,largest,0.5
6058,6058,4,0,-0.031261245881095356,0.04338446204402563,41,0.9939812876457116,42,64,largest,0.5
6059,6059,3,0,-0.07217152322281095,0.031597554917356864,16,0.967317457418888,42,64,largest,0.5
606,606,2,0,-0.001954884779400645,0.12455757131563722,9,0.9508470178842771,42,64,largest,0.5
6060,6060,1,0,-0.05316890172325761,0.04630017593818843,18,0.9597907415740022,42,64,largest,0.5
6061,6061,0,0,-0.0880222819783254,0.023809686833175393,48,0.935330082593768,42,64,largest,0.5
6062,6062,4,0,-0.0675755548573379,0.026702544061995626,7,0.9659780685511695,42,64,largest,0.5
6063,6063,3,0,-0.13965296916477898,0.008401461802321285,43,0.8938856908919213,42,64,largest,0.5
6064,6064,2,0,-0.13420315439670183,0.009269420936543985,45,0.9225613610795483,42,64,largest,0.5
6065,6065,1,0,-0.0693122964119075,0.03467537463414114,27,0.9319824432659105,42,64,largest,0.5
6066,6066,0,0,-0.05371251482416883,0.046152660603615905,16,0.9625461492593903,42,64,largest,0.5
6067,6067,4,0,-0.05737667983826866,0.030627013165595435,7,0.9506169570403589,42,64,largest,0.5
6068,6068,3,0,-0.10069492930875534,0.018119280019626854,31,0.9437202650850294,42,64,largest,0.5
6069,6069,2,0,-0.08860481227949102,0.023355813453334033,42,0.945043627196915,42,64,largest,0.5
607,607,1,1,0.0076910473558898795,0.1312931970487636,7,0.993450850275481,42,64,largest,0.5
6070,6070,0,0,-0.10598913469870186,0.016752974868301605,8,0.9375148273096587,42,64,largest,0.5
6071,6071,4,0,-0.03681802766342668,0.040302203502554736,7,0.9600189601585043,42,64,largest,0.5
6072,6072,3,0,-0.06472434107987635,0.03648221371977947,45,0.9463120167816217,42,64,largest,0.5
6073,6073,2,0,-0.03745171520992585,0.06413322635298092,4,0.9777272571925328,42,64,largest,0.5
6074,6074,1,0,-0.07535495348965371,0.03109290560132478,3,0.9409392006644214,42,64,largest,0.5
6075,6075,0,0,-0.08040846598066365,0.027610764980409472,14,0.9505372666912935,42,64,largest,0.5
6076,6076,4,0,-0.09256014623114162,0.019044558594130637,7,0.9253830071400138,42,64,largest,0.5
6077,6077,3,0,-0.04518054718170317,0.05298720256207288,42,0.965634926629415,42,64,largest,0.5
6078,6078,2,0,-0.12558962821269937,0.011047420457155779,54,0.9492949235857591,42,64,largest,0.5
6079,6079,1,0,-0.045805144654686325,0.05276008534353581,18,0.9673365961691933,42,64,largest,0.5
608,608,0,0,-0.07828742580197601,0.028770770939962317,9,0.9849532740412162,42,64,largest,0.5
6080,6080,4,0,-0.044712651245220614,0.03628179887080482,7,0.9670449332636165,42,64,largest,0.5
6081,6081,3,0,-0.0944169546344088,0.020491248919862214,20,0.9483845901438498,42,64,largest,0.5
6082,6082,2,0,-0.050396700159736296,0.04988193969653939,23,0.9406664279056303,42,64,largest,0.5
6083,6083,1,0,-0.022033449895794144,0.0798619687555383,47,0.9822713598095691,42,64,largest,0.5
6084,6084,0,0,-0.05076694166544382,0.04881184840465982,30,0.9846879017631304,42,64,largest,0.5
6085,6085,4,0,-0.006997798528640353,0.05966632795174388,31,0.9939646280478872,42,64,largest,0.5
6086,6086,3,0,-0.09635900419287768,0.019726720767091213,49,0.9316284969624609,42,64,largest,0.5
6087,6087,2,0,-0.057120808418614,0.04371711852556626,63,0.9689583695088367,42,64,largest,0.5
6088,6088,1,0,-0.015964264520347382,0.0885899448420313,1,0.9871336062850088,42,64,largest,0.5
6089,6089,0,0,-0.012516524822874686,0.09920893648211183,60,0.9839020428907719,42,64,largest,0.5
609,609,4,0,-0.0031374084841623295,0.06273568981200973,44,0.9596528683988931,42,64,largest,0.5
6090,6090,3,0,-0.058350985325630544,0.04123256089330789,3,0.9867802344835297,42,64,largest,0.5
6091,6091,2,0,-0.027465126099785686,0.07763091784346715,17,0.9846222095114011,42,64,largest,0.5
6092,6092,1,0,-0.010781361367388165,0.09671558159176877,10,1.0023188461285126,42,64,largest,0.5
6093,6093,0,0,-0.025975413600862085,0.0776466204624828,57,0.995716385230748,42,64,largest,0.5
6094,6094,4,0,-0.0390136006353915,0.03914309422527333,18,0.983371486981999,42,64,largest,0.5
6095,6095,3,0,-0.06641634961592524,0.03531226618588807,53,0.977674020924468,42,64,largest,0.5
6096,6096,2,0,-0.07814097589390312,0.028806532151421226,23,0.9423838775869695,42,64,largest,0.5
6097,6097,1,0,-0.01829041084053984,0.08514734268196412,55,0.9771814654950671,42,64,largest,0.5
6098,6098,0,0,-0.00011255820721356447,0.12364114665582047,57,0.9484679706951792,42,64,largest,0.5
6099,6099,4,0,-0.00543153090448123,0.06089432403020228,10,0.9414509812797619,42,64,largest,0.5
61,61,3,0,-0.03997729665105321,0.058453278091092783,57,0.9788081970768119,42,64,largest,0.5
610,610,2,0,-0.07694667984349346,0.029502206039237866,56,0.949262455450852,42,64,largest,0.5
6100,6100,1,0,-0.05402735466895603,0.04559797367605736,18,0.9609283866330671,42,64,largest,0.5
6101,6101,0,0,-0.09703643498842618,0.019966355448581132,48,0.9414555235570498,42,64,largest,0.5
6102,6102,4,0,-0.025146548166369076,0.047035906245664366,18,1.0011437162015098,42,64,largest,0.5
6103,6103,3,0,-0.06183893642807514,0.03856384715810129,44,0.9919116639399128,42,64,largest,0.5
6104,6104,2,0,-0.024681830255690596,0.08183308814974839,7,1.0062278207094053,42,64,largest,0.5
6105,6105,1,0,-0.04361700679893421,0.054838288781290094,8,0.9600278495643225,42,64,largest,0.5
6106,6106,0,1,0.0020028650475200083,0.12829077838901504,36,0.9379493219941473,42,64,largest,0.5
6107,6107,4,0,-0.02028312732868376,0.0501468942146154,14,0.9557984467005219,42,64,largest,0.5
6108,6108,3,0,-0.02967409850232383,0.0708682301015442,21,0.9460420788026321,42,64,largest,0.5
6109,6109,2,0,-0.06626720475946912,0.036489700147214976,60,0.9926348864861892,42,64,largest,0.5
611,611,1,0,-0.04674460320984808,0.051890832968686997,11,0.9573102898259459,42,64,largest,0.5
6110,6110,0,0,-0.02594553189446802,0.07768935880654154,48,0.9961204124188251,42,64,largest,0.5
6111,6111,4,0,-0.08106527223433546,0.02225583791189136,5,0.9589671114828764,42,64,largest,0.5
6112,6112,3,0,-0.1046353070746624,0.016770423177847736,49,0.9287631397760665,42,64,largest,0.5
6113,6113,2,0,-0.10834046420949739,0.01568177916062107,42,0.9378072425034885,42,64,largest,0.5
6114,6114,1,0,-0.05060979710577962,0.048455020723410965,11,0.9507959817916009,42,64,largest,0.5
6115,6115,0,0,-0.12327861098159143,0.011920780010517568,51,0.9491709593889711,42,64,largest,0.5
6116,6116,4,0,-0.048251977184313066,0.03460727874245666,36,0.9730689250413223,42,64,largest,0.5
6117,6117,3,0,-0.10729152933942177,0.015917357145488847,31,0.9128300159977779,42,64,largest,0.5
6118,6118,2,0,-0.06455373922375152,0.037749998946230434,22,0.9596130200344514,42,64,largest,0.5
6119,6119,1,0,-2.3583086654732632e-05,0.11572763518440615,50,0.9985577931406384,42,64,largest,0.5
612,612,0,0,-0.11500281269517798,0.0140324868487442,16,0.930481943047612,42,64,largest,0.5
6120,6120,4,0,-0.05764426569088432,0.030517245330215235,17,0.9483595888548325,42,64,largest,0.5
6121,6121,3,0,-0.04314491952913513,0.05506570055873893,44,1.0016112957093455,42,64,largest,0.5
6122,6122,2,0,-0.029595526019557727,0.07454898533061259,17,0.9604859186874933,42,64,largest,0.5
6123,6123,1,0,-0.06538859695104426,0.03721137193942525,28,0.9397112492595375,42,64,largest,0.5
6124,6124,0,0,-0.039722396413351624,0.060130290897236024,37,0.9937503959901514,42,64,largest,0.5
6125,6125,4,0,-0.03636262288130865,0.040546710276765284,19,0.9912661284082335,42,64,largest,0.5
6126,6126,3,0,-0.04687244189794648,0.051316257496686675,56,0.9840070591920047,42,64,largest,0.5
6127,6127,2,0,-0.0702783657527345,0.03369579654231386,34,0.968280519840434,42,64,largest,0.5
6128,6128,1,0,-0.028935939127296972,0.0708949533010094,34,0.9718225833532084,42,64,largest,0.5
6129,6129,0,0,-0.09019502682880409,0.02282196824367805,25,1.0064240832004059,42,64,largest,0.5
613,613,4,0,-0.03154812215468994,0.04321996798115935,44,0.95575324560409,42,64,largest,0.5
6130,6130,3,0,-0.07665983336764248,0.028965717764473795,3,0.9675608267977898,42,64,largest,0.5
6131,6131,2,0,-0.06696368547909826,0.03598907535567263,5,1.0042455999912705,42,64,largest,0.5
6132,6132,1,0,-0.002930094213207113,0.11029215070067931,60,1.003783297853769,42,64,largest,0.5
6133,6133,0,0,-0.057965063932288174,0.042555696069390705,24,0.9920692036027954,42,64,largest,0.5
6134,6134,4,0,-0.045807364651785254,0.03575570714966716,40,0.9802876842556799,42,64,largest,0.5
6135,6135,3,0,-0.04246996490288879,0.05577166217896042,30,0.9560055823687649,42,64,largest,0.5
6136,6136,2,1,0.0318122298567689,0.22183393070024793,10,0.9467141939223523,42,64,largest,0.5
6137,6137,1,0,-0.021592555380970935,0.08046861347421198,63,0.9950848270580254,42,64,largest,0.5
6138,6138,0,0,-0.03350747026981371,0.06753770789152418,28,0.9927022633694937,42,64,largest,0.5
6139,6139,4,0,-0.03166959331100838,0.043150496362126894,31,0.9795331216778252,42,64,largest,0.5
614,614,3,0,-0.03130004186220958,0.06875862960768588,12,0.9858979068952327,42,64,largest,0.5
6140,6140,2,0,-0.008016684992754208,0.11157855286844258,2,0.9632769776687361,42,64,largest,0.5
6141,6141,1,0,-0.04072160685661952,0.05770687997227097,50,0.9827380340553477,42,64,largest,0.5
6142,6142,0,0,-0.053933716778121754,0.0459586268847583,28,0.9945106139851985,42,64,largest,0.5
6143,6143,4,0,-0.0008179675706745382,0.06465009201589558,58,0.998424626691069,42,64,largest,0.5
6144,6144,3,0,-0.04204189580056639,0.056223800843645304,40,0.9817976678983937,42,64,largest,0.5
6145,6145,2,0,-0.08221602949998219,0.026550666457359085,22,0.9611432501274514,42,64,largest,0.5
6146,6146,1,0,-0.014395354195465226,0.09098234008801981,55,0.9818038946973818,42,64,largest,0.5
6147,6147,0,0,-0.044829725556791766,0.05461939487364695,40,0.9758768766348644,42,64,largest,0.5
6148,6148,4,0,-0.04744324669770461,0.03498321161780723,32,0.9805101558011533,42,64,largest,0.5
6149,6149,3,0,-0.02676911637982482,0.07478671851468817,21,0.9208649723759814,42,64,largest,0.5
615,615,2,1,0.03451590222626022,0.23158775758877262,10,0.9230666501247029,42,64,largest,0.5
6150,6150,1,0,-0.019740033448820804,0.08306376280476126,28,0.9819658657581695,42,64,largest,0.5
6151,6151,0,0,-0.052396562479267605,0.047323192456615995,58,0.9884189879856332,42,64,largest,0.5
6152,6152,4,0,-0.034549880798540156,0.04153412411672634,58,0.9978390811836105,42,64,largest,0.5
6153,6153,3,0,-0.1608686569321336,0.005514620347199387,24,0.8658969657841251,42,64,largest,0.5
6154,6154,2,0,-0.04369865306148035,0.05683564758565143,11,0.9821940340263856,42,64,largest,0.5
6155,6155,1,0,-0.04225273158122633,0.056172803858332385,63,0.9738876302398088,42,64,largest,0.5
6156,6156,0,0,-0.06611715526552542,0.03639621351728665,45,0.9735737840826818,42,64,largest,0.5
6157,6157,4,0,-0.007776553149773102,0.059064430426894285,19,0.9726454018557869,42,64,largest,0.5
6158,6158,3,0,-0.08619782517935948,0.02406054715253164,42,0.9619522920792963,42,64,largest,0.5
6159,6159,2,0,-0.05023449507729516,0.05004039176726685,62,0.9749111600245529,42,64,largest,0.5
616,616,1,0,-0.015061870052935467,0.0899589618701394,36,0.9956628213909939,42,64,largest,0.5
6160,6160,0,0,-0.03413340646807883,0.06675491991316912,40,0.9829493689622225,42,64,largest,0.5
6161,6161,4,0,-0.01676071871826179,0.05252075104531987,44,0.9896016576694949,42,64,largest,0.5
6162,6162,3,0,-0.00812450905272366,0.10500156861325054,22,0.9783879186398272,42,64,largest,0.5
6163,6163,2,0,-0.06032530309320994,0.04104147356923906,7,0.9570018858719865,42,64,largest,0.5
6164,6164,1,0,-0.0438482227320125,0.0546150964586562,8,0.9645563378183626,42,64,largest,0.5
6165,6165,0,0,-0.031193816887265635,0.07050557040851248,40,0.965011117943787,42,64,largest,0.5
6166,6166,4,0,-0.027447269511195693,0.0456289343923917,31,0.9806292454929685,42,64,largest,0.5
6167,6167,3,0,-0.005810139448618412,0.10942739797730809,3,0.9637173643347482,42,64,largest,0.5
6168,6168,2,0,-0.052590945689246826,0.04778466970646411,39,1.0016523816955267,42,64,largest,0.5
6169,6169,1,0,-0.05550771029579826,0.04441082851212922,26,0.9538865231630734,42,64,largest,0.5
617,617,0,0,-0.03892503250027479,0.061036322148233284,2,0.9824767423310632,42,64,largest,0.5
6170,6170,4,0,-0.022517706139701166,0.0486940056232385,21,0.9899819091764231,42,64,largest,0.5
6171,6171,3,0,-0.029139836278789688,0.07157436849060204,12,0.9626668080300979,42,64,largest,0.5
6172,6172,2,0,-0.04157234515784625,0.0592274686558191,40,0.9747112523202663,42,64,largest,0.5
6173,6173,1,0,-0.030584072359616576,0.06889578008327314,34,0.9775946515807198,42,64,largest,0.5
6174,6174,0,0,-0.023061740795310426,0.0819165613438329,10,0.9778940596143462,42,64,largest,0.5
6175,6175,4,0,-0.05511990402421274,0.031568109095489835,4,0.953480838385367,42,64,largest,0.5
6176,6176,3,0,-0.021839810085404254,0.08189365854944598,12,0.9819530257000233,42,64,largest,0.5
6177,6177,2,0,-0.05433993017009986,0.04617324099663901,9,0.9526283443101325,42,64,largest,0.5
6178,6178,1,0,-0.0331286369930861,0.06591156571525676,26,0.9672422490379233,42,64,largest,0.5
6179,6179,0,0,-0.06169003021796993,0.039626464177008845,28,0.9800260877331137,42,64,largest,0.5
618,618,4,0,-0.036372398491035685,0.040541446862754446,58,0.9955579925390415,42,64,largest,0.5
6180,6180,3,0,-0.08133154657950292,0.02645254646187646,38,0.9488954371322212,42,64,largest,0.5
6181,6181,2,0,-0.02969634885960215,0.07440595419125073,23,0.98098274318155,42,64,largest,0.5
6182,6182,1,0,-0.07863163319357602,0.029302813523898495,14,0.9351243792616736,42,64,largest,0.5
6183,6183,0,0,-0.129213782202381,0.010602784836635593,44,0.9058569506203463,42,64,largest,0.5
6184,6184,4,0,-0.02466220293802257,0.04733731194172579,44,0.9719217162768149,42,64,largest,0.5
6185,6185,3,0,-0.037471983224641625,0.06126999749463453,55,0.9628282609635271,42,64,largest,0.5
6186,6186,2,0,-0.06918517914337674,0.034436092867620394,40,0.9479577094696782,42,64,largest,0.5
6187,6187,1,0,-0.09563739894424872,0.021506601533225162,62,0.9210841966511609,42,64,largest,0.5
6188,6188,0,0,-0.07624204994127814,0.029934111005795162,51,0.981031396759485,42,64,largest,0.5
6189,6189,4,0,-0.024184538119852106,0.04763635746989799,7,0.9753153708315214,42,64,largest,0.5
619,619,3,0,-0.050822134016701326,0.04760751719238621,36,0.9995774687877598,42,64,largest,0.5
6190,6190,2,0,-0.060423083770315134,0.04096234476214107,47,0.9806320342909537,42,64,largest,0.5
6191,6191,1,1,0.015835003144206383,0.1496169352181608,7,0.9914177042403179,42,64,largest,0.5
6192,6192,0,0,-0.07303311240698251,0.031851627340359796,4,0.9694154063573832,42,64,largest,0.5
6193,6193,4,0,-0.06218141752395301,0.02871305610633667,5,0.9810420793389276,42,64,largest,0.5
6194,6194,3,0,-0.05909958069481247,0.04064528900410356,11,0.9656191052019221,42,64,largest,0.5
6195,6195,2,0,-0.03776228382667379,0.06375066168173456,34,1.0067655433756446,42,64,largest,0.5
6196,6196,1,1,0.01027222279101625,0.1368847785027301,7,0.994611086355533,42,64,largest,0.5
6197,6197,0,0,-0.010201694098763037,0.10341638053379752,43,0.9708230151514561,42,64,largest,0.5
6198,6198,4,0,-0.08614346675752893,0.02077661765330505,49,0.9679886330792009,42,64,largest,0.5
6199,6199,3,0,-0.09101365888724078,0.021901567211278675,31,0.9266370748827841,42,64,largest,0.5
62,62,2,0,-0.04163027560267285,0.05916107198082652,5,0.9944520551555877,42,64,largest,0.5
620,620,1,0,-0.01576307944900235,0.08889352279022106,61,0.9928166383210698,42,64,largest,0.5
6200,6200,0,0,-0.06842048600311046,0.03481730408856618,14,0.972618833979152,42,64,largest,0.5
6201,6201,4,0,-0.07723986691263718,0.023437629316545264,48,0.9279523061880103,42,64,largest,0.5
6202,6202,3,0,-0.0811434152119539,0.02654952499334081,58,0.9672644937282078,42,64,largest,0.5
6203,6203,2,0,-0.08449217483026306,0.025366414261137706,48,0.9722691376440867,42,64,largest,0.5
6204,6204,1,0,-0.04158513030068989,0.056836919011722824,12,0.9727357103520725,42,64,largest,0.5
6205,6205,0,0,-0.08302272513703446,0.026243427660641264,4,0.9571630749818937,42,64,largest,0.5
6206,6206,4,0,-0.09557347541814742,0.018280809481058282,7,0.9205012680300604,42,64,largest,0.5
6207,6207,3,0,-0.1127181109891271,0.014305137818798441,49,0.9388187563949961,42,64,largest,0.5
6208,6208,2,0,-0.046296753099562826,0.05403633273391181,22,0.980695389483309,42,64,largest,0.5
6209,6209,1,0,-0.05193168123996961,0.047330325542086674,62,0.9639306383096554,42,64,largest,0.5
621,621,0,0,-0.11095151559088012,0.015196730527658305,49,0.9612639743137611,42,64,largest,0.5
6210,6210,4,0,-0.05659387545187611,0.03095033128151591,48,0.9435802088499959,42,64,largest,0.5
6211,6211,3,0,-0.06970487791607682,0.03314098201504111,2,0.9742419944154702,42,64,largest,0.5
6212,6212,2,0,-0.06144140233194062,0.0401469082294829,58,0.9857877278584587,42,64,largest,0.5
6213,6213,1,0,-0.03703515669647939,0.06156316616767432,50,0.9677990095614969,42,64,largest,0.5
6214,6214,0,0,-0.0872534886815568,0.024169070357994083,21,0.9489346009957711,42,64,largest,0.5
6215,6215,4,0,-0.09327880060660232,0.01885961675023652,17,0.9236287978060282,42,64,largest,0.5
6216,6216,3,0,-0.0810144879648198,0.026616184426840092,38,0.9475593465409065,42,64,largest,0.5
6217,6217,2,0,-0.1015972706386723,0.017974376194663303,47,0.9597547310343135,42,64,largest,0.5
6218,6218,1,0,-0.056279578566591826,0.04380358783945091,12,0.9539859608260929,42,64,largest,0.5
6219,6219,0,0,-0.06325292280480499,0.03845586458873757,5,0.9832449531580564,42,64,largest,0.5
622,622,4,0,-0.021583995175753712,0.04929616820829634,46,0.9851940156884125,42,64,largest,0.5
6220,6220,3,0,-0.07669061930022747,0.028948421119900144,34,0.9673287711259846,42,64,largest,0.5
6221,6221,2,0,-0.1033349113616212,0.017353895329471104,18,0.9621119770307326,42,64,largest,0.5
6222,6222,1,0,-0.04690757477164553,0.05174142473362315,1,0.9582560677034438,42,64,largest,0.5
6223,6223,0,0,-0.1141353005678446,0.01427415299425828,45,0.9598055571176373,42,64,largest,0.5
6224,6224,4,0,-0.047738068538120015,0.03484571200141034,41,0.9753369187261124,42,64,largest,0.5
6225,6225,3,0,-0.04950817550830566,0.048812146689525666,42,0.9557136217351031,42,64,largest,0.5
6226,6226,2,0,-0.020890197231972274,0.08789091766721793,17,0.9506980534682639,42,64,largest,0.5
6227,6227,1,0,-0.027997858371003992,0.07205664007585341,47,0.974503660063435,42,64,largest,0.5
6228,6228,0,0,-0.03366339678297681,0.06734191547609751,10,0.9746977590993166,42,64,largest,0.5
6229,6229,4,0,-0.010862975556187981,0.05673449898212695,62,0.9850372633782545,42,64,largest,0.5
623,623,3,0,-0.02301062370379281,0.08015184901779686,45,0.9855539126759256,42,64,largest,0.5
6230,6230,2,0,-0.06710136070846617,0.035890901141420434,58,0.9655816487023258,42,64,largest,0.5
6231,6231,1,0,-0.01993985314607105,0.08278021951399066,16,0.9842664443010538,42,64,largest,0.5
6232,6232,0,0,-0.06256128382051285,0.03896974741383837,10,0.9862619943626149,42,64,largest,0.5
6233,6233,4,0,-0.04235602036630759,0.03743972745440044,12,1.0003026802782553,42,64,largest,0.5
6234,6234,3,0,-0.0531342864126938,0.04555604531299076,2,0.9357704017461596,42,64,largest,0.5
6235,6235,2,1,0.021814019572338195,0.18834790832147952,10,0.9194659543212951,42,64,largest,0.5
6236,6236,1,0,-0.023406469944576735,0.07799944395635501,32,0.9798713353687855,42,64,largest,0.5
6237,6237,0,0,-0.06473908674698003,0.037373576854832356,14,0.9826461942142019,42,64,largest,0.5
6238,6238,4,0,-0.04478838328644685,0.03624516534984634,62,0.9701143075238985,42,64,largest,0.5
6239,6239,3,0,-0.052073884645001955,0.04648622951126076,54,0.9958807171422261,42,64,largest,0.5
624,624,2,0,-0.05538968763630003,0.04523101613673289,13,0.9766000533494785,42,64,largest,0.5
6240,6240,1,0,-0.01022774330189602,0.0976218271488675,34,0.995439130216965,42,64,largest,0.5
6241,6241,0,0,-0.02371110392063991,0.08094678698750367,29,0.9614875877223114,42,64,largest,0.5
6242,6242,4,0,-0.032917595511481546,0.04244289037245277,14,0.9256137488677938,42,64,largest,0.5
6243,6243,3,0,-0.10299043603499147,0.017321053826796173,34,0.9384740960376518,42,64,largest,0.5
6244,6244,2,0,-0.06590750151542346,0.03675086917989518,12,0.9664002328939393,42,64,largest,0.5
6245,6245,1,0,-0.009906568686620543,0.09815103885249322,53,0.9907453206689948,42,64,largest,0.5
6246,6246,0,0,-0.05534324235501786,0.04474034506653892,5,0.9725039012684188,42,64,largest,0.5
6247,6247,4,0,-0.07598398812151796,0.023838804676131378,47,0.9546434453569886,42,64,largest,0.5
6248,6248,3,0,-0.028104311264257498,0.07296154933663815,30,0.9520626392468379,42,64,largest,0.5
6249,6249,2,0,-0.0549277651659128,0.04564334336225898,4,0.9756233748133432,42,64,largest,0.5
625,625,1,0,-0.0014633897706516352,0.11300652423639375,55,0.98949001839906,42,64,largest,0.5
6250,6250,0,0,-0.0318238874292649,0.06968560314508931,52,1.010763332019913,42,64,largest,0.5
6251,6251,4,0,-0.06743039801900574,0.026754810147297848,30,0.9287503190683648,42,64,largest,0.5
6252,6252,3,0,-0.04838286631889488,0.04986675808761034,30,0.929520110184732,42,64,largest,0.5
6253,6253,2,0,-0.07716293218173298,0.02937504309886579,42,0.9578871900043427,42,64,largest,0.5
6254,6254,1,0,-0.0253773509800419,0.07539537737159033,22,0.9915944105777896,42,64,largest,0.5
6255,6255,0,0,-0.06928747248084655,0.034240263795547315,49,0.9852097381299274,42,64,largest,0.5
6256,6256,4,0,-0.04714357598994945,0.035123508461771064,41,0.9939118898800505,42,64,largest,0.5
6257,6257,3,0,-0.11851741110710745,0.012759926788168759,23,0.9288868693461461,42,64,largest,0.5
6258,6258,2,0,-0.10491938993217009,0.016806475677912838,15,0.9696584582325978,42,64,largest,0.5
6259,6259,1,0,-0.030477581094701445,0.0690233600315027,23,0.9828465875334903,42,64,largest,0.5
626,626,0,0,-0.04928794954355231,0.050201268518876664,32,0.9966596405759502,42,64,largest,0.5
6260,6260,4,0,-0.0741433248198069,0.024438911389204187,55,0.9506372300008774,42,64,largest,0.5
6261,6261,3,0,-0.1213237094957651,0.012072534742327801,49,0.9232153286620199,42,64,largest,0.5
6262,6262,2,0,-0.05929098100203323,0.041887503567759866,24,0.9682185096308329,42,64,largest,0.5
6263,6263,1,0,-0.02115473108822208,0.08107519202248585,9,0.9652969873938968,42,64,largest,0.5
6264,6264,0,0,-0.11913976133506299,0.012934413050144367,41,0.9700671950935099,42,64,largest,0.5
6265,6265,4,0,-0.060856581003239985,0.029228899326997505,8,0.9746072258888114,42,64,largest,0.5
6266,6266,3,0,-0.07219165792950544,0.0315852468647046,57,0.9500638399430732,42,64,largest,0.5
6267,6267,2,0,-0.08593307939635242,0.024643487959296287,60,0.960136355978799,42,64,largest,0.5
6268,6268,1,0,-0.042867519214856875,0.05556768756648056,28,0.9678237405979002,42,64,largest,0.5
6269,6269,0,0,-0.11661650834627235,0.013593635197648793,51,0.9238129098810036,42,64,largest,0.5
627,627,4,0,-0.01952441853783693,0.050649467398327035,31,0.9987900974819026,42,64,largest,0.5
6270,6270,3,0,-0.07163263502116801,0.03192869843072296,49,0.9771201968468042,42,64,largest,0.5
6271,6271,2,0,-0.11021135657831616,0.015098384287007298,56,0.9511157009375727,42,64,largest,0.5
6272,6272,1,0,-0.05352802269942514,0.046005176910397,33,0.9526561347178822,42,64,largest,0.5
6273,6273,0,0,-0.12152183814313067,0.012341069911907853,44,0.9510759607642114,42,64,largest,0.5
6274,6274,4,0,-0.08982220482370773,0.019765585148590788,7,0.9512805680440163,42,64,largest,0.5
6275,6275,3,0,-0.03293394368176039,0.06669741956215156,41,1.0001539954156928,42,64,largest,0.5
6276,6276,2,1,0.010740538853192039,0.15594940507868416,10,0.9663569735627922,42,64,largest,0.5
6277,6277,1,0,-0.06656609151413051,0.036432152116003445,58,0.9600561628970395,42,64,largest,0.5
6278,6278,0,0,-0.08982869962266249,0.022985648142461335,8,0.9567815406313276,42,64,largest,0.5
6279,6279,4,0,-0.0328062708707777,0.042505557294949585,10,0.9687841536339614,42,64,largest,0.5
628,628,3,0,-0.11597073865304575,0.013417081722523889,43,0.9292761078865692,42,64,largest,0.5
6280,6280,2,0,-0.033495932064329104,0.06919650627504131,45,0.9832918729951245,42,64,largest,0.5
6281,6281,1,0,-0.06901621622570342,0.034860781656406034,3,0.932012787329244,42,64,largest,0.5
6282,6282,0,0,-0.07493950191881793,0.030698582557035482,41,0.9577999515565871,42,64,largest,0.5
6283,6283,4,0,-0.08695341625473652,0.020549759547117283,40,0.9275676081905007,42,64,largest,0.5
6284,6284,3,0,-0.07161218977957373,0.0319413277625464,8,0.9792897262941155,42,64,largest,0.5
6285,6285,2,0,-0.05508104579260242,0.045506124785376634,55,0.997457869295307,42,64,largest,0.5
6286,6286,1,0,-0.06712304964180871,0.036069070747098905,3,0.9429911452687274,42,64,largest,0.5
6287,6287,0,0,-0.1080624995884828,0.0160845533972333,8,0.9430885782448094,42,64,largest,0.5
6288,6288,4,0,-0.04218211409920447,0.037526569624475016,44,0.970837387390991,42,64,largest,0.5
6289,6289,3,0,-0.07560121931161534,0.02956662221602963,42,0.9628573244956466,42,64,largest,0.5
629,629,2,0,-0.07359075079927935,0.03154531040360596,61,0.9585724983668164,42,64,largest,0.5
6290,6290,1,1,0.003362482727579663,0.12235209592153812,7,0.9999195137182891,42,64,largest,0.5
6291,6291,0,0,-0.03909880706799296,0.06083778354216708,0,0.9959386263373127,42,64,largest,0.5
6292,6292,4,0,-0.05918255750666723,0.02989356875669374,18,0.9533904508748309,42,64,largest,0.5
6293,6293,3,0,-0.054128525662517024,0.04470002014356168,2,0.9575918452594256,42,64,largest,0.5
6294,6294,2,0,-0.06601386062236181,0.036673458572980856,45,0.953490052716483,42,64,largest,0.5
6295,6295,1,0,-0.05375342791973026,0.045820933050317585,18,0.9568082988359352,42,64,largest,0.5
6296,6296,0,0,-0.03477314387133246,0.06596358345355212,48,0.9980187722923791,42,64,largest,0.5
6297,6297,4,0,-0.08776591291510527,0.020324625065406696,2,0.9611520074631607,42,64,largest,0.5
6298,6298,3,0,-0.07896158483729154,0.027699783848109304,23,0.9513338918761571,42,64,largest,0.5
6299,6299,2,0,-0.03151272403176342,0.07187205801924984,12,0.9958642873147479,42,64,largest,0.5
63,63,1,0,-0.001882342226232736,0.11222529220808868,36,0.987049815718154,42,64,largest,0.5
630,630,0,0,-0.058020669764203614,0.0425104840428228,35,0.9796435071778751,42,64,largest,0.5
6300,6300,4,0,-0.05352741612912715,0.03224896417201426,17,0.9634532642424382,42,64,largest,0.5
6301,6301,3,0,-0.10221683978581508,0.017586123772004195,31,0.9387279539890897,42,64,largest,0.5
6302,6302,2,0,-0.06951572520900462,0.03421061091242188,39,0.972069958085747,42,64,largest,0.5
6303,6303,1,0,-0.03869303781460354,0.059799973422699326,3,0.959162896741119,42,64,largest,0.5
6304,6304,0,0,-0.04256781148447064,0.05699876278812145,5,0.9832023474965154,42,64,largest,0.5
6305,6305,4,0,-0.01894110080214373,0.051039098822113146,54,0.993430239306725,42,64,largest,0.5
6306,6306,3,0,-0.023078985032049637,0.08005120043985739,39,0.9918294302524051,42,64,largest,0.5
6307,6307,2,0,-0.09240648716740063,0.021636119347581962,24,0.9649098434124475,42,64,largest,0.5
6308,6308,1,1,0.003802139183218922,0.12323577753600083,7,0.9953387486958416,42,64,largest,0.5
6309,6309,0,0,-0.030481090035113567,0.07144384803962726,43,0.9848320021011572,42,64,largest,0.5
631,631,4,1,0.0002338653129863033,0.0655360534966201,42,0.9814528730489619,42,64,largest,0.5
6310,6310,3,0,-0.05500663616222434,0.043956750212227017,52,0.9953806654077919,42,64,largest,0.5
6311,6311,2,0,-0.03401230459845217,0.06851514516805533,36,0.9743953433104531,42,64,largest,0.5
6312,6312,1,0,-0.04567913860209816,0.052877715610312216,34,0.9687202505340972,42,64,largest,0.5
6313,6313,0,0,-0.037369362430072495,0.06284085252749047,27,0.9860044882210387,42,64,largest,0.5
6314,6314,4,0,-0.04525573841802566,0.036019880240594465,23,0.9819070431244563,42,64,largest,0.5
6315,6315,3,0,-0.08803315828837543,0.023214299684000787,1,0.9220719479130405,42,64,largest,0.5
6316,6316,2,0,-0.09828916219533335,0.01921641333626352,45,0.9459244276819309,42,64,largest,0.5
6317,6317,1,0,-0.08012059173772801,0.02852278433346877,3,0.9317821244015446,42,64,largest,0.5
6318,6318,0,0,-0.07868438039438264,0.028550135216427075,3,0.9658947566561775,42,64,largest,0.5
6319,6319,4,0,-0.08927004429614471,0.019914202991339863,14,0.862393558430645,42,64,largest,0.5
632,632,3,0,-0.11024822622000274,0.015017948195112596,38,0.8948065505227342,42,64,largest,0.5
6320,6320,2,0,-0.050429980786151685,0.04984948792621055,43,0.972072387075442,42,64,largest,0.5
6321,6321,1,0,-0.03314923568774131,0.06588790530188762,47,0.9729519827208767,42,64,largest,0.5
6322,6322,0,0,-0.037954227390030404,0.06215666094403466,7,0.9403201236697999,42,64,largest,0.5
6323,6323,4,1,0.01582980255688038,0.08006181972886586,42,0.969143472117352,42,64,largest,0.5
6324,6324,3,0,-0.03735707027570512,0.0614021914419066,39,0.968977775233983,42,64,largest,0.5
6325,6325,2,1,0.000118309489394397,0.12928520773990274,10,0.9636814246878068,42,64,largest,0.5
6326,6326,1,0,-0.03743019670068548,0.061138674415254106,34,0.9716250815561996,42,64,largest,0.5
6327,6327,0,0,-0.04807074518138299,0.05137277471752707,49,0.983098890680343,42,64,largest,0.5
6328,6328,4,0,-0.03368329698872963,0.04201424773103049,4,0.9430701837888634,42,64,largest,0.5
6329,6329,3,0,-0.07354038827400589,0.030771267378298682,10,0.9662316298293886,42,64,largest,0.5
633,633,2,0,-0.07864300719301931,0.028518875540139727,47,0.9819492438882709,42,64,largest,0.5
6330,6330,1,0,-0.02149049861767549,0.08060963561816112,42,0.9783195355145723,42,64,largest,0.5
6331,6331,0,0,-0.06670943348802927,0.03598375146023313,32,0.9948077006699451,42,64,largest,0.5
6332,6332,4,0,-0.05786432341359504,0.030427259873220848,21,0.9797596017705056,42,64,largest,0.5
6333,6333,3,0,-0.0554332107832749,0.04359994828598718,52,0.9637194936589006,42,64,largest,0.5
6334,6334,2,0,-0.06072972494956408,0.0407151421308851,11,0.9656334510104346,42,64,largest,0.5
6335,6335,1,0,-0.041768461012563485,0.05665381422891382,63,0.9748907144665198,42,64,largest,0.5
6336,6336,0,0,-0.06752096711837441,0.03542590089198392,2,0.9799094613353211,42,64,largest,0.5
6337,6337,4,0,-0.0729861459203669,0.024823697450102572,48,0.9563476358110716,42,64,largest,0.5
6338,6338,3,0,-0.08717907022620086,0.02360443166840146,2,0.9289925846584425,42,64,largest,0.5
6339,6339,2,0,-0.10478488188929602,0.016852279827853728,18,0.9427485695420759,42,64,largest,0.5
634,634,1,0,-0.057773042791252616,0.042651082637132416,56,0.9616300195451541,42,64,largest,0.5
6340,6340,0,0,-0.06282137343338579,0.0387757342665825,8,0.9819910500839031,42,64,largest,0.5
6341,6341,4,0,-0.07812705085812544,0.02315820831444147,55,0.9440010886476152,42,64,largest,0.5
6342,6342,3,0,-0.0707984232063038,0.03244794415447221,10,0.9877798034967272,42,64,largest,0.5
6343,6343,2,0,-0.10809734545699345,0.015759200735628524,57,0.946866154179926,42,64,largest,0.5
6344,6344,1,0,-0.02446443959062128,0.07659150345895434,5,0.9812377037518747,42,64,largest,0.5
6345,6345,0,0,-0.11682582550099152,0.013537711393283192,51,0.9343238422940019,42,64,largest,0.5
6346,6346,4,1,0.007663054854014528,0.07212178648139925,42,0.9828578199245369,42,64,largest,0.5
6347,6347,3,0,-0.07116648544861992,0.032217849458062976,15,0.997834342050674,42,64,largest,0.5
6348,6348,2,0,-0.09359028462212426,0.02112636188522823,48,0.9565192897543707,42,64,largest,0.5
6349,6349,1,0,-0.044366369017103335,0.05411803543054074,12,0.9736248963657191,42,64,largest,0.5
635,635,0,0,-0.06780091972666913,0.03523540019083188,24,1.0008191581241985,42,64,largest,0.5
6350,6350,4,0,-0.055845868618348726,0.03126236273631241,18,0.9339487674177496,42,64,largest,0.5
6351,6351,3,0,-0.04190654683581396,0.056367476089295133,23,0.9604798199084439,42,64,largest,0.5
6352,6352,2,0,-0.07218048414119405,0.03244416562730556,13,0.9762986960676477,42,64,largest,0.5
6353,6353,1,0,-0.04196470992365309,0.05645842168915613,4,0.9588992032217307,42,64,largest,0.5
6354,6354,0,0,-0.16260446245786153,0.005471885694647525,56,0.9315412218474759,42,64,largest,0.5
6355,6355,4,0,-0.05110651142266964,0.03331126576158799,16,0.9576822429573817,42,64,largest,0.5
6356,6356,3,0,-0.13011970006513973,0.010146494639653815,31,0.9333679787298208,42,64,largest,0.5
6357,6357,2,0,-0.08091298901755117,0.027252654361501996,0,0.9483756512372833,42,64,largest,0.5
6358,6358,1,0,-0.07496837510133914,0.03131095558355969,53,0.9465181366524079,42,64,largest,0.5
6359,6359,0,0,-0.03468764685809311,0.06606883384920463,25,0.9796041376320342,42,64,largest,0.5
636,636,4,0,-0.04100645159210037,0.03811874797695476,10,0.9563784106914969,42,64,largest,0.5
6360,6360,3,0,-0.06610703449811872,0.03552340967791727,44,0.9681596967683925,42,64,largest,0.5
6361,6361,2,0,-0.080653051249581,0.027394833815323035,13,0.9748898174848734,42,64,largest,0.5
6362,6362,1,0,-0.021628485978994916,0.08041901813887312,49,0.9737027103453268,42,64,largest,0.5
6363,6363,0,0,-0.07584809815441507,0.030163356115566753,16,0.9650723228537533,42,64,largest,0.5
6364,6364,4,0,-0.047400145553487816,0.03500335697835606,41,0.9578348206438783,42,64,largest,0.5
6365,6365,3,0,-0.07140748400224095,0.03206804418325113,4,0.9717921008454697,42,64,largest,0.5
6366,6366,2,1,0.015312935547566298,0.16874081511803482,10,0.9307756086552722,42,64,largest,0.5
6367,6367,1,0,-0.04669011388758115,0.05194087831971525,34,0.9740150532407811,42,64,largest,0.5
6368,6368,0,0,-0.026405252439620996,0.07703422135784216,24,1.0003731394692728,42,64,largest,0.5
6369,6369,4,0,-0.03915397624923045,0.03907008328986606,57,0.9674863537927586,42,64,largest,0.5
637,637,3,0,-0.09635412867755755,0.019728604673953147,2,0.9353545339709546,42,64,largest,0.5
6370,6370,2,0,-0.028887649018929262,0.07556034437521032,32,0.9824300157162297,42,64,largest,0.5
6371,6371,1,0,-0.051216594623855416,0.047935625452892906,36,0.9626356050423974,42,64,largest,0.5
6372,6372,0,0,-0.02809384151789074,0.0746710975049563,0,0.9629016399132236,42,64,largest,0.5
6373,6373,4,0,-0.02629295175447255,0.04632975867469058,19,0.9892168732088553,42,64,largest,0.5
6374,6374,3,0,-0.014378721924719118,0.09382408145124137,6,0.9884927870966445,42,64,largest,0.5
6375,6375,2,0,-0.07198486230260581,0.032570787159491035,14,0.972431626320216,42,64,largest,0.5
6376,6376,1,0,-0.00812807611032662,0.10112802274661967,42,0.9853773499847193,42,64,largest,0.5
6377,6377,0,0,-0.02480389068355837,0.07933840616330923,1,0.9917021100317669,42,64,largest,0.5
6378,6378,4,0,-0.007819866249991536,0.05903112142705403,10,0.9824973121850338,42,64,largest,0.5
6379,6379,3,1,0.023989525441615256,0.182250016445652,47,0.9473980745280527,42,64,largest,0.5
638,638,2,0,-0.013441052924545449,0.1009825601444947,32,0.9910967385745062,42,64,largest,0.5
6380,6380,1,0,-0.019992043874247245,0.08270630625552128,40,0.9813379203727238,42,64,largest,0.5
6381,6381,0,0,-0.057387018999204176,0.04302842241949714,24,0.9782133419262805,42,64,largest,0.5
6382,6382,4,0,-0.04022521823242253,0.038517205747249574,23,0.9662985121474794,42,64,largest,0.5
6383,6383,3,0,-0.15708380819710543,0.005945262165451241,5,0.8826629335122281,42,64,largest,0.5
6384,6384,2,0,-0.06835326584177304,0.035009942121678794,35,0.9735600477012635,42,64,largest,0.5
6385,6385,1,1,0.02013030908191349,0.16010333975830998,7,0.985898879592762,42,64,largest,0.5
6386,6386,0,0,-0.049963977735055565,0.04956159433123841,52,0.9950351828192519,42,64,largest,0.5
6387,6387,4,0,-0.06278242063115791,0.028481970381540534,47,0.9732645746194132,42,64,largest,0.5
6388,6388,3,0,-0.093366401272713,0.020916836334425645,40,0.9506690672437997,42,64,largest,0.5
6389,6389,2,0,-0.03508714048524164,0.06711677780477279,5,0.9885049100871112,42,64,largest,0.5
639,639,1,0,-0.03362778899752816,0.06534043907640129,40,0.9684966862123848,42,64,largest,0.5
6390,6390,0,0,-0.0201548358330067,0.08638865381998674,40,0.983990042806485,42,64,largest,0.5
6391,6391,4,0,-0.029146792107878516,0.044615446195311534,31,0.9938748882336033,42,64,largest,0.5
6392,6392,3,0,-0.03778641581631259,0.060909638162905046,46,0.9872041016767696,42,64,largest,0.5
6393,6393,2,0,-0.06326302803800632,0.0387268620757916,42,0.9740428920638308,42,64,largest,0.5
6394,6394,1,0,-0.01587811435384412,0.08871982627135674,36,0.9884383008476348,42,64,largest,0.5
6395,6395,0,0,-0.06710989534069556,0.035707423814197406,1,0.9831871405693174,42,64,largest,0.5
6396,6396,4,0,-0.015062687788146012,0.05370267322975309,44,0.9673506598996923,42,64,largest,0.5
6397,6397,3,0,-0.05483210017810369,0.0441035398604099,2,0.9750407054151272,42,64,largest,0.5
6398,6398,2,0,-0.04493899150069813,0.05548264223182795,24,0.9536768956769578,42,64,largest,0.5
6399,6399,1,0,-0.031146313364603717,0.06822581044503315,42,0.9723795922466969,42,64,largest,0.5
64,64,0,0,-0.07455837850370695,0.030925818663913206,1,0.9603655866280496,42,64,largest,0.5
640,640,4,0,-0.006572535986577921,0.05999743275155831,44,0.9811558570811846,42,64,largest,0.5
6400,6400,3,0,-0.010098562263020527,0.10135214893050001,51,0.9949778656745192,42,64,largest,0.5
6401,6401,2,0,-0.05811568454400562,0.042869084625358565,36,0.9975167662224682,42,64,largest,0.5
6402,6402,1,0,-0.016244653998726877,0.0881684127683906,34,0.9895167135216756,42,64,largest,0.5
6403,6403,0,0,-0.12161171042114016,0.012319218045029385,4,0.8974746492090783,42,64,largest,0.5
6404,6404,4,0,-0.032511580931919415,0.042671871394277,58,0.9832284217454861,42,64,largest,0.5
6405,6405,3,0,-0.031559356006840455,0.0684276037480101,31,0.9937694166333569,42,64,largest,0.5
6406,6406,2,0,-0.0829515553489183,0.026162214846837752,47,0.9437496658725487,42,64,largest,0.5
6407,6407,1,0,-0.04060340808959306,0.05782692818878854,27,0.9687838997195103,42,64,largest,0.5
6408,6408,0,0,-0.06881887091583372,0.03455099604854027,16,0.9562244636278905,42,64,largest,0.5
6409,6409,4,0,-0.044799387114458855,0.03623984548021671,31,0.9817067147257078,42,64,largest,0.5
641,641,3,0,-0.05555770292159545,0.04349634082717825,62,0.9789248962401429,42,64,largest,0.5
6410,6410,2,0,-0.046693406462103515,0.05362056504633098,12,0.9902514686528291,42,64,largest,0.5
6411,6411,1,0,-0.02001577308732816,0.08267272046376438,46,0.9903039850863019,42,64,largest,0.5
6412,6412,0,0,-0.03234915152758033,0.06900878180308527,31,0.9572302109778169,42,64,largest,0.5
6413,6413,4,0,-0.04132771106315858,0.03795604500302441,38,0.9590191570208445,42,64,largest,0.5
6414,6414,3,0,-0.07229027143494426,0.031525032820302674,23,0.9278590173781001,42,64,largest,0.5
6415,6415,2,0,-0.023137649116433567,0.08425290169825309,9,0.9829975339830507,42,64,largest,0.5
6416,6416,1,0,-0.042148975022626156,0.056275537532203934,8,0.9618234893126348,42,64,largest,0.5
6417,6417,0,0,-0.04661620956194357,0.05280661367163629,31,0.9730240120535489,42,64,largest,0.5
6418,6418,4,0,-0.028220180299953768,0.045165329369959484,30,0.951274435798842,42,64,largest,0.5
6419,6419,3,0,-0.027827074503752436,0.07333711561150356,56,0.9466396328955291,42,64,largest,0.5
642,642,2,0,-0.09484900773068383,0.020597231144015783,21,0.9897907970794491,42,64,largest,0.5
6420,6420,1,0,-0.005791544798970372,0.10516071832391724,1,0.9897519718276443,42,64,largest,0.5
6421,6421,0,0,-0.06545751851386583,0.036860938465604384,9,0.9891825642219066,42,64,largest,0.5
6422,6422,4,0,-0.0572740425795234,0.03066921792497621,52,0.9913045230040097,42,64,largest,0.5
6423,6423,3,0,-0.053368659346695435,0.04535285810262605,53,0.9890745064150842,42,64,largest,0.5
6424,6424,2,0,-0.08784544558879082,0.023714967792052333,33,0.954606722498253,42,64,largest,0.5
6425,6425,1,0,-0.04848903191448228,0.05031256432015045,14,0.963142129475585,42,64,largest,0.5
6426,6426,0,1,0.02632517561157144,0.19301357495220828,36,0.9326062380775895,42,64,largest,0.5
6427,6427,4,0,-0.052466683943619086,0.03271032559683973,48,0.9754462782028467,42,64,largest,0.5
6428,6428,3,0,-0.07570506559992307,0.029507144941021916,53,0.9797673817449489,42,64,largest,0.5
6429,6429,2,0,-0.033561701780063125,0.06910937485734428,32,0.98912417557944,42,64,largest,0.5
643,643,1,0,-0.009325169440737135,0.09911553796901472,34,0.9866118415303204,42,64,largest,0.5
6430,6430,0,0,-0.06081512477585582,0.040296603482167286,8,0.9779152791830171,42,64,largest,0.5
6431,6431,4,1,0.01522488392162169,0.07944731471005131,42,0.959290074128134,42,64,largest,0.5
6432,6432,3,0,-0.01943876724354021,0.08557388587832887,30,0.9611803060194546,42,64,largest,0.5
6433,6433,2,0,-0.05454201597113906,0.04599041583463449,54,0.9850856533290858,42,64,largest,0.5
6434,6434,1,0,-0.007458343771780895,0.10226969293221327,62,0.9890990686319732,42,64,largest,0.5
6435,6435,0,0,-0.06836956795363924,0.0348514835158269,17,0.9968469411999427,42,64,largest,0.5
6436,6436,4,0,-0.020496681231471414,0.050006288876787854,0,0.9939504281389714,42,64,largest,0.5
6437,6437,3,0,-0.10438308298264931,0.016853726066272695,17,0.9583080055715021,42,64,largest,0.5
6438,6438,2,0,-0.06574468597986782,0.03686967459400092,35,1.0006814037294631,42,64,largest,0.5
6439,6439,1,0,-0.007341280416915952,0.10247041567053758,51,0.9908671748290909,42,64,largest,0.5
644,644,0,0,-0.0440098472901278,0.055470834792965655,33,0.9779239628760523,42,64,largest,0.5
6440,6440,4,0,-0.0316447256084309,0.04316470997897114,38,0.9889585547619144,42,64,largest,0.5
6441,6441,3,0,-0.0609640537936853,0.039217238467740015,27,0.9799808873348408,42,64,largest,0.5
6442,6442,2,0,-0.045947247777474054,0.05440519778758426,14,0.9910073605675662,42,64,largest,0.5
6443,6443,1,0,-0.04903125524578855,0.0498313199712386,21,0.956263010226927,42,64,largest,0.5
6444,6444,0,0,-0.07116321837067185,0.03302322834860867,32,0.9780872544839434,42,64,largest,0.5
6445,6445,4,0,-0.04352775422670996,0.036859623927374095,36,0.9891265807205339,42,64,largest,0.5
6446,6446,3,0,-0.03462711777540084,0.06462208256632843,17,0.9835703315997754,42,64,largest,0.5
6447,6447,2,0,-0.04897992499812753,0.05128213379061367,58,1.002188877070599,42,64,largest,0.5
6448,6448,1,0,-0.02854311693933609,0.07137929048676599,50,0.9844127734013016,42,64,largest,0.5
6449,6449,0,0,-0.07025433738596842,0.03360762725536375,24,0.9984709481155051,42,64,largest,0.5
645,645,4,0,-0.07097079052307842,0.025507985516559688,48,0.9500933181888082,42,64,largest,0.5
6450,6450,3,0,-0.02833839295216023,0.07264582475211617,21,0.9009399217925562,42,64,largest,0.5
6451,6451,2,0,-0.005966959734493016,0.11582929626554564,34,0.9718928876593311,42,64,largest,0.5
6452,6452,1,1,0.004180483130078239,0.12400061083214717,7,0.9961438507079206,42,64,largest,0.5
6453,6453,0,0,-0.07568402058623225,0.0302593357276328,28,0.9990589110192215,42,64,largest,0.5
6454,6454,4,0,-0.16440066634759176,0.007131342848158575,59,0.838501141662325,42,64,largest,0.5
6455,6455,3,0,-0.061446205913493035,0.03885584870125854,46,0.994109537461928,42,64,largest,0.5
6456,6456,2,0,-0.053197202641654395,0.04722013427017999,5,0.9826493149677363,42,64,largest,0.5
6457,6457,1,0,-0.05110735017742163,0.048028742627998965,0,0.9478765536000701,42,64,largest,0.5
6458,6458,0,0,-0.03262688907652245,0.0686533717581616,25,0.978685099167566,42,64,largest,0.5
6459,6459,4,0,-0.029471618527791454,0.04442419814096462,13,1.0006933620908507,42,64,largest,0.5
646,646,3,0,-0.10905194544675667,0.015375658614270614,61,0.9490863118753046,42,64,largest,0.5
6460,6460,2,0,-0.07529621362412375,0.030490463223984927,51,0.9813630224591159,42,64,largest,0.5
6461,6461,1,0,-0.01329897755881515,0.09268853535326997,46,0.9987379387762977,42,64,largest,0.5
6462,6462,0,0,-0.06859419603151096,0.03470094187431061,32,0.9889608454960467,42,64,largest,0.5
6463,6463,4,0,-0.05077173399257984,0.03346080135428914,32,0.9768577420980024,42,64,largest,0.5
6464,6464,3,0,-0.024228434869290383,0.07837606302931648,13,0.9988092446139712,42,64,largest,0.5
6465,6465,2,0,-0.0698259405603684,0.034000293432937576,21,0.9693316085534748,42,64,largest,0.5
6466,6466,1,0,-0.000553780174304741,0.1147190456353981,25,0.9981050073788683,42,64,largest,0.5
6467,6467,0,0,-0.04032204587486088,0.05945722887019561,17,0.9866426491241586,42,64,largest,0.5
6468,6468,4,0,-0.044654115246624104,0.03631013863902643,29,0.9751095834895404,42,64,largest,0.5
6469,6469,3,0,-0.050752591661840096,0.047670559256409444,44,0.9916247131801257,42,64,largest,0.5
647,647,2,0,-0.07508268708022503,0.03062063719598818,60,0.9942373041657617,42,64,largest,0.5
6470,6470,1,0,-0.01829128209995945,0.08514607627795735,28,0.9792804913223397,42,64,largest,0.5
6471,6471,0,0,-0.08074256851438144,0.027432234098035916,49,0.9805257990974461,42,64,largest,0.5
6472,6472,4,0,-0.01497099194609941,0.05376720749721958,29,0.9916018086007785,42,64,largest,0.5
6473,6473,3,0,-0.048493238732266186,0.04976237224007124,14,0.9816780180886412,42,64,largest,0.5
6474,6474,2,0,-0.05889183153866839,0.04221842997563758,4,0.9725216775645036,42,64,largest,0.5
6475,6475,1,0,-0.004693227492350682,0.10710493713856097,42,0.9925784839311768,42,64,largest,0.5
6476,6476,0,0,-0.0932739184545972,0.021490547289274714,45,0.9550043371150472,42,64,largest,0.5
6477,6477,4,0,-0.06523427213045552,0.027557802531780046,11,0.9771968649346845,42,64,largest,0.5
6478,6478,3,0,-0.05470872234974411,0.044207586029378354,42,0.9616075268540979,42,64,largest,0.5
6479,6479,2,0,-0.07153701022779302,0.03286247207655531,24,0.9324308517247537,42,64,largest,0.5
648,648,1,0,-0.014819903736658313,0.09032927561022222,61,1.0001938896924756,42,64,largest,0.5
6480,6480,0,0,-0.04426322499424695,0.05520637785716945,32,0.9865731186680131,42,64,largest,0.5
6481,6481,4,0,-0.03950975069461893,0.03888562570733302,51,0.9869102164880159,42,64,largest,0.5
6482,6482,3,0,-0.0480006153227055,0.050229881586820686,22,1.0035423446356866,42,64,largest,0.5
6483,6483,2,0,-0.06188577561392339,0.03979596323758648,37,0.9413989085835678,42,64,largest,0.5
6484,6484,1,0,-0.05513803074431789,0.044704496273504424,16,0.953895167637957,42,64,largest,0.5
6485,6485,0,1,0.01297436222728976,0.15484391865564714,36,0.968629164703127,42,64,largest,0.5
6486,6486,4,0,-0.02371788081608739,0.04793024416145179,58,0.9880642113663327,42,64,largest,0.5
6487,6487,3,1,0.0022020064412620055,0.1260314510872197,47,0.9632050068447374,42,64,largest,0.5
6488,6488,2,0,-0.05616310857648421,0.04454856917003121,2,0.9854067247840486,42,64,largest,0.5
6489,6489,1,0,-0.01624094600264503,0.08817397545716991,16,0.9911683155607188,42,64,largest,0.5
649,649,0,0,-0.06592643317740221,0.03652999792188242,25,0.9910975426700742,42,64,largest,0.5
6490,6490,4,0,-0.022849396052726734,0.04848177914958939,31,0.9781778157053846,42,64,largest,0.5
6491,6491,3,0,-0.030649569637839158,0.06959552199198361,3,0.9038783605806986,42,64,largest,0.5
6492,6492,2,1,0.0014474900094925136,0.1323959780793954,10,0.9511620240186484,42,64,largest,0.5
6493,6493,1,0,-0.039927051484426435,0.05851838742971753,11,0.9589993794065504,42,64,largest,0.5
6494,6494,0,0,-0.06656453756506742,0.03608423918006789,28,0.9763599161956609,42,64,largest,0.5
6495,6495,4,0,-0.024102654880566288,0.04768780093952776,12,0.9890467578817319,42,64,largest,0.5
6496,6496,3,0,-0.05008470922097141,0.0482800638733851,14,0.9938507770254884,42,64,largest,0.5
6497,6497,2,0,-0.08539715758129052,0.02490999302028831,48,0.9780899169364051,42,64,largest,0.5
6498,6498,1,0,-0.02980945277115299,0.06982880215995643,16,0.975871763773273,42,64,largest,0.5
6499,6499,0,1,0.017096411445389537,0.16592265523979866,36,0.9467733774926518,42,64,largest,0.5
65,65,4,0,-0.016338594771057924,0.052812257073628105,46,0.9972659378974833,42,64,largest,0.5
650,650,3,0,-0.033050054001626084,0.06655314748421544,12,0.988823124073988,42,64,largest,0.5
6500,6500,2,0,-0.04273889352655835,0.05790380349599758,5,0.9971421063972336,42,64,largest,0.5
6501,6501,1,0,-0.07073391104244908,0.033798315691075984,47,0.9335454730198637,42,64,largest,0.5
6502,6502,0,0,-0.005460967483577606,0.11252782820470565,0,0.9469618003009652,42,64,largest,0.5
6503,6503,4,0,-0.02102407791026395,0.0496606458600105,44,0.9679083173815143,42,64,largest,0.5
6504,6504,3,0,-0.009756728571372664,0.10197593592909852,14,0.9778422246209594,42,64,largest,0.5
6505,6505,2,0,-0.048011578772748864,0.052260452603897084,7,0.9610867300142525,42,64,largest,0.5
6506,6506,1,0,-0.023903969668818914,0.07733444669124605,36,0.9761902702120483,42,64,largest,0.5
6507,6507,0,1,0.00038957208966594603,0.12473153822914171,36,0.9666500064877362,42,64,largest,0.5
6508,6508,4,0,-0.00035370056706274244,0.06503976244779491,30,0.9584445915690483,42,64,largest,0.5
6509,6509,3,1,0.007735951407602193,0.1387227260211524,47,0.950140149488154,42,64,largest,0.5
651,651,2,0,-0.0001415287874078075,0.12868441230463387,55,0.9682778441704211,42,64,largest,0.5
6510,6510,1,0,-0.022527995509680432,0.07918647520212481,2,0.9870744587928102,42,64,largest,0.5
6511,6511,0,1,0.035881279266435695,0.2244790315077739,36,0.9076501535610002,42,64,largest,0.5
6512,6512,4,0,-0.04427691978839887,0.03649326653630344,14,0.9360862517670634,42,64,largest,0.5
6513,6513,3,0,-0.011950925495553322,0.0980304885592843,21,0.9467645673149895,42,64,largest,0.5
6514,6514,2,1,0.008189434192808598,0.14916256890882493,10,0.9166495792185172,42,64,largest,0.5
6515,6515,1,0,-0.10720233378316313,0.017404774071646797,11,0.9020155388335074,42,64,largest,0.5
6516,6516,0,1,0.008256040815066479,0.14291244156643965,36,0.9558325366883734,42,64,largest,0.5
6517,6517,4,0,-0.018159054251959295,0.05156592406460077,44,0.9598301224854071,42,64,largest,0.5
6518,6518,3,0,-0.0030869988527314485,0.11484368161279462,41,0.9660054735351086,42,64,largest,0.5
6519,6519,2,0,-0.04199773960231146,0.058741527086141894,9,0.9463356226369432,42,64,largest,0.5
652,652,1,0,-0.029058514229205246,0.07074444458629249,31,0.9846079102813432,42,64,largest,0.5
6520,6520,0,0,-0.06053796020723101,0.04051115482674875,28,0.9883905092862338,42,64,largest,0.5
6521,6521,4,0,-0.01723931082552821,0.05219208838862359,58,0.9922443016176876,42,64,largest,0.5
6522,6522,3,0,-0.03896957277906654,0.05957135698353238,13,0.9756636256027093,42,64,largest,0.5
6523,6523,2,0,-0.06577322617831916,0.036848822335604055,14,0.9787738075209872,42,64,largest,0.5
6524,6524,1,0,-0.02701362578393407,0.07329433370976675,26,0.9761127912332809,42,64,largest,0.5
6525,6525,0,0,-0.07244657819752787,0.032214732425143874,0,0.979372915223558,42,64,largest,0.5
6526,6526,4,0,-0.005774532559639001,0.060623396286579055,44,0.9791839758802341,42,64,largest,0.5
6527,6527,3,0,-0.04188504714785379,0.056390330126843566,4,0.9653245602727134,42,64,largest,0.5
6528,6528,2,0,-0.045191287284749304,0.055211164173025046,63,0.9643744980369038,42,64,largest,0.5
6529,6529,1,0,-0.006471374327582602,0.1039729589833195,12,0.9977136079110096,42,64,largest,0.5
653,653,0,0,-0.05310110039588389,0.04669304353268508,52,0.9991446670556046,42,64,largest,0.5
6530,6530,4,0,-0.031120089033571663,0.043465620222585384,61,0.984250992625308,42,64,largest,0.5
6531,6531,3,0,-0.038172135984810174,0.06047028585087388,18,0.9744118295699349,42,64,largest,0.5
6532,6532,2,0,-0.0306024666861775,0.07313178512672835,14,0.9822176025092049,42,64,largest,0.5
6533,6533,1,0,-0.04900021937008803,0.049858747444219136,8,0.9562489323578696,42,64,largest,0.5
6534,6534,0,0,-0.027579250418552803,0.0753841016141454,15,1.0015696557077167,42,64,largest,0.5
6535,6535,4,0,-0.03399994194659717,0.04183820103121068,11,0.9971801504680681,42,64,largest,0.5
6536,6536,3,0,-0.08119723528820588,0.026521746393895245,39,0.9652060819252727,42,64,largest,0.5
6537,6537,2,0,-0.027933501525064797,0.07694349258022645,62,0.9928985960531689,42,64,largest,0.5
6538,6538,1,0,-0.01269126175203139,0.09364659891603644,4,0.9821887307125988,42,64,largest,0.5
6539,6539,0,0,-0.1021739195713558,0.018055022485747307,28,0.9832999508167517,42,64,largest,0.5
654,654,4,0,-0.060841815253911635,0.02923469892368371,8,0.9876368740293802,42,64,largest,0.5
6540,6540,3,0,-0.011043124452395303,0.09964606074163083,41,0.9634148846344108,42,64,largest,0.5
6541,6541,2,0,-0.0473510363090327,0.05293788754299924,15,0.9835156987345303,42,64,largest,0.5
6542,6542,1,0,-0.02093952046320635,0.08137487893949295,47,0.9749992080195465,42,64,largest,0.5
6543,6543,0,0,-0.022305125456294816,0.08305984824448648,10,0.9635922842872715,42,64,largest,0.5
6544,6544,4,1,0.019016628805548885,0.0833713160958229,42,0.9446323173559155,42,64,largest,0.5
6545,6545,3,0,-0.023130148296950925,0.0799759481303604,46,0.9742707052598355,42,64,largest,0.5
6546,6546,2,0,-0.017458156007382875,0.09372062406841092,7,0.9813640757910772,42,64,largest,0.5
6547,6547,1,0,-0.05538844302929302,0.044505371039243485,4,0.9553420676063626,42,64,largest,0.5
6548,6548,0,0,-0.04630014781336489,0.053123138456659794,31,0.9534524700626311,42,64,largest,0.5
6549,6549,4,0,-0.02591309899548777,0.046562611165695746,14,0.950222735988246,42,64,largest,0.5
655,655,3,0,-0.04490437341324405,0.053264788387836326,60,0.9728860564931109,42,64,largest,0.5
6550,6550,2,0,-0.02073396077762757,0.08814902987029131,2,0.9447180529469006,42,64,largest,0.5
6551,6551,1,0,-0.008517766910456248,0.10046894710682613,42,0.9907933653101401,42,64,largest,0.5
6552,6552,0,0,-0.02952114481180801,0.07272579748898099,57,0.9421992283782266,42,64,largest,0.5
6553,6553,4,0,-0.03132604308579512,0.04334725533242944,54,0.9913000636384857,42,64,largest,0.5
6554,6554,3,0,-0.027133170813573138,0.07428494695352712,3,0.9326670591626094,42,64,largest,0.5
6555,6555,2,0,-0.033207421811338844,0.0695799259357016,55,0.9903654625073443,42,64,largest,0.5
6556,6556,1,1,0.008064255657824537,0.13208951591302895,7,0.9917041418836168,42,64,largest,0.5
6557,6557,0,0,-0.030029609612800212,0.07204415432297885,0,0.9656927184010912,42,64,largest,0.5
6558,6558,4,0,-0.01783262910387129,0.05178733794366073,62,0.9789260547047507,42,64,largest,0.5
6559,6559,3,0,-0.0572665417432916,0.04209772539316467,36,0.9957154078740247,42,64,largest,0.5
656,656,2,0,-0.021742695518013222,0.08649453557518874,58,0.9819306960467148,42,64,largest,0.5
6560,6560,1,0,-0.013862091529211473,0.09180865127579632,26,0.9969449918614389,42,64,largest,0.5
6561,6561,0,0,-0.0026371634704533964,0.11828232117160098,0,0.9760265787026909,42,64,largest,0.5
6562,6562,4,1,0.0015185984123156082,0.06663350083201958,42,0.9683267525930992,42,64,largest,0.5
6563,6563,3,0,-0.048725420360172245,0.04954345966515195,21,0.9014599422210465,42,64,largest,0.5
6564,6564,2,0,-0.03133926386774066,0.07211055966635853,41,0.9638433490220889,42,64,largest,0.5
6565,6565,1,0,-0.015734230740397703,0.0889371308942236,2,0.9832160882652418,42,64,largest,0.5
6566,6566,0,0,-0.008509608719615258,0.10659107191494233,15,0.9521601901718756,42,64,largest,0.5
6567,6567,4,0,-0.0542639213583489,0.03193233071295671,23,0.9609894766409697,42,64,largest,0.5
6568,6568,3,0,-0.08711310535410066,0.023634828009834925,15,0.9653460554578136,42,64,largest,0.5
6569,6569,2,0,-0.03997501047129692,0.06108597015831607,48,0.9918777370397637,42,64,largest,0.5
657,657,1,0,-0.05221342674111762,0.04709383652503193,58,0.9634811248734811,42,64,largest,0.5
6570,6570,0,0,-0.025479469827742296,0.07835873819443936,7,0.937196966436669,42,64,largest,0.5
6571,6571,4,0,-0.0011292740903947607,0.06439002330280832,30,0.9816125397974166,42,64,largest,0.5
6572,6572,3,0,-0.06555407891919562,0.03590389956246617,10,0.9787948875098925,42,64,largest,0.5
6573,6573,2,0,-0.031139261219508052,0.07238646220895481,5,0.9703715354453235,42,64,largest,0.5
6574,6574,1,0,-0.02310377490951432,0.07840660731929185,13,0.9813955960474382,42,64,largest,0.5
6575,6575,0,0,-0.04339307509594725,0.05611956807636535,28,0.9878853238212748,42,64,largest,0.5
6576,6576,4,1,0.0018199187253347127,0.06689335488214308,42,0.9773306428316044,42,64,largest,0.5
6577,6577,3,0,-0.035979900597310266,0.06300733181956267,13,0.9794616123312043,42,64,largest,0.5
6578,6578,2,0,-0.07868241463783587,0.028496414034413012,45,0.9617141902375249,42,64,largest,0.5
6579,6579,1,0,-0.017345654210454198,0.08653066752668813,34,0.9931022828179956,42,64,largest,0.5
658,658,0,0,-0.015151749434640482,0.09460515676164279,34,0.9772038123294178,42,64,largest,0.5
6580,6580,4,0,-0.03511457050693345,0.0412240916658187,58,0.9860866041155137,42,64,largest,0.5
6581,6581,3,0,-0.055349781248723806,0.0436695135363071,44,0.997046096000092,42,64,largest,0.5
6582,6582,2,0,-0.038351478337620426,0.06303071861329143,61,1.007880849876373,42,64,largest,0.5
6583,6583,1,0,-0.00808469271451595,0.10120163304820695,28,0.9859048445716524,42,64,largest,0.5
6584,6584,0,0,-0.0332883009083873,0.06781380530557687,10,0.9697689751969971,42,64,largest,0.5
6585,6585,4,0,-0.03477067540355683,0.041412636227490036,14,0.925655474223615,42,64,largest,0.5
6586,6586,3,0,-0.0510660302311976,0.04738704399131938,42,0.9561592424261756,42,64,largest,0.5
6587,6587,2,0,-0.0686690911712825,0.03479101028358694,60,0.9849299603507692,42,64,largest,0.5
6588,6588,1,0,-0.05347337332464963,0.04604995282396269,4,0.9627592601888851,42,64,largest,0.5
6589,6589,0,0,-0.022326524391420577,0.08302731481215406,58,0.9584891116576197,42,64,largest,0.5
659,659,4,0,-0.054558662569317073,0.03180646155814297,1,0.9627833612842622,42,64,largest,0.5
6590,6590,3,0,-0.041820452772291405,0.05645904597493853,36,1.0029480833367084,42,64,largest,0.5
6591,6591,2,0,-0.03668335150457691,0.06508891955418308,16,0.9960165489039058,42,64,largest,0.5
6592,6592,1,0,-0.03146117570857665,0.06785326092461161,4,0.9698680266608083,42,64,largest,0.5
6593,6593,0,0,-0.086844806894396,0.024362262660459575,17,0.9749328862757641,42,64,largest,0.5
6594,6594,4,0,-0.017317379660125143,0.05213866102098744,58,0.9947570996920476,42,64,largest,0.5
6595,6595,3,0,-0.05528703417172631,0.0437219031094182,6,0.9898245482060909,42,64,largest,0.5
6596,6596,2,1,0.009667473398534132,0.15306448744006643,10,0.9476474237203459,42,64,largest,0.5
6597,6597,1,0,-0.046529286969239525,0.05208885488550788,16,0.9693499604557474,42,64,largest,0.5
6598,6598,0,0,-0.0075619038862090315,0.10840641642366461,57,0.9673519599625104,42,64,largest,0.5
6599,6599,4,0,-0.0649541469721232,0.02766189694574061,17,0.9555434684039003,42,64,largest,0.5
66,66,3,0,-0.07777186291851701,0.028347256830437047,2,0.9678777451592185,42,64,largest,0.5
660,660,2,0,-0.07812080730317139,0.028818147095264583,15,0.9784296333982323,42,64,largest,0.5
6600,6600,1,0,-0.07457794991050004,0.03153267693603739,8,0.9236315414828636,42,64,largest,0.5
6601,6601,0,0,-0.04323411771212893,0.05628791564282215,17,0.9750023656202649,42,64,largest,0.5
6602,6602,4,0,-0.03544862002391347,0.041041731806887104,5,0.9801757061562075,42,64,largest,0.5
6603,6603,3,0,-0.09495974333921176,0.020274694452215174,22,0.9786502980809786,42,64,largest,0.5
6604,6604,2,0,-0.12033663078082846,0.01229320612414132,11,0.9461999658614371,42,64,largest,0.5
6605,6605,1,0,-0.027321003409145672,0.07290571191593918,42,0.9818374625539749,42,64,largest,0.5
6606,6606,0,0,-0.014660656297055041,0.09544834758706626,7,0.9572875710012024,42,64,largest,0.5
6607,6607,4,0,-0.007473757258875224,0.059297781482994145,58,1.0136701159755366,42,64,largest,0.5
6608,6608,3,0,-0.08206619754338729,0.02607713631403676,53,0.9853066561312068,42,64,largest,0.5
6609,6609,2,0,-0.062414050763272444,0.03938258196129276,33,0.9953883271781199,42,64,largest,0.5
661,661,1,0,-0.012855146354357139,0.09338736398675251,37,0.9887691899968598,42,64,largest,0.5
6610,6610,0,1,0.023649887821290627,0.18483001114419326,36,0.9261416583233555,42,64,largest,0.5
6611,6611,4,0,-0.03732905274802023,0.04002951608792349,9,0.996020602645547,42,64,largest,0.5
6612,6612,3,0,-0.056962123877529525,0.042343692166527384,42,0.9837564544045914,42,64,largest,0.5
6613,6613,2,0,-0.07935217530854888,0.028117279057679228,56,0.9799570088826979,42,64,largest,0.5
6614,6614,1,0,-0.025322875956347524,0.0754662683745074,34,0.9754754749725512,42,64,largest,0.5
6615,6615,0,0,-0.06794187850426348,0.03513985525317918,25,0.9872016178899897,42,64,largest,0.5
6616,6616,4,0,-0.022461828952435425,0.048729844391794466,8,0.9871637871392791,42,64,largest,0.5
6617,6617,3,0,-0.04547775181111757,0.05269000425859123,30,0.9335757473070279,42,64,largest,0.5
6618,6618,2,0,-0.0027197266990215407,0.12285124800107453,9,0.9481350440370019,42,64,largest,0.5
6619,6619,1,0,-0.05289856473036225,0.046523430043033775,36,0.9610700516450298,42,64,largest,0.5
662,662,0,0,-0.06754927763269403,0.03540659129631359,40,0.9934844838853139,42,64,largest,0.5
6620,6620,4,0,-0.03512047555202946,0.041220861339784795,6,0.9572125473948356,42,64,largest,0.5
6621,6621,3,0,-0.0651935483303151,0.03615409136803305,36,0.988790803110759,42,64,largest,0.5
6622,6622,2,0,-0.0771130021061287,0.02940435622375399,54,0.990901907194843,42,64,largest,0.5
6623,6623,1,0,-0.024242596122726057,0.07688478708290718,60,0.9814640527864723,42,64,largest,0.5
6624,6624,0,0,-0.06723990019741677,0.03561815771241626,21,0.9869113866528209,42,64,largest,0.5
6625,6625,4,0,-0.011301402167879449,0.05641062106395496,44,0.9930580728432528,42,64,largest,0.5
6626,6626,3,0,-0.03800484995802811,0.060660466722977605,21,0.901558422459909,42,64,largest,0.5
6627,6627,2,1,0.025072160786941855,0.19881356066659303,10,0.9499990763484406,42,64,largest,0.5
6628,6628,1,0,-0.039624583759801046,0.058830111994430744,11,0.9628602585338146,42,64,largest,0.5
6629,6629,0,0,-0.005911248447094342,0.11163314742281198,61,0.8871149923630801,42,64,largest,0.5
663,663,4,0,-0.025451685071167796,0.04684695867111056,58,0.9905666925131006,42,64,largest,0.5
6630,6630,3,0,-0.04603118339699441,0.0521407751894656,21,0.9045336550090768,42,64,largest,0.5
6631,6631,2,0,-0.003303496189648203,0.1215624481765687,2,0.9516060583058485,42,64,largest,0.5
6632,6632,1,0,-0.04406584758436449,0.05440580574472991,4,0.9550915284066284,42,64,largest,0.5
6633,6633,0,0,-0.07952852896548812,0.028086386163077636,51,0.977306032071704,42,64,largest,0.5
6634,6634,4,0,-0.006521611783289694,0.060037196915795385,22,0.9878073288723375,42,64,largest,0.5
6635,6635,3,0,-0.07282957571789195,0.031197689664381977,13,0.9938943489849453,42,64,largest,0.5
6636,6636,2,0,-0.06964294571773078,0.034124207539675794,23,0.9755380384342953,42,64,largest,0.5
6637,6637,1,0,-0.018758363060854433,0.08446961360407344,42,0.9933880090006265,42,64,largest,0.5
6638,6638,0,0,-0.011818902377013218,0.10046064270096122,25,0.9742284149651688,42,64,largest,0.5
6639,6639,4,0,-0.030854947462956694,0.04361845537380559,10,0.9497903013952442,42,64,largest,0.5
664,664,3,0,-0.08696380213120292,0.02370376744539634,46,0.9820688903844983,42,64,largest,0.5
6640,6640,2,0,-0.027357210034414492,0.0777900994414126,11,0.982551894552595,42,64,largest,0.5
6641,6641,1,0,-0.038430831657202624,0.06007565332797241,21,0.9714579821739102,42,64,largest,0.5
6642,6642,0,0,-0.028011202188519047,0.07478518109800025,61,0.8321831799171728,42,64,largest,0.5
6643,6643,4,0,-0.029742430304894873,0.04426535004822296,32,0.9721577090462147,42,64,largest,0.5
6644,6644,3,0,-0.03209963459885046,0.06774265296137434,7,0.9946920415431695,42,64,largest,0.5
6645,6645,2,0,-0.06217561501827906,0.03956864828516178,13,0.9693135724032695,42,64,largest,0.5
6646,6646,1,0,-0.03917466302488104,0.059296683420682575,16,0.9843001813749839,42,64,largest,0.5
6647,6647,0,0,-0.06863882959072909,0.03467110402218143,39,0.9820050161204109,42,64,largest,0.5
6648,6648,4,0,-0.026490873994207798,0.046208870339118226,29,0.9959458340506986,42,64,largest,0.5
6649,6649,3,0,-0.034915617905702634,0.06427451375649834,14,0.995678757664008,42,64,largest,0.5
665,665,2,0,-0.07907414591696327,0.028274066327107456,19,0.9761236135664437,42,64,largest,0.5
6650,6650,1,0,-0.01936071519259075,0.0836044444867617,18,1.0004283359524322,42,64,largest,0.5
6651,6651,0,0,-0.045442984440477785,0.053990594068688176,17,1.001521233467039,42,64,largest,0.5
6652,6652,4,0,-0.06655569284021479,0.027071874324751072,14,0.9518415496527514,42,64,largest,0.5
6653,6653,3,1,0.0006731028187154653,0.12270482052910948,47,0.9499324416764764,42,64,largest,0.5
6654,6654,2,0,-0.00719911317319144,0.1132574456369207,17,0.9762241814390283,42,64,largest,0.5
6655,6655,1,0,-0.07792899654590357,0.029678055633706114,8,0.9567178552580442,42,64,largest,0.5
6656,6656,0,0,-0.030727697215362726,0.07111790224082026,17,0.9975772360866584,42,64,largest,0.5
6657,6657,4,0,-0.03701650800126888,0.04019608194684107,0,0.9500341659627578,42,64,largest,0.5
6658,6658,3,0,-0.02060371105829928,0.08376994366608154,30,0.9665650049744952,42,64,largest,0.5
6659,6659,2,0,-0.06418088357975094,0.038029733794107644,7,0.9603237634932377,42,64,largest,0.5
666,666,1,0,-0.04469602064313849,0.053804021601583804,8,0.9577138844720768,42,64,largest,0.5
6660,6660,0,1,0.021137747952895136,0.17739218046108135,36,0.9584129288872324,42,64,largest,0.5
6661,6661,4,0,-0.02154465811820694,0.049321691581431466,46,0.9836756774727798,42,64,largest,0.5
6662,6662,3,0,-0.04090202139257826,0.0574446322259995,14,0.975879115742078,42,64,largest,0.5
6663,6663,2,0,-0.07283014238252061,0.032027061439540955,4,1.0001700848359305,42,64,largest,0.5
6664,6664,1,0,-0.06401565272757881,0.0381401688309222,47,0.9554671758691695,42,64,largest,0.5
6665,6665,0,0,-0.04925063345955605,0.05023680470729708,0,0.9667296825793882,42,64,largest,0.5
6666,6666,4,0,-0.0388486949681528,0.03922903070317365,19,0.9779968746091954,42,64,largest,0.5
6667,6667,3,0,-0.06185832395999391,0.038549486900866174,41,0.9788515389369807,42,64,largest,0.5
6668,6668,2,0,-0.10233216407669565,0.0177093444066097,61,0.9845585932688343,42,64,largest,0.5
6669,6669,1,0,-0.0917102864909266,0.02310398212159115,27,0.9213075092232773,42,64,largest,0.5
667,667,0,0,-0.0964209216463301,0.02020824899897839,43,0.9769376090592625,42,64,largest,0.5
6670,6670,4,0,-0.06365819359954339,0.028148464745853616,36,0.9518368096010016,42,64,largest,0.5
6671,6671,3,0,-0.054393502576676966,0.044474479200782104,60,0.9743050899724671,42,64,largest,0.5
6672,6672,2,0,-0.09331192787302944,0.021245158717639892,60,0.959930729560704,42,64,largest,0.5
6673,6673,1,0,-0.0008071586973750211,0.11423975304595023,10,1.005626991728194,42,64,largest,0.5
6674,6674,0,0,-0.07266620840051707,0.03207829989765671,27,0.9633866105438779,42,64,largest,0.5
6675,6675,4,0,-0.02087031414238394,0.049761184402872555,23,0.9678129978664647,42,64,largest,0.5
6676,6676,3,0,-0.06994673513531258,0.03298648341669364,49,0.9825470714540364,42,64,largest,0.5
6677,6677,2,0,-0.1082565473682432,0.015708460226879602,45,0.9462531294338435,42,64,largest,0.5
6678,6678,1,0,-0.04399071431493762,0.054477976145658344,12,0.9752909761130717,42,64,largest,0.5
6679,6679,0,0,-0.06087563535485285,0.040249907602801345,10,0.9885666868378519,42,64,largest,0.5
668,668,4,0,-0.03553144636012806,0.04099663595873448,10,0.9566224415163772,42,64,largest,0.5
6680,6680,3,0,-0.034932691974720154,0.06425399853290202,30,0.9747562336005784,42,64,largest,0.5
6681,6681,2,0,-0.01970932318586216,0.08985882337949222,4,0.9798395958211551,42,64,largest,0.5
6682,6682,1,0,-1.892316964480223e-05,0.11573653377632176,26,0.9912859298572793,42,64,largest,0.5
6683,6683,0,0,-0.039825945034467236,0.0600135579850559,46,0.9255719731642493,42,64,largest,0.5
6684,6684,4,0,-0.03234015269399437,0.042768906169346955,31,1.009850722023277,42,64,largest,0.5
6685,6685,3,0,-0.10013081008710611,0.018320906609261056,44,0.986384398169033,42,64,largest,0.5
6686,6686,2,0,-0.10108297185339399,0.01816216488103377,51,0.9743955405314145,42,64,largest,0.5
6687,6687,1,0,-0.01152898459665641,0.09550368455917178,26,0.9902597408491549,42,64,largest,0.5
6688,6688,0,0,-0.0683885912471428,0.03483871009083928,40,0.9789374463641741,42,64,largest,0.5
6689,6689,4,0,-0.04691075215290186,0.03523288369576221,47,0.954549475673654,42,64,largest,0.5
669,669,3,0,-0.03690405286083842,0.06192593592213072,63,0.9776904302290423,42,64,largest,0.5
6690,6690,2,0,-0.0924283346281809,0.021626603505545287,33,0.9847708899421326,42,64,largest,0.5
6691,6691,1,0,-0.01082919328623655,0.09663763665419504,1,0.9840702053387114,42,64,largest,0.5
6692,6692,0,0,-0.047051249992120514,0.05237384761222264,39,0.9947758392012251,42,64,largest,0.5
6693,6693,4,0,-0.046286052941442724,0.03552797670584716,18,0.9645892158275934,42,64,largest,0.5
6694,6694,3,0,-0.059277767509694934,0.04050668640799062,4,0.9740809171983105,42,64,largest,0.5
6695,6695,2,0,-0.0464145462193134,0.05391254698617327,4,0.9958740371581808,42,64,largest,0.5
6696,6696,1,0,-0.037447958398492576,0.06111965293799332,50,0.9704232682423981,42,64,largest,0.5
6697,6697,0,0,-0.05850979958467217,0.04211475516026851,35,0.9958425935534767,42,64,largest,0.5
6698,6698,4,0,-0.03674314154996239,0.04034231258617066,31,0.9963801473683724,42,64,largest,0.5
6699,6699,3,0,-0.049023546013015507,0.049263710111971684,17,1.0022008156517306,42,64,largest,0.5
67,67,2,1,0.004083107584850976,0.1387518813574628,10,0.9818491479789636,42,64,largest,0.5
670,670,1,0,-0.04767134004425688,0.05104662827349561,13,0.9669119889150498,42,64,largest,0.5
6700,6700,0,0,-0.06182745384584398,0.03952217929056408,35,0.9731221266358115,42,64,largest,0.5
6701,6701,4,0,-0.05775048122372706,0.030473779804437714,36,0.9816985791329815,42,64,largest,0.5
6702,6702,3,0,-0.0676491883156225,0.03448266307673475,22,0.9904833220282483,42,64,largest,0.5
6703,6703,2,0,-0.03339138412394271,0.06933522022102834,40,0.9747093841886115,42,64,largest,0.5
6704,6704,1,0,-0.017678701042868394,0.08604070947136411,36,0.9774641932319186,42,64,largest,0.5
6705,6705,0,0,-0.01579639716177572,0.09350844594040272,17,0.9804836548246738,42,64,largest,0.5
6706,6706,4,0,-0.04994915392847277,0.0338309818224026,4,0.9366662082546897,42,64,largest,0.5
6707,6707,3,0,-0.03249803107111948,0.06724165503474737,12,0.9517340550547984,42,64,largest,0.5
6708,6708,2,0,-0.017164366188279212,0.09423545038440675,34,0.9698840464776194,42,64,largest,0.5
6709,6709,1,0,-0.04277817798846817,0.05565524082759651,11,0.9549467120543522,42,64,largest,0.5
671,671,0,0,-0.061969441869053066,0.03941470711253357,25,0.9956015048478786,42,64,largest,0.5
6710,6710,4,0,-0.07195614865852318,0.025171154816859456,36,0.9828501418639881,42,64,largest,0.5
6711,6711,3,0,-0.07746261180850478,0.028517949975686824,4,0.9716452398412377,42,64,largest,0.5
6712,6712,2,0,-0.04029017094689824,0.060715013828721395,41,0.9808097870072089,42,64,largest,0.5
6713,6713,1,0,-0.07234733030315488,0.03282885531388076,27,0.9343829397930546,42,64,largest,0.5
6714,6714,0,0,-0.04455751269231967,0.05490071229983405,51,0.9976513824457336,42,64,largest,0.5
6715,6715,4,0,-0.03750190057872915,0.03993768377743348,40,0.9710579007622715,42,64,largest,0.5
6716,6716,3,0,-0.04158549488110752,0.05670965996798386,46,0.9896149102459023,42,64,largest,0.5
6717,6717,2,0,-0.05193904565649987,0.04839885732370772,46,1.0100771534247774,42,64,largest,0.5
6718,6718,1,0,-0.028876579229052846,0.07096794696693824,55,0.9619380707062973,42,64,largest,0.5
6719,6719,0,0,-0.02389496325253304,0.0806741147839157,31,0.946996047046165,42,64,largest,0.5
672,672,4,0,-0.009323510838355475,0.057885635882748095,10,0.9432357458266842,42,64,largest,0.5
6720,6720,3,1,0.0033923142189606903,0.12867452858198905,47,0.9660803625465011,42,64,largest,0.5
6721,6721,2,0,-0.06050262715401711,0.04089808219343356,11,0.968735678351513,42,64,largest,0.5
6722,6722,1,0,-0.05672048511575434,0.043460283401352454,4,0.9577434214263763,42,64,largest,0.5
6723,6723,0,0,-0.046771421647854416,0.05265182695360426,35,0.9885471205685593,42,64,largest,0.5
6724,6724,4,0,-0.05156135949756124,0.03310913155498918,29,0.9853058359229974,42,64,largest,0.5
6725,6725,3,0,-0.07122113696636267,0.03218381874302006,39,0.9978255183522609,42,64,largest,0.5
6726,6726,2,1,0.0018387053992878766,0.13332357035766412,10,0.9938774803236257,42,64,largest,0.5
6727,6727,1,0,-0.034166759514793865,0.06472892283245585,61,0.9757178588282596,42,64,largest,0.5
6728,6728,0,0,-0.12939375585392232,0.010565156155251325,45,0.9714724243615981,42,64,largest,0.5
6729,6729,4,0,-0.020799703324206886,0.04980741793206776,5,0.9766368920472573,42,64,largest,0.5
673,673,3,0,-0.03161952409516411,0.06835100787809283,52,0.9701945541184896,42,64,largest,0.5
6730,6730,2,0,-0.05744047302055233,0.04344290488855475,15,0.9991667470036322,42,64,largest,0.5
6731,6731,1,0,-0.045302155200086625,0.05323112066115772,12,0.9642271376477679,42,64,largest,0.5
6732,6732,0,0,-0.025380431335481735,0.07850165997658541,61,0.918602245015786,42,64,largest,0.5
6733,6733,4,0,-0.007362289335568151,0.059383902082593136,6,0.9782848079346124,42,64,largest,0.5
6734,6734,3,0,-0.09990057115200268,0.018403829503541334,52,0.9407259694794412,42,64,largest,0.5
6735,6735,2,0,-0.0453197492608971,0.055073416116181204,5,0.9900881589911882,42,64,largest,0.5
6736,6736,1,1,0.018219220963549887,0.15536599944673718,7,1.0062803167560948,42,64,largest,0.5
6737,6737,0,0,-0.02603522072294373,0.0775611459278781,5,1.0020333633109126,42,64,largest,0.5
6738,6738,4,0,-0.04135214336924686,0.03794369850796517,54,0.978418563249991,42,64,largest,0.5
6739,6739,3,0,-0.07012271893754685,0.03287450231555403,46,0.9849192857870064,42,64,largest,0.5
674,674,2,1,0.04761994848309725,0.28299020957312043,10,0.9032139095684537,42,64,largest,0.5
6740,6740,1,0,-0.01615607676811215,0.08830138190202848,50,1.0035980903719819,42,64,largest,0.5
6741,6741,0,0,-0.04070376654635999,0.059032458655729356,52,0.9910616032471539,42,64,largest,0.5
6742,6742,4,0,-0.02931286553230017,0.0445175692842748,58,0.9724194418926068,42,64,largest,0.5
6743,6743,3,0,-0.025220955439251735,0.07695549223731742,14,0.984119547538411,42,64,largest,0.5
6744,6744,2,0,-0.10463563970288547,0.016903245006758393,5,0.9755767703040644,42,64,largest,0.5
6745,6745,1,0,-0.025685486043538597,0.0749955364895789,32,0.9792210377072162,42,64,largest,0.5
6746,6746,0,0,-0.06113583960304403,0.0400496987122726,0,0.9896852887526347,42,64,largest,0.5
6747,6747,4,0,-0.0502465534651092,0.03369669109512676,25,0.9818710853504445,42,64,largest,0.5
6748,6748,3,0,-0.09854750685567781,0.018898642333203756,60,0.9585333970732131,42,64,largest,0.5
6749,6749,2,0,-0.06421603202203252,0.03800327891536611,4,0.9863013971489337,42,64,largest,0.5
675,675,1,0,-0.04170552906559699,0.056716606038112696,23,0.9804886582637775,42,64,largest,0.5
6750,6750,0,0,-0.056480534441258334,0.0437798595584609,32,0.9960272593978071,42,64,largest,0.5
6751,6751,4,0,-0.03243390110738009,0.04271581498260592,46,0.9733557150335282,42,64,largest,0.5
6752,6752,3,0,-0.035291605135166826,0.06382415819668015,18,0.9994679728433606,42,64,largest,0.5
6753,6753,2,0,-0.028056481251102827,0.0767639247299351,32,0.9883902841933634,42,64,largest,0.5
6754,6754,1,0,-0.028016176670847104,0.07203378816199672,50,0.9940791614592814,42,64,largest,0.5
6755,6755,0,0,-0.08735070353037788,0.02412333532036323,4,0.9751724066906701,42,64,largest,0.5
6756,6756,4,0,-0.02027975608956112,0.05014911686102268,46,0.9827124572846893,42,64,largest,0.5
6757,6757,3,0,-0.0011699256157486904,0.11879537709334807,21,0.9748994398573558,42,64,largest,0.5
6758,6758,2,0,-0.07132244865859538,0.03300310803194344,36,0.984495811584592,42,64,largest,0.5
6759,6759,1,0,-0.09938768166325596,0.02008222863484214,11,0.9002794715235556,42,64,largest,0.5
676,676,0,1,0.010798090681285233,0.14924253984365385,36,0.9461227137104568,42,64,largest,0.5
6760,6760,4,0,-0.021760276023621627,0.049181944247822,3,0.9866267007103863,42,64,largest,0.5
6761,6761,3,1,0.034849195090935425,0.2168377563575567,47,0.9325963678700924,42,64,largest,0.5
6762,6762,2,0,-0.021897143491773963,0.08624371041399513,62,0.9511191380669296,42,64,largest,0.5
6763,6763,1,0,-0.010905772426698435,0.09651296321943512,4,0.9842525844646582,42,64,largest,0.5
6764,6764,0,0,-0.035532301525768584,0.06503584195489273,15,0.9885979123170968,42,64,largest,0.5
6765,6765,4,0,-0.007444429828423527,0.059320428631892914,46,0.9880584986087217,42,64,largest,0.5
6766,6766,3,0,-0.008904618133291353,0.10354572262110415,41,0.9643918922835445,42,64,largest,0.5
6767,6767,2,0,-0.015521244591496286,0.09716174280682695,23,0.9644361530905411,42,64,largest,0.5
6768,6768,1,0,-0.02403623511743913,0.07715852631537128,34,0.989448600387098,42,64,largest,0.5
6769,6769,0,0,-0.09947926206355484,0.019034001846404774,56,0.9714267875429187,42,64,largest,0.5
677,677,4,0,-0.027477011097791104,0.0456110113510038,58,0.9851490928549527,42,64,largest,0.5
6770,6770,3,0,-0.08162618604370964,0.026301356927338416,23,0.9552072160102597,42,64,largest,0.5
6771,6771,2,0,-0.03568497319665409,0.06635050126692078,34,0.974420214149983,42,64,largest,0.5
6772,6772,1,0,-0.07137982673884191,0.03340692952037504,11,0.9391946022474913,42,64,largest,0.5
6773,6773,0,0,-0.05306625786236829,0.046724018766216346,17,0.9978531371690308,42,64,largest,0.5
6774,6774,4,0,-0.028670910805424166,0.04489704860076934,31,0.9965789411356343,42,64,largest,0.5
6775,6775,3,0,-0.059289316022566485,0.040497719035552875,45,0.9802205663674424,42,64,largest,0.5
6776,6776,2,0,-0.06100061594175166,0.04049794891678862,23,0.9790561156393468,42,64,largest,0.5
6777,6777,1,0,-0.018419450927588676,0.08495996470143219,22,0.985892285179584,42,64,largest,0.5
6778,6778,0,0,-0.10225027051732527,0.018028016282084044,45,0.9394886725040977,42,64,largest,0.5
6779,6779,4,0,-0.1161124774735236,0.013819806903670134,36,0.9374023093923076,42,64,largest,0.5
678,678,3,0,-0.052823177113105246,0.04582709764839686,35,0.98972408420889,42,64,largest,0.5
6780,6780,2,0,-0.0677101369969606,0.0354598741453764,13,0.9887210815160801,42,64,largest,0.5
6781,6781,1,0,-0.04751248351827286,0.05119040893765404,2,0.974360349301357,42,64,largest,0.5
6782,6782,0,0,-0.07899595956448202,0.02837810422389627,45,0.9515451822407421,42,64,largest,0.5
6783,6783,4,0,-0.009892471783780943,0.05745766283147703,3,0.9996209817142878,42,64,largest,0.5
6784,6784,3,0,-0.06262533011411886,0.0379854702078527,17,0.9944975065325181,42,64,largest,0.5
6785,6785,2,0,-0.06896769203513697,0.034585232659833556,5,0.9936823241489483,42,64,largest,0.5
6786,6786,1,0,-0.018576966760389335,0.0847317443766649,16,0.974985567780194,42,64,largest,0.5
6787,6787,0,0,-0.024784122916217566,0.07936723958506818,25,0.9429814397557527,42,64,largest,0.5
6788,6788,4,1,0.006526541267341424,0.07107614921223342,42,0.9730327346545121,42,64,largest,0.5
6789,6789,3,1,0.007803401910692731,0.13888382907092653,47,0.9821949716212763,42,64,largest,0.5
679,679,2,1,0.011084370512510433,0.1568831209877134,10,0.8990327731566167,42,64,largest,0.5
6792,6792,1,1,0.00586274120267527,0.1274508246682205,7,0.9959083441774952,42,64,largest,0.5
6793,6793,0,0,-0.08613670341852275,0.024700568010635623,9,0.9803659857833142,42,64,largest,0.5
6794,6794,4,0,-0.023349356771678487,0.04816354543624231,32,1.009917771090957,42,64,largest,0.5
6795,6795,3,0,-0.06631996515100935,0.03537792977345979,22,0.9801723184553832,42,64,largest,0.5
6796,6796,2,0,-0.014191216220452274,0.09958954959806611,58,0.9726122805329012,42,64,largest,0.5
6797,6797,1,1,0.004403229875473036,0.12445280304777538,7,1.0004086223962578,42,64,largest,0.5
6798,6798,0,0,-0.014144598869772929,0.09634163858643116,15,0.9919389971036722,42,64,largest,0.5
6799,6799,4,1,0.0035007764196299807,0.06836023584020495,42,0.9940398351142209,42,64,largest,0.5
68,68,3,0,-0.04304182900828857,0.05517297989943677,8,0.9877640535773802,42,64,largest,0.5
680,680,2,0,-0.022592238821304123,0.08512300442955682,16,0.9728848843687818,42,64,largest,0.5
6800,6800,1,0,-0.03508031729532379,0.06370455393880593,26,0.9808415362529503,42,64,largest,0.5
6801,6801,0,0,-0.09823195354919156,0.019504601301493698,41,0.9587598205712906,42,64,largest,0.5
6802,6802,4,0,-0.017017809177582777,0.05234395751511618,41,1.0020640835869974,42,64,largest,0.5
6803,6803,3,0,-0.06568615617601392,0.03581266179000971,42,0.9718724644528803,42,64,largest,0.5
6804,6804,2,0,-0.059056265886783255,0.04208179928170017,55,0.9917679794379541,42,64,largest,0.5
6805,6805,1,0,-0.01555238039595952,0.08921246298810288,22,0.9871304050596189,42,64,largest,0.5
6806,6806,0,0,-0.08302890387945316,0.02624027535274377,27,0.9692925246601045,42,64,largest,0.5
6807,6807,4,0,-0.03588869928719318,0.04080266804620751,40,0.9988039704543359,42,64,largest,0.5
6808,6808,3,0,-0.027130217830055536,0.0742890045289056,51,0.9838534913192128,42,64,largest,0.5
6809,6809,2,0,-0.03945536120285775,0.06170224829422586,15,0.9858005057620446,42,64,largest,0.5
681,681,1,0,-0.030536246571688852,0.06895304987495532,32,0.9751965160342314,42,64,largest,0.5
6810,6810,0,0,-0.045627491536269216,0.053802750582261256,27,0.9909292497697834,42,64,largest,0.5
6811,6811,4,0,-0.013299757102050558,0.05495628662692857,54,1.0084424381371409,42,64,largest,0.5
6812,6812,3,0,-0.006879912050694048,0.10736165478955041,12,0.9779735414550039,42,64,largest,0.5
6813,6813,2,1,0.023415010401538483,0.19343679144275122,10,0.9093002438901425,42,64,largest,0.5
6814,6814,1,0,-0.06061149086559092,0.0405400597028256,52,0.9523500149673859,42,64,largest,0.5
6815,6815,0,0,-0.048490519004417365,0.050965868319216276,8,0.9777490182293835,42,64,largest,0.5
6816,6816,4,0,-0.06894389434800008,0.026214707000192454,17,0.9486902988117667,42,64,largest,0.5
6817,6817,3,0,-0.04145141685572895,0.05685314029643251,10,1.0042433920878404,42,64,largest,0.5
6818,6818,2,0,-0.047986425326778215,0.05228609863773727,3,0.9904157802521457,42,64,largest,0.5
6819,6819,1,0,-0.0013163933124135108,0.11328175517495931,55,0.9858047112344303,42,64,largest,0.5
682,682,0,0,-0.0842875105998181,0.025605776475969778,28,0.9767270366523148,42,64,largest,0.5
6820,6820,4,0,-0.03597004836145623,0.040758623126770324,14,0.9321781444399202,42,64,largest,0.5
6821,6821,3,0,-0.07204245233089968,0.03167656433985202,54,0.9827632164693058,42,64,largest,0.5
6822,6822,2,0,-0.0863094558652786,0.024457985552625575,45,0.9758879408380676,42,64,largest,0.5
6823,6823,1,0,-0.01648864097276015,0.08780308263847313,60,0.9796191080300626,42,64,largest,0.5
6824,6824,0,0,-0.06608761952751718,0.03641690083691436,25,0.984095910444556,42,64,largest,0.5
6825,6825,4,0,-0.015170952246436054,0.05362657225660333,54,1.0016698385985676,42,64,largest,0.5
6826,6826,3,0,-0.05799063871297894,0.04151813944503469,57,0.9764432212427203,42,64,largest,0.5
6827,6827,2,0,-0.053202812061444504,0.04721494059343366,17,0.9470460672577112,42,64,largest,0.5
6828,6828,1,0,-0.08167875316626161,0.027728091423038632,46,0.9422161636688201,42,64,largest,0.5
6829,6829,0,0,-0.08817616337255585,0.02373838150326917,8,0.9426847080180002,42,64,largest,0.5
683,683,4,0,-0.03429903162350423,0.041672562663603724,30,0.9853784438477345,42,64,largest,0.5
6830,6830,3,0,-0.10248653373553396,0.017493264823689847,34,0.9479796799686858,42,64,largest,0.5
6831,6831,2,0,-0.06925271304057556,0.034389908437645736,23,0.9761516574972329,42,64,largest,0.5
6832,6832,1,0,-0.06217184300304579,0.03942258480798037,63,0.945945244706581,42,64,largest,0.5
6833,6833,0,0,-0.05346460872159242,0.04637104499054324,30,0.9881978216317762,42,64,largest,0.5
6834,6834,4,0,-0.046602045501659695,0.03537841302785202,36,0.9828528214927187,42,64,largest,0.5
6835,6835,3,0,-0.18062064334428496,0.0037230339166486335,58,0.9031666315980105,42,64,largest,0.5
6836,6836,2,0,-0.10091221455678667,0.01822493921460344,23,0.9788096243664526,42,64,largest,0.5
6837,6837,1,0,-0.05109197260154985,0.048041863863232115,42,0.9686435892199857,42,64,largest,0.5
6838,6838,0,0,-0.04651344882756636,0.05290932908805255,51,0.9674623987365999,42,64,largest,0.5
6839,6839,4,0,-0.029609792093906684,0.044343082881022955,44,0.9493026612027864,42,64,largest,0.5
684,684,3,0,-0.02235495906199947,0.08112306784172946,21,0.969393487448759,42,64,largest,0.5
6840,6840,2,0,-0.06922937002176821,0.034405865276875,35,0.9699494494807334,42,64,largest,0.5
6841,6841,1,0,-0.04163058539206732,0.05679146815410262,46,0.9653012783238735,42,64,largest,0.5
6842,6842,0,0,-0.07113234198019214,0.03304291945335304,52,0.9683525396298909,42,64,largest,0.5
6843,6843,4,0,-0.019123743955618333,0.05091679696041278,19,0.9809278981906607,42,64,largest,0.5
6844,6844,3,0,-0.06459700524331025,0.03657175438746823,39,0.9685575660258909,42,64,largest,0.5
6845,6845,2,0,-0.053120293650650185,0.047291397919519015,41,0.9500825411633597,42,64,largest,0.5
6846,6846,1,0,-0.0366802124672998,0.06194692019144961,25,0.9764085657471473,42,64,largest,0.5
6847,6847,0,0,-0.057031647032515176,0.04332153143022079,28,1.0034354290160148,42,64,largest,0.5
6848,6848,4,0,-0.02749049335820042,0.045602888804172334,12,0.9820069254924487,42,64,largest,0.5
6849,6849,3,0,-0.041632909223903725,0.05665900217049184,12,0.9810344263906371,42,64,largest,0.5
685,685,2,0,-0.10212914654214866,0.017782174579354573,45,0.9566245784316129,42,64,largest,0.5
6850,6850,1,0,-0.01544864830584225,0.08936986363888352,34,0.9962505797310759,42,64,largest,0.5
6851,6851,0,0,-0.033885469257524004,0.0670639744943766,10,0.9977220285421456,42,64,largest,0.5
6852,6852,4,0,-0.02925234168864621,0.04455321584082202,57,0.9774569100322615,42,64,largest,0.5
6853,6853,3,0,-0.03130479751790216,0.06875254547603378,63,0.9726764878860548,42,64,largest,0.5
6854,6854,2,0,-0.09254557357109627,0.0215756089831772,24,0.9384771487153711,42,64,largest,0.5
6855,6855,1,0,-0.10042754239606089,0.019703922653980906,14,0.9139641863655875,42,64,largest,0.5
6856,6856,0,0,-0.06003316656290203,0.040904726266309824,52,0.9878200350951273,42,64,largest,0.5
6857,6857,4,0,-0.04116569846125673,0.03803801329879549,46,1.004693186221221,42,64,largest,0.5
6858,6858,3,0,-0.024186151428058578,0.07843711205547615,14,0.992515872537137,42,64,largest,0.5
6859,6859,2,0,-0.0692042619426535,0.03442303664774766,11,0.9792854045164495,42,64,largest,0.5
686,686,1,0,-0.06312649204728238,0.03875352235947588,46,0.9586914996682331,42,64,largest,0.5
6860,6860,0,0,-0.07502581998727331,0.030647342379362685,16,0.984124864628809,42,64,largest,0.5
6861,6861,4,0,-0.09364119911968916,0.018767024664959598,7,0.9301102430699458,42,64,largest,0.5
6862,6862,3,0,-0.07820328901291862,0.02811078457140345,20,0.9782783807370267,42,64,largest,0.5
6863,6863,2,0,-0.07030412439284817,0.0336785395519042,12,0.9944011711713949,42,64,largest,0.5
6864,6864,1,0,-0.0033381981389382087,0.10954711130111014,35,1.0018080000793637,42,64,largest,0.5
6865,6865,0,0,-0.022464655219206153,0.08281758915686173,0,0.9720804639430516,42,64,largest,0.5
6866,6866,4,0,-0.043448392591069585,0.03689863997472989,18,0.977601384319936,42,64,largest,0.5
6867,6867,3,0,-0.08349311836857287,0.0253627339611732,5,0.9677654258671854,42,64,largest,0.5
6868,6868,2,0,-0.040542527409843654,0.06041950047716341,35,0.9849738322781842,42,64,largest,0.5
6869,6869,1,0,-0.0038154129093237454,0.10868150383173514,63,0.9940419954640958,42,64,largest,0.5
687,687,0,0,-0.006083756356377812,0.1112920357943149,6,0.9796260109529048,42,64,largest,0.5
6870,6870,4,0,-0.034591043016999445,0.041511449588229055,44,0.9671851599105655,42,64,largest,0.5
6871,6871,3,0,-0.1008177008650375,0.01807568863559267,60,0.9460296542209736,42,64,largest,0.5
6872,6872,2,0,-0.09019351984283563,0.02262150086051195,24,0.9598042672983438,42,64,largest,0.5
6873,6873,1,0,-0.009968138857088471,0.09804938963814401,9,0.9889030799326074,42,64,largest,0.5
6874,6874,0,0,-0.05470894547126759,0.045284724393188744,37,0.9798126858635622,42,64,largest,0.5
6875,6875,4,0,-0.044091089594645805,0.03658381327589807,58,0.9561572611293352,42,64,largest,0.5
6876,6876,3,0,-0.07495427665764831,0.02993978016816627,49,0.9369453050101011,42,64,largest,0.5
6877,6877,2,0,-0.09806009722076015,0.019305466378939626,54,0.9439200400323675,42,64,largest,0.5
6878,6878,1,0,-0.07986041728034154,0.028657615102348422,14,0.924446261308901,42,64,largest,0.5
6879,6879,0,0,-0.05036913388721309,0.04918193617948674,9,0.9962806904545153,42,64,largest,0.5
688,688,4,0,-0.06623529594859234,0.02718892385358793,31,0.9723591291166143,42,64,largest,0.5
6880,6880,3,0,-0.06134063887057761,0.03893470062441759,51,0.9907614884311481,42,64,largest,0.5
6881,6881,2,0,-0.055083098686092735,0.04550428968018749,15,0.9722044928953907,42,64,largest,0.5
6882,6882,1,0,-0.02366399014791054,0.07765457123190092,8,0.964160529442358,42,64,largest,0.5
6883,6883,0,0,-0.044395304355279386,0.05506899429523369,45,0.9732831454507893,42,64,largest,0.5
6884,6884,4,0,-0.006991334812198158,0.05967134769978868,54,1.002805387561768,42,64,largest,0.5
6885,6885,3,0,-0.03676359251337491,0.062089171177312365,14,0.9857488516909156,42,64,largest,0.5
6886,6886,2,0,-0.05725534106765717,0.04360151345159991,61,0.9629005821151241,42,64,largest,0.5
6887,6887,1,0,-0.06837549010720512,0.0352652845867649,52,0.9467592387348311,42,64,largest,0.5
6888,6888,0,0,-0.0340668332140871,0.06683777359940248,58,0.9386954104434467,42,64,largest,0.5
6889,6889,4,0,-0.03604809439563528,0.040716409367950436,44,0.964440373033503,42,64,largest,0.5
689,689,3,0,-0.0274832250366136,0.07380539355443348,56,0.9573369516337289,42,64,largest,0.5
6890,6890,2,0,-0.017243215715801674,0.09409702917432286,17,0.9695827387889434,42,64,largest,0.5
6891,6891,1,0,-0.02967155844831959,0.06999611530477284,26,0.9738326385793115,42,64,largest,0.5
6892,6892,0,0,-0.08627838008450284,0.024632515772711302,4,0.9693025682474679,42,64,largest,0.5
6893,6893,4,0,-0.008334386762275048,0.05863678521417492,14,0.9527507809633171,42,64,largest,0.5
6894,6894,3,0,-0.01430885600841525,0.09394283728968685,14,0.9857585070373571,42,64,largest,0.5
6895,6895,2,1,0.061353406822473144,0.3436584158561418,10,0.8782407966536155,42,64,largest,0.5
6896,6896,1,0,-0.02372077762376612,0.0775787092301481,36,0.9588802247393412,42,64,largest,0.5
6897,6897,0,0,-0.006352329741333151,0.1107627822468477,57,0.957070177663252,42,64,largest,0.5
6898,6898,4,0,-0.020198691362507182,0.050202590664812426,10,0.9345117599015963,42,64,largest,0.5
6899,6899,3,0,-0.012392748717316437,0.09725267258115246,41,0.9968278454275606,42,64,largest,0.5
69,69,2,0,-0.06723688539415174,0.035794512306322544,54,0.9529996295767086,42,64,largest,0.5
690,690,1,0,-0.013175600818044142,0.09288232403824564,42,0.9836838787424689,42,64,largest,0.5
6900,6900,0,0,-0.02539152264105471,0.07848564233789147,31,0.9584767903780445,42,64,largest,0.5
6901,6901,4,0,-0.04652844617883445,0.03541319433703243,13,1.0037051202629468,42,64,largest,0.5
6902,6902,3,0,-0.08767770172724021,0.023375895180855845,22,0.9873551596475721,42,64,largest,0.5
6903,6903,2,0,-0.06378516127924938,0.03832880183406632,14,0.9750660131756329,42,64,largest,0.5
6904,6904,1,0,-0.04358162600620563,0.05487251750286856,1,0.9604742733687235,42,64,largest,0.5
6905,6905,0,0,-0.09572791141022208,0.020484034107181606,43,0.9809794125373668,42,64,largest,0.5
6906,6906,4,0,-0.053995523394649525,0.03204736891660361,40,0.9861540035721336,42,64,largest,0.5
6907,6907,3,0,-0.016906547656409532,0.08961700395054543,55,0.9808759305161554,42,64,largest,0.5
6908,6908,2,0,-0.004390635630168616,0.11919338997632259,55,0.9840759637503843,42,64,largest,0.5
6909,6909,1,0,-0.0654104611426688,0.03719675812701603,26,0.9449766870748847,42,64,largest,0.5
691,691,0,0,-0.05844719697917067,0.04216520638342928,25,0.9930375392002009,42,64,largest,0.5
6910,6910,4,0,-0.01866869520688952,0.05122202414094227,10,0.9800230284151473,42,64,largest,0.5
6911,6911,3,0,-0.03537500252698533,0.0637246644299957,21,0.941375782930202,42,64,largest,0.5
6912,6912,2,0,-0.05959345296825269,0.04163838399735178,46,0.976197417840986,42,64,largest,0.5
6913,6913,1,0,-0.018839902881931603,0.08435202264899187,32,0.9682728792378228,42,64,largest,0.5
6914,6914,0,0,-0.06209535276155076,0.039319638378569575,37,0.9902349548652988,42,64,largest,0.5
6915,6915,4,0,-0.0004081303870628883,0.06499396535687033,54,1.001628369386721,42,64,largest,0.5
6916,6916,3,0,-0.06383013021525863,0.03711549614228384,41,0.9669583101329899,42,64,largest,0.5
6917,6917,2,0,-0.10836329603142658,0.01567452758334069,60,0.9481946115354908,42,64,largest,0.5
6918,6918,1,0,-0.04378026010788627,0.05468061169058597,3,0.9585517398260155,42,64,largest,0.5
6919,6919,0,0,-0.04410343580009424,0.055373015424279096,49,0.9743198931855754,42,64,largest,0.5
692,692,4,0,-0.015954235520163618,0.05307901218650412,0,0.9953797854099233,42,64,largest,0.5
6920,6920,3,0,-0.053501467489551646,0.045238104887614074,53,0.9886068577325161,42,64,largest,0.5
6921,6921,2,0,-0.05122626302475952,0.04907897787663603,34,0.989560998140457,42,64,largest,0.5
6922,6922,1,1,0.013136733121841049,0.1433233037828591,7,0.9919220316038646,42,64,largest,0.5
6923,6923,0,0,-0.07572850222511884,0.030233286336928778,15,0.9680608700300966,42,64,largest,0.5
6924,6924,4,0,-0.03695655597736691,0.04022810826518242,29,0.9956926968734762,42,64,largest,0.5
6925,6925,3,0,-0.1005381287042042,0.0181751038634562,28,0.9780346477679118,42,64,largest,0.5
6926,6926,2,0,-0.05573455649792536,0.04492549085960215,18,0.9852835238691041,42,64,largest,0.5
6927,6927,1,1,0.003216893722242209,0.12206067536689576,7,0.9961875606037452,42,64,largest,0.5
6928,6928,0,0,-0.03787336702763466,0.062250837677219756,15,0.9806965651617788,42,64,largest,0.5
6929,6929,4,0,-0.02170084974074593,0.049220422376344324,29,0.9892245381350194,42,64,largest,0.5
693,693,3,0,-0.02767451021154288,0.07354454959209333,37,0.9801970154374334,42,64,largest,0.5
6930,6930,2,0,-0.09884756036402309,0.019001010385059688,24,0.9504920992302321,42,64,largest,0.5
6931,6931,1,0,-0.044521916236876846,0.05396965224209972,27,0.9701322982634382,42,64,largest,0.5
6932,6932,0,0,-0.12780049977399277,0.01090291694341047,48,0.920631147528818,42,64,largest,0.5
6933,6933,4,0,-0.04703546693068594,0.03517425483941183,40,0.9944890533206022,42,64,largest,0.5
6934,6934,3,0,-0.06058875659838392,0.039500765997138684,46,0.9964760574748436,42,64,largest,0.5
6935,6935,2,0,-0.07738296839714465,0.02924620073497682,61,0.9776278421866414,42,64,largest,0.5
6936,6936,1,0,-0.0024702490288872614,0.1111369647807349,60,1.0080425262515218,42,64,largest,0.5
6937,6937,0,0,-0.0633803934752839,0.038361867379771424,15,0.9861133163541034,42,64,largest,0.5
6938,6938,4,0,-0.04418169497048874,0.03653963836178531,3,1.0009527488830483,42,64,largest,0.5
6939,6939,3,0,-0.05617838106516204,0.042983284559426994,39,0.9896531589784857,42,64,largest,0.5
694,694,2,0,-0.075662292781001,0.030268533535385257,15,0.976883135880879,42,64,largest,0.5
6940,6940,1,0,-0.020270859951456055,0.08231245930134139,36,0.9743799756215361,42,64,largest,0.5
6941,6941,0,0,-0.044792927493283674,0.05465734415988554,49,0.9868119063583594,42,64,largest,0.5
6943,6943,4,0,-0.04185128850408815,0.03769230600058389,30,0.9597553441606507,42,64,largest,0.5
6944,6944,3,0,-0.053132351294215674,0.04555772654697514,14,0.9790142985660497,42,64,largest,0.5
6945,6945,2,0,-0.03304170425158648,0.06980104644851524,55,0.989624281955942,42,64,largest,0.5
6946,6946,1,0,-0.0450107194681133,0.05350585516855345,4,0.954992879052065,42,64,largest,0.5
6947,6947,0,0,-0.06520680180197103,0.03703906504698781,58,0.970156779967105,42,64,largest,0.5
6948,6948,4,0,-0.02946010324491677,0.044430964610061095,12,0.973818448366648,42,64,largest,0.5
6949,6949,3,0,-0.019017723205833725,0.08623450047437664,46,0.9943390258320388,42,64,largest,0.5
695,695,2,0,-0.07684727518588119,0.029560837909076997,22,0.9864701433969468,42,64,largest,0.5
6950,6950,1,0,-0.025693895681500267,0.07498465137396941,37,0.9886370926173049,42,64,largest,0.5
6951,6951,0,0,-0.056799556400084716,0.0435139866129048,37,1.0024279179713982,42,64,largest,0.5
6952,6952,4,0,-0.01112473272333081,0.05654092205143492,21,0.979127500229634,42,64,largest,0.5
6953,6953,3,0,-0.039347942742130604,0.05914922255564402,17,0.9910239078632603,42,64,largest,0.5
6954,6954,2,0,-0.08848198280999353,0.023413545532879325,23,0.9453566549587112,42,64,largest,0.5
6955,6955,1,0,-0.06248510906452842,0.03920182125628273,3,0.9473112802507457,42,64,largest,0.5
6956,6956,0,0,-0.13361518377566917,0.009719481892641641,51,0.9249564497158445,42,64,largest,0.5
6957,6957,4,0,-0.05406537862096916,0.03201738971121166,7,0.9541286704779525,42,64,largest,0.5
6958,6958,3,0,-0.10749667954699804,0.015853276114579287,2,0.9630607595167597,42,64,largest,0.5
6959,6959,2,0,-0.08348975044805818,0.025881488655461287,58,0.9871397350885388,42,64,largest,0.5
696,696,1,0,-0.04665245148582997,0.05197549575933534,60,0.9646416433126914,42,64,largest,0.5
6960,6960,0,0,-0.022945741520826846,0.08209090760131327,9,0.9837014116688215,42,64,largest,0.5
6961,6961,4,0,-0.30259700383951305,0.0010595077011426879,45,0.7262709996342399,42,64,largest,0.5
6962,6962,3,0,-0.08979633171546386,0.02242872414328165,22,0.9431460056717794,42,64,largest,0.5
6963,6963,2,0,-0.4340751500586487,1.953479756221397e-05,30,0.598357644778846,42,64,largest,0.5
6964,6964,1,0,-0.16317192706722405,0.006194803054517429,35,0.856312563546592,42,64,largest,0.5
6965,6965,0,0,-0.3214239458462794,0.0002308351904879515,23,0.7159310681059424,42,64,largest,0.5
6966,6966,4,1,0.0037481557924657904,0.0685786235424658,42,0.9783773992987449,42,64,largest,0.5
6967,6967,3,0,-0.0293043322633052,0.07135626382337136,20,0.9456869274131895,42,64,largest,0.5
6968,6968,2,0,-0.05954720527567314,0.041676382170022515,55,0.987679018158798,42,64,largest,0.5
6969,6969,1,0,-0.017360337667643666,0.08650901300411058,34,0.9821487701878278,42,64,largest,0.5
697,697,0,0,-0.06756319790334153,0.03539710049302999,37,1.000601641667415,42,64,largest,0.5
6970,6970,4,0,-0.0015553431590584754,0.06403565965778678,14,0.9515706361720909,42,64,largest,0.5
6971,6971,3,1,0.020228830544465892,0.17131736102541728,47,0.9320461669126014,42,64,largest,0.5
6972,6972,2,0,-0.012200127372375968,0.10332487170411621,2,0.9685234372213336,42,64,largest,0.5
6973,6973,1,0,-0.034216234442992044,0.06467305626210064,34,0.9684207303801319,42,64,largest,0.5
6974,6974,0,0,-0.0020418071012138217,0.11952763624798389,31,0.9393025762418292,42,64,largest,0.5
6975,6975,4,0,-0.044844687968857766,0.03621795241196194,4,0.9277925324520196,42,64,largest,0.5
6976,6976,3,0,-0.017549875998417952,0.08857379129054072,13,0.9940509025271044,42,64,largest,0.5
6977,6977,2,0,-0.04563354077802684,0.054738301346168236,15,0.993531685153288,42,64,largest,0.5
6978,6978,1,0,-0.009496392872838544,0.09883061777130665,44,0.9955810391555456,42,64,largest,0.5
6979,6979,0,0,-0.08068322840076059,0.027463860920088106,20,0.9890729098361308,42,64,largest,0.5
698,698,4,0,-0.013119592964432547,0.05508594210169925,44,0.9851624682843815,42,64,largest,0.5
6981,6981,3,0,-0.06254657098862915,0.038043018485483755,30,0.9606901723046574,42,64,largest,0.5
6982,6982,2,0,-0.01580352587056455,0.09665331323888708,35,0.9822929449448944,42,64,largest,0.5
6983,6983,1,0,-0.057828772775856185,0.04260864138792463,47,0.9589193296515564,42,64,largest,0.5
6984,6984,0,0,-0.04678390083401773,0.05263940059488347,37,0.9959162862832417,42,64,largest,0.5
6985,6985,4,0,-0.09135769837791119,0.019357986684365364,58,0.9437514153127768,42,64,largest,0.5
6986,6986,3,0,-0.11612151268763626,0.01337726199839749,37,0.9035419576921082,42,64,largest,0.5
6987,6987,2,0,-0.07515861903743293,0.03057428461290194,35,0.9390127479508372,42,64,largest,0.5
6988,6988,1,0,-0.022721112084348793,0.07892412030158386,9,0.9774440946222874,42,64,largest,0.5
6989,6989,0,0,-0.09343974868205684,0.021421033453290505,28,0.9804637666394558,42,64,largest,0.5
699,699,4,0,-0.014195951694681352,0.05431559897022201,22,0.9949133936986653,42,64,largest,0.5
6990,6990,3,0,-0.06561862744425462,0.03585928210118801,36,0.9764445709650081,42,64,largest,0.5
6991,6991,2,0,-0.044052151420503005,0.05644691083421565,15,1.0001521151587447,42,64,largest,0.5
6992,6992,1,0,-0.012269289245348536,0.09431705253278816,22,0.997626395264415,42,64,largest,0.5
6993,6993,0,0,-0.05095638867309449,0.04863653248648842,58,0.9899518667057242,42,64,largest,0.5
6994,6994,4,0,-0.02491180257436887,0.0471817587779341,36,0.9947075263809981,42,64,largest,0.5
6995,6995,3,0,-0.023035313852090122,0.08011548432255437,41,0.9817196076010691,42,64,largest,0.5
6996,6996,2,0,-0.015594987665980442,0.09702869097615202,58,0.9970227972094197,42,64,largest,0.5
6997,6997,1,0,-0.09849648290091506,0.02041210516569668,8,0.9076049164558851,42,64,largest,0.5
6998,6998,0,0,-0.07252137739884079,0.03216820488572835,5,0.9653296911010824,42,64,largest,0.5
6999,6999,4,0,-0.04183753978813487,0.03769920900624349,29,0.9811611156020669,42,64,largest,0.5
7,7,3,0,-0.06776183895637322,0.03440780200227546,13,0.9877827366548144,42,64,largest,0.5
70,70,2,0,-0.07770139684635391,0.029060714799223442,55,0.9779719343886263,42,64,largest,0.5
700,700,1,0,-0.03999407954657441,0.05844951799377473,22,0.9758689412132483,42,64,largest,0.5
7000,7000,0,0,-0.0658676672249251,0.036571315300958473,41,0.9578514883343875,42,64,largest,0.5
7001,7001,4,0,-0.048545325621418,0.034471882693102814,49,0.9629129136429445,42,64,largest,0.5
7002,7002,3,0,-0.12302740705616977,0.011673200083624408,1,0.9227365600753384,42,64,largest,0.5
7003,7003,2,0,-0.053535689407975706,0.04690770484953535,36,0.972016529234524,42,64,largest,0.5
7004,7004,1,0,-0.0012227487004914384,0.11345739675478013,9,0.9984083906251973,42,64,largest,0.5
7005,7005,0,0,-0.030956301866475355,0.07081697777857442,28,0.9890875413306872,42,64,largest,0.5
7006,7006,4,0,-0.04210550414682723,0.037564887110694826,11,0.9639132592899518,42,64,largest,0.5
7007,7007,3,0,-0.06753085145388826,0.03456147202590112,16,0.9808315395833279,42,64,largest,0.5
7008,7008,2,0,-0.05733670062622864,0.04353174211430294,47,0.9720802320344344,42,64,largest,0.5
7009,7009,1,0,-0.02813833521920961,0.0718815673269915,46,0.9790351806474299,42,64,largest,0.5
701,701,0,0,-0.045663295371013435,0.053766370795809586,28,1.0026266099991354,42,64,largest,0.5
7010,7010,4,0,-0.05947098718406174,0.029778012508529274,24,0.9503011618381911,42,64,largest,0.5
7011,7011,3,0,-0.06146101351783806,0.038844800616531096,16,0.9844986123295564,42,64,largest,0.5
7012,7012,2,0,-0.0879849669829843,0.023648577279986087,61,0.9422408160358812,42,64,largest,0.5
7013,7013,1,0,-0.05788881626067455,0.04256296034621846,53,0.9497068605398016,42,64,largest,0.5
7014,7014,0,0,-0.1253006710078668,0.01145450597759066,44,0.9419899273032413,42,64,largest,0.5
7015,7015,4,0,-0.10437668000310918,0.016217727522889015,7,0.906609925527823,42,64,largest,0.5
7016,7016,3,0,-0.047531494339606684,0.05067895119323984,34,0.9626247478679296,42,64,largest,0.5
7017,7017,2,0,-0.0930012620276559,0.02137851615416315,18,0.9701681131226643,42,64,largest,0.5
7018,7018,1,0,-0.08407212035993683,0.026549163696210284,3,0.9411113408621141,42,64,largest,0.5
7019,7019,0,0,-0.020765860202035746,0.08543064732866933,1,0.9779097752689081,42,64,largest,0.5
702,702,4,0,-0.04858778411944087,0.034452328182045494,38,0.9648349620001859,42,64,largest,0.5
7020,7020,3,0,-0.150786596150025,0.006737050232715107,28,0.9174940318996594,42,64,largest,0.5
7021,7021,2,0,-0.07083310055317382,0.033326032841810384,12,0.9641918983945504,42,64,largest,0.5
7022,7022,1,0,-0.04370544165388124,0.05475282149066192,46,0.9762878779067429,42,64,largest,0.5
7023,7023,0,0,-0.06874420351216393,0.03460075890436767,20,0.9688282237922567,42,64,largest,0.5
7024,7024,4,0,-0.0616252731471959,0.028928513789539274,23,0.9821686067634333,42,64,largest,0.5
7025,7025,3,0,-0.054451207955026115,0.04442550606808448,10,0.9781018607452778,42,64,largest,0.5
7026,7026,2,0,-0.1120561217483842,0.014544077226728945,16,0.9624054167277365,42,64,largest,0.5
7027,7027,1,0,-0.047193590338857616,0.0514801956484398,18,0.953900701013118,42,64,largest,0.5
7028,7028,0,0,-0.09828760754576438,0.019483362495480334,51,0.9534553856176637,42,64,largest,0.5
7029,7029,4,0,-0.06352571743609137,0.02819866886902358,38,0.9514164246768214,42,64,largest,0.5
703,703,3,0,-0.10265568688977378,0.017435269236922776,34,0.9585749476130178,42,64,largest,0.5
7030,7030,2,0,-0.1461429672838479,0.007264597445700593,56,0.891325180569841,42,64,largest,0.5
7031,7031,1,0,-0.11116395852899341,0.0161846400852486,27,0.8930216758133809,42,64,largest,0.5
7032,7032,0,0,-0.09280204490021648,0.021689559703718882,44,0.9192314526885106,42,64,largest,0.5
7033,7033,4,0,-0.07067566794196845,0.025609720442086436,7,0.9551203426664674,42,64,largest,0.5
7034,7034,3,0,-0.1042945369295889,0.016883066807234417,11,0.930427555915613,42,64,largest,0.5
7035,7035,2,0,-0.1373990847815838,0.008684472945116905,45,0.9174276011698976,42,64,largest,0.5
7036,7036,1,0,-0.022116207034909907,0.07974856637582221,33,0.9779819921827342,42,64,largest,0.5
7037,7037,0,0,-0.08663992287921563,0.024459681388750695,34,0.9616495693967622,42,64,largest,0.5
7038,7038,4,0,-0.05748171545106007,0.030583880428465673,1,0.9705376141810864,42,64,largest,0.5
7039,7039,3,0,-0.06344116824004065,0.037394246939075754,51,0.9865824215295427,42,64,largest,0.5
704,704,2,0,-0.047948985290142465,0.052324293897499305,5,0.9901480466084025,42,64,largest,0.5
7040,7040,1,0,-0.00935882745681793,0.09905947249823788,62,0.9861159850329316,42,64,largest,0.5
7041,7041,0,0,-0.08315088254230762,0.026178118929194614,4,0.9781129100681359,42,64,largest,0.5
7042,7042,4,0,-0.09467348508938889,0.018505714962136093,38,0.9400935373074935,42,64,largest,0.5
7043,7043,3,0,-0.06924886744128111,0.033434184867036414,42,0.9775644848058925,42,64,largest,0.5
7044,7044,2,0,-0.053667398841906855,0.04678666661520614,34,0.952110225509495,42,64,largest,0.5
7045,7045,1,0,-0.005115597157639984,0.1063535510847464,53,1.0002735919918362,42,64,largest,0.5
7046,7046,0,0,-0.10238250810961869,0.01798133611619304,51,0.9520122200011695,42,64,largest,0.5
7047,7047,4,0,-0.0578946061836656,0.03041489685301102,38,0.9626185235896123,42,64,largest,0.5
7048,7048,3,1,0.001816518934526945,0.12518549024889747,47,0.9699228117350529,42,64,largest,0.5
7049,7049,2,0,-0.10188462510616125,0.017870284290757984,42,0.9355126351894664,42,64,largest,0.5
705,705,1,0,-0.0778419715198021,0.02972485421037761,47,0.9376707967341321,42,64,largest,0.5
7050,7050,0,0,-0.028950009227478812,0.07349854084764468,2,0.9884513177603167,42,64,largest,0.5
7051,7051,4,0,-0.035796824559906626,0.04085246667897454,38,0.9589117964970769,42,64,largest,0.5
7052,7052,3,0,-0.07743835961413892,0.02853137823971676,57,0.9470367005699615,42,64,largest,0.5
7053,7053,2,0,-0.07425638763815767,0.031129470247511497,11,0.9600049919529419,42,64,largest,0.5
7054,7054,1,0,-0.008797731273920029,0.09999780736305838,50,1.001392527809063,42,64,largest,0.5
7055,7055,0,0,-0.05217780431734653,0.047520491813564526,24,0.9964731313531737,42,64,largest,0.5
7056,7056,4,0,-0.015255311626107493,0.05356734510792934,12,0.9767537871597924,42,64,largest,0.5
7057,7057,3,0,-0.010218511477177894,0.10113406609863658,13,0.986980714169246,42,64,largest,0.5
7058,7058,2,0,-0.13048427963249465,0.009999357831561261,11,0.9187270204831032,42,64,largest,0.5
7059,7059,1,0,-0.050027137666623034,0.0489587780782284,14,0.9539907210548488,42,64,largest,0.5
706,706,0,0,-0.03848653130928548,0.061540008703037996,57,1.0002969657680607,42,64,largest,0.5
7060,7060,4,0,-0.0650492335809173,0.027626520036956412,40,0.9418829277007649,42,64,largest,0.5
7061,7061,3,0,-0.05581487070230606,0.04328305895671035,60,0.9499881121718687,42,64,largest,0.5
7062,7062,2,0,-0.053815000659379275,0.04665137653080001,16,0.9961711095011129,42,64,largest,0.5
7063,7063,1,0,-0.07500831657362172,0.03128835817971427,14,0.9304511813793488,42,64,largest,0.5
7064,7064,0,0,-0.049611270154134024,0.04989436494866608,0,0.9826976037703161,42,64,largest,0.5
7065,7065,4,0,-0.03312235306490452,0.04232785863297109,32,1.001369681491706,42,64,largest,0.5
7066,7066,3,0,-0.030697939827274867,0.06953296631266732,60,0.9719895931636118,42,64,largest,0.5
7067,7067,2,0,-0.040561044914972366,0.06039786927132923,17,0.9773451629735016,42,64,largest,0.5
7068,7068,1,0,-0.008863654924458397,0.09988715337713953,61,0.9840786735024946,42,64,largest,0.5
7069,7069,0,0,-0.0066230524373965816,0.11023152445318446,35,0.9825832729115902,42,64,largest,0.5
707,707,4,0,-0.03339860503638836,0.042173133848427066,40,0.9701187426619393,42,64,largest,0.5
7070,7070,3,0,-0.08249453557023956,0.025860651725904522,36,0.9918686307628055,42,64,largest,0.5
7071,7071,2,0,-0.1349762875929026,0.009124431837843842,21,0.9311883630824063,42,64,largest,0.5
7072,7072,1,1,0.024117007217404618,0.17036132517099162,7,0.9832745451183167,42,64,largest,0.5
7073,7073,0,0,-0.06559115508648472,0.03676633063525512,28,0.9971149376182031,42,64,largest,0.5
7074,7074,4,0,-0.0410774706439162,0.03808272256101946,12,0.9693209553403525,42,64,largest,0.5
7075,7075,3,0,-0.05140880512845136,0.04707882759506922,36,0.9911537829299477,42,64,largest,0.5
7076,7076,2,1,0.0042936614226141145,0.1392705260237723,10,0.9541258063759838,42,64,largest,0.5
7077,7077,1,0,-0.06014273039364004,0.04088165649942395,32,0.9460568101630907,42,64,largest,0.5
7078,7078,0,0,-0.05477983250336804,0.045223574475309565,61,0.830799681854668,42,64,largest,0.5
7079,7079,4,0,-0.0715817816810157,0.025298613416312767,14,0.8921689650942535,42,64,largest,0.5
708,708,3,0,-0.039407009268573545,0.05908357753501087,3,0.9537988409263028,42,64,largest,0.5
7080,7080,2,1,0.06493486366100298,0.3604701077134572,10,0.873837274527463,42,64,largest,0.5
7081,7081,1,0,-0.16128629189396382,0.006415226808121347,11,0.8544744760004209,42,64,largest,0.5
7082,7082,0,0,-0.05793112999570038,0.04258330966917959,57,0.9239549427549696,42,64,largest,0.5
7083,7083,4,0,-0.06437074316770197,0.02787991727051472,10,0.9424505886231022,42,64,largest,0.5
7084,7084,3,0,-0.0219385128366425,0.08174549856055464,3,0.9544542693924106,42,64,largest,0.5
7085,7085,2,0,-0.005039559347369105,0.11779838191717146,9,0.9654321197621418,42,64,largest,0.5
7086,7086,1,0,-0.039058511690826414,0.05941769518558242,11,0.9613008464746111,42,64,largest,0.5
7087,7087,0,0,-0.024992884381873193,0.07906322135612309,57,0.9267987434369186,42,64,largest,0.5
7088,7088,4,0,-0.01948875496092517,0.05067320812066287,3,0.9586352587107196,42,64,largest,0.5
7089,7089,3,0,-0.0330114857032654,0.0666010380826171,13,0.9929019555763993,42,64,largest,0.5
709,709,2,0,-0.022933495947168647,0.0845776411722312,9,0.9768953035940698,42,64,largest,0.5
7090,7090,1,0,-0.044897479972716425,0.05361296575560802,11,0.9612978302060218,42,64,largest,0.5
7091,7091,0,0,-0.0262261131924707,0.07728890440221649,40,0.9642300315424785,42,64,largest,0.5
7092,7092,4,0,-0.04723897190144,0.03507878823107902,44,0.9482480392309444,42,64,largest,0.5
7093,7093,3,1,0.020686073498129454,0.17261829792594582,47,0.9424895243449474,42,64,largest,0.5
7094,7094,2,0,-0.01960945206750364,0.09002706576053351,63,0.9579298502023865,42,64,largest,0.5
7095,7095,1,0,-0.0880872294236249,0.024680059686237567,11,0.9190627176938927,42,64,largest,0.5
7096,7096,0,0,-0.016818122695346438,0.09179357881720261,10,0.9931009973539205,42,64,largest,0.5
7097,7097,4,0,-0.07215657674690312,0.025103173536810453,48,0.9358071825779654,42,64,largest,0.5
7098,7098,3,0,-0.05876415268289048,0.04090743471823269,55,0.9909654532126101,42,64,largest,0.5
7099,7099,2,0,-0.06992803629561228,0.03393134856379116,16,0.9851356903131976,42,64,largest,0.5
71,71,1,0,-0.034087248256952085,0.06481880022186372,25,0.9619159039855658,42,64,largest,0.5
710,710,0,0,-0.030053413565483633,0.07201238779360919,9,0.9848723243493113,42,64,largest,0.5
7100,7100,4,0,-0.05447791025390736,0.03184089901063947,60,0.966473148511985,42,64,largest,0.5
7101,7101,3,0,-0.06588895015033058,0.0356730079427384,17,0.979420057067165,42,64,largest,0.5
7102,7102,2,0,-0.03945240258106297,0.06170577364708837,9,0.9658121839746505,42,64,largest,0.5
7103,7103,1,0,-0.052438270923845676,0.04690591512563528,33,0.9574164883799104,42,64,largest,0.5
7104,7104,0,0,-0.050291477559785025,0.04925449102716891,15,0.9810888614399221,42,64,largest,0.5
7105,7105,4,0,-0.038255840028393884,0.03953947939488075,46,0.9997425738283579,42,64,largest,0.5
7106,7106,3,0,-0.060131839341987625,0.039848609023555186,51,1.0031386112287861,42,64,largest,0.5
7107,7107,2,0,-0.03344861445546343,0.06925925530999998,4,0.9589087376144128,42,64,largest,0.5
7108,7108,1,0,-0.03602777941245583,0.06265814260445621,22,0.9743791801776601,42,64,largest,0.5
7109,7109,0,0,-0.08397105239561553,0.025763891891369756,51,0.9052015973836129,42,64,largest,0.5
711,711,4,0,-0.008499550797761657,0.058510725617326086,54,1.0071703830520606,42,64,largest,0.5
7110,7110,3,0,-0.07264613312061108,0.03130866353334368,38,0.949702499165708,42,64,largest,0.5
7111,7111,2,0,-0.09139787757359008,0.02207991294180684,61,0.96368478354673,42,64,largest,0.5
7112,7112,1,0,-0.031308512499293895,0.06803365801566216,18,0.9724856956479074,42,64,largest,0.5
7113,7113,0,0,-0.05976636926072609,0.04111421562829659,21,0.9510850050826031,42,64,largest,0.5
7114,7114,4,0,-0.02476120026328621,0.04727555751874888,23,0.9692458826309256,42,64,largest,0.5
7115,7115,3,0,-0.06099912203003521,0.03919084524383438,43,0.9660185626794662,42,64,largest,0.5
7116,7116,2,0,-0.14744928538237123,0.007073254399136085,45,0.9166399188838321,42,64,largest,0.5
7117,7117,1,0,-0.05727911994735568,0.04302899951095227,14,0.9387386344928812,42,64,largest,0.5
7118,7118,0,0,-0.12070055930667856,0.012542539874097048,44,0.9361263178020498,42,64,largest,0.5
7119,7119,4,0,-0.046803732590087854,0.03528326902286394,4,0.9328727065411594,42,64,largest,0.5
712,712,3,0,-0.04795865690839329,0.05026989264255588,44,0.9604903624296052,42,64,largest,0.5
7120,7120,2,0,-0.010207098669971826,0.10718743825095021,34,0.9624990826398873,42,64,largest,0.5
7121,7121,1,0,-0.03134133976336795,0.06799482963376438,28,0.9721045486037492,42,64,largest,0.5
7122,7122,0,0,-0.02684291228065161,0.07641523078467306,9,0.9871852277556282,42,64,largest,0.5
7123,7123,4,0,-0.04099732219135721,0.03812338136764542,11,0.9744993714411542,42,64,largest,0.5
7124,7124,3,0,-0.07344191593692939,0.03083000325216143,54,0.9691053505045256,42,64,largest,0.5
7125,7125,2,0,-0.075403962926607,0.03042497874942445,42,0.9619633369301375,42,64,largest,0.5
7126,7126,1,0,-0.02317061576024726,0.07831653090492141,26,0.9709702234127121,42,64,largest,0.5
7127,7127,0,0,-0.09710042676829145,0.019941370376829474,44,0.9476093618128018,42,64,largest,0.5
7128,7128,4,0,-0.01296696707822198,0.055196004943931905,38,0.9868563986871642,42,64,largest,0.5
7129,7129,3,0,-0.03906311975765031,0.05946672797172653,28,1.0126097817187127,42,64,largest,0.5
713,713,2,0,-0.08672498718256039,0.024254766198491352,34,0.9578675595961545,42,64,largest,0.5
7130,7130,1,0,-0.01932146943654023,0.08366056775286453,9,0.9842290388121149,42,64,largest,0.5
7131,7131,0,0,-0.03737715166926692,0.06283169445887543,51,0.9889366078063024,42,64,largest,0.5
7132,7132,4,0,-0.10333276730098773,0.016449874597999636,26,0.9132128187991108,42,64,largest,0.5
7133,7133,3,0,-0.07626936642890358,0.02918596800566376,7,0.9801648362354531,42,64,largest,0.5
7134,7134,2,0,-0.08962540281508391,0.022881461604913927,42,0.9315174797587306,42,64,largest,0.5
7135,7135,1,0,-0.07997242005133476,0.02859949600548909,14,0.9262541066020706,42,64,largest,0.5
7136,7136,0,0,-0.11818993248750786,0.013178777483672076,44,0.9201900633551715,42,64,largest,0.5
7137,7137,4,0,-0.06291198047089419,0.02843239165886715,36,0.9795660416631959,42,64,largest,0.5
7138,7138,3,0,-0.10097583027628732,0.018019694713139023,2,0.9163767707819019,42,64,largest,0.5
7139,7139,2,0,-0.03850090370411152,0.06284934326009604,58,1.0046496465416246,42,64,largest,0.5
714,714,1,0,-0.05797018246560648,0.0425011316661853,46,0.9580259368316952,42,64,largest,0.5
7140,7140,0,0,-0.03514547746330021,0.06550703990422804,9,0.9974215977322947,42,64,largest,0.5
7141,7141,4,0,-0.018268327961557196,0.05149200400370636,7,0.9817523842463172,42,64,largest,0.5
7142,7142,3,0,-0.055190399702902515,0.04380270369351291,55,0.9901079528124898,42,64,largest,0.5
7143,7143,2,0,-0.0594972491168817,0.04171746456781566,23,0.988742995739526,42,64,largest,0.5
7144,7144,1,0,-0.06976846371480117,0.03439157960320574,48,0.95136776781049,42,64,largest,0.5
7145,7145,0,0,-0.036831102202261934,0.06347672730902433,39,0.9451973151794472,42,64,largest,0.5
7146,7146,4,0,-0.048487932621318564,0.03449833238903865,49,0.9582633465035684,42,64,largest,0.5
7147,7147,3,0,-0.07103759255638076,0.03229824702908568,1,0.9799827273646123,42,64,largest,0.5
7149,7149,2,0,-0.06376652399084581,0.038342942549137206,61,0.9805591563089933,42,64,largest,0.5
715,715,1,0,-0.02148840081822423,0.0806125367233031,50,0.991737614644706,42,64,largest,0.5
7150,7150,0,0,-0.04460321753080021,0.05485338364452605,0,0.980184476785158,42,64,largest,0.5
7151,7151,4,0,-0.01715963924110986,0.052246665952316924,19,0.9928772290258036,42,64,largest,0.5
7152,7152,3,0,-0.07482132914015238,0.030017028023914875,34,0.958190816097037,42,64,largest,0.5
7153,7153,2,0,-0.06170613660340907,0.039937478127742565,18,0.9892428421089305,42,64,largest,0.5
7154,7154,1,0,-0.0570821025228172,0.04318063464848376,55,0.9533725451116222,42,64,largest,0.5
7155,7155,0,0,-0.08233543478001715,0.026596383090072565,4,0.9642359893389356,42,64,largest,0.5
7156,7156,4,0,-0.05836890835084174,0.03022189553142483,36,0.9720717961741822,42,64,largest,0.5
7157,7157,3,0,-0.08237297424550871,0.025921911123800698,16,0.9605912104413842,42,64,largest,0.5
7158,7158,2,0,-0.04866669805145052,0.05159667585537311,15,0.9942753320298359,42,64,largest,0.5
7159,7159,1,0,-0.0271538840064226,0.07311676721000555,9,0.9775116850713262,42,64,largest,0.5
716,716,0,0,-0.05834073354845826,0.042251137597044464,37,0.9959722287451935,42,64,largest,0.5
7160,7160,4,0,-0.03175719673858812,0.043100460523304976,13,0.9911547659915609,42,64,largest,0.5
7161,7161,3,0,-0.03757337483698542,0.061153579229465856,46,0.9909338233521655,42,64,largest,0.5
7162,7162,2,0,-0.0725834528035102,0.03218483097224843,45,0.9525780205225455,42,64,largest,0.5
7163,7163,1,1,0.00015247794286887828,0.11606425529364872,7,0.9924964072331489,42,64,largest,0.5
7164,7164,0,0,-0.05646906530124585,0.04378944675074146,37,0.9725156495657956,42,64,largest,0.5
7165,7165,4,0,-0.02429322127926692,0.04756815826530997,19,0.9983492635061745,42,64,largest,0.5
7166,7166,3,0,-0.02942143947649356,0.07120136581599194,13,0.9718951731325667,42,64,largest,0.5
7167,7167,2,0,-0.03237594703720392,0.07069594586523409,32,0.9759764200864695,42,64,largest,0.5
7168,7168,1,0,-0.017430727723517836,0.08640527293471206,47,0.9816204783929919,42,64,largest,0.5
7169,7169,0,0,-0.062113128473958445,0.039306234595209384,41,0.9729860177290508,42,64,largest,0.5
717,717,4,0,-0.015086486865909299,0.05368593571335739,44,0.9825169400727195,42,64,largest,0.5
7170,7170,3,0,-0.043611561658459475,0.0545825503741732,8,0.9727827258466047,42,64,largest,0.5
7171,7171,2,0,-0.037252572222928326,0.06437965882201213,58,0.9993332390011681,42,64,largest,0.5
7172,7172,1,0,-0.007116425675115168,0.10285694203761804,36,0.986201132184082,42,64,largest,0.5
7173,7173,0,0,-0.04261283443984221,0.056950465614853965,15,0.9966832166671158,42,64,largest,0.5
7174,7174,4,1,0.007739384521446735,0.0721925188766764,42,0.9683887094226846,42,64,largest,0.5
7175,7175,3,0,-0.05197621116554518,0.04657281176582447,46,0.9708879314382256,42,64,largest,0.5
7176,7176,2,0,-0.07641376945918044,0.029817855907315612,13,1.0002485753591672,42,64,largest,0.5
7177,7177,1,0,-0.04896413107409525,0.04989065790158924,2,0.9609035745727271,42,64,largest,0.5
7178,7178,0,0,-0.059698037044807695,0.04116803507959204,25,0.9856099553755346,42,64,largest,0.5
7179,7179,4,0,-0.11118011648348591,0.01478179416196328,7,0.9249316620973059,42,64,largest,0.5
718,718,3,0,-0.07480785259657918,0.03002486921080011,34,0.9713914929364094,42,64,largest,0.5
7180,7180,2,0,-0.05939113800249196,0.041804855613094064,14,0.9818434074430041,42,64,largest,0.5
7181,7181,1,0,-0.018218575923294678,0.08525181586278635,50,0.9935440793376609,42,64,largest,0.5
7182,7182,0,0,-0.0815311157491233,0.02701530364645468,8,0.9679918127147108,42,64,largest,0.5
7183,7183,4,0,-0.027364834132138194,0.04567864712209496,46,0.9709966255113123,42,64,largest,0.5
7184,7184,3,0,-0.04985592807178729,0.048490543817473114,7,0.9733295922144191,42,64,largest,0.5
7185,7185,2,0,-0.0683768520861916,0.034993546235772714,13,0.9856888146143725,42,64,largest,0.5
7186,7186,1,0,-0.05618935703219308,0.04387415555148838,18,0.9723406359414813,42,64,largest,0.5
7187,7187,0,0,-0.021536061546623686,0.08423679886537916,6,0.9372528186156917,42,64,largest,0.5
7188,7188,4,0,-0.00943572754435662,0.05780099017251248,57,0.9953471984570732,42,64,largest,0.5
7189,7189,3,0,-0.05929472898289845,0.04049351654876427,53,0.9930731285127479,42,64,largest,0.5
719,719,2,0,-0.07801369928036195,0.02887990600781553,34,0.9745294390044816,42,64,largest,0.5
7190,7190,1,0,-0.06265620220422519,0.03908175038061841,8,0.944313962915365,42,64,largest,0.5
7191,7191,0,0,-0.006508247479388274,0.11045654098124497,6,0.9604062739809602,42,64,largest,0.5
7192,7192,4,0,-0.059699428904601004,0.029686797170427513,14,0.9169574391268146,42,64,largest,0.5
7193,7193,3,0,-0.07355215412833327,0.030764256640171767,62,0.981714703417099,42,64,largest,0.5
7194,7194,2,0,-0.05491514103689432,0.04565466217133103,15,0.9918900414354931,42,64,largest,0.5
7195,7195,1,0,-0.08627705755833104,0.02550629892631617,41,0.9215537438016098,42,64,largest,0.5
7196,7196,0,0,-0.06406245181195491,0.037862652409291916,37,0.9992353370284849,42,64,largest,0.5
7197,7197,4,0,-0.038274576097954816,0.03952963229570558,35,0.9897759344273391,42,64,largest,0.5
7198,7198,3,0,-0.07877936355735915,0.027798012766609665,35,0.9869505375843456,42,64,largest,0.5
7199,7199,2,0,-0.052701056231814314,0.04768166251918706,36,0.9708274994082059,42,64,largest,0.5
72,72,1,0,-0.015498749825206493,0.0892938095172268,25,0.9774214065188195,42,64,largest,0.5
720,720,0,0,-0.028817640388615118,0.07367871110214837,31,0.9658181762400226,42,64,largest,0.5
7200,7200,4,0,-0.03387329883706114,0.04190852663146792,30,0.9630844822019367,42,64,largest,0.5
7201,7201,3,0,-0.03483858221779834,0.06436715130065758,3,0.9630232851976942,42,64,largest,0.5
7202,7202,2,0,-0.04552838110914281,0.054850392416909685,62,0.986634025715326,42,64,largest,0.5
7203,7203,1,0,-0.030110853984686825,0.06946438621126429,4,0.9757167420314605,42,64,largest,0.5
7204,7204,0,0,-0.053616423326545926,0.046237192715260826,6,0.9009120615872053,42,64,largest,0.5
7205,7205,4,0,-0.005656770912828457,0.06071628568051464,44,0.9655002771044847,42,64,largest,0.5
7206,7206,3,1,0.01702880870539747,0.16242981769264955,47,0.9704731188167973,42,64,largest,0.5
7207,7207,2,0,-0.02159181074163019,0.08674021161378881,17,0.9616416850327367,42,64,largest,0.5
7208,7208,1,0,-0.03626518487104324,0.062398467448555914,56,0.9742891516367337,42,64,largest,0.5
7209,7209,0,0,-0.04848523311708708,0.050970973165908456,39,0.9667023175458183,42,64,largest,0.5
721,721,4,0,-0.018085990432792798,0.0516154052957886,23,0.9800209279814213,42,64,largest,0.5
7210,7210,3,0,-0.0208703857554412,0.0833618799954576,12,0.948296983736418,42,64,largest,0.5
7211,7211,2,0,-0.022241945490522164,0.08568612374548497,7,0.9675844820117363,42,64,largest,0.5
7212,7212,1,0,-0.056087711988356936,0.043953788216568916,4,0.9472552659460318,42,64,largest,0.5
7213,7213,0,0,-0.1562736078033239,0.0062045679750612915,40,0.9350811657749326,42,64,largest,0.5
7214,7214,4,0,-0.09305750845291683,0.018916376620927898,22,0.9482983053527922,42,64,largest,0.5
7215,7215,3,0,-0.16003076124666593,0.005607201078919265,56,0.9179249355665159,42,64,largest,0.5
7216,7216,2,0,-0.07913113595292931,0.028241859302061786,5,0.9916966777413355,42,64,largest,0.5
7217,7217,1,0,-0.0376056996784816,0.06095096618475535,11,0.9733651792453716,42,64,largest,0.5
7218,7218,0,0,-0.02586599471933293,0.07780322194203772,10,0.9609838231843064,42,64,largest,0.5
7219,7219,4,0,-0.0042348190741212655,0.06184846460037064,0,0.976008048505904,42,64,largest,0.5
722,722,3,0,-0.016532844406115244,0.09022807088868146,30,0.9399232854494256,42,64,largest,0.5
7220,7220,2,0,-0.07035180135174779,0.03364662089570917,35,0.9938124781817738,42,64,largest,0.5
7221,7221,1,0,-0.020617937949343856,0.08182457345140529,36,0.9714638764166899,42,64,largest,0.5
7222,7222,0,0,-0.005806664672162287,0.11184039285262903,6,0.943659583286712,42,64,largest,0.5
7223,7223,4,0,-0.09156001061290864,0.01930490072925768,14,0.9015891941760086,42,64,largest,0.5
7224,7224,3,0,-0.03065420383974604,0.06958952646650025,37,0.9828806787012215,42,64,largest,0.5
7225,7225,2,0,-0.0656711738466913,0.036923436864297554,13,0.9788267885410638,42,64,largest,0.5
7226,7226,1,0,-0.04446998305121208,0.054019150833382046,18,0.9783798578440159,42,64,largest,0.5
7227,7227,0,0,-0.09992327773523335,0.018869180033623374,37,0.9778124216529179,42,64,largest,0.5
7228,7228,4,0,-0.02695197909115654,0.04592839652689719,16,1.0071280483609413,42,64,largest,0.5
7229,7229,3,0,-0.04811645837021761,0.05011957154100175,28,0.9682407189294422,42,64,largest,0.5
723,723,2,0,-0.00886254927852903,0.10986450597014069,2,0.9709011338407615,42,64,largest,0.5
7230,7230,1,0,-0.03556498290630539,0.06316725266199617,36,0.9634989158642417,42,64,largest,0.5
7231,7231,0,0,-0.0610272898896993,0.04013310381273966,49,0.9887034626336231,42,64,largest,0.5
7232,7232,4,0,-0.01013405305714421,0.057276845220270774,45,0.993838407362536,42,64,largest,0.5
7233,7233,3,0,-0.048692806301856795,0.049574154651667986,45,0.938068849715566,42,64,largest,0.5
7234,7234,2,0,-0.07103047321243872,0.03319541953406513,54,0.951482042074155,42,64,largest,0.5
7235,7235,1,0,-0.02135041499818191,0.08080357045848038,55,0.9780524541561161,42,64,largest,0.5
7236,7236,0,0,-0.06009795042115873,0.04085401235149808,40,0.9734260212469241,42,64,largest,0.5
7237,7237,4,0,-0.026495907281913533,0.04620579998920929,31,0.9975297304865312,42,64,largest,0.5
7238,7238,3,0,-0.025172461031259363,0.07702434929686038,41,0.9786830944438369,42,64,largest,0.5
7239,7239,2,0,-0.14892643007700712,0.006862912055059745,53,0.8955015096770028,42,64,largest,0.5
724,724,1,0,-0.0572063753973745,0.04308492829251879,63,0.9723633103882724,42,64,largest,0.5
7240,7240,0,0,-0.09435093396948646,0.02104298343308128,2,0.9644494690228048,42,64,largest,0.5
7241,7241,4,0,-0.04670712864299198,0.03532881023574565,13,0.9853670191216474,42,64,largest,0.5
7242,7242,3,0,-0.04239473237318947,0.05585087634050954,35,0.9895405354266493,42,64,largest,0.5
7243,7243,2,1,0.009238717037470034,0.15192406718498858,10,0.9703931777643904,42,64,largest,0.5
7245,7245,1,0,-0.0757675234319819,0.030861816512831312,8,0.9248621764686331,42,64,largest,0.5
7246,7246,0,0,-0.038089720516771175,0.06199915250125419,40,0.9608127541575139,42,64,largest,0.5
7247,7247,4,0,-0.013467058664923925,0.05483614515168064,4,0.9427294237040501,42,64,largest,0.5
7248,7248,3,0,-0.012512300164485235,0.09704315460486501,14,0.9734841610960873,42,64,largest,0.5
7249,7249,2,0,-0.0986163741070375,0.01908990212156805,46,0.9546425300217897,42,64,largest,0.5
725,725,1,0,-0.05121903417961582,0.04793354799614535,40,0.9497599085770664,42,64,largest,0.5
7250,7250,0,0,-0.061544604267831704,0.039737108970826954,17,0.9783573095288914,42,64,largest,0.5
7251,7251,4,0,-0.05758476921728162,0.030541618710934245,61,0.9883466020044077,42,64,largest,0.5
7252,7252,3,0,-0.07770118701414352,0.02838617920284711,18,0.9763929861659046,42,64,largest,0.5
7253,7253,2,0,-0.05480624709597859,0.04575240762119996,12,0.9593083169623998,42,64,largest,0.5
7254,7254,1,0,-0.015022243512663458,0.090019513900444,36,0.9923029345188283,42,64,largest,0.5
7255,7255,0,0,-0.07554383361228734,0.030341574516845497,28,0.9987400290874837,42,64,largest,0.5
7256,7256,4,0,-0.004532327347681164,0.06160996442586823,1,0.9874525170299435,42,64,largest,0.5
7257,7257,3,0,-0.12043512323335814,0.01228613749356051,2,0.9315963796529175,42,64,largest,0.5
7258,7258,2,0,-0.12879408581729967,0.010349646208635715,56,0.9141720967108028,42,64,largest,0.5
7259,7259,1,0,-0.025699623115558512,0.07497723883221996,22,0.9749930607986349,42,64,largest,0.5
726,726,0,0,-0.05256420874256029,0.047172518385027715,30,0.9935633324886187,42,64,largest,0.5
7260,7260,4,0,-0.024623515135027696,0.047361466177675685,6,0.9777171516581468,42,64,largest,0.5
7261,7261,3,0,-0.049496177515678474,0.04882327851249167,8,0.9870507631879125,42,64,largest,0.5
7262,7262,2,0,-0.06279272962045501,0.03908879862846024,34,0.9852497841965308,42,64,largest,0.5
7263,7263,1,0,-0.028510659290590046,0.0714194460623327,8,0.9783999543647127,42,64,largest,0.5
7264,7264,0,0,-0.04620649098100271,0.05321727594063592,25,0.9860916221153411,42,64,largest,0.5
7265,7265,4,0,-0.012371569052469167,0.05562734559318944,22,0.9961682605852377,42,64,largest,0.5
7266,7266,3,0,-0.010530679617062777,0.10056845627214248,55,0.9306645727504744,42,64,largest,0.5
7267,7267,2,0,-0.05019474139232205,0.050079298342545896,35,0.9959956734483395,42,64,largest,0.5
7268,7268,1,0,-0.00694859319573482,0.10314628765884172,61,0.9780007132409942,42,64,largest,0.5
727,727,0,0,-0.04847004020514922,0.05098564841757773,49,0.9784936192530624,42,64,largest,0.5
7270,7270,4,0,-0.05225659742204902,0.03280245559006501,61,0.9828041453030381,42,64,largest,0.5
7271,7271,3,0,-0.06532595405671893,0.03606201345251546,57,0.9678667986912025,42,64,largest,0.5
7272,7272,2,0,-0.10184031572236762,0.017886296338048023,43,0.9523791607195126,42,64,largest,0.5
7273,7273,1,0,-0.01538200298250847,0.08947112179938907,63,0.9851250903383328,42,64,largest,0.5
7274,7274,0,0,-0.06928831349816744,0.03423970854281773,47,0.9590034165433956,42,64,largest,0.5
7275,7275,4,0,-0.05810604044497891,0.03032871374770152,19,0.9905026037057278,42,64,largest,0.5
7276,7276,3,0,-0.04365719479921948,0.054535517886947805,20,1.0034976550115682,42,64,largest,0.5
7277,7277,2,0,-0.06781400801071802,0.03538683082420839,5,0.9973668750355561,42,64,largest,0.5
7278,7278,1,0,-0.03300222675807851,0.06605693814073611,46,0.976958177924045,42,64,largest,0.5
7279,7279,0,0,-0.03453022534892913,0.06626303459941574,25,0.9923505221250007,42,64,largest,0.5
728,728,4,0,-0.02034762505357335,0.05010438905069517,21,0.9917604140857986,42,64,largest,0.5
7280,7280,3,0,-0.04326380719342238,0.05494222610464792,23,0.9835827502799479,42,64,largest,0.5
7281,7281,2,0,-0.0406777043303167,0.060261760238680594,58,0.9883011068655451,42,64,largest,0.5
7282,7282,1,0,-0.01954371171291036,0.0833432023953324,2,0.994957464491543,42,64,largest,0.5
7283,7283,0,0,-0.05391502367828427,0.0459749939998319,28,0.9835716430739859,42,64,largest,0.5
7284,7284,4,0,-0.01765702587426954,0.05190682097079612,0,0.9800342645138989,42,64,largest,0.5
7285,7285,3,0,-0.04938102855254112,0.04893023707862494,8,0.9900631445710877,42,64,largest,0.5
7286,7286,2,0,-0.058105444201007495,0.04287773294603709,3,0.9957891381705187,42,64,largest,0.5
7287,7287,1,0,-0.011084722377861622,0.09622218659655044,53,1.0015046953372493,42,64,largest,0.5
7288,7288,0,0,-0.03195364728648831,0.06951783404018692,14,0.9713389365411154,42,64,largest,0.5
7289,7289,4,0,-0.02681056507952384,0.046014240919272226,22,1.0027536510375124,42,64,largest,0.5
729,729,3,0,-0.018516260034739163,0.08702731568000927,41,0.9563865695567254,42,64,largest,0.5
7290,7290,2,0,-0.061586673206940334,0.040031855134531294,54,0.9547930929428143,42,64,largest,0.5
7291,7291,1,0,-0.029396997920719037,0.07033035584482104,36,0.9881217816218409,42,64,largest,0.5
7292,7292,0,0,-0.058824084047293335,0.04186234536811844,4,0.9747456784751021,42,64,largest,0.5
7293,7293,4,0,-0.03544121891811958,0.04104576374291276,15,0.9943486727526697,42,64,largest,0.5
7294,7294,3,0,-0.047886669297187434,0.05033860951758843,16,0.9864099380444714,42,64,largest,0.5
7295,7295,2,0,-0.06751066983996978,0.035600549221656994,0,0.9899944383739726,42,64,largest,0.5
7296,7296,1,0,-0.031419412262122304,0.06790256729856015,36,0.9691405582412449,42,64,largest,0.5
7297,7297,0,0,-0.023766816923086465,0.08086407330398665,17,0.9984583806782183,42,64,largest,0.5
7298,7298,4,0,-0.01762760169373012,0.051926867089706674,38,0.975320044077935,42,64,largest,0.5
7299,7299,3,1,0.006008710970374809,0.13465046244322243,47,0.9648495058583818,42,64,largest,0.5
73,73,2,0,-0.07623873359402278,0.02992224433739484,14,0.9656377028660613,42,64,largest,0.5
730,730,1,0,-0.043368737221176956,0.055078899387383674,34,0.944032947925275,42,64,largest,0.5
7300,7300,0,0,-0.013404687596414777,0.09763544851840374,6,0.9525516231301313,42,64,largest,0.5
7301,7301,4,0,-0.035122396962672275,0.041219810293728114,4,0.9852941121641817,42,64,largest,0.5
7302,7302,3,0,-0.004452892304660172,0.1120983650518542,14,0.9838703545425767,42,64,largest,0.5
7303,7303,2,0,-0.036262301930026664,0.06561822649079527,34,0.9885192034568179,42,64,largest,0.5
7304,7304,1,0,-0.05703589970957046,0.043216268594056785,8,0.9647762446544158,42,64,largest,0.5
7305,7305,0,0,-0.013071199513062015,0.09822363669177324,2,0.9549829765209393,42,64,largest,0.5
7306,7306,4,0,-0.026376944483088804,0.046278420297980495,48,0.9667401416239199,42,64,largest,0.5
7307,7307,3,0,-0.04276501635742069,0.05546201455372835,21,0.8753002468322716,42,64,largest,0.5
7308,7308,2,0,-0.02303155720501504,0.08442151693625224,7,0.9468856404525567,42,64,largest,0.5
7309,7309,1,0,-0.021596860929252282,0.08046266901478337,55,0.9839074866523134,42,64,largest,0.5
731,731,0,0,-0.04163233551379564,0.05801101539007476,28,0.9921661787898292,42,64,largest,0.5
7310,7310,4,0,-0.019239058994832137,0.050839722364481886,14,0.9616469360575968,42,64,largest,0.5
7311,7311,3,1,0.015271951183026267,0.15771049325269923,47,0.9535124694043449,42,64,largest,0.5
7312,7312,2,0,-0.015322898320767164,0.09752041963825749,34,0.9501820835283203,42,64,largest,0.5
7313,7313,1,0,-0.043659942972680166,0.054796777710971405,2,0.9672902665118565,42,64,largest,0.5
7314,7314,0,0,-0.03263628292704768,0.06864138050173313,57,0.9479847750299899,42,64,largest,0.5
7315,7315,4,0,-0.02726138471154227,0.04574110535435345,34,0.9645068338032248,42,64,largest,0.5
7316,7316,3,0,-0.06123707404975576,0.039012206194737595,51,0.9924927635070956,42,64,largest,0.5
7317,7317,2,0,-0.030273631535037593,0.07359184787579752,32,0.9735370888153319,42,64,largest,0.5
7318,7318,1,0,-0.04697143336473264,0.051682991756867844,9,0.9782649165919601,42,64,largest,0.5
7319,7319,0,1,0.01799332056964653,0.16841574368747064,36,0.9524467632447815,42,64,largest,0.5
732,732,4,0,-0.0297396532801677,0.044266976195231386,46,0.983753318082887,42,64,largest,0.5
7320,7320,3,0,-0.03111782664039675,0.06899212191737444,30,0.9733197656870259,42,64,largest,0.5
7321,7321,2,0,-0.021013733150696212,0.08768731246097632,2,0.9500541954665883,42,64,largest,0.5
7322,7322,1,0,-0.03728507083838328,0.061294301048207496,47,0.9689046574406251,42,64,largest,0.5
7323,7323,0,0,-0.017301055363599938,0.09099290235894761,2,0.970293549334746,42,64,largest,0.5
7324,7324,4,0,-0.04471321720915544,0.03628152496750267,41,0.9777127965463891,42,64,largest,0.5
7325,7325,3,0,-0.0460923909319233,0.05208036574081016,57,0.9880018376254383,42,64,largest,0.5
7326,7326,2,1,0.041373395653686584,0.2576467882711708,10,0.9272690092527756,42,64,largest,0.5
7327,7327,1,0,-0.04297622189936445,0.05546133513561286,4,0.976186879471861,42,64,largest,0.5
7328,7328,0,0,-0.0578875922358687,0.04261876341574395,1,0.9849346423060074,42,64,largest,0.5
7329,7329,4,0,-0.023742016158257995,0.04791500231785358,57,0.9593045127823873,42,64,largest,0.5
733,733,3,0,-0.0370285047966854,0.06178163974590203,34,0.985447873971175,42,64,largest,0.5
7330,7330,2,1,0.033091276471016395,0.22641126905442854,10,0.9263410211472595,42,64,largest,0.5
7331,7331,1,0,-0.004053847297742941,0.1082512678377355,34,0.9986433041451179,42,64,largest,0.5
7332,7332,0,0,-0.042573903651555556,0.05699222532792948,49,0.9977876423392948,42,64,largest,0.5
7333,7333,4,0,-0.02090190629287847,0.049740512122823134,9,0.9982437037719359,42,64,largest,0.5
7334,7334,3,0,-0.04054663524023416,0.05783032230281346,52,0.9786807719142638,42,64,largest,0.5
7335,7335,2,1,0.04614265061152445,0.27686197768292226,10,0.9339171131793178,42,64,largest,0.5
7336,7336,1,0,-0.009894354886091361,0.09817121437417048,26,0.9936749120962923,42,64,largest,0.5
7337,7337,0,0,-0.05959643432399386,0.04124818354460826,49,0.967100891887448,42,64,largest,0.5
7338,7338,4,0,-0.020834757271152804,0.04978446073065427,19,0.9873545618834129,42,64,largest,0.5
7339,7339,3,0,-0.08397708763032552,0.025124786412079627,44,0.9808858802781474,42,64,largest,0.5
734,734,2,0,-0.04333143631608982,0.05724213348073904,41,0.9818144803770888,42,64,largest,0.5
7341,7341,1,0,-0.02464190506323971,0.07635762786539918,9,0.9888557753979413,42,64,largest,0.5
7342,7342,0,0,-0.07428565890917149,0.031089420100995153,40,0.9835392621042337,42,64,largest,0.5
7343,7343,4,0,-0.047503314883231784,0.03495515454393902,12,0.9919538838449407,42,64,largest,0.5
7344,7344,3,0,-0.033699761142323426,0.06575119358250542,21,0.9111637286240912,42,64,largest,0.5
7345,7345,2,1,0.029505713928327126,0.21374783198618125,10,0.9313201207239341,42,64,largest,0.5
7346,7346,1,0,-0.047526805328612864,0.05117743060325122,11,0.9687593776712009,42,64,largest,0.5
7347,7347,0,0,-0.05813827403281291,0.04241501344239941,31,0.9912949560931603,42,64,largest,0.5
7348,7348,4,0,-0.002491698126491082,0.06326326378928732,46,0.9804656853403511,42,64,largest,0.5
7349,7349,3,0,-0.034530140847544244,0.06473930734132612,61,1.006320382852053,42,64,largest,0.5
735,735,2,0,-0.06781113620743584,0.035388848360500914,11,0.9598514004128156,42,64,largest,0.5
7350,7350,1,0,-0.03695280440554749,0.06165200436874242,50,0.9686203600908864,42,64,largest,0.5
7351,7351,0,0,-0.055882744713049104,0.04428223652071827,22,0.9744214712560392,42,64,largest,0.5
7352,7352,4,0,-0.040860610387968954,0.03819283062592732,25,0.9956900888090694,42,64,largest,0.5
7353,7353,3,0,-0.06800486288149288,0.03424683583103955,36,1.0016085427475783,42,64,largest,0.5
7354,7354,2,0,-0.10120879395509508,0.018116045611989564,33,0.9944164274129278,42,64,largest,0.5
7355,7355,1,0,-0.1084906140244618,0.016998397287522202,33,0.9064517003101328,42,64,largest,0.5
7356,7356,0,0,-0.08852043029508239,0.023579609290894667,44,0.9390583813078284,42,64,largest,0.5
7357,7357,4,0,-0.03857330448059293,0.039372947176033915,46,0.9784210622715181,42,64,largest,0.5
7358,7358,3,1,0.006740514313075208,0.13636334998156846,47,0.9633488533156102,42,64,largest,0.5
7359,7359,2,0,-0.013774647603052359,0.1003609706435869,17,0.9850063806517646,42,64,largest,0.5
736,736,1,0,-0.03215084242189015,0.06704381986520916,23,0.973596439027475,42,64,largest,0.5
7360,7360,0,0,-0.1273982740736529,0.010989861267229025,44,0.9500689927959606,42,64,largest,0.5
7361,7361,4,0,-0.03170520511551178,0.04313014952850843,40,0.9630119479328111,42,64,largest,0.5
7362,7362,3,0,-0.09071378725372337,0.022030289644295965,28,0.9583148405649582,42,64,largest,0.5
7363,7363,2,0,-0.05587239216836837,0.04480393076792924,11,0.9806435749694269,42,64,largest,0.5
7364,7364,1,0,-0.0640619986167017,0.03810845580910365,33,0.9362958489653863,42,64,largest,0.5
7365,7365,0,0,-0.03913206825691362,0.06079985133872769,9,0.9945369487476448,42,64,largest,0.5
7366,7366,4,0,-0.035561591266011994,0.040980234958754365,27,0.9574545970069515,42,64,largest,0.5
7367,7367,3,0,-0.0995634006032774,0.018525929858519353,2,0.9192182929637144,42,64,largest,0.5
7368,7368,2,0,-0.10293634131911422,0.017494331513438953,45,0.9635692549696444,42,64,largest,0.5
7369,7369,1,0,-0.042923860121517166,0.055512540863978305,28,0.9656023247608925,42,64,largest,0.5
737,737,0,0,-0.11651939700969938,0.013619657996489383,8,0.9572307367348283,42,64,largest,0.5
7370,7370,4,0,-0.049083774934709834,0.03422468762103752,38,0.9551023285398091,42,64,largest,0.5
7371,7371,3,0,-0.053044011501566235,0.04563453924148622,49,0.9540730118157621,42,64,largest,0.5
7372,7372,2,0,-0.03273724295219016,0.07020899051290516,9,0.9237648555918185,42,64,largest,0.5
7373,7373,1,0,-0.044519674672236276,0.05397178784018748,18,0.961829266451228,42,64,largest,0.5
7374,7374,0,0,-0.09763730239216206,0.01973295463669931,9,0.972457635446427,42,64,largest,0.5
7375,7375,4,0,-0.06216828267908514,0.028718126717928064,32,0.9795259572577274,42,64,largest,0.5
7376,7376,3,0,-0.03346010526265397,0.06604595727871963,37,0.9938445787365793,42,64,largest,0.5
7377,7377,2,0,-0.06668752193966976,0.03618678350116092,63,0.9860240253542941,42,64,largest,0.5
7378,7378,1,0,-0.03057994236182937,0.06890072388027839,3,0.9805362296776401,42,64,largest,0.5
7379,7379,0,0,-0.10374879800649683,0.017505926832356116,51,0.9530530280787817,42,64,largest,0.5
738,738,4,0,-0.030354310469273615,0.0439084363353608,29,0.9977992268885791,42,64,largest,0.5
7380,7380,3,0,-0.11014925725001301,0.015047228194199765,49,0.9134251773015588,42,64,largest,0.5
7381,7381,2,0,-0.07931354514817945,0.028139012898804945,60,0.9703735742176982,42,64,largest,0.5
7382,7382,1,0,-0.007060009124978062,0.10295412471692299,27,0.9903161873386288,42,64,largest,0.5
7383,7383,0,0,-0.03423566586549476,0.06662783878985311,57,0.9908991122220974,42,64,largest,0.5
7385,7385,4,0,-0.014417649211691419,0.05415819743387397,14,0.9308675762022572,42,64,largest,0.5
7386,7386,3,0,-0.06403484403829551,0.036969590848519356,1,0.9679687194314165,42,64,largest,0.5
7387,7387,2,0,-0.06472321085418486,0.03762350734557806,12,0.9602002828618355,42,64,largest,0.5
7388,7388,1,0,-0.009194039628765305,0.09933423542760574,34,0.9965966335421694,42,64,largest,0.5
7389,7389,0,0,-0.04988983174915618,0.04963137408990739,37,0.9902592305594323,42,64,largest,0.5
739,739,4,0,-0.014596538330417519,0.054031502729101226,15,0.9887112430965287,42,64,largest,0.5
7390,7390,3,0,-0.08399000222105402,0.025118466728145133,56,0.9871415110142367,42,64,largest,0.5
7391,7391,2,0,-0.08056536932699876,0.027442956031145858,12,0.9628152784256092,42,64,largest,0.5
7392,7392,1,0,-0.08603169543687184,0.025620345751636475,51,0.9236926402967469,42,64,largest,0.5
7393,7393,0,0,-0.07632895496129544,0.029883767756701683,49,0.9549008086696057,42,64,largest,0.5
7394,7394,4,0,-0.0529158583721413,0.0325141854974778,9,0.9821521653057398,42,64,largest,0.5
7395,7395,3,0,-0.05841380833020049,0.04118296579838643,33,0.9887118433099574,42,64,largest,0.5
7396,7396,2,0,-0.07001018054538832,0.03387597480535291,54,0.982674261313399,42,64,largest,0.5
7397,7397,1,0,-0.0505519753500987,0.048504791731681984,1,0.9503251323237378,42,64,largest,0.5
7398,7398,0,0,-0.03782597895257389,0.06230609168568595,58,0.9787284010551951,42,64,largest,0.5
7399,7399,4,0,-0.07937496411986367,0.02277067255458124,9,0.9539651743640191,42,64,largest,0.5
74,74,3,0,-0.040704138345008745,0.05765908984050364,8,0.9873455041311304,42,64,largest,0.5
740,740,2,0,-0.04191086869841776,0.058840457766528916,56,0.9760150310659836,42,64,largest,0.5
7400,7400,1,0,-0.033741162369961386,0.0652113609337341,12,0.9718085329450205,42,64,largest,0.5
7401,7401,0,0,-0.10050178721923453,0.018656531786989877,27,0.9878689895998535,42,64,largest,0.5
7402,7402,4,0,-0.06611083628808911,0.02723452482762261,23,0.9711796523867033,42,64,largest,0.5
7403,7403,3,0,-0.08460908090575103,0.024817333850531285,58,0.9526985270345655,42,64,largest,0.5
7404,7404,2,0,-0.10196832297880598,0.017840076846660512,43,0.9499948798460427,42,64,largest,0.5
7405,7405,1,0,-0.05252333688115207,0.046835004335641084,32,0.9701381129806114,42,64,largest,0.5
7406,7406,0,1,0.012034731222321127,0.15240467252901393,36,0.9554227236417077,42,64,largest,0.5
7407,7407,4,0,-0.06647739942454567,0.02710043168950333,48,0.9312302820213255,42,64,largest,0.5
7408,7408,3,0,-0.06987266777583045,0.03303372366098808,35,0.9716258023768202,42,64,largest,0.5
7409,7409,2,0,-0.05607444702477704,0.04462630093821205,40,0.9607662400575553,42,64,largest,0.5
741,741,1,0,-0.0461300047505373,0.05245795790208429,23,0.9655473922284452,42,64,largest,0.5
7410,7410,0,0,-0.07426346313830379,0.031102771899262548,4,0.9643624644456318,42,64,largest,0.5
7411,7411,4,0,-0.07206094460109191,0.02513558774529859,17,0.9616551506822605,42,64,largest,0.5
7412,7412,3,0,-0.07142666180325785,0.03205615218708726,23,0.9765517316744484,42,64,largest,0.5
7413,7413,2,0,-0.0804738107631987,0.02749329352565886,61,0.9603444050500912,42,64,largest,0.5
7414,7414,1,0,-0.06186028748278183,0.03964332508249402,46,0.9671319465487715,42,64,largest,0.5
7415,7415,0,0,-0.10196891150509846,0.018127732804667694,51,0.9486178325330522,42,64,largest,0.5
7416,7416,4,0,-0.04856646865621539,0.03446214380660834,40,0.9837728821682842,42,64,largest,0.5
7417,7417,3,0,-0.020376911009000964,0.0841184186679115,12,0.9891464800694921,42,64,largest,0.5
7418,7418,2,0,-0.08648230265585566,0.024373252401410327,15,0.9908297976881755,42,64,largest,0.5
7419,7419,1,0,-0.010288012771649035,0.09752280283950836,12,0.994369329793371,42,64,largest,0.5
742,742,0,0,-0.04809725558918587,0.051346986290472754,52,0.9650407120110844,42,64,largest,0.5
7420,7420,4,0,-0.0550958374377849,0.03157829433227302,26,0.9616453848740089,42,64,largest,0.5
7421,7421,3,0,-0.07779197845593877,0.028336188351230803,1,0.9438289147990252,42,64,largest,0.5
7422,7422,2,0,-0.03156715456946746,0.0717973680712196,47,0.969506845458464,42,64,largest,0.5
7423,7423,1,0,-0.09648279215795541,0.021177129037223436,8,0.9167096410248663,42,64,largest,0.5
7424,7424,0,0,-0.04535336353002806,0.054082058552903906,6,0.9651275423545487,42,64,largest,0.5
7425,7425,4,0,-0.0209703762423209,0.04969573683580858,3,0.9854934057728849,42,64,largest,0.5
7426,7426,3,0,-0.03793443621489245,0.060740684525226164,46,0.9854232799782013,42,64,largest,0.5
7427,7427,2,0,-0.09562799654567344,0.020276288897236885,54,0.9422177850603526,42,64,largest,0.5
7428,7428,1,0,-0.04839348673808885,0.05039781926670796,61,0.9637499200480864,42,64,largest,0.5
7429,7429,0,0,-0.045559161859595854,0.053872243871010486,28,1.0005394682171354,42,64,largest,0.5
743,743,4,0,-0.03169505872857703,0.043135945741495915,3,0.9907361223698984,42,64,largest,0.5
7430,7430,3,0,-0.04498891948469763,0.05317966459645076,8,0.9704019667347087,42,64,largest,0.5
7431,7431,2,0,-0.11386564603186278,0.014019853220973235,18,0.9295633530549472,42,64,largest,0.5
7432,7432,1,0,-0.04084341763328225,0.05758340804621189,26,0.9746802174340689,42,64,largest,0.5
7433,7433,0,1,0.0006950200582195309,0.12539885410879986,36,0.9764616655678543,42,64,largest,0.5
7434,7434,4,0,-0.03597496712345272,0.04075596141604587,15,0.9772543036154017,42,64,largest,0.5
7435,7435,3,0,-0.0649308983098551,0.036337414174345786,2,0.9826798807712487,42,64,largest,0.5
7436,7436,2,0,-0.058851000543765464,0.04225242266119275,54,0.9629368925713069,42,64,largest,0.5
7437,7437,1,0,-0.002336221684521078,0.11138425935726909,54,0.9977415097800149,42,64,largest,0.5
7438,7438,0,0,-0.12972640358414878,0.010495953998337306,51,0.9317780295960523,42,64,largest,0.5
7439,7439,4,0,-0.07471799261283107,0.024249989429989273,23,0.9348608263293973,42,64,largest,0.5
744,744,3,0,-0.0560110585007062,0.04312102257734711,7,0.9838404001062172,42,64,largest,0.5
7440,7440,2,0,-0.0830893503246648,0.02609005910277839,18,0.9586175155614389,42,64,largest,0.5
7441,7441,1,0,-0.03664699094287771,0.061982952334337954,63,0.963335048969955,42,64,largest,0.5
7442,7442,0,0,-0.12776413612992388,0.010910749187412333,44,0.9261874902111255,42,64,largest,0.5
7443,7443,4,0,-0.08514897581354686,0.021058518291685705,48,0.9469973853769607,42,64,largest,0.5
7444,7444,3,0,-0.04879845799382332,0.04947478503489196,62,0.9923552736913893,42,64,largest,0.5
7445,7445,2,0,-0.07132371238695234,0.03300227801250959,45,0.9734413930290933,42,64,largest,0.5
7446,7446,1,0,-0.013447464491169847,0.0924557873331369,53,0.980847266171117,42,64,largest,0.5
7447,7447,0,0,-0.05932761970954836,0.041460956504361456,56,0.9742713921314033,42,64,largest,0.5
7448,7448,4,0,-0.02737077332618676,0.045675063762561814,18,0.9830856739445457,42,64,largest,0.5
7449,7449,3,0,-0.07422124666691832,0.030368109803888352,2,0.961550179852505,42,64,largest,0.5
745,745,2,0,-0.08348225658557562,0.025885377301477375,55,0.9840891546406606,42,64,largest,0.5
7450,7450,1,0,-0.05988547947971834,0.04107029069546972,3,0.9445876924879226,42,64,largest,0.5
7451,7451,0,0,-0.03826641742263215,0.06179430537167163,37,1.0128181754349792,42,64,largest,0.5
7452,7452,4,0,-0.04815330779165061,0.03465293509285869,48,0.9471219511333621,42,64,largest,0.5
7453,7453,3,1,0.018594280938864283,0.16673035976449038,47,0.9326942172650743,42,64,largest,0.5
7454,7454,2,0,-0.07159741400028086,0.03282298452305864,40,0.9666099095573231,42,64,largest,0.5
7455,7455,1,0,-0.06892044548858656,0.03492095808553782,46,0.9478260292593037,42,64,largest,0.5
7456,7456,0,0,-0.06526825804917169,0.036995325831059134,17,0.9802592708611126,42,64,largest,0.5
7457,7457,4,0,-0.01368568167765416,0.05467952192942797,29,0.9875655316361981,42,64,largest,0.5
7458,7458,3,0,-0.05542656583543781,0.04360548510056579,1,0.9570634809809875,42,64,largest,0.5
7459,7459,2,0,-0.03643461397879477,0.06540112868672893,17,0.9748996985761962,42,64,largest,0.5
746,746,1,0,-0.008625565843769278,0.10028730400447396,0,0.9845341700463958,42,64,largest,0.5
7460,7460,0,0,-0.08092019368141345,0.027337775645736424,28,0.9818812922559264,42,64,largest,0.5
7461,7461,4,0,-0.012177909624558891,0.05576832606086166,6,0.9629951083572451,42,64,largest,0.5
7462,7462,3,1,0.002868543130629453,0.12750572198457788,47,0.9545389533384779,42,64,largest,0.5
7463,7463,2,0,-0.0789149873038879,0.028364201291608476,35,0.9893327520378004,42,64,largest,0.5
7464,7464,1,0,-0.04602104920387995,0.0525591065003718,22,0.9843865773206579,42,64,largest,0.5
7465,7465,0,0,-0.09257984515827722,0.021783895333888623,52,0.9740956304409426,42,64,largest,0.5
7466,7466,4,0,-0.05117785222766391,0.03327948334684547,40,0.9743135631342469,42,64,largest,0.5
7467,7467,3,0,-0.12029815052236903,0.012319394021391606,2,0.9341367410563428,42,64,largest,0.5
7468,7468,2,0,-0.09896014712620282,0.018957867566702397,42,0.9424626404967608,42,64,largest,0.5
7469,7469,1,0,-0.008581973918168284,0.1003607220006177,50,0.9945318589373338,42,64,largest,0.5
747,747,0,0,-0.0511503479912917,0.04845765993712136,37,0.9878046757283335,42,64,largest,0.5
7470,7470,4,0,-0.02521323051932367,0.04699455328313402,54,0.9949083087593297,42,64,largest,0.5
7471,7471,3,0,-0.06548657622384901,0.03595061618658179,1,0.9573034386063375,42,64,largest,0.5
7472,7472,2,0,-0.09549880193138671,0.020329176081302636,16,0.9734392468394624,42,64,largest,0.5
7473,7473,1,0,-0.021440376034053688,0.08067897758759913,16,0.9936698911097411,42,64,largest,0.5
7474,7474,0,0,-0.06887596558869413,0.03451299128390776,30,0.9642983599288832,42,64,largest,0.5
7475,7475,4,0,-0.03851473894347335,0.03940361819828824,52,0.9301609880274831,42,64,largest,0.5
7476,7476,3,0,-0.039109855428967166,0.0594145202720439,44,0.960192530060782,42,64,largest,0.5
7477,7477,2,0,-0.02507576058948413,0.08122599176004414,17,0.9800362475194041,42,64,largest,0.5
7478,7478,1,0,-0.01604207291766724,0.08847278715984194,63,0.9830018397490647,42,64,largest,0.5
7479,7479,0,0,-0.028215335198028213,0.07450366596985436,1,0.9765859905852398,42,64,largest,0.5
748,748,4,0,-0.07023979018938575,0.02576069964105729,1,0.9579728584892374,42,64,largest,0.5
7480,7480,3,0,-0.05186889331737998,0.046668120075544585,44,0.9988150888134754,42,64,largest,0.5
7481,7481,2,0,-0.027993738299868065,0.07685549028269054,62,0.95008518227141,42,64,largest,0.5
7482,7482,1,0,-0.1577127014636408,0.006854561436616842,11,0.8524032741599281,42,64,largest,0.5
7483,7483,0,0,-0.08041540883368314,0.027607043539940004,51,0.9716225192151987,42,64,largest,0.5
7484,7484,4,0,-0.06100020685343632,0.029172545069185537,22,1.0009966459452049,42,64,largest,0.5
7485,7485,3,0,-0.0364165173931591,0.0624942472324683,13,0.9870557151513532,42,64,largest,0.5
7486,7486,2,0,-0.01980654162410944,0.08969532192234547,58,0.9925146145956624,42,64,largest,0.5
7487,7487,1,0,-0.023020189080112274,0.07851938306691582,55,0.9867599856251978,42,64,largest,0.5
7488,7488,0,0,-0.06447524212239597,0.03756355880007683,30,0.9915444892463157,42,64,largest,0.5
7489,7489,4,0,-0.024306186086944348,0.04756002898164163,55,0.9627859171359556,42,64,largest,0.5
749,749,3,0,-0.06110552637586708,0.0391108669357101,46,0.9674175325550658,42,64,largest,0.5
7490,7490,2,0,-0.003286635778774083,0.12159950732197783,36,0.964847049796821,42,64,largest,0.5
7491,7491,1,0,-0.0181477955253736,0.08535486908082023,12,0.9826656793299159,42,64,largest,0.5
7492,7492,0,0,-0.024073420257491818,0.08041025608183269,0,0.963768926970412,42,64,largest,0.5
7493,7493,4,0,-0.01398018567074566,0.05446920320369945,12,0.9816855299304867,42,64,largest,0.5
7494,7494,3,0,-0.04050687846700818,0.05787362001364638,36,1.0049573324123264,42,64,largest,0.5
7495,7495,2,0,-0.04388552695217285,0.05662983279332945,4,0.9904045964898133,42,64,largest,0.5
7496,7496,1,0,-0.017534862225167647,0.08625200725492968,16,0.9925296066103346,42,64,largest,0.5
7497,7497,0,0,-0.06274737879439085,0.03883083582967716,49,0.9866532644552326,42,64,largest,0.5
7498,7498,4,0,-0.019270216277844532,0.05081891632598295,22,0.9856659515677088,42,64,largest,0.5
7499,7499,3,1,0.0036252470956584792,0.12919725052678216,47,0.956418973251542,42,64,largest,0.5
75,75,2,0,-0.008965109866462928,0.10965825487439126,32,0.9594786843220237,42,64,largest,0.5
750,750,1,0,-0.05726859377305826,0.043037088142060025,27,0.9411988900583578,42,64,largest,0.5
7500,7500,0,0,-0.014922306527197282,0.09499826934278367,6,0.9917708785519235,42,64,largest,0.5
7501,7501,4,0,-0.0366267885349032,0.04040470725863609,61,0.98278946926351,42,64,largest,0.5
7502,7502,3,0,-0.043455992190023385,0.054743177798462356,3,0.94898699949295,42,64,largest,0.5
7503,7503,2,0,-0.0356620132564639,0.06637977969177253,9,0.9293698540893494,42,64,largest,0.5
7504,7504,1,0,-0.04432580449889356,0.05415679485619723,36,0.9798394212092844,42,64,largest,0.5
7505,7505,0,0,-0.05922453410932671,0.0415428293707846,58,0.9677451323473167,42,64,largest,0.5
7506,7506,4,0,-0.04589728949723526,0.035712819481506584,32,0.9868785151654845,42,64,largest,0.5
7507,7507,3,0,-0.06784799603123692,0.034350652811794856,0,0.9357302852202575,42,64,largest,0.5
7508,7508,2,0,-0.036868017052672064,0.06485802942823916,9,0.9658367045400078,42,64,largest,0.5
7509,7509,1,0,-0.06901892765033812,0.03485907942002946,8,0.9432064187992608,42,64,largest,0.5
751,751,0,0,-0.07861781653827049,0.028587017867113356,28,0.9978173829953705,42,64,largest,0.5
7510,7510,4,0,-0.016619084136038298,0.05261838978401713,3,0.9918107945994725,42,64,largest,0.5
7511,7511,3,0,-0.04607405916410756,0.05209845153848104,6,0.998010377621311,42,64,largest,0.5
7512,7512,2,0,-0.03445802387103092,0.06793201560785408,11,0.983960279444663,42,64,largest,0.5
7513,7513,1,0,-0.004067505744878797,0.10822666762160009,36,0.9957581529183419,42,64,largest,0.5
7514,7514,0,0,-0.028170849901496764,0.07456493146194755,40,0.9892694959674981,42,64,largest,0.5
7515,7515,4,0,-0.02232367994822526,0.048818558491297605,43,0.9860314176993196,42,64,largest,0.5
7516,7516,3,0,-0.032522828290653005,0.06721058555898368,53,0.9921626370002551,42,64,largest,0.5
7517,7517,2,0,-0.05578339866325499,0.04488238004553222,41,0.9631139129715007,42,64,largest,0.5
7518,7518,1,0,-0.041041461093039744,0.0573831931865313,63,0.9677204525675652,42,64,largest,0.5
7519,7519,0,0,-0.060374095564251884,0.04063851561712149,24,0.9900795188750452,42,64,largest,0.5
752,752,4,0,-0.027146197808083583,0.04581074583227871,6,0.9500495284277044,42,64,largest,0.5
7520,7520,3,0,-0.03622159633043176,0.06272282257303773,36,1.0023361723239819,42,64,largest,0.5
7521,7521,2,0,-0.02829146655787551,0.07642188097613076,47,0.9620258330530206,42,64,largest,0.5
7522,7522,1,1,0.008409153089349197,0.13282906453251472,7,0.9916105176949358,42,64,largest,0.5
7523,7523,0,0,-0.05585149522059407,0.04430864896664862,6,0.9777020160765787,42,64,largest,0.5
7524,7524,4,0,-0.005408951221246516,0.06091219877870243,10,0.9904061989364349,42,64,largest,0.5
7525,7525,3,0,-0.023565753073165996,0.07933786068583605,39,0.9908701099511353,42,64,largest,0.5
7526,7526,2,0,-0.07556232824782061,0.030328979657904064,13,0.9995463357723942,42,64,largest,0.5
7527,7527,1,0,-0.014863218985208815,0.09026288369145874,26,0.9856855657770022,42,64,largest,0.5
7528,7528,0,0,-0.08102750904996747,0.0272808601741575,33,0.9734757565546202,42,64,largest,0.5
7529,7529,4,0,-0.024853711607944584,0.047217918254228504,38,0.9848496012776253,42,64,largest,0.5
753,753,3,0,-0.05771599305834263,0.04173706880428833,7,0.9916842898060219,42,64,largest,0.5
7530,7530,2,0,-0.05277181759068539,0.0476155774230504,14,0.9900043065578196,42,64,largest,0.5
7531,7531,1,0,-0.0179387130207479,0.08565994411256624,50,0.9922526454546569,42,64,largest,0.5
7532,7532,0,0,-0.04117829705073994,0.0585083772697082,28,0.9970095815340572,42,64,largest,0.5
7533,7533,4,0,-0.008081437794017599,0.05883033944731934,6,0.9445656858006243,42,64,largest,0.5
7534,7534,3,0,-0.042263958092779386,0.05598882373967368,21,0.9345914107835815,42,64,largest,0.5
7535,7535,2,0,-0.03909870262018822,0.06212858404307518,58,0.9965346842455128,42,64,largest,0.5
7536,7536,1,0,-0.055953741743757,0.0440589563544636,32,0.9704768451776735,42,64,largest,0.5
7537,7537,0,0,-0.08573180669045499,0.02489606572412802,8,0.9767863308030963,42,64,largest,0.5
7538,7538,4,1,0.02681014293759787,0.09199403690916119,42,0.9283150225562337,42,64,largest,0.5
7539,7539,3,0,-0.021602043818999883,0.08225156762897534,55,0.987998248756196,42,64,largest,0.5
754,754,2,0,-0.025052221682049236,0.08126215255902007,58,1.001535700302478,42,64,largest,0.5
7540,7540,1,0,-0.021863641776545206,0.08009511857427855,12,0.9774206584803962,42,64,largest,0.5
7541,7541,0,1,0.010872948729376608,0.1494324059787414,36,0.9570740468803268,42,64,largest,0.5
7542,7542,4,0,-0.01402278438901794,0.054438844699759445,3,0.9907822931469841,42,64,largest,0.5
7543,7543,3,0,-0.04887363613962736,0.04940419200880444,30,0.9671845119372571,42,64,largest,0.5
7544,7544,2,1,0.01158153240905857,0.15824126338123123,10,0.9555315964576072,42,64,largest,0.5
7545,7545,1,1,0.0010017541965539056,0.11769999784616746,7,0.991910482146827,42,64,largest,0.5
7546,7546,0,0,-0.060811854586572234,0.04029912855762825,37,0.9913555113736391,42,64,largest,0.5
7547,7547,4,1,0.005093620403195498,0.0697777614386025,42,0.9840090822222013,42,64,largest,0.5
7548,7548,3,0,-0.022768461328800393,0.08050931538648405,59,0.9653253736541868,42,64,largest,0.5
7549,7549,2,0,-0.044029080520556096,0.0564722051192415,58,0.9610646558324947,42,64,largest,0.5
755,755,1,0,-0.034073559280983434,0.06483428558730232,22,0.9833685756621325,42,64,largest,0.5
7550,7550,0,1,0.006036973632123854,0.13757096141608888,36,0.9703782872597665,42,64,largest,0.5
7551,7551,4,0,-0.009137207138699144,0.05802642279743715,21,0.999360158880429,42,64,largest,0.5
7552,7552,3,0,-0.06341153624591478,0.03741556509334615,44,0.9894070257530038,42,64,largest,0.5
7553,7553,2,0,-0.07396384885656127,0.03131156909636492,62,0.9554912917407596,42,64,largest,0.5
7554,7554,1,0,-0.01387570778642111,0.09178746868195871,9,0.9835664557959635,42,64,largest,0.5
7555,7555,0,0,-0.052427480437128415,0.04729537022027487,31,0.9783087308370094,42,64,largest,0.5
7556,7556,4,0,-0.042816016696626824,0.03721095296813119,31,0.9746408283813569,42,64,largest,0.5
7557,7557,3,0,-0.014572409649362794,0.093495560727018,37,0.9700424407243057,42,64,largest,0.5
7558,7558,2,0,-0.05385706145715863,0.04661289226801257,15,0.9890464653474621,42,64,largest,0.5
7559,7559,1,0,-0.02970867316098491,0.06995104599176069,26,0.9833131944482173,42,64,largest,0.5
756,756,0,0,-0.02029802444617812,0.08616328381707312,25,0.9929213504852137,42,64,largest,0.5
7560,7560,4,0,-0.06154411992294728,0.0289600844838538,31,0.9684077563855779,42,64,largest,0.5
7561,7561,3,0,-0.06134625809983585,0.038930499548528716,23,0.9629728934457329,42,64,largest,0.5
7562,7562,2,0,-0.014977547840735128,0.09814774840680182,58,0.9796510965955757,42,64,largest,0.5
7563,7563,1,0,-0.08959196755916976,0.024013139638434846,11,0.9295413677399477,42,64,largest,0.5
7564,7564,0,0,-0.015937869535477378,0.09326929584580394,0,0.959752978060967,42,64,largest,0.5
7565,7565,4,0,-0.004322887963378097,0.06177777366881024,44,0.9533873658265184,42,64,largest,0.5
7566,7566,3,0,-0.02544608780213986,0.07663656596071794,17,0.9857117634190786,42,64,largest,0.5
7567,7567,2,0,-0.052084544185011517,0.04826112961398351,34,0.9684188607802386,42,64,largest,0.5
7568,7568,1,0,-0.03834787076819479,0.06016312472038621,40,0.9516663576196277,42,64,largest,0.5
7569,7569,0,0,-0.06820001515345253,0.03496553142377633,0,0.98914180067679,42,64,largest,0.5
757,757,4,1,0.0038977775469200004,0.06871102383956865,42,0.948897756372074,42,64,largest,0.5
7570,7570,3,0,-0.03534346714519132,0.06376226939115115,53,0.9990408090246561,42,64,largest,0.5
7571,7571,2,0,-0.012258895542811787,0.10321286766403899,23,0.9552222050407341,42,64,largest,0.5
7572,7572,1,0,-0.029217523057936012,0.0705496391304462,16,0.9833167841875902,42,64,largest,0.5
7573,7573,0,0,-0.05104231286630467,0.04855721458111403,15,0.9655145702900723,42,64,largest,0.5
7574,7574,4,0,-0.018189262156695696,0.051545479383267576,31,0.9938283511128163,42,64,largest,0.5
7575,7575,3,0,-0.03442603737347871,0.06486536687546088,14,0.9964021603575842,42,64,largest,0.5
7576,7576,2,0,-0.04030246807769755,0.0607005824150961,5,0.9923815126790503,42,64,largest,0.5
7577,7577,1,0,-0.010796125476937868,0.0966915166153767,50,0.9828141015793049,42,64,largest,0.5
7578,7578,0,0,-0.010216825557420539,0.10338837190439398,10,0.9928894718741613,42,64,largest,0.5
7579,7579,4,0,-0.040415558312469346,0.03841975844635603,61,0.9927609879697975,42,64,largest,0.5
758,758,3,0,-0.050075621695645944,0.04828840788270155,14,0.9928376699217465,42,64,largest,0.5
7580,7580,2,0,-0.053803651388065865,0.046661765921039704,14,0.9980510848326772,42,64,largest,0.5
7581,7581,1,0,-0.020083373956222395,0.08257710774628883,22,0.9974660888347476,42,64,largest,0.5
7582,7582,0,0,-0.10746526522300892,0.016274356200143086,24,0.9634316300652895,42,64,largest,0.5
7583,7583,4,0,-0.01820903131270024,0.051532103787149314,40,0.9843391832831402,42,64,largest,0.5
7584,7584,3,0,-0.049295002408141,0.04901028930648831,10,0.9942054778896549,42,64,largest,0.5
7585,7585,2,0,-0.09425526261705142,0.020845188109058676,55,0.9545226701225313,42,64,largest,0.5
7586,7586,1,0,-0.013017362451202552,0.09313140241130581,36,0.984818030871825,42,64,largest,0.5
7587,7587,0,0,-0.09176810163678872,0.02213194533906721,8,0.9686227421852037,42,64,largest,0.5
7588,7588,4,0,-0.05368066561865792,0.032182831080535594,8,0.9936981734495414,42,64,largest,0.5
7589,7589,3,0,-0.04465357828077876,0.05351805431829205,49,0.9617873807800427,42,64,largest,0.5
759,759,2,0,-0.040256043216831294,0.060755081561466605,7,0.9892972030374902,42,64,largest,0.5
7590,7590,1,0,-0.025220867369360356,0.07559918178124513,26,0.9814935244026182,42,64,largest,0.5
7591,7591,0,0,-0.07574794190806511,0.03022190886986565,35,0.9672427964217318,42,64,largest,0.5
7592,7592,4,0,-0.05064355459157299,0.03351822685188805,61,0.9895286699123452,42,64,largest,0.5
7593,7593,3,0,-0.04041318532477467,0.05797577830585919,34,0.9818381046692213,42,64,largest,0.5
7594,7594,2,0,-0.026978565819885114,0.0783509851521738,47,0.9779694644430694,42,64,largest,0.5
7595,7595,1,0,-0.05176933730543265,0.047467104401089026,56,0.9731480782750463,42,64,largest,0.5
7596,7596,0,0,-0.07748477459330805,0.02922196751173711,39,0.9865155821864522,42,64,largest,0.5
7597,7597,4,0,-0.056257188832884886,0.031090405418568338,17,0.9686363037705601,42,64,largest,0.5
7598,7598,3,0,-0.042937989441280466,0.055281237647707836,18,0.9933499372222161,42,64,largest,0.5
7599,7599,2,0,-0.0628394701267575,0.03905268290397668,63,0.9957439652364125,42,64,largest,0.5
76,76,1,0,-0.030222568800636895,0.06932976245979157,22,0.9747487205152935,42,64,largest,0.5
760,760,0,0,-0.07467443234208848,0.030856452331623485,27,0.9514555610273083,42,64,largest,0.5
7600,7600,4,0,-0.04709807077737138,0.03514485999882773,18,0.9661213207148991,42,64,largest,0.5
7601,7601,3,0,-0.02248955664693031,0.08092282072351333,6,0.9803284973495352,42,64,largest,0.5
7602,7602,2,0,-0.017306115704018854,0.09398673823271891,7,0.9903505937683934,42,64,largest,0.5
7603,7603,1,1,0.002162062457555569,0.1199670639230358,7,1.0027671581010504,42,64,largest,0.5
7604,7604,0,0,-0.030252328220109148,0.07174743957520228,15,0.9868763075063919,42,64,largest,0.5
7605,7605,4,0,-0.050326577489884006,0.03366064418573228,58,0.9899949258376572,42,64,largest,0.5
7606,7606,3,0,-0.05847088380418497,0.041137957543107735,44,0.9831754852741621,42,64,largest,0.5
7607,7607,2,0,-0.06053686971195982,0.04087044758732609,58,0.9998348267594696,42,64,largest,0.5
7608,7608,1,0,-0.029412564528537355,0.07031136620563358,52,0.9860500687670893,42,64,largest,0.5
7609,7609,0,0,-0.09156080775231379,0.022221694100962294,1,0.9780830324963965,42,64,largest,0.5
761,761,4,0,-0.03793966643787594,0.03970600560255852,60,0.9961140915096878,42,64,largest,0.5
7610,7610,3,0,-0.07195499203747757,0.031730210844879196,35,0.9782314877711566,42,64,largest,0.5
7611,7611,2,0,-0.048864209469903996,0.051398123332933636,5,0.9919594693643962,42,64,largest,0.5
7612,7612,1,0,-0.006511326887749247,0.10390352639137783,50,0.9950386722903362,42,64,largest,0.5
7613,7613,0,0,-0.08607145500729274,0.024731970692872307,48,0.96109120569669,42,64,largest,0.5
7614,7614,4,0,-0.03538034305365656,0.041078941768139636,55,0.9670032629728924,42,64,largest,0.5
7615,7615,3,0,-0.047790426369865746,0.05043061864451963,13,0.9983255349460077,42,64,largest,0.5
7616,7616,2,0,-0.056535534211802796,0.04422346221808252,33,1.0015680489094747,42,64,largest,0.5
7617,7617,1,0,-0.05597464700841892,0.044042529696690105,52,0.9711525715623092,42,64,largest,0.5
7618,7618,0,0,-0.07251335121150271,0.032173194322509646,16,0.9617702495754551,42,64,largest,0.5
7619,7619,4,0,-0.05332489282088648,0.032336562369272,5,0.959093099163866,42,64,largest,0.5
762,762,3,0,-0.05510403183019097,0.04387504046231374,56,0.9809573044208884,42,64,largest,0.5
7620,7620,2,0,-0.07205910797610382,0.032522673507481656,24,0.9676808938251359,42,64,largest,0.5
7621,7621,1,0,-0.06669042617694709,0.036350794580295435,62,0.9465193543173419,42,64,largest,0.5
7622,7622,0,0,-0.120774673270437,0.012524226276714536,8,0.9516467748597831,42,64,largest,0.5
7623,7623,4,0,-0.06477162869521003,0.027729926110451806,1,0.958735098222592,42,64,largest,0.5
7624,7624,3,0,-0.05606373545267673,0.04307761411629464,42,0.9605913803487163,42,64,largest,0.5
7625,7625,2,0,-0.12070775433212,0.01220080979434048,54,0.917373217885914,42,64,largest,0.5
7626,7626,1,0,-0.0358015463326401,0.06290653540153945,46,0.9705196591171418,42,64,largest,0.5
7627,7627,0,0,-0.08256267956551266,0.026479174384122818,5,0.9466049802564466,42,64,largest,0.5
7628,7628,4,0,-0.049678038665652235,0.03395385377660034,29,0.971544214977572,42,64,largest,0.5
7629,7629,3,0,-0.07272825375517356,0.03125893738756324,22,0.9858503974520018,42,64,largest,0.5
763,763,2,0,-0.023031023240689286,0.08442236635695403,34,0.9496482913588099,42,64,largest,0.5
7631,7631,1,0,-0.01234690036750341,0.09419341774553937,36,0.9890311889643597,42,64,largest,0.5
7632,7632,0,0,-0.08680337841897323,0.02438193060586373,9,0.982122067569918,42,64,largest,0.5
7633,7633,4,0,-0.043602765599042526,0.03682278304733468,61,1.0056758542249842,42,64,largest,0.5
7634,7634,3,0,-0.12535651028157768,0.011148320122844847,15,0.9490942675145095,42,64,largest,0.5
7635,7635,2,0,-0.11469532438785868,0.013785763797843737,60,0.9616882318686416,42,64,largest,0.5
7636,7636,1,0,-0.02219669815373737,0.07963841023866444,53,0.9868596593678267,42,64,largest,0.5
7637,7637,0,0,-0.0684751605148809,0.03478063906052608,28,0.9920327110541994,42,64,largest,0.5
7638,7638,4,0,-0.05324583070627098,0.032370821796198046,18,0.9961030797151172,42,64,largest,0.5
7639,7639,3,0,-0.1404194491625692,0.008274830179716067,43,0.9040656972446011,42,64,largest,0.5
764,764,2,0,-0.08132901335195786,0.0270265908354899,18,0.9731483552511783,42,64,largest,0.5
7640,7640,1,0,-0.03520388100583538,0.06356716779132049,18,0.9772748512192665,42,64,largest,0.5
7641,7641,0,0,-0.08884504138694982,0.023430851631498866,41,0.9405242815205627,42,64,largest,0.5
7642,7642,4,0,-0.08462836528271822,0.021207580735824117,27,0.9457404955520912,42,64,largest,0.5
7643,7643,3,0,-0.04021511220331553,0.058192304566036926,41,0.9888639214974159,42,64,largest,0.5
7644,7644,2,0,-0.0499827946092547,0.05028721284282368,32,0.959862451832458,42,64,largest,0.5
7645,7645,1,0,-0.06962687615070873,0.0344794248077981,3,0.94415939044439,42,64,largest,0.5
7646,7646,0,0,-0.08833979246312296,0.023662787872009112,5,0.9344617811397035,42,64,largest,0.5
7647,7647,4,0,-0.02650014076554086,0.04620321767715215,38,0.9631885203113412,42,64,largest,0.5
7648,7648,3,0,-0.06664598373739816,0.03515629673610882,60,0.9628194762223797,42,64,largest,0.5
7649,7649,2,0,-0.04684242016438844,0.05346515170169187,5,0.9911714057821488,42,64,largest,0.5
765,765,1,0,-0.046491346049068016,0.052123822297153864,46,0.9643914116780484,42,64,largest,0.5
7650,7650,0,0,-0.07929837517615146,0.02821209524440296,45,0.97914747903472,42,64,largest,0.5
7651,7651,4,0,-0.018973450779664502,0.05101741632924119,7,0.9696758708340422,42,64,largest,0.5
7652,7652,3,0,-0.05148182042414806,0.04701342032361226,36,0.9991051122570187,42,64,largest,0.5
7653,7653,2,0,-0.026380386648200416,0.07924461143274526,24,0.9851710304563939,42,64,largest,0.5
7654,7654,1,0,-0.01200656454141491,0.09473665352409891,34,0.9854680981817271,42,64,largest,0.5
7655,7655,0,0,-0.09331711572808288,0.021472418342368276,41,0.9528538535698029,42,64,largest,0.5
7656,7656,4,0,-0.07772506962307646,0.023284408156654494,17,0.9542040365274833,42,64,largest,0.5
7657,7657,3,0,-0.03630849672264114,0.06262082210514905,14,0.9935649162350039,42,64,largest,0.5
7658,7658,2,0,-0.058537390077040063,0.04251438363735312,23,0.9734840843114889,42,64,largest,0.5
7659,7659,1,0,-0.036046796329331166,0.06263730471624453,12,0.9847016210000934,42,64,largest,0.5
766,766,0,0,-0.04267305884097261,0.05688592161391097,6,0.9776558283592033,42,64,largest,0.5
7660,7660,4,0,-0.06219717107627143,0.028706975707642295,48,0.9687210336765342,42,64,largest,0.5
7661,7661,3,0,-0.08277210447434968,0.025721301960474657,49,0.957468772129936,42,64,largest,0.5
7662,7662,2,0,-0.03449864203027608,0.06787910468254381,47,0.954757891629155,42,64,largest,0.5
7663,7663,1,0,-0.056485094480284936,0.04364324555401282,47,0.9662564012973386,42,64,largest,0.5
7664,7664,0,0,-0.08243796342551646,0.026543438339957013,56,0.9617129441545799,42,64,largest,0.5
7665,7665,4,0,-0.0473767407465,0.03501430100647868,5,0.976281541526199,42,64,largest,0.5
7666,7666,3,0,-0.09258011404017008,0.021241015816397438,2,0.959701524665673,42,64,largest,0.5
7667,7667,2,0,-0.1152292165336809,0.01363717120945631,60,0.9519974624146802,42,64,largest,0.5
7668,7668,1,0,-0.09700277977058047,0.020976934035109047,33,0.9133309458956053,42,64,largest,0.5
7669,7669,0,0,-0.08439617729627658,0.025551700403583018,39,0.9737889668332324,42,64,largest,0.5
767,767,4,0,-0.010361429117606291,0.05710714821727168,25,0.9863175500473031,42,64,largest,0.5
7670,7670,3,0,-0.05627013470045095,0.04290793250872073,57,0.9726651227209943,42,64,largest,0.5
7671,7671,2,0,-0.06543681692785142,0.03709533487317611,35,0.9855027714913667,42,64,largest,0.5
7672,7672,1,0,-0.011539596724451928,0.0954865804649605,25,0.9894459296047203,42,64,largest,0.5
7673,7673,0,0,-0.04146285185483389,0.058196205033881954,18,1.0062001888303223,42,64,largest,0.5
7674,7674,4,0,-0.01809357352000751,0.05161026769138305,21,0.9898265974918213,42,64,largest,0.5
7675,7675,3,0,-0.056259675502341344,0.042916515678488296,13,0.9873044894180113,42,64,largest,0.5
7676,7676,2,0,-0.0386235280247359,0.06270086339534892,32,0.9862403440407527,42,64,largest,0.5
7677,7677,1,0,-0.06725969473582216,0.03598052520223511,62,0.9396002171478097,42,64,largest,0.5
7678,7678,0,0,-0.08636447825992266,0.024591249133311805,8,0.9518269083544764,42,64,largest,0.5
7679,7679,4,0,-0.04312714351578362,0.03705697971999182,11,0.981102306600182,42,64,largest,0.5
768,768,3,0,-0.0988688385014872,0.01877996341419119,2,0.9606842119933702,42,64,largest,0.5
7680,7680,2,0,-0.09319760566745394,0.021294138140164707,22,0.9381556591412668,42,64,largest,0.5
7681,7681,1,0,-0.024128330162404232,0.07703625145082282,53,0.9758938529620316,42,64,largest,0.5
7682,7682,0,0,-0.09232156417311033,0.02189405359961843,41,0.93853422304195,42,64,largest,0.5
7683,7683,4,0,-0.04980270497263373,0.03389730046495096,48,0.9713222817627858,42,64,largest,0.5
7684,7684,3,0,-0.10526930325629669,0.016562814298317647,2,0.9081259147306594,42,64,largest,0.5
7685,7685,2,0,-0.1358322070725948,0.00896653718470836,61,0.9307675565870033,42,64,largest,0.5
7686,7686,1,0,-0.04434564846112643,0.05413783066768971,27,0.9454990060425367,42,64,largest,0.5
7687,7687,0,0,-0.0796431753671647,0.028023969886852126,20,0.9797001064893354,42,64,largest,0.5
7688,7688,4,0,-0.14624215393892737,0.009150404254870606,26,0.9030240392436013,42,64,largest,0.5
7689,7689,3,0,-0.06013473364743405,0.03984639642712229,60,0.9798289409764322,42,64,largest,0.5
769,769,2,0,-0.08894665778769506,0.023195870385124027,11,0.9672941940610117,42,64,largest,0.5
7690,7690,1,0,-0.052142817854477386,0.04715299789272477,28,0.9562110525456651,42,64,largest,0.5
7691,7691,0,0,-0.10966075378851048,0.015587269645638537,41,0.9348965666521064,42,64,largest,0.5
7692,7692,4,0,-0.0928404252246291,0.01897221970112337,38,0.9476472524721768,42,64,largest,0.5
7693,7693,3,0,-0.07790620463089437,0.028273415456162937,62,0.9831474306567848,42,64,largest,0.5
7694,7694,2,0,-0.08865388386865292,0.023332787780474915,5,0.9758750034993801,42,64,largest,0.5
7695,7695,1,0,-0.07016982859620435,0.03414373230890086,46,0.937121271591426,42,64,largest,0.5
7696,7696,0,0,-0.08019297445460893,0.027726513284015313,24,0.977135905999868,42,64,largest,0.5
7697,7697,4,0,-0.050791303827307455,0.03345204225797634,38,0.9658585331417339,42,64,largest,0.5
7698,7698,3,0,-0.04047097246022868,0.05791275013575986,18,0.9854562661943743,42,64,largest,0.5
7699,7699,2,0,-0.06454861415977686,0.03775383059079527,24,0.9518357540907461,42,64,largest,0.5
77,77,1,0,-0.0555723403430618,0.0443596766518884,53,0.9497068549329853,42,64,largest,0.5
770,770,0,0,-0.023531760604063923,0.08121357119433041,57,0.9545699728327567,42,64,largest,0.5
7700,7700,4,0,-0.041752363724607666,0.03774200159649834,21,0.9597722259675271,42,64,largest,0.5
7701,7701,3,0,-0.09169027207289437,0.021613820684484124,8,0.9576813424937186,42,64,largest,0.5
7702,7702,2,0,-0.08956426253006766,0.022909611651339108,40,0.9689797739899726,42,64,largest,0.5
7703,7703,1,1,0.0112928418021222,0.13915043237184993,7,0.9859897157063425,42,64,largest,0.5
7704,7704,0,0,-0.07839034252276611,0.02871340928449228,33,0.9659986862427492,42,64,largest,0.5
7705,7705,4,0,-0.037581975574822346,0.039895209206109804,15,0.9737295467975651,42,64,largest,0.5
7706,7706,3,0,-0.07738827547084459,0.028559128893374426,15,0.9558229429909297,42,64,largest,0.5
7707,7707,2,0,-0.052005800065073715,0.04833562189516188,12,0.9658047282642696,42,64,largest,0.5
7708,7708,1,0,-0.05338484576178981,0.04612257420270087,62,0.9534236411203192,42,64,largest,0.5
7709,7709,0,0,-0.08041824194447289,0.027605525103493733,17,0.9939104711453502,42,64,largest,0.5
771,771,4,0,-0.001053493711875908,0.06445324117135044,41,0.9892836284238048,42,64,largest,0.5
7710,7710,3,0,-0.05050496438231633,0.04789568473003013,45,0.984654873788634,42,64,largest,0.5
7711,7711,2,0,-0.058834087979427574,0.042266510397762,55,0.9938596417438474,42,64,largest,0.5
7712,7712,1,0,-0.012117829421395276,0.09455874730527097,28,0.9924448330327542,42,64,largest,0.5
7713,7713,0,0,-0.06002532308435249,0.040910870364387425,51,0.955337669939411,42,64,largest,0.5
7714,7714,4,0,-0.060702460722780516,0.029289488705858877,36,0.9651445352247298,42,64,largest,0.5
7715,7715,3,0,-0.03534118135247322,0.06376499593146993,13,0.9851761241378293,42,64,largest,0.5
7716,7716,2,0,-0.07245055590720884,0.032270135907434966,14,1.001193999216045,42,64,largest,0.5
7717,7717,1,0,-0.010908589193457385,0.09650838016814006,34,0.9963676872773516,42,64,largest,0.5
7718,7718,0,0,-0.07350297404564299,0.03156360896706064,39,0.9981078173598379,42,64,largest,0.5
7719,7719,4,1,0.0002423485006123327,0.06554324459579483,42,0.9981594129405413,42,64,largest,0.5
772,772,3,0,-0.0357161426479059,0.06331918465131833,14,0.9699178314373277,42,64,largest,0.5
7720,7720,2,0,-0.13155767367828153,0.009783019568905886,18,0.915100691127166,42,64,largest,0.5
7721,7721,1,0,-0.11721831862068355,0.014480751963442473,3,0.9139142761219327,42,64,largest,0.5
7722,7722,0,0,-0.041857495856630456,0.057765844806872156,14,0.9811326428599283,42,64,largest,0.5
7723,7723,4,0,-0.03697325809180041,0.04021918355446849,17,0.9763227371129307,42,64,largest,0.5
7724,7724,3,0,-0.06780474063277886,0.03437933326937873,42,0.956316283528666,42,64,largest,0.5
7725,7725,2,0,-0.07896950752092591,0.028333293945725254,45,0.9927630908922721,42,64,largest,0.5
7726,7726,1,0,-0.0008382701329163744,0.11418102281649938,58,1.0003280579458789,42,64,largest,0.5
7727,7727,0,0,-0.04729811554298502,0.05212976492489028,15,1.0027753846291139,42,64,largest,0.5
7728,7728,4,0,-0.06351759857513573,0.02820174847704624,1,0.9502488581925994,42,64,largest,0.5
7729,7729,3,0,-0.10454800520863206,0.016799210755963596,43,0.9428936673175572,42,64,largest,0.5
773,773,2,0,-0.051306509915347576,0.04900195767444776,11,0.9895052018738724,42,64,largest,0.5
7730,7730,1,0,-0.019236337899357747,0.08378242752357777,2,0.9983664380364349,42,64,largest,0.5
7731,7731,0,0,-0.06978127464655515,0.033915738204244435,34,0.9746771918073671,42,64,largest,0.5
7732,7732,4,0,-0.06482062584122272,0.0277116476952023,1,0.9642690524898581,42,64,largest,0.5
7733,7733,3,0,-0.04815176461987469,0.0500859972716423,2,0.9689158753058976,42,64,largest,0.5
7734,7734,2,0,-0.051284542106247444,0.0490230307653505,38,0.9863805897941335,42,64,largest,0.5
7735,7735,1,0,-0.0338252370108405,0.06511579327306093,18,0.9703271244811436,42,64,largest,0.5
7736,7736,0,0,-0.1039172627243361,0.017448170138223223,28,0.9851038065275373,42,64,largest,0.5
7737,7737,4,0,-0.03095970147588012,0.04355801098449201,16,0.9969369330475527,42,64,largest,0.5
7738,7738,3,0,-0.09947327616717105,0.018558701222522123,1,0.9523999099959004,42,64,largest,0.5
7739,7739,2,0,-0.05021038066096306,0.050063988912526745,35,0.982069502739433,42,64,largest,0.5
774,774,1,0,-0.03088135333250297,0.0685407827857414,47,0.9738656275540778,42,64,largest,0.5
7740,7740,0,0,-0.03450181726133006,0.0662981362610251,0,0.9757715390289723,42,64,largest,0.5
7741,7741,4,0,-0.0360471391638536,0.04071692578325434,61,0.9765650131120404,42,64,largest,0.5
7742,7742,3,0,-0.04272649046873722,0.055502354273250655,14,1.0017267450430043,42,64,largest,0.5
7743,7743,2,0,-0.05371454399000586,0.046743413426227134,60,0.9741432233759454,42,64,largest,0.5
7744,7744,1,0,-0.041286518784237836,0.05713635358722207,1,0.9671136823158663,42,64,largest,0.5
7745,7745,0,0,-0.04393062849733609,0.055553761920229885,58,0.9885081707253812,42,64,largest,0.5
7746,7746,4,0,-0.04324919521305082,0.03699674511988626,32,0.9731291928115043,42,64,largest,0.5
7747,7747,3,0,-0.07372138164208752,0.030663592588573037,49,0.9795543242472905,42,64,largest,0.5
7748,7748,2,0,-0.09221770886052694,0.021718514015228826,40,0.9329162901103589,42,64,largest,0.5
7749,7749,1,0,-0.09529001283174476,0.021643435906646687,33,0.9178183447887661,42,64,largest,0.5
775,775,0,0,-0.08190621646380192,0.026819144286319697,52,0.9659116826910753,42,64,largest,0.5
7750,7750,4,0,-0.07658632579731806,0.02364556597139245,7,0.9569543651238208,42,64,largest,0.5
7751,7751,3,0,-0.08479206255824545,0.024729003324327897,1,0.9342824159685081,42,64,largest,0.5
7752,7752,2,0,-0.08496467341217251,0.025127106068213622,61,0.960254847097046,42,64,largest,0.5
7753,7753,1,0,-0.05648610752134575,0.04364245657448011,52,0.9556089471130403,42,64,largest,0.5
7754,7754,0,0,-0.08580641598646277,0.02485992888174738,27,0.9776541645250819,42,64,largest,0.5
7755,7755,4,0,-0.10202103283268527,0.016746217020320954,1,0.9475025089311587,42,64,largest,0.5
7756,7756,3,0,-0.08782770755955083,0.02330756696891149,42,0.9419548952179129,42,64,largest,0.5
7757,7757,2,0,-0.07304625020667066,0.03188946506877967,40,0.9774922900852479,42,64,largest,0.5
7758,7758,1,0,-0.03707443974469804,0.06152083141094229,27,0.9754153214492294,42,64,largest,0.5
7759,7759,0,0,-0.08083814772916631,0.027381367128204145,16,0.9647735305413178,42,64,largest,0.5
776,776,4,0,-0.002149479447712155,0.06354454622096056,31,0.9917099328264305,42,64,largest,0.5
7760,7760,3,0,-0.015577460560377787,0.09180737542518523,52,1.004870901759594,42,64,largest,0.5
7761,7761,2,0,-0.06824633965613913,0.035084364345308296,54,0.989848308555003,42,64,largest,0.5
7762,7762,1,0,-0.05601218975635658,0.0440130445267929,47,0.9453618708799836,42,64,largest,0.5
7763,7763,0,0,-0.1059767518343454,0.01675704783203353,44,0.9013433868906177,42,64,largest,0.5
7764,7764,4,0,-0.04006789947236755,0.03859792636469664,61,0.9725705529773718,42,64,largest,0.5
7765,7765,3,0,-0.06623855690099711,0.03543348217028163,8,0.9765863976979312,42,64,largest,0.5
7766,7766,2,0,-0.10184601373705782,0.017884236461991207,37,0.9438393747564944,42,64,largest,0.5
7767,7767,1,0,-0.03877470527911442,0.05971435159984737,22,0.9719335778664692,42,64,largest,0.5
7768,7768,0,0,-0.06241705909617479,0.039077732545169476,5,1.002933486898781,42,64,largest,0.5
7769,7769,4,0,-0.05246416992175451,0.0327114266004592,29,0.9954992966731333,42,64,largest,0.5
777,777,3,0,-0.04337941045817595,0.054822412867348576,8,0.9773496880275041,42,64,largest,0.5
7770,7770,2,0,-0.036756454329741395,0.06499742668287446,15,0.9881825064449192,42,64,largest,0.5
7771,7771,1,0,-0.010196945366548138,0.09767246357057312,16,0.9981716313360486,42,64,largest,0.5
7772,7772,0,0,-0.06914323040871184,0.03433562324509192,28,0.9938415902588782,42,64,largest,0.5
7773,7773,4,0,-0.02128818721064729,0.04948840700204575,14,0.939275878025602,42,64,largest,0.5
7774,7774,3,0,-0.06422247978854811,0.036836342149007294,61,0.9831052239031749,42,64,largest,0.5
7775,7775,2,0,-0.045027272644184047,0.055387506385952794,5,0.9942723701600551,42,64,largest,0.5
7776,7776,1,0,-0.016531692029240652,0.08773876296407179,2,0.9790954495128349,42,64,largest,0.5
7777,7777,0,0,-0.08300657195436179,0.026251670529356598,28,1.003902530719195,42,64,largest,0.5
7778,7778,4,0,-0.017646321062499748,0.05191411310307752,0,0.96554156570347,42,64,largest,0.5
7779,7779,3,0,-0.003012792965370381,0.11499449155364788,21,0.9455878803319498,42,64,largest,0.5
778,778,2,0,-0.09521846465512163,0.020444400107188024,11,0.9766294575449516,42,64,largest,0.5
7780,7780,1,0,-0.00816829180766998,0.10105982964666174,12,1.0020354546202404,42,64,largest,0.5
7781,7781,0,0,-0.019281757309469683,0.08777440717708146,57,0.9735863479158602,42,64,largest,0.5
7782,7782,4,0,-0.024080811165968496,0.0477015332541334,32,0.9880166863775475,42,64,largest,0.5
7783,7783,3,0,-0.011342850814205718,0.09911004995083253,13,0.9852274697714761,42,64,largest,0.5
7784,7784,2,0,-0.03211068081129187,0.07105545685128307,62,0.9823079288200804,42,64,largest,0.5
7785,7785,1,0,-0.032977316407251545,0.0660856202938621,22,0.990770474382898,42,64,largest,0.5
7786,7786,0,0,-0.06098396448501542,0.04016643970767454,6,1.0052062225278975,42,64,largest,0.5
7787,7787,4,0,-0.029862966091859122,0.0441948225826454,23,0.969761357090428,42,64,largest,0.5
7788,7788,3,0,-0.03333524245071673,0.06620001788474496,30,0.9761474475099197,42,64,largest,0.5
7789,7789,2,0,-0.056606125322154366,0.0441620957043463,55,1.0029600623770711,42,64,largest,0.5
779,779,1,0,-0.01087784208696485,0.0965584181067726,42,0.9801491296123626,42,64,largest,0.5
7790,7790,0,0,-0.09917215535979307,0.019148827153727472,14,0.9544117941556338,42,64,largest,0.5
7791,7791,4,0,-0.04775067807603106,0.03483984277021056,22,0.9724280081456609,42,64,largest,0.5
7792,7792,3,0,-0.02183795434772917,0.08189644648737038,51,0.9922202644980744,42,64,largest,0.5
7793,7793,2,0,-0.023776475446338763,0.08324404498546016,63,0.9908594869875074,42,64,largest,0.5
7794,7794,1,0,-0.022528424612601183,0.07918589136974934,32,0.9685781132013989,42,64,largest,0.5
7795,7795,0,0,-0.04949172616853326,0.050007631243014126,17,0.9962760399838977,42,64,largest,0.5
7796,7796,4,1,0.0007095748644405653,0.06594044172008984,42,0.9948691648029111,42,64,largest,0.5
7797,7797,3,0,-0.06088425597430813,0.03927735983560738,14,0.9986398560715632,42,64,largest,0.5
7798,7798,2,0,-0.027733248383266185,0.07723671466228653,14,0.9785943366075118,42,64,largest,0.5
7799,7799,1,0,-0.06806032345102675,0.035465911114414404,11,0.9383495836555534,42,64,largest,0.5
78,78,0,0,-0.06518112630354911,0.037057353358112985,28,0.9999320292870317,42,64,largest,0.5
780,780,4,0,-0.010170401282541874,0.05724968577089434,44,0.9698529715159269,42,64,largest,0.5
7800,7800,3,0,-0.04155447029862347,0.05674282987409125,23,0.9617526364429727,42,64,largest,0.5
7801,7801,2,0,-0.0450301959767081,0.055384358695727526,34,0.9835879263716556,42,64,largest,0.5
7802,7802,1,0,-0.01750036561860069,0.08630275224285415,16,0.9852003703582098,42,64,largest,0.5
7803,7803,0,0,-0.07147517211577559,0.032824917704826276,3,0.9815341146929588,42,64,largest,0.5
7804,7804,4,0,-0.00941724724133608,0.0578149219762747,54,0.9757590953735816,42,64,largest,0.5
7805,7805,3,0,-0.04380326135336843,0.05438522881820597,21,0.9104714717493131,42,64,largest,0.5
7806,7806,2,0,-0.0827517621613677,0.02626718070650704,11,0.9902085975739437,42,64,largest,0.5
7807,7807,1,0,-0.020642292854589073,0.08179043696709185,37,0.9876662575515405,42,64,largest,0.5
7808,7808,0,0,-0.06781375435657666,0.03522669025095609,2,1.0077006930121195,42,64,largest,0.5
7809,7809,4,0,-0.048209597148533456,0.03462688174376536,51,0.9648584224874697,42,64,largest,0.5
781,781,3,0,-0.0887035911991293,0.022912474644185686,61,0.948860699616401,42,64,largest,0.5
7810,7810,2,0,-0.021369506774966518,0.08710332567275651,7,0.9848028491134845,42,64,largest,0.5
7811,7811,1,0,-0.029377887820274284,0.07035367465794366,60,0.9696765412950079,42,64,largest,0.5
7812,7812,0,0,-0.054028786604067625,0.04587547240380687,15,0.9943618753887007,42,64,largest,0.5
7813,7813,4,0,-0.03823660081104463,0.039549593380552174,61,0.9902506690421022,42,64,largest,0.5
7814,7814,3,0,-0.0348326494924599,0.06437429072081581,3,0.9682515736872245,42,64,largest,0.5
7815,7815,2,0,-0.05512378629891357,0.04546793309071088,45,0.9769832313831166,42,64,largest,0.5
7816,7816,1,0,-0.006320708727739932,0.10423516618145245,50,1.0035002049093906,42,64,largest,0.5
7817,7817,0,0,-0.04412588374750581,0.05534957682919218,31,0.9666900719413574,42,64,largest,0.5
7818,7818,4,0,-0.026680473624633216,0.04609334687513105,36,0.9904100970330342,42,64,largest,0.5
7819,7819,3,0,-0.08301331877163398,0.025600797458622798,35,0.9760711842391216,42,64,largest,0.5
782,782,2,0,-0.13924703094509594,0.008363097288886531,37,0.904693622544618,42,64,largest,0.5
7820,7820,1,0,-0.023772260939722956,0.07750999168943652,37,0.9855294348414488,42,64,largest,0.5
7821,7821,0,0,-0.04853699730984384,0.05092100271227515,40,0.9966424242369284,42,64,largest,0.5
7822,7822,4,0,-0.032439064220081915,0.04271289286151227,32,0.9995960916813752,42,64,largest,0.5
7823,7823,3,0,-0.026189823607166707,0.07559157578364793,17,0.9889308313539229,42,64,largest,0.5
7824,7824,2,0,-0.014654865143168272,0.09873714857577628,36,0.9575381970692085,42,64,largest,0.5
7825,7825,1,0,-0.06594312472521047,0.03684243101301744,11,0.9509999807600154,42,64,largest,0.5
7826,7826,0,1,0.021379656816008286,0.178098072730949,36,0.9286638305604754,42,64,largest,0.5
7827,7827,4,0,-0.046315502663464514,0.03551401204786737,46,0.9737553991565513,42,64,largest,0.5
7828,7828,3,0,-0.032422664170002946,0.0673361672089385,12,0.9711964435843075,42,64,largest,0.5
7829,7829,2,0,-0.0761731971611227,0.02996142021868726,56,0.9847907157854331,42,64,largest,0.5
783,783,1,0,-0.07136197690046908,0.033417686429179375,52,0.9388347970016443,42,64,largest,0.5
7830,7830,0,1,0.0025375958482278804,0.12948947149552947,36,0.9578533972904459,42,64,largest,0.5
7831,7831,4,0,-0.04557841077012603,0.035865125637112354,21,0.9810534669711151,42,64,largest,0.5
7832,7832,3,0,-0.03827358600462816,0.06035522322395832,22,0.9784541029521994,42,64,largest,0.5
7833,7833,2,0,-0.029395241095396818,0.07483386732290159,58,0.9949860442017824,42,64,largest,0.5
7834,7834,1,0,-0.05860733838108978,0.04201992790434193,8,0.9615256497885208,42,64,largest,0.5
7835,7835,0,0,-0.0454045444893012,0.054029806883063324,6,0.9501051124116434,42,64,largest,0.5
7836,7836,4,0,-0.02926068734625964,0.04454829890555476,61,0.960049233948632,42,64,largest,0.5
7837,7837,3,1,0.013131427375707494,0.15211186667635382,47,0.9405341080331593,42,64,largest,0.5
7838,7838,2,1,0.022662629139048374,0.19103237329958778,10,0.9468642193438449,42,64,largest,0.5
7839,7839,1,0,-0.012699495755276624,0.09363355887485793,55,0.9835830367131968,42,64,largest,0.5
784,784,0,0,-0.033184780308784356,0.0679445784243277,1,0.9774687419972732,42,64,largest,0.5
7840,7840,4,0,-0.05880963228310321,0.0300436216156156,58,0.9572694009995933,42,64,largest,0.5
7841,7841,3,1,0.024585029577707362,0.1840300549010285,47,0.9308708142541974,42,64,largest,0.5
7842,7842,2,0,-0.017895504505879067,0.09295890188924906,9,0.9642879893094082,42,64,largest,0.5
7843,7843,1,0,-0.0013559553603216257,0.11320762315077736,34,0.9748228868726165,42,64,largest,0.5
7844,7844,0,1,0.04271759271422759,0.24912929918356064,36,0.9261540945834369,42,64,largest,0.5
7845,7845,4,0,-0.032075016442969395,0.04291939841078938,0,0.9780526790295133,42,64,largest,0.5
7846,7846,3,0,-0.014340359203465658,0.09388927250185998,41,0.9618255084946647,42,64,largest,0.5
7847,7847,2,0,-0.0011733530969875172,0.12632208625806945,7,0.9404947943153161,42,64,largest,0.5
7848,7848,1,0,-0.0339078369713971,0.06502202878743743,55,0.9709881027346839,42,64,largest,0.5
7849,7849,0,0,-0.07700432620601927,0.029495318991488894,43,0.964356680672496,42,64,largest,0.5
785,785,4,0,-0.05890264142608159,0.03000612961486259,6,0.984214402715951,42,64,largest,0.5
7850,7850,3,0,-0.024795095009110035,0.07756210229415503,30,0.9605019796267817,42,64,largest,0.5
7851,7851,2,0,-0.01629390675269271,0.09577571318411579,36,0.9446134979926346,42,64,largest,0.5
7852,7852,1,0,-0.03857084371866615,0.05992829889525283,1,0.9787229431259185,42,64,largest,0.5
7853,7853,0,0,-0.041177388200335674,0.05850937684004271,24,1.0004560210914384,42,64,largest,0.5
7854,7854,4,0,-0.019905508003757233,0.05039643828511268,29,0.9849800455523331,42,64,largest,0.5
7855,7855,3,0,-0.02937845921075599,0.07125817982562793,46,0.9747634434262056,42,64,largest,0.5
7856,7856,2,1,0.015429860164118847,0.1690786220528909,10,0.9525180224150172,42,64,largest,0.5
7857,7857,1,0,-0.04371673217791705,0.054741918874543924,4,0.9573302237141224,42,64,largest,0.5
7858,7858,0,0,-0.04983368782893671,0.0496842738063574,10,0.9960333203372067,42,64,largest,0.5
7859,7859,4,0,-0.02177964026801349,0.04916941218944843,5,0.9822933261430236,42,64,largest,0.5
786,786,3,0,-0.05244086412877158,0.04616228857304209,28,0.9579478470378077,42,64,largest,0.5
7860,7860,2,0,-0.028030028813746388,0.07680251657882523,7,0.9662677389534752,42,64,largest,0.5
7861,7861,1,0,-0.0045079934385001685,0.10743593558346055,50,1.0029758708738103,42,64,largest,0.5
7862,7862,0,0,-0.06095770740742179,0.04018665561848644,29,0.9778960762243737,42,64,largest,0.5
7863,7863,4,0,-0.022142841806293,0.04893491751637887,0,0.9669512697212442,42,64,largest,0.5
7864,7864,3,0,-0.05183865964762191,0.046695003881177345,3,0.9657977629414329,42,64,largest,0.5
7865,7865,2,0,-0.07379499458095584,0.03141714587127908,14,0.9894246445724911,42,64,largest,0.5
7866,7866,1,0,-0.05367735656199768,0.045883034315916074,12,0.950967913211408,42,64,largest,0.5
7867,7867,0,0,-0.0697868272291935,0.033912105986852285,31,0.9436125959204813,42,64,largest,0.5
7868,7868,4,0,-0.0155575388540945,0.0533556632096825,46,0.979034280302005,42,64,largest,0.5
7869,7869,3,0,-0.022691245639663404,0.0806236023316764,37,0.9877402344609517,42,64,largest,0.5
787,787,2,0,-0.10195839596522138,0.017843656988339045,18,0.9472767284706166,42,64,largest,0.5
7870,7870,1,0,-0.02625850907150229,0.07425715031795393,62,0.9884204714555119,42,64,largest,0.5
7871,7871,0,0,-0.07284354820818306,0.031968545639059105,10,0.9793285246976304,42,64,largest,0.5
7872,7872,4,0,-0.028432930033625903,0.045038508126706636,3,0.9709292762765053,42,64,largest,0.5
7873,7873,3,0,-0.04578389286312057,0.052385516102666625,30,0.9449841485626814,42,64,largest,0.5
7874,7874,2,0,-0.06628780789189037,0.036474795062760336,14,0.9930722299357359,42,64,largest,0.5
7875,7875,1,0,-0.038954744649179696,0.05952600006392435,21,0.9752188557867066,42,64,largest,0.5
7876,7876,0,0,-0.06545803240248016,0.036860574210808975,28,0.9913793588313254,42,64,largest,0.5
7877,7877,4,0,-0.03704873124709718,0.040178878412433186,38,0.9994084206856982,42,64,largest,0.5
7878,7878,3,0,-0.03202324837704085,0.06783910604099284,22,1.0004353306524385,42,64,largest,0.5
7879,7879,2,0,-0.058858254941759,0.04224638130751365,41,0.9712233019956348,42,64,largest,0.5
788,788,1,0,-0.04852148605686901,0.05028363658169956,14,0.9632598614710801,42,64,largest,0.5
7880,7880,0,0,-0.03417415399660617,0.06670425466772371,52,0.989495955558923,42,64,largest,0.5
7881,7881,4,1,0.011958796114561299,0.07620335666621612,42,0.988889275984598,42,64,largest,0.5
7882,7882,3,0,-0.008055074008304186,0.10513202077930019,3,0.9299785777462952,42,64,largest,0.5
7883,7883,2,0,-0.06403001926165541,0.0381434845757207,24,0.9578694898996745,42,64,largest,0.5
7884,7884,1,0,-0.04767197578672244,0.05104605363289241,4,0.9629189241169248,42,64,largest,0.5
7885,7885,0,0,-0.0065449705166010785,0.1103845204829486,10,0.9761417010733789,42,64,largest,0.5
7886,7886,4,0,-0.0698727299895523,0.025888513668432818,47,0.9621475195040665,42,64,largest,0.5
7887,7887,3,0,-0.0689863596686574,0.033604104661546404,28,0.9808220592355416,42,64,largest,0.5
7888,7888,2,0,-0.024146347082197428,0.08266496287544008,14,0.9756429247501962,42,64,largest,0.5
7889,7889,1,0,-0.03665300710451569,0.06197642574034811,18,0.9727440535525615,42,64,largest,0.5
789,789,0,0,-0.08125028179187,0.02716307852064102,0,0.9745274130795408,42,64,largest,0.5
7890,7890,4,0,-0.12212328265014694,0.012730623761379876,17,0.914739929660975,42,64,largest,0.5
7891,7891,3,0,-0.00791946776628738,0.10538720559101902,30,0.9532110424564766,42,64,largest,0.5
7892,7892,2,0,-0.08848864006233359,0.02341041293660449,40,0.9645326500625536,42,64,largest,0.5
7893,7893,1,0,-0.08847678269294301,0.024505692087861287,28,0.9413873618167558,42,64,largest,0.5
7894,7894,0,0,-0.046102903013638286,0.05332157888585839,4,0.969123522515346,42,64,largest,0.5
7895,7895,4,0,-0.05208696753215736,0.03287702686777231,9,0.9664919206809675,42,64,largest,0.5
7896,7896,3,0,-0.07163341384638588,0.03192821743421453,1,0.9560256531752058,42,64,largest,0.5
7897,7897,2,0,-0.03766668739240908,0.06386819217861846,24,0.9684594766468461,42,64,largest,0.5
7898,7898,1,0,-0.05436097993277755,0.045327818626842896,52,0.9583847008818427,42,64,largest,0.5
7899,7899,0,0,-0.13477654983653786,0.00949882126345129,11,0.8908781377832706,42,64,largest,0.5
79,79,4,0,-0.02503133761662446,0.04710743542413023,36,1.0045328930151471,42,64,largest,0.5
790,790,3,0,-0.04306648294336357,0.05514730632421894,22,0.9941260835681576,42,64,largest,0.5
7900,7900,2,0,-0.11316744261675005,0.014219880585014453,42,0.923199773332234,42,64,largest,0.5
7901,7901,1,0,-0.037082587544556844,0.06151205405522093,63,0.9694512359621679,42,64,largest,0.5
7902,7902,0,0,-0.02991665291525758,0.07219507202525231,1,0.9769020750985661,42,64,largest,0.5
7903,7903,4,0,-0.13393071023629732,0.010831988627487148,41,0.8920543512091706,42,64,largest,0.5
7904,7904,3,0,-0.06337182611686465,0.037444152079521675,60,0.9676399299754407,42,64,largest,0.5
7905,7905,2,0,-0.04346778632016912,0.05709088484146705,40,0.9604721937429321,42,64,largest,0.5
7906,7906,1,0,-0.06711074050702248,0.03607705731411784,62,0.9422515978701728,42,64,largest,0.5
7907,7907,0,0,-0.08519123583906985,0.025159423197922363,21,0.9850418921819424,42,64,largest,0.5
7908,7908,4,0,-0.06100692045088474,0.029169913444927007,23,0.9677482846369361,42,64,largest,0.5
7909,7909,3,0,-0.0899794057762161,0.022348660043755353,1,0.9590581983224152,42,64,largest,0.5
791,791,2,0,-0.06092699346410835,0.04055686741179106,62,0.9927455942914956,42,64,largest,0.5
7910,7910,1,0,-0.0640779348608469,0.03809755699491244,52,0.9523430844812413,42,64,largest,0.5
7911,7911,0,0,-0.07357635032490506,0.031518858416003534,28,0.9526166915548929,42,64,largest,0.5
7912,7912,4,0,-0.017953937310435708,0.0517049499512285,38,0.9701859165909889,42,64,largest,0.5
7913,7913,3,0,-0.04284761766748835,0.05537561730630355,45,0.9612267880421528,42,64,largest,0.5
7914,7914,2,0,-0.038122389292450154,0.06330973947864083,12,0.9650481869812423,42,64,largest,0.5
7915,7915,1,0,-0.037186991890535204,0.061399686223881325,56,0.9788953488103569,42,64,largest,0.5
7916,7916,0,0,-0.07949943770486056,0.02810224561134662,21,0.9521531350840235,42,64,largest,0.5
7917,7917,4,0,-0.07333321607615684,0.024707673662196752,38,0.9480663869254518,42,64,largest,0.5
7918,7918,3,0,-0.038182548738438515,0.060458466464199924,20,0.9749059396845842,42,64,largest,0.5
7919,7919,2,0,-0.09529358663891796,0.02041346095317061,60,0.9484481151380622,42,64,largest,0.5
792,792,1,0,-0.03440627070473656,0.06445888636646056,2,0.9819044936117833,42,64,largest,0.5
7920,7920,0,0,-0.05688396090283465,0.043443902107512096,34,0.9520901090207494,42,64,largest,0.5
7921,7921,4,0,-0.09006599951222072,0.019700312466042008,41,0.9397528444219868,42,64,largest,0.5
7922,7922,3,0,-0.07277548347864882,0.031230373208681078,57,0.9698501189938181,42,64,largest,0.5
7923,7923,2,0,-0.12290925633986749,0.011666651932029159,37,0.8957029161645715,42,64,largest,0.5
7924,7924,1,0,-0.07367353041376967,0.032052143938232594,14,0.9221960016385644,42,64,largest,0.5
7925,7925,0,0,-0.08206075676821367,0.026738730733894475,44,0.9745855761032989,42,64,largest,0.5
7926,7926,4,0,-0.06956110162759288,0.025997510112928574,55,0.9458913101665422,42,64,largest,0.5
7927,7927,3,0,-0.11800667098927276,0.012889122620375597,31,0.9168182114363356,42,64,largest,0.5
7928,7928,2,0,-0.11191890652425074,0.014584607642922036,45,0.9518342637408634,42,64,largest,0.5
7929,7929,1,0,-0.09689821802245657,0.021017040943826594,14,0.9043998255073523,42,64,largest,0.5
793,793,0,0,-0.0547812160847182,0.04522238172708683,52,0.9704612445865893,42,64,largest,0.5
7930,7930,4,0,-0.03933954810205387,0.038973765774308534,23,0.9779759229913784,42,64,largest,0.5
7931,7931,3,0,-0.022286967111187717,0.08122439430470652,52,0.9869279337733577,42,64,largest,0.5
7932,7932,2,0,-0.0340974350614639,0.06840341281203954,3,0.9911661117817813,42,64,largest,0.5
7933,7933,1,0,-0.010449700729831646,0.09725758777825327,25,0.9845017380534735,42,64,largest,0.5
7934,7934,0,0,-0.07484560172802135,0.03075441784440093,24,0.9958166101142419,42,64,largest,0.5
7935,7935,4,0,-0.021799379408485198,0.04915664062434334,22,0.9805892401584819,42,64,largest,0.5
7936,7936,3,0,-0.05940595298281082,0.040407257435697834,33,0.9942022569671387,42,64,largest,0.5
7937,7937,2,0,-0.03198050473324332,0.07123249929967679,46,0.9881705151262863,42,64,largest,0.5
7938,7938,1,1,0.0008936284101230818,0.11749063843958583,7,1.0022071493652114,42,64,largest,0.5
7939,7939,0,0,-0.05258698624022473,0.04715208205647108,32,0.9826815874599436,42,64,largest,0.5
794,794,4,0,-0.03744526813184246,0.03996774976418679,38,0.9679746486633396,42,64,largest,0.5
7940,7940,3,0,-0.08896867243088413,0.0227941966622076,2,0.9720160458280026,42,64,largest,0.5
7941,7941,2,0,-0.11301570110440151,0.014263723487555812,45,0.9361313964369815,42,64,largest,0.5
7942,7942,1,0,-0.01646666625779658,0.08783592999950632,25,0.9828234697290301,42,64,largest,0.5
7943,7943,0,0,-0.07527863579032701,0.030497741823617915,1,0.9833712368818621,42,64,largest,0.5
7944,7944,4,0,-0.08232257106325325,0.02188028400752708,13,0.9516510098878198,42,64,largest,0.5
7945,7945,3,0,-0.062329839659431285,0.038201813854801724,18,0.9881529618609116,42,64,largest,0.5
7946,7946,2,0,-0.04896307196396432,0.051299011315092964,61,0.9570290835430294,42,64,largest,0.5
7947,7947,1,0,-0.06052577550764826,0.04060231760962488,56,0.9502862049267504,42,64,largest,0.5
7948,7948,0,0,-0.08679421826651545,0.024386281428375713,8,0.934740101763048,42,64,largest,0.5
7949,7949,4,0,-0.027636492957795133,0.04551501779828531,11,0.9745874824234732,42,64,largest,0.5
795,795,3,0,-0.0435408933614968,0.05465546115397376,38,0.9857038755711519,42,64,largest,0.5
7950,7950,2,0,-0.0468030276822784,0.053506194585684,16,0.9724298105326423,42,64,largest,0.5
7951,7951,1,0,-0.061551252837284576,0.03986344963944778,56,0.9407172292963049,42,64,largest,0.5
7952,7952,0,0,-0.07893655585586157,0.02841082473935297,51,0.9648776570743071,42,64,largest,0.5
7953,7953,4,0,-0.055734098403818266,0.03130924841715176,40,0.9563646845890245,42,64,largest,0.5
7954,7954,3,0,-0.11868366295068311,0.01271814844703024,11,0.8994322114443021,42,64,largest,0.5
7955,7955,2,0,-0.06945149388998861,0.03425431453293375,16,0.9710236517368644,42,64,largest,0.5
7956,7956,1,0,-0.06307138548830338,0.038791845464884435,56,0.954141233518601,42,64,largest,0.5
7957,7957,0,0,-0.04434512689040815,0.0551211488824155,58,0.9885294283226481,42,64,largest,0.5
7958,7958,4,0,-0.01889703867371939,0.051068645381795605,31,0.9913557671808672,42,64,largest,0.5
7959,7959,3,0,-0.06333904210791408,0.03746776882852424,36,0.9948576870189056,42,64,largest,0.5
796,796,2,0,-0.09548350865866195,0.020335445479284255,61,0.9476180675420328,42,64,largest,0.5
7960,7960,1,0,-0.021448461273739117,0.08066778840225852,26,0.9840102448987282,42,64,largest,0.5
7961,7961,0,0,-0.06899752678081794,0.03443220895595817,17,0.9963199901824754,42,64,largest,0.5
7962,7962,4,0,-0.07724704190250187,0.0234353563888484,40,0.9393542506105,42,64,largest,0.5
7963,7963,3,0,-0.055135276443327275,0.04384885862057437,45,0.9715420706152622,42,64,largest,0.5
7964,7964,2,0,-0.06508057231632935,0.037358110624124106,11,0.9651583135439684,42,64,largest,0.5
7965,7965,1,0,-0.10170110206406613,0.01925010059760009,33,0.9077519012452686,42,64,largest,0.5
7966,7966,0,0,-0.07053433548449839,0.03342653603213739,34,0.9473612853267538,42,64,largest,0.5
7967,7967,4,0,-0.02323806724958688,0.048234211119489306,7,0.9834017145753091,42,64,largest,0.5
7968,7968,3,0,-0.062498178426469875,0.038078419830067774,33,0.9475654480443226,42,64,largest,0.5
7969,7969,2,1,0.04166512293866298,0.25879680285031265,10,0.9161255406738114,42,64,largest,0.5
797,797,1,0,-0.00984888140951301,0.09824636281212352,2,1.0037697308477005,42,64,largest,0.5
7970,7970,0,1,0.020472051492659737,0.175461003980965,36,0.9500591767115897,42,64,largest,0.5
7971,7971,4,0,-0.03521689577890419,0.04116814938591205,14,0.9320698178354189,42,64,largest,0.5
7972,7972,3,1,1.2065977327502253e-05,0.12129005524554139,47,0.9518032803261904,42,64,largest,0.5
7973,7973,2,0,-0.06037608898798541,0.04100035694595403,4,0.9894837668570247,42,64,largest,0.5
7974,7974,1,0,-0.06845458177327035,0.03521510886326087,46,0.9494521007563271,42,64,largest,0.5
7975,7975,0,0,-0.05844266030331158,0.04216886471918014,52,0.9706636210757483,42,64,largest,0.5
7976,7976,4,0,-0.06125544117885773,0.029072659108745992,49,0.9591964793183096,42,64,largest,0.5
7977,7977,3,0,-0.12336168485131072,0.011596393448357804,11,0.9247136413411251,42,64,largest,0.5
7978,7978,2,0,-0.07076795601299302,0.03336925170096288,45,0.9824127933882245,42,64,largest,0.5
7979,7979,1,0,-0.059304903180042334,0.04149907575866746,52,0.9513319793992501,42,64,largest,0.5
798,798,0,0,-0.04034239200839762,0.059434516087484464,22,0.9996321644796058,42,64,largest,0.5
7980,7980,4,0,-0.04550156845811448,0.035901921262404046,29,0.9667044062552407,42,64,largest,0.5
7981,7981,3,0,-0.1050633256553285,0.01662998526765634,49,0.9532505900848772,42,64,largest,0.5
7982,7982,2,0,-0.13464193446525752,0.009186856752924187,56,0.9183839103322434,42,64,largest,0.5
7983,7983,1,0,-0.03385258647352818,0.06508473323104683,56,0.9766791247059885,42,64,largest,0.5
7984,7984,0,0,-0.08444273175416828,0.025528567436839164,51,0.9744258875183041,42,64,largest,0.5
7985,7985,4,0,-0.08552912407477054,0.020950321419600675,23,0.9437290650626579,42,64,largest,0.5
7986,7986,3,0,-0.005685778661106644,0.10966978918209246,63,0.9762668669749306,42,64,largest,0.5
7987,7987,2,0,-0.04076781371016114,0.0601568242516238,14,0.9822642946341137,42,64,largest,0.5
7988,7988,1,0,-0.007481173956332521,0.10223058776548297,2,0.9959097069076346,42,64,largest,0.5
7989,7989,0,0,-0.05602559613107694,0.044161687880457226,58,0.9847076586167864,42,64,largest,0.5
799,799,4,0,-0.07421459850092527,0.024415402451925028,25,0.9321716932365898,42,64,largest,0.5
7990,7990,3,0,-0.04380237458713232,0.0543861400404375,14,0.9851207141878511,42,64,largest,0.5
7991,7991,2,0,-0.07053795134769747,0.0335222769701987,15,0.9770930739130063,42,64,largest,0.5
7992,7992,1,1,0.011681239945593558,0.14002085424459845,7,0.9880424688359526,42,64,largest,0.5
7993,7993,0,0,-0.024450582118763386,0.07985519061908435,25,0.9925632470982227,42,64,largest,0.5
7994,7994,4,0,-0.07798327551212203,0.023203268916285023,40,0.9612015309780476,42,64,largest,0.5
7995,7995,3,0,-0.02708662262796635,0.07434893065830037,13,0.9750275074609364,42,64,largest,0.5
7996,7996,2,0,-0.049230692669480214,0.051031621491537886,14,0.9749762874179676,42,64,largest,0.5
7997,7997,1,0,-0.016119101958412152,0.08835694079331659,8,0.9774558774351164,42,64,largest,0.5
7998,7998,0,0,-0.06156486513696258,0.03972167610472566,20,0.978750665700853,42,64,largest,0.5
7999,7999,4,0,-0.07356993728190275,0.024628842331115383,11,0.9415684224505034,42,64,largest,0.5
8,8,3,0,-0.02090295873035719,0.08331216108578335,46,0.9803912941924194,42,64,largest,0.5
80,80,2,0,-0.08812401533967074,0.02358259231147703,62,0.9835065546879862,42,64,largest,0.5
800,800,1,0,-0.057921785583873286,0.0425378972145591,8,0.9499577230117934,42,64,largest,0.5
8000,8000,0,0,-0.09487727577982574,0.02082758756548161,35,0.9492767854707629,42,64,largest,0.5
8001,8001,4,0,-0.03198386326319502,0.04297125400828079,36,0.9828201802439749,42,64,largest,0.5
8002,8002,3,0,-0.09404129894607216,0.02064244729208639,57,0.9185472474091867,42,64,largest,0.5
8003,8003,2,0,-0.04769730160586649,0.05258173942171239,60,0.9580402884068239,42,64,largest,0.5
8004,8004,1,0,-0.02290166054206033,0.0786795586577549,23,0.9735197242112634,42,64,largest,0.5
8005,8005,0,0,-0.043713392604464496,0.05578176597128535,4,0.9638018135467702,42,64,largest,0.5
8006,8006,4,0,-0.11108088873595501,0.014801809059624717,55,0.9057951048579825,42,64,largest,0.5
8007,8007,3,0,-0.008375250368201415,0.10453167345272797,8,0.9972372250373119,42,64,largest,0.5
8008,8008,2,0,-0.0882062428936804,0.023543656053964225,51,0.9594879859500632,42,64,largest,0.5
8009,8009,1,1,0.006810995688278809,0.12943154816490648,7,0.9993515012079085,42,64,largest,0.5
801,801,0,0,-0.08963964784125322,0.02307056688845821,8,0.949980554338033,42,64,largest,0.5
8010,8010,4,0,-0.02246084581152885,0.04873047518723489,22,0.9769443831222874,42,64,largest,0.5
8011,8011,3,0,-0.05761067579369428,0.041821313307926725,13,0.9830316124932856,42,64,largest,0.5
8012,8012,2,0,-0.03220242576808319,0.07093092582161185,2,0.9770304070832957,42,64,largest,0.5
8013,8013,1,0,-0.010119456831785723,0.09779996994829364,34,0.9862188273126742,42,64,largest,0.5
8014,8014,0,0,-0.0697835649456493,0.03391423996148277,37,0.9797536766891459,42,64,largest,0.5
8015,8015,4,0,-0.005713470191969772,0.06067154516073399,12,0.9755288092727156,42,64,largest,0.5
8016,8016,3,0,-0.057269221289338645,0.04209556642154131,39,0.9965496288258864,42,64,largest,0.5
8017,8017,2,0,-0.052114915265046524,0.048232427572592024,7,0.9734131645270384,42,64,largest,0.5
8018,8018,1,0,-0.028202987512727762,0.07180112473818519,34,0.972642465593515,42,64,largest,0.5
8019,8019,0,0,-0.053243268813792266,0.04656685720640544,40,1.0104363455145098,42,64,largest,0.5
802,802,4,0,-0.035697327359252684,0.04090646253193066,10,0.9333055942722062,42,64,largest,0.5
8020,8020,3,0,-0.08531183357650529,0.02447976303850277,40,0.986109561193359,42,64,largest,0.5
8021,8021,2,0,-0.032445531131590544,0.07060191829591358,2,0.9719044436319948,42,64,largest,0.5
8022,8022,1,0,-0.035489789246867076,0.06325033466064495,50,0.9887019572287643,42,64,largest,0.5
8023,8023,0,0,-0.06229368782933653,0.03917033185079133,20,0.9895775815762995,42,64,largest,0.5
8024,8024,4,0,-0.024599492785047694,0.047376470118789565,21,1.009102914927243,42,64,largest,0.5
8025,8025,3,0,-0.06388119723054309,0.03707904750024722,36,1.0000954369907507,42,64,largest,0.5
8026,8026,2,0,-0.07530016745628942,0.030488057877570644,15,0.9808607551729509,42,64,largest,0.5
8027,8027,1,0,-0.009776593745193018,0.09836592927726512,34,0.988258748314,42,64,largest,0.5
8028,8028,0,0,-0.05674296405542012,0.04356103797065116,3,0.9923260869729927,42,64,largest,0.5
8029,8029,4,1,0.0067404474932218905,0.07127187596691995,42,0.984905372553764,42,64,largest,0.5
803,803,3,0,-0.0739801422417834,0.030510286754665827,7,0.966721092333265,42,64,largest,0.5
8030,8030,2,0,-0.01786501699390486,0.09301182078075945,32,0.9762816597193616,42,64,largest,0.5
8031,8031,1,0,-0.0242631963386426,0.07685750968571033,16,0.9820523242440902,42,64,largest,0.5
8032,8032,0,0,-0.05109581597297708,0.048507887095421996,0,0.9651402537110854,42,64,largest,0.5
8033,8033,4,0,-0.05537190840956263,0.031461648838419655,16,0.9851127199642037,42,64,largest,0.5
8034,8034,3,0,-0.04048073638411154,0.05790210702051438,21,0.9518589278684122,42,64,largest,0.5
8035,8035,2,0,-0.07916286395770888,0.028223944156499592,16,0.9588794783932375,42,64,largest,0.5
8036,8036,1,0,-0.04205549254301777,0.056368249697465546,2,0.9650337460684523,42,64,largest,0.5
8037,8037,0,0,-0.07884270777084934,0.02846259241728096,49,0.9741533139991279,42,64,largest,0.5
8038,8038,4,0,-0.032224178366770606,0.04283467146757378,29,0.9898840553164489,42,64,largest,0.5
8039,8039,3,0,-0.05358497630131076,0.045166090580921074,56,1.0015329508019473,42,64,largest,0.5
804,804,2,0,-0.07802519455426615,0.02887327164037918,61,0.9441784954601878,42,64,largest,0.5
8040,8040,1,0,-0.040443944259705766,0.057989258614385475,11,0.9631638760380081,42,64,largest,0.5
8041,8041,0,0,-0.03062553270510937,0.07125276824690782,0,0.9553314471610055,42,64,largest,0.5
8042,8042,4,0,-0.046537941188226184,0.03540870536894914,3,0.9914791953740801,42,64,largest,0.5
8043,8043,3,0,-0.056568946887251115,0.042663408655959315,60,0.9902669827122882,42,64,largest,0.5
8044,8044,2,0,-0.059398684845928695,0.041798634400925974,46,0.9950528641418177,42,64,largest,0.5
8045,8045,1,0,-0.01314869738886515,0.09292462970739157,9,0.9787393145095376,42,64,largest,0.5
8046,8046,0,0,-0.0338724785559118,0.06708020400735701,30,0.9691119312520963,42,64,largest,0.5
8047,8047,4,1,0.0037096958860887153,0.06854462857222124,42,0.9825936009997007,42,64,largest,0.5
8048,8048,3,0,-0.0769177495830553,0.02882112048460091,17,0.9812315194534555,42,64,largest,0.5
8049,8049,2,1,0.007256157165631882,0.14674127853304203,10,0.9578901462658699,42,64,largest,0.5
805,805,1,0,-0.02431249140892222,0.07679227253697189,8,0.9753264900268948,42,64,largest,0.5
8050,8050,0,0,-0.03674487119957337,0.06357915229318692,49,0.9837631694127454,42,64,largest,0.5
8051,8051,4,0,-0.03638018489946593,0.040537254948853074,44,0.9611502818420088,42,64,largest,0.5
8052,8052,3,0,-0.04538567124547732,0.0527819141592503,41,0.9662322851429369,42,64,largest,0.5
8053,8053,2,0,-0.034087224411528005,0.06841680520923232,2,0.9481135336219989,42,64,largest,0.5
8054,8054,1,0,-0.03430350808211047,0.06457461719039967,2,0.9743255204664968,42,64,largest,0.5
8055,8055,0,0,-0.024148372519890327,0.08029966997177902,6,0.9740315788179754,42,64,largest,0.5
8056,8056,4,0,-0.010913621515938443,0.056696996306650094,34,0.9527154537863302,42,64,largest,0.5
8057,8057,3,0,-0.009008963770755885,0.103352351267315,21,0.9540742734950676,42,64,largest,0.5
8058,8058,2,1,0.024610005429554715,0.19730284807308532,10,0.9167389087690909,42,64,largest,0.5
8059,8059,1,0,-0.06985104139870879,0.03434044560233598,8,0.9299366214508866,42,64,largest,0.5
806,806,0,1,0.021120674475135437,0.17734244289851134,36,0.9373126437503659,42,64,largest,0.5
8060,8060,4,1,0.008123722196673344,0.07254964589126778,42,0.9729133268101721,42,64,largest,0.5
8061,8061,3,1,0.008408103429589753,0.14033515434338592,47,0.9502162335413534,42,64,largest,0.5
8062,8062,2,1,0.019014636361318615,0.17969810436376585,10,0.9256637759254377,42,64,largest,0.5
8063,8063,1,0,-0.013964485365572932,0.09164946649669113,51,0.9708154428495565,42,64,largest,0.5
8064,8064,0,0,-0.05344788948625645,0.046385808562621346,8,0.9936638158542663,42,64,largest,0.5
8065,8065,4,0,-0.044817486961134745,0.03623109663044626,32,0.9828595677216282,42,64,largest,0.5
8066,8066,3,0,-0.05894786866885826,0.04076365604388371,4,0.9814078526947401,42,64,largest,0.5
8068,8068,2,0,-0.05079130023110645,0.049498452457698607,39,0.9998024057247374,42,64,largest,0.5
8069,8069,1,0,-0.06027840791699479,0.04078250271078955,11,0.9475390325743659,42,64,largest,0.5
807,807,0,0,-0.0777624612434401,0.029065099576722476,15,0.9880403484339811,42,64,largest,0.5
8070,8070,4,0,-0.05812155699746335,0.030322398343213333,15,0.9678176597064858,42,64,largest,0.5
8071,8071,3,0,-0.03687910075742873,0.06195490457142489,10,0.9853214247629152,42,64,largest,0.5
8072,8072,2,0,-0.06340037067474724,0.03862177284515856,11,0.9718620929384765,42,64,largest,0.5
8073,8073,1,0,-0.0231023676300115,0.07840850482307551,47,0.9708744313056665,42,64,largest,0.5
8074,8074,0,0,-0.03031301939975728,0.07166678003530604,29,0.9664434889146802,42,64,largest,0.5
8075,8075,4,0,-0.07584738326489204,0.02388284336856793,41,0.9493043859724961,42,64,largest,0.5
8076,8076,3,0,-0.10080665703045322,0.018079605652666045,2,0.9188878270763029,42,64,largest,0.5
8077,8077,2,0,-0.05426356136173083,0.04624251105611813,13,0.9847922379158995,42,64,largest,0.5
8078,8078,1,0,-0.1123815024041972,0.015826839858805113,62,0.9020854628597215,42,64,largest,0.5
8079,8079,0,0,-0.09487920887124845,0.020826800473548183,8,0.9344706297368626,42,64,largest,0.5
808,808,4,0,-0.02857691322473299,0.044952871582909344,44,0.961962114801293,42,64,largest,0.5
8080,8080,3,0,-0.06342123879295558,0.037408583501189877,60,0.9774714774360398,42,64,largest,0.5
8081,8081,2,1,0.01157595103242337,0.1582259633773613,10,0.9762031726397873,42,64,largest,0.5
8082,8082,1,0,-0.0709634743122296,0.03365870983861626,11,0.9373398161570661,42,64,largest,0.5
8083,8083,0,1,0.02643331693649653,0.19335009931913608,36,0.9154629513018843,42,64,largest,0.5
8084,8084,4,0,-0.029296665691450063,0.04452710779269791,22,0.9916373323427382,42,64,largest,0.5
8085,8085,3,0,-0.013663913800802896,0.09504546535526903,20,0.9849478741696859,42,64,largest,0.5
8086,8086,2,0,-0.06046376816099408,0.0409294640472083,56,1.0031284411820292,42,64,largest,0.5
8087,8087,1,0,-0.018976608886755342,0.08415520835560751,32,0.9880853692567313,42,64,largest,0.5
8088,8088,0,0,-0.042020108382289645,0.057589385958001844,45,0.9680058771965893,42,64,largest,0.5
8089,8089,4,0,-0.06490340392540184,0.0276807938689796,2,0.9566075293086612,42,64,largest,0.5
809,809,3,0,-0.0589013835478841,0.0407999901512887,30,0.9619131744214905,42,64,largest,0.5
8090,8090,2,0,-0.0663974826921575,0.03639555070569269,42,0.9770896323647215,42,64,largest,0.5
8091,8091,1,0,-0.003937621392274493,0.10846080104489271,26,0.9985835456815649,42,64,largest,0.5
8092,8092,0,0,-0.051314127033248336,0.048307106496659355,28,0.9950359462887589,42,64,largest,0.5
8093,8093,4,0,-0.021186404380749813,0.04955471749879626,40,0.995093671190013,42,64,largest,0.5
8094,8094,3,0,-0.08177552775217634,0.02622504602529132,38,0.943811095556987,42,64,largest,0.5
8095,8095,2,0,-0.07586492832737346,0.030146362620687053,24,0.9688530404203165,42,64,largest,0.5
8096,8096,1,0,-0.018727928714456166,0.08451354198536379,23,0.9788708345797289,42,64,largest,0.5
8097,8097,0,0,-0.0814691892030438,0.027047822084454064,49,0.99539632216616,42,64,largest,0.5
8098,8098,4,0,-0.03354917424642834,0.04208902998576097,62,0.9513095344433805,42,64,largest,0.5
8099,8099,3,0,-0.10289593647027573,0.017353222130141954,51,0.9826762043111585,42,64,largest,0.5
81,81,2,0,-0.03622463732841563,0.06566576968401737,23,0.9927610261603321,42,64,largest,0.5
810,810,1,0,-0.03707981966408569,0.061515035670197185,1,0.9653222298079324,42,64,largest,0.5
8100,8100,0,0,-0.006510825966042244,0.11045148276083853,33,0.98857635703118,42,64,largest,0.5
8101,8101,4,0,-0.03978062094847701,0.03874574879638614,3,0.9746798267315138,42,64,largest,0.5
8102,8102,3,0,-0.0477052289364156,0.05051220103479725,44,0.9815846814529089,42,64,largest,0.5
8103,8103,2,0,-0.07643720496302153,0.029803906190731724,39,0.9495122260840929,42,64,largest,0.5
8104,8104,1,0,-0.03812559880874544,0.06039806926537996,22,0.9738267553640179,42,64,largest,0.5
8105,8105,0,0,-0.09766314108744467,0.019722978038915123,41,0.9494977703044771,42,64,largest,0.5
8106,8106,4,0,-0.058450453041108075,0.030188833409816623,14,0.9396768033984318,42,64,largest,0.5
8108,8108,3,0,-0.07718533596290955,0.028671842117671657,45,0.9633879375941927,42,64,largest,0.5
8109,8109,2,0,-0.04009978968868044,0.06093884736232706,17,0.9508215248762381,42,64,largest,0.5
811,811,1,0,-0.12031978451546343,0.013677639781846135,8,0.8925923103953622,42,64,largest,0.5
8110,8110,0,0,-0.10089069799303807,0.018514899412850113,51,0.9324069178571744,42,64,largest,0.5
8111,8111,4,0,-0.09244221546972964,0.019075076834887936,36,0.9488364460458435,42,64,largest,0.5
8112,8112,3,0,-0.09159681664920694,0.021653343774345784,42,0.93332741016352,42,64,largest,0.5
8113,8113,2,0,-0.07805021701727499,0.028858835321043885,24,0.9600610140416348,42,64,largest,0.5
8114,8114,1,0,-0.05186158029230281,0.04738934134995748,53,0.9600920566479525,42,64,largest,0.5
8115,8115,0,0,-0.06875606769822507,0.034592847280883215,49,1.00076281831578,42,64,largest,0.5
8116,8116,4,0,-0.03697666199511285,0.04021736492451885,22,0.9866578403637201,42,64,largest,0.5
8117,8117,3,0,-0.04739167065338912,0.050813532033428546,46,0.9947177991095651,42,64,largest,0.5
8118,8118,2,0,-0.08603506805826566,0.024593086388230056,24,0.9521177845054595,42,64,largest,0.5
8119,8119,1,0,-0.031215099754508313,0.0681442599344541,13,0.9778309251264986,42,64,largest,0.5
812,812,0,0,-0.05940198297323296,0.04140199142569679,39,0.9549325615504728,42,64,largest,0.5
8120,8120,4,0,-0.0378226738147609,0.03976779498250403,36,0.9947815305938348,42,64,largest,0.5
8121,8121,3,0,-0.012155452480831719,0.09766973823840829,44,0.9995479615980482,42,64,largest,0.5
8122,8122,2,0,-0.04170595074807648,0.05907444238297623,7,0.9317601722375068,42,64,largest,0.5
8123,8123,1,0,-0.0755913910320336,0.030960267858278524,8,0.9372343789164854,42,64,largest,0.5
8124,8124,0,0,-0.04311992479159432,0.05640914734585455,15,0.9667787019081311,42,64,largest,0.5
8125,8125,4,1,0.00904558921308729,0.07341289217241967,42,0.9603105394096604,42,64,largest,0.5
8127,8127,3,1,0.020432773578608177,0.1718966516303578,47,0.9054847258841733,42,64,largest,0.5
8128,8128,2,1,0.03481017619272797,0.23266726800303286,10,0.9164883008660347,42,64,largest,0.5
8129,8129,1,0,-0.04161466355515242,0.05680738461989877,11,0.9529088231938201,42,64,largest,0.5
813,813,0,0,-0.044623846792644306,0.054832034050001845,58,0.9467183440589191,42,64,largest,0.5
8130,8130,4,1,0.004144349954182114,0.068929732443332,42,0.9843879712141803,42,64,largest,0.5
8131,8131,3,0,-0.043302594042621156,0.05490199927176311,40,0.9758203194002314,42,64,largest,0.5
8132,8132,2,0,-0.05939880678025078,0.041798533892092336,58,0.9774293398291712,42,64,largest,0.5
8133,8133,1,0,-0.02927701161816909,0.07047688579743723,16,0.9756509416629919,42,64,largest,0.5
8134,8134,0,0,-0.02224793129589342,0.08314685912200033,43,0.981272750334379,42,64,largest,0.5
8135,8135,4,0,-0.03850253173208762,0.03941001405208894,58,0.9858849687744361,42,64,largest,0.5
8136,8136,3,1,0.0012595157791545075,0.12397173310123538,47,0.982710138634414,42,64,largest,0.5
8137,8137,2,0,-0.013957362248806726,0.10002195970725913,0,0.9867802008223381,42,64,largest,0.5
8138,8138,1,0,-0.036453893967818174,0.06219277355829244,46,0.9734454251746297,42,64,largest,0.5
8139,8139,0,0,-0.0802586514709136,0.02769118592700871,28,0.9906316089091864,42,64,largest,0.5
814,814,4,0,-0.031135604064477906,0.043456692765965546,14,0.9612566585395289,42,64,largest,0.5
8140,8140,3,0,-0.028878197669097827,0.07192254205889184,18,0.9896686591051932,42,64,largest,0.5
8141,8141,2,0,-0.06116112456995282,0.04036978136445435,5,0.9752382495604854,42,64,largest,0.5
8142,8142,1,0,-0.03214480480014248,0.06705086699949463,55,0.9873014326840519,42,64,largest,0.5
8143,8143,0,0,-0.05074955826446148,0.048827965152243066,49,1.0026913852842922,42,64,largest,0.5
8144,8144,4,0,-0.04932480724678634,0.03411458761409759,9,0.9863149836166668,42,64,largest,0.5
8145,8145,3,0,-0.01912141393615574,0.08607138319627615,30,0.9791549006414823,42,64,largest,0.5
8146,8146,2,0,-0.06385133321179859,0.03827863548219094,3,0.9850285453625113,42,64,largest,0.5
8147,8147,1,0,-0.021693268493502282,0.08032966871779501,2,0.9914653948130407,42,64,largest,0.5
8148,8148,0,0,-0.014633204040449765,0.09549568004907033,15,0.9910948639678632,42,64,largest,0.5
8149,8149,4,0,-0.018245808158298793,0.05150722970527996,12,0.9776575476442425,42,64,largest,0.5
815,815,3,0,-0.01797193862185409,0.08789534830429424,12,0.9409123213697995,42,64,largest,0.5
8150,8150,2,0,-0.03515390271213126,0.06703079912408344,17,0.9840775834872095,42,64,largest,0.5
8151,8151,1,0,-0.039085060364205226,0.059390015184167706,16,0.9495670718772341,42,64,largest,0.5
8152,8152,0,1,0.026449124242263977,0.19339932733466564,36,0.9662386937543911,42,64,largest,0.5
8153,8153,4,0,-0.034462049668966044,0.04158254619916352,4,0.9424009474584871,42,64,largest,0.5
8154,8154,3,0,-0.033591348833414525,0.06588438304143035,30,0.947424685276803,42,64,largest,0.5
8155,8155,2,0,-0.03267810989483555,0.07028847739403139,9,0.9585472559215533,42,64,largest,0.5
8156,8156,1,0,-0.08992654445193538,0.02386725677929236,11,0.9100517330204234,42,64,largest,0.5
8157,8157,0,1,0.04055547986492525,0.24114187711544177,36,0.9258755242266897,42,64,largest,0.5
8158,8158,4,0,-0.09680455293073609,0.017977505124665717,14,0.8886540108580561,42,64,largest,0.5
8159,8159,3,0,-0.09559879554872819,0.020022605704606424,49,0.9330391413972728,42,64,largest,0.5
816,816,2,0,-0.05037988845660546,0.04989834031186061,5,0.995916754878787,42,64,largest,0.5
8160,8160,1,0,-0.023315227925927662,0.0781219718813035,55,0.9807373973209639,42,64,largest,0.5
8161,8161,0,0,-0.05620735801074839,0.044008756165645126,14,0.9680820516738561,42,64,largest,0.5
8162,8162,4,0,-0.07555336934880397,0.023977897010628357,15,0.9549023598151956,42,64,largest,0.5
8163,8163,3,0,-0.06361731371104173,0.03726776332381411,44,0.9862160885264354,42,64,largest,0.5
8164,8164,2,0,-0.05383358472135458,0.04663436899338588,14,0.9595392258565681,42,64,largest,0.5
8165,8165,1,0,-0.055864424629141096,0.044129204603564856,8,0.9472070919610818,42,64,largest,0.5
8166,8166,0,0,-0.01863657038140798,0.08881132642688502,15,0.9675346511430387,42,64,largest,0.5
8167,8167,4,0,-0.02525219167051984,0.04697040758242683,58,0.9802675163678437,42,64,largest,0.5
8168,8168,3,0,-0.013017220332010693,0.0961627029957668,21,0.9236815733789318,42,64,largest,0.5
8169,8169,2,0,-0.07029243359869708,0.033686370737243516,61,0.9908015112886063,42,64,largest,0.5
817,817,1,0,-0.047954026445077735,0.05079171406212634,46,0.979582280364764,42,64,largest,0.5
8170,8170,0,0,-0.06304887184550445,0.03860679271860952,10,0.961310964955588,42,64,largest,0.5
8171,8171,4,0,-0.04391429381455303,0.03667015855043406,14,0.9220981947508183,42,64,largest,0.5
8172,8172,3,0,-0.03276526060740392,0.06690753300257737,21,0.914333569874256,42,64,largest,0.5
8173,8173,2,0,-0.024047137121847695,0.08281992825898635,28,0.9814636768345711,42,64,largest,0.5
8174,8174,1,0,-0.006809208968012959,0.10338713539103701,9,0.9913689394171881,42,64,largest,0.5
8175,8175,0,0,-0.07825218998332173,0.028790435514334186,8,1.0009453208325072,42,64,largest,0.5
8176,8176,4,0,-0.014028936854959428,0.0544344613868125,28,0.9659797056059947,42,64,largest,0.5
8177,8177,3,0,-0.045738801667164486,0.05243025923074445,23,0.9848549061196046,42,64,largest,0.5
8179,8179,2,0,-0.06494796508543133,0.037456381579128624,12,0.9894494969542608,42,64,largest,0.5
818,818,1,0,-0.030191353410351063,0.06936735474424392,22,0.9866837684411329,42,64,largest,0.5
8180,8180,0,0,-0.08873121721914234,0.023482908608429325,33,0.9841073012313057,42,64,largest,0.5
8181,8181,4,0,-0.056485192658950134,0.030995480454985777,60,0.9850772425985431,42,64,largest,0.5
8182,8182,3,0,-0.07922831615363568,0.02755660645299409,28,0.953795869173793,42,64,largest,0.5
8183,8183,2,0,-0.01815812580054932,0.09250417324846721,41,0.9854987143417265,42,64,largest,0.5
8184,8184,1,0,-0.03002782396585657,0.0695645995436963,36,0.9622776350030046,42,64,largest,0.5
8185,8185,0,0,-0.02593620142591646,0.07770270813251272,10,0.9836107349890962,42,64,largest,0.5
8186,8186,4,0,-0.006814969180942487,0.05980846666932644,3,0.99446534132441,42,64,largest,0.5
8187,8187,3,0,-0.05246282292309101,0.04614297332207233,60,0.9889206104758468,42,64,largest,0.5
8188,8188,2,0,-0.04956217881820124,0.050702249618979886,3,0.9659797618452193,42,64,largest,0.5
8189,8189,1,0,-0.0685421124086264,0.035159659646346896,3,0.9402443053511597,42,64,largest,0.5
819,819,0,0,-0.05179972511330866,0.04786332760651282,32,0.9849820657816482,42,64,largest,0.5
8190,8190,4,0,-0.04804696600561531,0.03470220663554076,58,0.9955206321656596,42,64,largest,0.5
8191,8191,3,0,-0.0741422145413585,0.030414643435058352,62,0.9859102529898497,42,64,largest,0.5
8192,8192,2,0,-0.09970005096420564,0.0186767200257827,39,0.9307889061681094,42,64,largest,0.5
8193,8193,1,0,-0.047025811585758914,0.051633282863601485,37,0.9471068613416816,42,64,largest,0.5
8194,8194,0,0,-0.04531968782386131,0.05411646474116409,37,0.9806917444519954,42,64,largest,0.5
8195,8195,4,0,-0.05421638573965182,0.031952675842185245,29,0.9867155842088866,42,64,largest,0.5
8196,8196,3,0,-0.04563234903535485,0.0525360333922261,51,0.9942491197236446,42,64,largest,0.5
8197,8197,2,0,-0.06322427282241871,0.038756565666241374,39,0.9714799007918181,42,64,largest,0.5
8198,8198,1,0,-0.0047433170039490324,0.10701558546521286,22,1.0007522382160385,42,64,largest,0.5
8199,8199,0,0,-0.03722650899689217,0.06300903107695215,52,0.9713965139993694,42,64,largest,0.5
82,82,4,0,-0.049983584786593815,0.033815408176656736,1,0.961387753267941,42,64,largest,0.5
820,820,3,0,-0.130643658593651,0.010041884227890588,1,0.9471026062343146,42,64,largest,0.5
8200,8200,2,0,-0.05297024460822719,0.04743072726012429,36,0.9703065208616346,42,64,largest,0.5
8201,8201,1,0,-0.13268482623894862,0.010890122164891469,6,0.8672113580577766,42,64,largest,0.5
8202,8202,0,0,-0.11517437344477088,0.013985174402944545,43,0.9302367718317711,42,64,largest,0.5
8203,8203,4,0,-0.02827857119479016,0.04513048841345707,34,0.969974417588773,42,64,largest,0.5
8204,8204,3,1,0.007209116957908934,0.13746979031476592,47,0.9441012908925798,42,64,largest,0.5
8205,8205,2,0,-0.05007262909475896,0.05019898782549479,58,0.9796727815309928,42,64,largest,0.5
8206,8206,1,0,-0.07780032143512594,0.029747277262742813,11,0.9302852430861801,42,64,largest,0.5
8207,8207,0,0,-0.053410913323032716,0.04641847547482729,15,0.958546987767303,42,64,largest,0.5
8208,8208,4,0,-0.02319533100741089,0.048261373565465074,31,0.983320166731138,42,64,largest,0.5
8209,8209,3,1,0.04799460835808833,0.26472901609237837,47,0.9287706518446294,42,64,largest,0.5
821,821,2,0,-0.08014040962707436,0.027677351639290044,4,0.9869575553396392,42,64,largest,0.5
8210,8210,1,0,-0.0547303600663277,0.04503048947649648,52,0.956265000922408,42,64,largest,0.5
8211,8211,0,0,-0.08129627344613288,0.02713882401244295,4,0.9572252044101384,42,64,largest,0.5
8212,8212,4,0,-0.08680598431625908,0.020590872329942604,41,0.9363144543608398,42,64,largest,0.5
8213,8213,3,0,-0.047747980463308415,0.050471247906024426,43,0.9707231704996312,42,64,largest,0.5
8214,8214,2,0,-0.08022475417450847,0.027630675406771256,45,0.9717086103722363,42,64,largest,0.5
8215,8215,1,0,-0.0997557276650346,0.019947525292758693,33,0.9131783174420537,42,64,largest,0.5
8216,8216,0,0,-0.11374689647480274,0.014383677171801768,4,0.9548635834015335,42,64,largest,0.5
8217,8217,4,0,-0.06582434680189964,0.027339774853020648,11,0.9636486547979407,42,64,largest,0.5
8218,8218,3,0,-0.057147635048304224,0.04219363788928666,7,1.0050924949917157,42,64,largest,0.5
8219,8219,2,0,-0.08496981905879519,0.02512451207717522,40,0.9549854614105199,42,64,largest,0.5
822,822,1,0,-0.03584737969301155,0.06285613853929373,61,0.9696027548451011,42,64,largest,0.5
8220,8220,0,0,-0.08399619608705289,0.02575129439331577,14,0.9770174815934575,42,64,largest,0.5
8221,8221,4,0,-0.08936034206510346,0.019889824058190606,23,0.9392065890124015,42,64,largest,0.5
8222,8222,3,0,-0.10975995890353163,0.01516294865491216,58,0.9574748559927149,42,64,largest,0.5
8223,8223,2,0,-0.12122159441810532,0.012074013492943425,21,0.945463718335852,42,64,largest,0.5
8224,8224,1,0,-0.013146016399727234,0.09292884651297591,50,1.0018005723832157,42,64,largest,0.5
8225,8225,0,0,-0.08096929974917355,0.02731171758462205,37,0.9933338131096834,42,64,largest,0.5
8226,8226,4,0,-0.007835190684695181,0.059019340720136,3,0.9910936594378031,42,64,largest,0.5
8227,8227,3,0,-0.08205338858760913,0.026083637122706706,36,0.9882277704617501,42,64,largest,0.5
8228,8228,2,0,-0.057835797026370206,0.04310605980406651,33,0.9829426964409672,42,64,largest,0.5
8229,8229,1,0,-0.015311568608970982,0.08957824932019881,23,0.9775755062829503,42,64,largest,0.5
823,823,0,0,-0.024084712271191244,0.0803935867251725,25,0.9723071528198599,42,64,largest,0.5
8230,8230,4,0,-0.04327043840503042,0.03698627086496087,41,0.9684652215339882,42,64,largest,0.5
8231,8231,3,0,-0.064853997727499,0.03639125783770524,4,0.9558840563881502,42,64,largest,0.5
8232,8232,2,0,-0.053263010525478105,0.047159237916091466,55,0.977713049587724,42,64,largest,0.5
8233,8233,1,0,-0.032325135590735465,0.06684068037828045,25,0.9900979299268795,42,64,largest,0.5
8234,8234,0,0,-0.08166799867104835,0.026943559446788966,24,0.9732036553037385,42,64,largest,0.5
8235,8235,4,0,-0.054208151697184515,0.03195620126578214,29,0.9782149002397654,42,64,largest,0.5
8236,8236,3,0,-0.04494770171862583,0.05322114795998509,13,0.9786569495541971,42,64,largest,0.5
8237,8237,2,0,-0.04376981493318777,0.05675719024601152,35,0.977291776340667,42,64,largest,0.5
8238,8238,1,0,-0.008124360450562973,0.10113432539056255,53,0.9961039801497646,42,64,largest,0.5
8239,8239,0,0,-0.03262870445283228,0.06865105427784914,25,0.9860642874309823,42,64,largest,0.5
824,824,4,0,-0.05031746716384922,0.033664746063965696,1,0.9579826069989138,42,64,largest,0.5
8240,8240,3,0,-0.09530069498651328,0.020139813923792927,42,0.9446816121688945,42,64,largest,0.5
8241,8241,2,0,-0.04686890439440161,0.05343757457925146,4,0.9833386208661169,42,64,largest,0.5
8242,8242,1,0,-0.06490079148291827,0.037538855166362996,27,0.9425177332287071,42,64,largest,0.5
8243,8243,0,0,-0.09019156335156342,0.022823510428489853,28,0.9747320250163766,42,64,largest,0.5
8244,8244,4,0,-0.036024306419275565,0.0407292714381823,54,0.9839992739556631,42,64,largest,0.5
8245,8245,3,0,-0.03932246909101533,0.059177554407260864,30,0.956171109081143,42,64,largest,0.5
8246,8246,2,0,-0.044921205332075886,0.055501828037332515,4,0.9771485506341254,42,64,largest,0.5
8247,8247,1,0,-0.0032642396584277034,0.10968180253558085,50,0.9962776304873616,42,64,largest,0.5
8248,8248,0,0,-0.043889783229406065,0.05559656478508682,17,1.0003004489080223,42,64,largest,0.5
8249,8249,4,0,-0.034623200354794825,0.04149374370860594,14,0.9407161791081058,42,64,largest,0.5
825,825,3,0,-0.03316462204369308,0.06641107587221988,44,0.9893694005452295,42,64,largest,0.5
8250,8250,2,0,-0.021336702995405576,0.08715702405418178,48,0.9751118585326323,42,64,largest,0.5
8251,8251,1,0,-0.06174151913659032,0.039727785250117297,11,0.9511780364151999,42,64,largest,0.5
8252,8252,0,0,-0.03178120896619474,0.06974086478699576,6,0.9653776070338549,42,64,largest,0.5
8253,8253,4,0,-0.02266273141396402,0.04860110529557388,31,0.9878266695497737,42,64,largest,0.5
8254,8254,3,0,-0.026902755593845695,0.07460216442023164,6,0.9664823657215214,42,64,largest,0.5
8255,8255,2,1,0.021960806388958254,0.1888101684105581,10,0.9277609125061653,42,64,largest,0.5
8256,8256,1,0,-0.04257715303331899,0.055852717610286075,34,0.9727572399447222,42,64,largest,0.5
8257,8257,0,0,-0.047760561739854435,0.05167542221668682,57,0.9598942387948126,42,64,largest,0.5
8258,8258,4,0,-0.039042763870650976,0.039127915335833964,2,0.9809849211110582,42,64,largest,0.5
8259,8259,3,0,-0.027290374875988288,0.0740692332583637,18,0.9952844424612846,42,64,largest,0.5
826,826,2,0,-0.07274250464516352,0.03208302404906207,27,0.9818099281010748,42,64,largest,0.5
8260,8260,1,0,-0.02500884202031195,0.07587613086094704,36,0.9846298079399162,42,64,largest,0.5
8261,8261,0,0,-0.022440516171353675,0.0828542049730095,62,0.9724794667567398,42,64,largest,0.5
8262,8262,4,0,-0.0362368615086085,0.040614481497043206,34,0.9859924424940977,42,64,largest,0.5
8263,8263,3,0,-0.07423516503069028,0.03035992190189655,14,0.9956354887803172,42,64,largest,0.5
8264,8264,2,0,-0.017102311498103262,0.09434451633362022,5,1.0000905128255104,42,64,largest,0.5
8265,8265,1,0,-0.005582917953543598,0.10552761328774136,36,0.9905056770913598,42,64,largest,0.5
8266,8266,0,0,-0.062359254201033165,0.039121093239834065,49,0.9822692451186541,42,64,largest,0.5
8267,8267,4,0,-0.031864307218865906,0.04303935826218173,46,0.9825267266030392,42,64,largest,0.5
8268,8268,3,0,-0.09330761688833189,0.02094090425002447,52,0.995757422484718,42,64,largest,0.5
8269,8269,2,0,-0.10537075411047125,0.01665366470985714,47,0.9388702870119355,42,64,largest,0.5
827,827,1,0,-0.08129431309403268,0.027922141487830548,28,0.9327382507549236,42,64,largest,0.5
8270,8270,0,0,-0.056238806096886695,0.04398234753686398,8,0.9750380248284308,42,64,largest,0.5
8271,8271,4,0,-0.03564898880802725,0.0409327198966929,19,0.9970588386235509,42,64,largest,0.5
8272,8272,3,0,-0.03857771891922945,0.06001150826390708,6,0.9900447828393885,42,64,largest,0.5
8273,8273,2,0,-0.04174203414581712,0.059033177558230766,35,0.9866989895113388,42,64,largest,0.5
8274,8274,1,0,-0.014936713631839793,0.09015033453196471,9,0.9846942863911873,42,64,largest,0.5
8275,8275,0,0,-0.02073903899111551,0.08547249661911231,58,0.9617417794009253,42,64,largest,0.5
8276,8276,4,0,-0.033491043644769736,0.04212148113720044,23,0.9745738213749549,42,64,largest,0.5
8277,8277,3,0,-0.03226678312593889,0.06753203753817791,16,0.9885373579514658,42,64,largest,0.5
8278,8278,2,0,-0.08681295539184575,0.02421195620634205,14,0.9858304107361229,42,64,largest,0.5
8279,8279,1,0,-0.05892257868544537,0.04178377715556867,49,0.9495632436398086,42,64,largest,0.5
828,828,0,0,-0.09323547552125633,0.021506693532633993,27,0.9669119780787421,42,64,largest,0.5
8280,8280,4,0,-0.054469881755966565,0.031844324796110546,6,0.9935331413901538,42,64,largest,0.5
8281,8281,3,0,-0.030117053760190027,0.07028765810625413,46,0.99291847345503,42,64,largest,0.5
8282,8282,2,0,-0.07349405901607631,0.03160616150863188,42,0.975121301109887,42,64,largest,0.5
8283,8283,1,0,-0.06747013753140996,0.035844568174138974,52,0.9477273930107537,42,64,largest,0.5
8284,8284,0,1,0.029113859030351796,0.20183440416575665,36,0.9068678760092814,42,64,largest,0.5
8285,8285,4,0,-0.0461685242789025,0.03558375988831375,36,1.0125375025116794,42,64,largest,0.5
8286,8286,3,0,-0.1066249431975842,0.01612733720696903,31,0.9280509712587258,42,64,largest,0.5
8287,8287,2,0,-0.0680154436314645,0.03524559180739797,12,0.977553921135791,42,64,largest,0.5
8288,8288,1,0,-0.02570495220973512,0.07497034243341597,56,0.9801822991857575,42,64,largest,0.5
8289,8289,0,0,-0.08870749554083979,0.023493771817246625,21,0.9845188916478489,42,64,largest,0.5
829,829,4,0,-0.026550436451565962,0.04617254915613948,14,0.9522257491639724,42,64,largest,0.5
8290,8290,3,0,-0.030827845613504712,0.0693652205579041,41,0.9655269378621794,42,64,largest,0.5
8291,8291,2,0,-0.176103495912315,0.0039343810257386255,37,0.8837594739526148,42,64,largest,0.5
8292,8292,1,0,-0.0718185816501542,0.03314356975601969,28,0.9299268614757707,42,64,largest,0.5
8293,8293,0,0,-0.10527690963563263,0.016988828246698097,20,0.9918873439984378,42,64,largest,0.5
8294,8294,4,0,-0.06845094673586194,0.026389443926178188,26,0.9607188634449376,42,64,largest,0.5
8295,8295,3,0,-0.012987058233658644,0.09621509689157645,12,0.9504406599200478,42,64,largest,0.5
8296,8296,2,0,-0.012049063423606565,0.103613272395065,32,0.9732907331503957,42,64,largest,0.5
8297,8297,1,0,-0.08572263013213177,0.025764709274211848,3,0.9423483123881627,42,64,largest,0.5
8298,8298,0,0,-0.03937249926659858,0.060526312743115665,51,0.9787673360944195,42,64,largest,0.5
8299,8299,4,0,-0.03188091613837485,0.04302989094695396,52,0.9732970004289621,42,64,largest,0.5
83,83,3,0,-0.03515605461235516,0.06398617995305057,53,0.9831131744575544,42,64,largest,0.5
830,830,2,0,-0.056174459451372116,0.044538626903759815,39,0.9909723063203474,42,64,largest,0.5
8300,8300,1,0,-0.10500268022261017,0.0181208012127006,11,0.9070872846009536,42,64,largest,0.5
8301,8301,0,0,-0.04040061195760458,0.05936956892936768,21,0.969924607987521,42,64,largest,0.5
8302,8302,4,0,-0.059490098113806344,0.02977037123344113,40,0.9593107175947028,42,64,largest,0.5
8303,8303,3,0,-0.0455835942374091,0.05258454472225624,28,0.9722367913930076,42,64,largest,0.5
8304,8304,2,0,-0.08351089981045157,0.02587051709018901,47,0.9651127539125725,42,64,largest,0.5
8305,8305,1,0,-0.025134928211385743,0.07571132410511988,36,0.9697117253919036,42,64,largest,0.5
8306,8306,0,0,-0.05141832677672431,0.04821155238318293,1,0.9856677844557522,42,64,largest,0.5
8307,8307,4,0,-0.0903084296525356,0.019635614588429086,1,0.9445047642085915,42,64,largest,0.5
8308,8308,3,0,-0.09062199438810592,0.022069840130749255,2,0.9195132215173936,42,64,largest,0.5
8309,8309,2,0,-0.13791967653913206,0.008592718254215459,22,0.8876950385289656,42,64,largest,0.5
831,831,1,1,0.004394247861483347,0.12443454156231491,7,0.9832253065716743,42,64,largest,0.5
8310,8310,0,0,-0.12887522695499676,0.010673929206900391,16,0.8933915523246655,42,64,largest,0.5
8311,8311,4,0,-0.07535635283591646,0.02404179812500845,23,0.9393973820899424,42,64,largest,0.5
8312,8312,3,0,-0.12889222831090974,0.010395806098590258,49,0.8952625655063489,42,64,largest,0.5
8313,8313,2,0,-0.061408958510458356,0.040172646663344636,61,0.9725357376813751,42,64,largest,0.5
8314,8314,1,0,-0.061562459583377915,0.03985544667124942,3,0.9566979789016545,42,64,largest,0.5
8315,8315,0,0,-0.10336635417726436,0.01763774234705839,45,0.9601235840170327,42,64,largest,0.5
8316,8316,4,0,-0.07011552421403688,0.025803901360375043,17,0.9099150999844051,42,64,largest,0.5
8317,8317,3,0,-0.062145613420027224,0.03833729358867909,53,0.9835757048492614,42,64,largest,0.5
8318,8318,2,0,-0.04781604947283569,0.052460124303451955,4,1.0041479208299928,42,64,largest,0.5
8319,8319,1,0,-0.004136996431467588,0.10810158406889869,53,0.9925369450918683,42,64,largest,0.5
832,832,0,0,-0.12160035871743224,0.01232197602912429,16,0.9327152277340344,42,64,largest,0.5
8320,8320,4,0,-0.054387693124983816,0.031879415453762286,36,0.9752543493335182,42,64,largest,0.5
8321,8321,3,0,-0.050584504066520375,0.047823262936659734,13,0.9999721801433187,42,64,largest,0.5
8322,8322,2,0,-0.071586944693393,0.03282982530218564,62,0.9678465645246577,42,64,largest,0.5
8323,8323,1,0,-0.03289598754557077,0.06617934415789288,60,0.964751383930385,42,64,largest,0.5
8324,8324,0,0,-0.03824974577691209,0.06181360599347517,3,0.9744054395811946,42,64,largest,0.5
8325,8325,4,0,-0.09155538928506535,0.01930611175374797,41,0.9362135967770762,42,64,largest,0.5
8326,8326,3,0,-0.02948406064103204,0.07111866409462321,23,0.9871779268668459,42,64,largest,0.5
8327,8327,2,0,-0.08377874369084137,0.02573196000951397,57,0.9780634572842989,42,64,largest,0.5
8328,8328,1,0,-0.009772158215604065,0.098373270026637,31,0.9838876306535032,42,64,largest,0.5
8329,8329,0,0,-0.02312318919337919,0.08182434144651252,7,0.9598600705839349,42,64,largest,0.5
833,833,4,0,-0.019941600274325233,0.050372536515425996,38,0.98153557672067,42,64,largest,0.5
8330,8330,3,1,0.0033581143647148926,0.12859793302655978,47,0.9545207444326518,42,64,largest,0.5
8331,8331,2,0,-0.03292737230203813,0.06995398075597531,17,0.9748930805009403,42,64,largest,0.5
8332,8332,1,1,0.005339435630393186,0.12636886039900244,7,0.9891742964884467,42,64,largest,0.5
8333,8333,0,0,-0.07181763796949592,0.032608535158934596,39,0.9872891604851091,42,64,largest,0.5
8334,8334,4,0,-0.03391297199964849,0.04188648376028784,54,0.993683251565155,42,64,largest,0.5
8335,8335,3,0,-0.05260968512309172,0.04601398895363586,28,0.9810803013292402,42,64,largest,0.5
8336,8336,2,0,-0.12986447986954952,0.010126425770652448,45,0.9230842544762731,42,64,largest,0.5
8337,8337,1,0,-0.01773924748010247,0.08595190766861908,36,0.9689495036974579,42,64,largest,0.5
8338,8338,0,0,-0.08080768498163005,0.027397569350590095,5,0.9672061912808031,42,64,largest,0.5
8339,8339,4,0,-0.05209366634124024,0.03287407888974192,38,0.9630972335656894,42,64,largest,0.5
834,834,3,0,-0.03043298714819498,0.0698762604680939,6,0.9780107222512233,42,64,largest,0.5
8340,8340,2,0,-0.0595584424720339,0.04166714638052497,4,0.981134226241916,42,64,largest,0.5
8341,8341,1,0,-0.10577893717018239,0.01786487304952723,14,0.9129420841326491,42,64,largest,0.5
8342,8342,0,0,-0.06730521268186362,0.03557339291004629,21,1.0040058152685303,42,64,largest,0.5
8343,8343,4,0,-0.023604163597610084,0.048002120326157506,5,1.0000372007080298,42,64,largest,0.5
8344,8344,3,0,-0.08415036762945205,0.025040121693649102,16,0.9603478097703301,42,64,largest,0.5
8345,8345,2,0,-0.023694915880627554,0.08337223243855385,7,0.9774901459920137,42,64,largest,0.5
8346,8346,1,0,-0.046371340608910794,0.05223456875937303,32,0.9653816871236574,42,64,largest,0.5
8347,8347,0,0,-0.028238776649464503,0.07447140084723104,2,0.9757671656929918,42,64,largest,0.5
8348,8348,4,0,-0.05099071743186123,0.03336291452147676,19,0.9908291129961014,42,64,largest,0.5
8349,8349,3,0,-0.07934326427178906,0.027495125970837253,44,0.9798225730488697,42,64,largest,0.5
835,835,2,0,-0.07935238830726721,0.02811715926697179,60,0.9672231427035264,42,64,largest,0.5
8350,8350,1,0,-0.00858148326753938,0.10036154863145018,50,0.9990435276890314,42,64,largest,0.5
8351,8351,0,0,-0.02356976185453863,0.08115697515537312,2,0.9819061588373711,42,64,largest,0.5
8352,8352,4,0,-0.011144441537005889,0.05652637198030357,22,0.9687589417857152,42,64,largest,0.5
8353,8353,3,0,-0.03871603091497955,0.05985580224177511,59,0.9687680611899877,42,64,largest,0.5
8354,8354,2,0,-0.0735370419057273,0.03157909705110994,28,0.985476471931269,42,64,largest,0.5
8355,8355,1,0,-0.05147198612703585,0.04771860473510516,1,0.9625594938141613,42,64,largest,0.5
8356,8356,0,0,-0.026065626511915796,0.07751772394328006,27,0.9883639597761192,42,64,largest,0.5
8357,8357,4,0,-0.09968551557762673,0.017286891920424343,49,0.9285685459777474,42,64,largest,0.5
8358,8358,3,0,-0.0900288317117397,0.022327092431989156,15,0.9387162746465283,42,64,largest,0.5
8359,8359,2,0,-0.08816929781475435,0.02356114246015845,57,0.930025030647649,42,64,largest,0.5
836,836,1,0,-0.0015721466221634284,0.11280326750150718,50,0.9944578352444147,42,64,largest,0.5
8360,8360,0,0,-0.1323229445352504,0.009970978106249237,48,0.906024385387913,42,64,largest,0.5
8361,8361,4,0,-0.07006797289111477,0.025820451479601787,41,0.947046668358006,42,64,largest,0.5
8362,8362,3,0,-0.08615761831430813,0.024079418858938828,2,0.9539966041612961,42,64,largest,0.5
8363,8363,2,0,-0.07442945811907009,0.03102222076511119,42,0.9578139251700721,42,64,largest,0.5
8364,8364,1,0,-0.06007276078878687,0.040932880785598605,16,0.9492731393000454,42,64,largest,0.5
8365,8365,0,0,-0.059389234020259085,0.04141209478808852,25,0.9983320372065863,42,64,largest,0.5
8366,8366,4,1,0.0013996943467790013,0.06653121793391731,42,0.9578880139391743,42,64,largest,0.5
8367,8367,3,0,-0.07802362644102145,0.028209027141741297,61,0.924168245524742,42,64,largest,0.5
8368,8368,2,0,-0.13101617498348295,0.00989157091330986,57,0.9038354344111498,42,64,largest,0.5
8369,8369,1,0,-0.043938929971046536,0.054527770892471,55,0.9686593064529722,42,64,largest,0.5
837,837,0,0,-0.09811558928541242,0.019549081848049616,32,0.9873933921923657,42,64,largest,0.5
8370,8370,4,0,-0.06543974057692115,0.02748169260210063,30,0.9543121740364284,42,64,largest,0.5
8371,8371,3,0,-0.04766032564501188,0.05055524928759825,8,0.9903799578458383,42,64,largest,0.5
8372,8372,2,0,-0.05302925700675265,0.04737588431034718,62,0.9925192757633859,42,64,largest,0.5
8373,8373,1,0,-0.028163343777609318,0.07185044096987624,51,0.9777700018301584,42,64,largest,0.5
8374,8374,0,0,-0.04259500456282994,0.05696958753896269,2,0.9813555770230048,42,64,largest,0.5
8375,8375,4,0,-0.0359480413795894,0.04077053389741791,32,0.986914372616382,42,64,largest,0.5
8376,8376,3,0,-0.05206913881244901,0.0464904328936536,36,0.9958803798090925,42,64,largest,0.5
8377,8377,2,0,-0.05194272555016155,0.048395369372795344,23,0.9888562598880889,42,64,largest,0.5
8378,8378,1,0,-0.013525315830786977,0.0923339679680543,0,0.9864876390705647,42,64,largest,0.5
8379,8379,0,0,-0.046677851118813285,0.05274508967698928,32,1.0022603933355776,42,64,largest,0.5
838,838,4,0,-0.06993633724702342,0.02586632085303952,1,0.9386810194235227,42,64,largest,0.5
8380,8380,3,0,-0.04292057865300791,0.05529940879901073,0,0.9916450820910588,42,64,largest,0.5
8381,8381,2,0,-0.044146101414371586,0.056344016675522905,15,1.0022570896314875,42,64,largest,0.5
8382,8382,1,0,-0.029659758683135973,0.07001044967607309,47,0.9726500585371358,42,64,largest,0.5
8383,8383,0,0,-0.05411814872923215,0.045797440858781326,28,0.9918179196144927,42,64,largest,0.5
8384,8384,4,0,-0.015411552236617165,0.05345781444057965,29,0.996224931304484,42,64,largest,0.5
8385,8385,3,0,-0.04744409247778081,0.050763036234350065,11,1.000301567898818,42,64,largest,0.5
8386,8386,2,0,-0.1041081044566664,0.017084611600691926,61,0.9526003473769896,42,64,largest,0.5
8387,8387,1,0,-0.02190185954178092,0.08004259071782749,50,0.9988423050430758,42,64,largest,0.5
8388,8388,0,0,-0.05747591941906127,0.042955394486643164,30,1.0085125908507222,42,64,largest,0.5
8389,8389,4,0,-0.03279199826719259,0.042513598028050895,49,0.9840230379752722,42,64,largest,0.5
839,839,3,0,-0.013135062709187073,0.09595824600150209,30,0.9645393438880657,42,64,largest,0.5
8390,8390,2,0,-0.07800562463323368,0.028884567083510587,40,0.9733336331493616,42,64,largest,0.5
8391,8391,1,0,-0.009838296329185314,0.09826386282910463,53,0.9892669466712378,42,64,largest,0.5
8392,8392,0,0,-0.004671598114851849,0.11411136838370038,7,0.9576824416644982,42,64,largest,0.5
8393,8393,4,0,-0.04329261455262656,0.03697533964525705,38,0.9821032046783295,42,64,largest,0.5
8394,8394,3,0,-0.01465070808746849,0.09336304898964447,56,0.9839770111946585,42,64,largest,0.5
8395,8395,2,0,-0.04401790742449818,0.05648445881679081,0,0.9729617314160239,42,64,largest,0.5
8396,8396,1,0,-0.006395695957400749,0.10410459102852956,16,0.9866949751688961,42,64,largest,0.5
8397,8397,0,0,-0.046127372634189645,0.05329692298345335,40,0.9958022942363721,42,64,largest,0.5
8398,8398,4,0,-0.022323217950493857,0.04881885542577795,0,0.9893559644310871,42,64,largest,0.5
8399,8399,3,0,-0.08989603869457863,0.022385084425819067,61,0.9558682414880382,42,64,largest,0.5
84,84,2,0,-0.010938748859486092,0.10575492663501743,9,0.9830038226775819,42,64,largest,0.5
840,840,1,0,-0.016167865557719208,0.08828367452851495,55,0.9807365500787583,42,64,largest,0.5
8400,8400,0,0,-0.015855498699707704,0.09340847171890937,2,0.9655720694594944,42,64,largest,0.5
8401,8401,4,0,-0.07036374776295495,0.025717675297682454,48,0.9564522327668249,42,64,largest,0.5
8402,8402,3,0,-0.0632801111290241,0.03751025717539613,61,0.9771638668174446,42,64,largest,0.5
8403,8403,2,0,-0.035327119937773266,0.0668082005437519,35,0.9834006758563277,42,64,largest,0.5
8404,8404,1,0,-0.03922685721284491,0.05924238036234214,52,0.9691144875191302,42,64,largest,0.5
8405,8405,0,0,-0.10345542590150236,0.017606955516440093,56,0.9529449312197924,42,64,largest,0.5
8406,8406,4,0,-0.033956807146920065,0.04186214133487663,0,0.9687194457713362,42,64,largest,0.5
8407,8407,3,0,-0.05993244485554183,0.040001323036615084,23,0.940730419089004,42,64,largest,0.5
8408,8408,2,0,-0.04542300806549504,0.05496292777476584,16,0.9658293032820481,42,64,largest,0.5
8409,8409,1,0,-0.06204692244057819,0.03951095039686006,47,0.9525479416536367,42,64,largest,0.5
841,841,0,0,-0.05303941493532749,0.04674789562423456,28,0.9941459580373291,42,64,largest,0.5
8410,8410,4,0,-0.008370348441445463,0.05860931619545708,40,0.9597184404251541,42,64,largest,0.5
8411,8411,3,0,-0.04029649419360337,0.05810324908982107,7,0.9436309075333643,42,64,largest,0.5
8412,8412,2,0,-0.058186183301893735,0.042809591213486646,23,0.9806142455544673,42,64,largest,0.5
8413,8413,1,0,-0.07650268222560519,0.030454153729635898,27,0.9347686723755941,42,64,largest,0.5
8414,8414,0,0,-0.030297393152394214,0.07168753956342559,17,0.9904073890838958,42,64,largest,0.5
8415,8415,4,0,-0.12943957154703523,0.011518697485253642,1,0.8959788361406581,42,64,largest,0.5
8416,8416,3,0,-0.03770886323957168,0.06099833367907778,22,0.994746222887805,42,64,largest,0.5
8417,8417,2,0,-0.07578747911532668,0.030193000982999905,55,0.9857827315946855,42,64,largest,0.5
8418,8418,1,0,-0.016108009919743815,0.08837361400803287,36,0.9812564379445574,42,64,largest,0.5
842,842,0,0,-0.0810622502372762,0.027262459626742577,1,0.961423585704033,42,64,largest,0.5
8420,8420,4,0,-0.01135965087773072,0.05636772216585255,1,0.9935760185193401,42,64,largest,0.5
8421,8421,3,0,-0.014158906055298903,0.09419817237104187,14,0.9952747344105566,42,64,largest,0.5
8422,8422,2,0,-0.008370040899142284,0.1108596916415264,9,0.9744281368470105,42,64,largest,0.5
8423,8423,1,0,-0.05849709955151439,0.042102810055787025,1,0.9597249635613718,42,64,largest,0.5
8424,8424,0,0,-0.0032015998523372557,0.1171120713782769,2,0.9590622042737432,42,64,largest,0.5
8425,8425,4,0,-0.011081111711841563,0.056573137870978216,62,0.9870877869939063,42,64,largest,0.5
8426,8426,3,0,-0.04655999078008455,0.051621041284197915,44,0.9728294117364794,42,64,largest,0.5
8427,8427,2,0,-0.06878079262607395,0.034713894600889014,18,0.9855064390739947,42,64,largest,0.5
8428,8428,1,0,-0.01459168948756695,0.09067980030571952,58,0.9936198876973822,42,64,largest,0.5
8429,8429,0,0,-0.012126399858773063,0.09990719664220225,44,0.9569931686443733,42,64,largest,0.5
843,843,4,0,-0.013747071752744922,0.05463561745058726,46,0.9958466849122166,42,64,largest,0.5
8430,8430,3,0,-0.0015905947099544848,0.11791829234648024,41,0.9879319908718994,42,64,largest,0.5
8431,8431,2,0,-0.014738890111348657,0.09858336890269623,2,0.9764973237611244,42,64,largest,0.5
8432,8432,1,0,-0.020314523115674943,0.08225093689818713,36,0.9848873653807557,42,64,largest,0.5
8433,8433,0,0,-0.007153522834450476,0.10919701663671612,7,0.9700494948175536,42,64,largest,0.5
8434,8434,4,0,-0.02446121689949765,0.04746292269035103,5,0.9937997804354529,42,64,largest,0.5
8435,8435,3,0,-0.05068184905739681,0.047734770741565395,35,0.9968063785936836,42,64,largest,0.5
8436,8436,2,0,-0.03761048013858381,0.06393739009076535,15,0.9978426260425054,42,64,largest,0.5
8437,8437,1,0,-0.03268699702600686,0.06642075278456243,3,0.9755934555346655,42,64,largest,0.5
8438,8438,0,0,-0.0977827170079103,0.019676872816910086,21,0.9424754281011468,42,64,largest,0.5
8439,8439,4,0,-0.08275455717148072,0.021752685703460842,17,0.9220994664965505,42,64,largest,0.5
844,844,3,0,-0.07511059820964894,0.02984919748920141,28,0.9626319797824769,42,64,largest,0.5
8440,8440,2,0,-0.06571611069368954,0.03689056385745209,39,0.9691673405753097,42,64,largest,0.5
8441,8441,1,0,-0.03207181508354606,0.06713611527498094,49,0.9657572713170728,42,64,largest,0.5
8442,8442,0,0,-0.08604749374078491,0.024743512510025666,21,0.9661042444359584,42,64,largest,0.5
8443,8443,4,0,-0.09501650650082949,0.018419676310814554,40,0.9441577181559377,42,64,largest,0.5
8444,8444,3,0,-0.09202295771467739,0.0214736968650984,34,0.9590894446808411,42,64,largest,0.5
8445,8445,2,0,-0.06588429035560373,0.03676778367652661,0,0.9803497052334335,42,64,largest,0.5
8446,8446,1,0,-0.12954101777542393,0.011540482255882781,27,0.8784083927692605,42,64,largest,0.5
8447,8447,0,0,-0.12236443110806483,0.012137692791887655,44,0.9356225017973866,42,64,largest,0.5
8448,8448,4,0,-0.00513963422270225,0.061125776709126375,32,0.9990260225310613,42,64,largest,0.5
8449,8449,3,0,-0.02059359727636001,0.08378545536600775,3,0.9601490742691571,42,64,largest,0.5
845,845,2,0,-0.07729120620703023,0.02929986539174229,23,0.9725713075444905,42,64,largest,0.5
8450,8450,1,0,-0.0471449651633139,0.0515245187338722,32,0.9610030884996005,42,64,largest,0.5
8451,8451,0,0,-0.0698373882369191,0.03387904881040229,5,0.9714104120681476,42,64,largest,0.5
8452,8452,4,0,-0.03053101916621359,0.04380587298889092,14,0.9496066374900002,42,64,largest,0.5
8453,8453,3,1,0.004694252988425518,0.1316194307881975,47,0.9857233842064077,42,64,largest,0.5
8454,8454,2,0,-0.016800834228222983,0.09487599668644407,9,0.9683573240977886,42,64,largest,0.5
8455,8455,1,0,-0.03308325533616685,0.06596372061116261,58,0.974070231154555,42,64,largest,0.5
8456,8456,0,0,-0.01979236431413589,0.08696154885593047,57,0.9592452119261039,42,64,largest,0.5
8457,8457,4,0,-0.0253203627585028,0.04692818774870867,0,0.9809593562419621,42,64,largest,0.5
8458,8458,3,0,-0.06328275959695462,0.03750834667662579,37,0.9502119423648511,42,64,largest,0.5
8459,8459,2,1,0.007702822898813522,0.14789602092577903,10,0.9643096937124896,42,64,largest,0.5
846,846,1,0,-0.0569981679159669,0.0432453900872978,62,0.9281901534934657,42,64,largest,0.5
8460,8460,0,0,-0.057929088850332655,0.0425849711885152,52,0.9870570514421678,42,64,largest,0.5
8461,8461,4,0,-0.0315190728358381,0.04323659764525265,32,0.9963701211676634,42,64,largest,0.5
8462,8462,3,0,-0.0710649309770448,0.03228117836733439,34,0.9603899845261712,42,64,largest,0.5
8463,8463,2,0,-0.06432150466833131,0.037923999780509664,12,0.9658287773177509,42,64,largest,0.5
8464,8464,1,0,-0.17491750370734016,0.004981650933057596,13,0.8360545768215152,42,64,largest,0.5
8465,8465,0,0,-0.08243241351706576,0.026546301629854035,21,0.9544037047628859,42,64,largest,0.5
8466,8466,4,0,-0.02973017060260663,0.04427252941200021,17,0.9538393716610621,42,64,largest,0.5
8467,8467,3,0,-0.04212630908206294,0.056134369145627194,30,0.9545515675909965,42,64,largest,0.5
8468,8468,2,0,-0.031836283395101805,0.07142911914034669,7,0.9676858310369717,42,64,largest,0.5
8469,8469,1,0,-0.03322196463822491,0.0658044293013767,36,0.9764747114940663,42,64,largest,0.5
847,847,0,0,-0.011756386270274866,0.10057349426569434,7,0.9868203610930718,42,64,largest,0.5
8470,8470,4,0,-0.007991047342242208,0.05889965054293425,30,0.9732601550813393,42,64,largest,0.5
8471,8471,3,1,0.022557932016776028,0.17802561221062416,47,0.961829445332858,42,64,largest,0.5
8472,8472,2,0,-0.0689329329316507,0.034609126045435507,5,0.9925369413949766,42,64,largest,0.5
8473,8473,1,0,-0.02544765632873658,0.07530397600227766,8,0.9814308536545481,42,64,largest,0.5
8474,8474,0,0,-0.06974335865571257,0.033940550953825255,33,0.9849306283403378,42,64,largest,0.5
8475,8475,4,0,-0.005857709311811732,0.06055786729238743,54,0.9870578809755165,42,64,largest,0.5
8476,8476,3,1,0.012907081135887455,0.15153462257365516,47,0.9487481932342405,42,64,largest,0.5
8477,8477,2,1,0.0010550919084284516,0.13147108102526855,10,0.9578975567176797,42,64,largest,0.5
8478,8478,1,0,-0.06337917117602687,0.03857826489508301,42,0.9355388928010359,42,64,largest,0.5
8479,8479,0,0,-0.03134500373274207,0.07030800805792341,35,0.9697395763988104,42,64,largest,0.5
848,848,4,0,-0.014358003232937455,0.05420050275022899,55,0.983672314799543,42,64,largest,0.5
8480,8480,3,0,-0.014952101926812622,0.09285454330395713,41,0.9733334812769431,42,64,largest,0.5
8481,8481,2,0,-0.09122506033022959,0.022156841230866378,40,0.9392681126324993,42,64,largest,0.5
8482,8482,1,0,-0.07493639211027836,0.031329061759392506,3,0.9381377817326182,42,64,largest,0.5
8483,8483,0,0,-0.06630006867279636,0.036268349586560375,57,0.9559023936068427,42,64,largest,0.5
8484,8484,4,0,-0.03750551830493254,0.03993576387480286,34,0.9298137714574266,42,64,largest,0.5
8485,8485,3,0,-0.12253735354346385,0.011786708648642693,31,0.9339776105317176,42,64,largest,0.5
8486,8486,2,0,-0.10001602144264876,0.018557908010405466,45,0.9559606560891342,42,64,largest,0.5
8487,8487,1,0,-0.026398663686318047,0.0740775703121492,4,0.9688916387660835,42,64,largest,0.5
8488,8488,0,0,-0.06569586490347767,0.03669236469802161,7,0.9322630448600642,42,64,largest,0.5
8489,8489,4,0,-0.00715470998424772,0.05954459115650175,0,0.9680204775003438,42,64,largest,0.5
849,849,3,0,-0.14029633935841235,0.008295041049137294,0,0.8931326664460119,42,64,largest,0.5
8490,8490,2,1,0.013819840810112116,0.16447431673956153,10,0.9356443902456731,42,64,largest,0.5
8491,8491,1,0,-0.03303297334957511,0.0660215520031826,21,0.9758253391782667,42,64,largest,0.5
8492,8492,0,0,-0.04426307092141557,0.055206538305730184,32,0.9894187422346292,42,64,largest,0.5
8493,8493,4,0,-0.031160718692819667,0.043442245343968885,31,0.9805104161649513,42,64,largest,0.5
8494,8494,3,0,-0.04978602374829877,0.048555029696586066,36,1.0068981962961057,42,64,largest,0.5
8495,8495,2,0,-0.06776955777943405,0.035418070992659825,5,0.9829143471198277,42,64,largest,0.5
8496,8496,1,0,-0.022809463686451426,0.07880435705062176,50,0.9839201010380526,42,64,largest,0.5
8497,8497,0,0,-0.04671185264928768,0.05271118196633254,20,0.9862610959479922,42,64,largest,0.5
8498,8498,4,0,-0.053308714029528304,0.032343570157240105,32,0.9849629457744276,42,64,largest,0.5
8499,8499,3,0,-0.043513541693714686,0.05468370538272934,18,0.9963649874893286,42,64,largest,0.5
85,85,2,0,-0.03724106775186653,0.06439392211035902,40,0.9757149686082195,42,64,largest,0.5
850,850,1,0,-0.03899746561615136,0.059481388490124076,8,0.9492160825378279,42,64,largest,0.5
8500,8500,0,0,-0.05174116764037884,0.04791663617895698,27,0.9755370954310975,42,64,largest,0.5
8501,8501,4,0,-0.039376580389801075,0.03895457216070351,38,0.98066124876449,42,64,largest,0.5
8502,8502,3,0,-0.089506743275381,0.022555942944347783,28,0.9388656238939789,42,64,largest,0.5
8503,8503,2,0,-0.08937780091651348,0.022995670812817382,42,0.9420479901583404,42,64,largest,0.5
8504,8504,1,0,-0.046426308377504055,0.05218381444073182,18,0.9592342867254244,42,64,largest,0.5
8505,8505,0,0,-0.04033662918068637,0.05944094841842312,32,0.9864752092507771,42,64,largest,0.5
8506,8506,4,0,-0.033630329352388966,0.04204376548278737,22,0.9804436401814873,42,64,largest,0.5
8507,8507,3,0,-0.07606400336030716,0.029302457895576534,44,0.9797264663627866,42,64,largest,0.5
8508,8508,2,0,-0.010322527305188012,0.10696030937774952,9,0.9839228620838399,42,64,largest,0.5
8509,8509,1,0,-0.06796521482587914,0.035526670327718314,0,0.9316407560584167,42,64,largest,0.5
851,851,0,0,-0.001167918231376075,0.12137607371687531,2,0.9699724506801026,42,64,largest,0.5
8510,8510,4,0,-0.035692976162437606,0.0409088254292016,31,0.9852446178332741,42,64,largest,0.5
8511,8511,3,0,-0.023490507682930706,0.07944774909005604,46,0.9859684135857011,42,64,largest,0.5
8512,8512,2,0,-0.044962444275967295,0.05545735344316025,55,0.9956151628145209,42,64,largest,0.5
8513,8513,1,0,-0.018023733501959294,0.0855357705665222,4,0.9790245567690438,42,64,largest,0.5
8514,8514,0,0,-0.009528473323325848,0.10466933494482265,28,0.9911755268981681,42,64,largest,0.5
8515,8515,4,0,-0.051220659148552894,0.03326042686939771,6,0.9851386782814502,42,64,largest,0.5
8516,8516,3,0,-0.05866448409609326,0.04098563974934211,34,0.9900620740667616,42,64,largest,0.5
8517,8517,2,0,-0.08173637828769109,0.026806999846332415,14,0.979708317659607,42,64,largest,0.5
8518,8518,1,0,-0.056761439613909004,0.04342852554932915,8,0.9627155962555186,42,64,largest,0.5
8519,8519,0,0,-0.05388079064342821,0.046004981797838344,39,0.9607902085733069,42,64,largest,0.5
852,852,4,0,-0.04445994284359833,0.03640429837017939,32,0.9925256742252697,42,64,largest,0.5
8520,8520,3,0,-0.05186547855847912,0.04667115574459684,46,0.9817037718142674,42,64,largest,0.5
8521,8521,2,0,-0.0104255983912106,0.10675785459218179,34,0.9550341101715618,42,64,largest,0.5
8522,8522,1,0,-0.10400753477820701,0.018454165048740846,8,0.920010167955204,42,64,largest,0.5
8523,8523,0,0,-0.0609608351053913,0.0401842470225559,37,0.9984721766884813,42,64,largest,0.5
8524,8524,4,0,-0.029026699916423704,0.04468635141438611,5,0.991762363244229,42,64,largest,0.5
8525,8525,3,0,-0.047648118258235006,0.050566958368072124,36,0.9909821543970031,42,64,largest,0.5
8526,8526,2,0,-0.04147196608953707,0.059342682941361614,7,0.969293986376472,42,64,largest,0.5
8527,8527,1,1,0.007388430694165615,0.13065049551245123,7,0.9995466188241111,42,64,largest,0.5
8528,8528,0,0,-0.08039999945964682,0.02761530378215872,17,0.964595704119917,42,64,largest,0.5
8529,8529,4,0,-0.044992544254013556,0.03614658473260962,29,0.9675682958047493,42,64,largest,0.5
853,853,3,0,-0.04196820233269949,0.05630198496137399,37,0.990989562468416,42,64,largest,0.5
8530,8530,2,0,-0.007755880477437027,0.11211174053719435,17,0.9648105629350481,42,64,largest,0.5
8531,8531,1,0,-0.16316472661236459,0.006195630278238572,57,0.841965832743151,42,64,largest,0.5
8532,8532,0,0,-0.16802019122664313,0.004913840555370196,47,0.883752946220325,42,64,largest,0.5
8533,8533,4,0,-0.048324207969709154,0.03457389285180086,18,0.9772374542409622,42,64,largest,0.5
8534,8534,3,0,-0.03683414473152835,0.062007129124776385,14,0.9804776933926354,42,64,largest,0.5
8535,8535,2,0,-0.023669831311524336,0.08341169401061241,58,0.9885021756467921,42,64,largest,0.5
8536,8536,1,1,0.005450045348033505,0.12659689555522155,7,0.9962662249346292,42,64,largest,0.5
8538,8538,0,0,-0.052867812453801344,0.0469008109036692,40,0.9938435301737283,42,64,largest,0.5
8539,8539,4,0,-0.03531602461920369,0.041114023919831315,36,0.990401746305194,42,64,largest,0.5
854,854,3,1,0.005182492076945877,0.13273845443955148,47,0.9257978755786309,42,64,largest,0.5
8540,8540,2,0,-0.035373364290607445,0.06674888886308565,17,0.989368853635571,42,64,largest,0.5
8541,8541,1,0,-0.04354221109503409,0.05491067268033484,60,0.9658209779765912,42,64,largest,0.5
8542,8542,0,0,-0.06908529228353055,0.034373998608342504,37,1.0054213335523776,42,64,largest,0.5
8543,8543,4,0,-0.02250055158384201,0.04870500563038215,0,0.991256999723125,42,64,largest,0.5
8544,8544,3,0,-0.0326471615917584,0.06705500391454702,39,0.9818950594821269,42,64,largest,0.5
8545,8545,2,0,-0.07090970698839127,0.03327527895935639,5,0.9918357514853855,42,64,largest,0.5
8546,8546,1,0,-0.0001504614934847437,0.11548557621377921,55,0.989417238157517,42,64,largest,0.5
8547,8547,0,0,-0.03932502203505295,0.06058023624786607,49,0.9895932674574619,42,64,largest,0.5
8548,8548,4,0,-0.026982198258834522,0.045910071969813455,29,0.9733965154169604,42,64,largest,0.5
8549,8549,3,0,-0.08053863599039934,0.026863626854485213,7,0.9593311841691495,42,64,largest,0.5
855,855,2,0,-0.07829189626416089,0.02871976227379838,61,0.9411583592510512,42,64,largest,0.5
8550,8550,1,0,-0.021864989122513223,0.08009326619898394,12,0.984649449522175,42,64,largest,0.5
8551,8551,0,0,-0.09739082831302215,0.019828369818414033,57,0.9738952415594454,42,64,largest,0.5
8552,8552,4,0,-0.009777552166749914,0.05754386534543822,44,0.962974639470481,42,64,largest,0.5
8553,8553,3,0,-0.026799866639686032,0.07474421565167626,51,0.9904955789121279,42,64,largest,0.5
8554,8554,2,1,0.007692665672384025,0.14786967872010545,10,0.9565982606674361,42,64,largest,0.5
8555,8555,1,0,-0.05846505485813147,0.04212693189844541,8,0.9617944040392622,42,64,largest,0.5
8556,8556,0,0,-0.038538301181494594,0.06148034138000995,37,0.9954498385363917,42,64,largest,0.5
8557,8557,4,0,-0.0015909949404735446,0.06400609041439172,36,1.0029210150880805,42,64,largest,0.5
8558,8558,3,0,-0.06770934021175334,0.03444267009862432,52,0.9800760157834801,42,64,largest,0.5
8559,8559,2,0,-0.018167762134850496,0.09248752599436465,9,0.9412195636412488,42,64,largest,0.5
856,856,1,0,-0.10599978007666488,0.017792712891109664,58,0.928704600735074,42,64,largest,0.5
8560,8560,0,0,-0.06608447412264451,0.03641910459702543,52,1.0007414433500663,42,64,largest,0.5
8562,8562,4,0,-0.030726431196459125,0.0436927202362136,3,0.9609583042302453,42,64,largest,0.5
8563,8563,3,0,-0.04520793074653606,0.05295975352419173,14,0.9795729413457239,42,64,largest,0.5
8564,8564,2,0,-0.011466619586017246,0.10473190636186232,32,0.9573487243109423,42,64,largest,0.5
8565,8565,1,0,-0.11402131209525979,0.015357222217155955,11,0.8948330483123905,42,64,largest,0.5
8566,8566,0,0,-0.0085703777838545,0.10647558591826398,10,0.9807752441192154,42,64,largest,0.5
8567,8567,4,0,-0.03877891514925502,0.039265449180590155,4,0.9677982153082578,42,64,largest,0.5
8568,8568,3,0,-0.01847832368331348,0.08708756073471392,30,0.9496717502190538,42,64,largest,0.5
8569,8569,2,1,0.004169961371240483,0.1389656264846319,10,0.9448078820391747,42,64,largest,0.5
857,857,1,0,-0.04650684361723567,0.05210953662637835,16,0.9590085184470537,42,64,largest,0.5
8570,8570,0,1,0.007984327001779978,0.14224923570784645,36,0.9437939886708837,42,64,largest,0.5
8571,8571,4,0,-0.055757768041775235,0.03129931373579896,4,0.948740542457467,42,64,largest,0.5
8572,8572,3,0,-0.009215743570664237,0.10297009462081508,53,0.9669774208661733,42,64,largest,0.5
8573,8573,2,1,0.002851444471452247,0.1357503894977207,10,0.9241267196575849,42,64,largest,0.5
8574,8574,1,0,-0.019260396199777596,0.08374797343080567,14,0.980627429933823,42,64,largest,0.5
8575,8575,0,0,-0.0111239086720748,0.10172156224320901,57,0.9408527609310336,42,64,largest,0.5
8576,8576,4,0,-0.02043001722809601,0.05005014076442741,34,0.9494522103778794,42,64,largest,0.5
8577,8577,3,0,-0.017101093917827992,0.08930036731186966,30,0.9591770656762739,42,64,largest,0.5
8578,8578,2,0,-0.06023657916130987,0.04111339982150206,4,0.9905134096708129,42,64,largest,0.5
8579,8579,1,0,-0.02520410905662629,0.07562103778765739,25,0.9763460381078138,42,64,largest,0.5
858,858,0,1,0.006977872475990021,0.1398149992199822,36,0.9482234171930732,42,64,largest,0.5
8580,8580,4,0,-0.023706537623953472,0.04793740915393715,46,0.9998825420230918,42,64,largest,0.5
8581,8581,3,0,-0.07022498313831049,0.03280959888019252,44,0.9800034771093559,42,64,largest,0.5
8582,8582,2,0,-0.06705541014103222,0.03592363912544235,42,0.9924499748058752,42,64,largest,0.5
8583,8583,1,0,-0.07435266127813445,0.031661308052768636,5,0.9330088027848502,42,64,largest,0.5
8584,8584,0,0,-0.06528227800990472,0.036985354601257424,37,0.9896505385654062,42,64,largest,0.5
8585,8585,4,0,-0.04131882652706065,0.037960535625191805,29,0.9900354494931299,42,64,largest,0.5
8586,8586,3,0,-0.05736926250094132,0.04201503663897981,28,0.9719583750380888,42,64,largest,0.5
8587,8587,2,0,-0.053468192678569504,0.04696984826522607,47,0.995734677147479,42,64,largest,0.5
8588,8588,1,0,-0.0016409953510372333,0.11267476044737938,9,1.0046296731310453,42,64,largest,0.5
8589,8589,0,0,-0.05390947085005737,0.04597985695762828,3,0.9928144976849362,42,64,largest,0.5
859,859,4,0,-0.03129119588091789,0.043367260894037446,5,0.9948147645634253,42,64,largest,0.5
8590,8590,3,0,-0.05844381635975715,0.04115929636352658,12,0.9883294815158377,42,64,largest,0.5
8591,8591,2,0,-0.005852859986220094,0.11607000446125337,34,0.9829173589549698,42,64,largest,0.5
8592,8592,1,0,-0.03774182175008767,0.06080574880441608,16,0.9833694624268944,42,64,largest,0.5
8593,8593,0,0,-0.031098376679994044,0.07063055025959714,57,0.9580537356896996,42,64,largest,0.5
8594,8594,4,0,-0.03259296906538811,0.042625876345406086,30,0.9852275739800669,42,64,largest,0.5
8595,8595,3,0,-0.048826698130479906,0.0494482560598423,53,0.9669800688424255,42,64,largest,0.5
8596,8596,2,0,-0.03839975572078591,0.0629720652840271,4,0.989248190667959,42,64,largest,0.5
8597,8597,1,0,-0.01876283600133466,0.08446315919044523,36,0.988053807078982,42,64,largest,0.5
8598,8598,0,0,-0.017390079414780435,0.09084599302659194,58,0.9866596088057097,42,64,largest,0.5
8599,8599,4,0,-0.046961066610119895,0.035209219370381566,7,0.976789703603302,42,64,largest,0.5
86,86,3,0,-0.06340037071561777,0.03742360094368447,44,0.9801230020243344,42,64,largest,0.5
860,860,2,0,-0.042222592617147,0.058486182860188175,28,0.9729567427604614,42,64,largest,0.5
8600,8600,1,0,-0.013467852927196544,0.09242387019557699,22,0.9988183361466418,42,64,largest,0.5
8601,8601,0,0,-0.1120866521164603,0.014861250588121561,44,0.8890116103142434,42,64,largest,0.5
8602,8602,4,0,-0.08048474136842976,0.022431360789665768,47,0.9635851109541083,42,64,largest,0.5
8603,8603,3,0,-0.026553669978097938,0.07508513109102793,44,0.9972090017705841,42,64,largest,0.5
8604,8604,2,0,-0.11899978818322443,0.01263179490481962,45,0.9305744664146695,42,64,largest,0.5
8605,8605,1,0,-0.02417709911793342,0.0769715727114745,32,0.9746913375475272,42,64,largest,0.5
8606,8606,0,0,-0.11146886508914144,0.015042917388617013,52,0.9851136438764793,42,64,largest,0.5
8607,8607,4,0,-0.017437725997899056,0.052056401759096926,4,0.9792350884983824,42,64,largest,0.5
8608,8608,3,0,-0.05544332746110514,0.04359151998687452,45,0.9691514085199932,42,64,largest,0.5
8609,8609,2,0,-0.01589630399859665,0.09648672581519589,62,0.971218423445372,42,64,largest,0.5
861,861,1,0,-0.042862770665293315,0.05557233782080312,47,0.9582923767023708,42,64,largest,0.5
8610,8610,0,0,-0.03709134478476761,0.0631685437079439,35,1.0008528626516588,42,64,largest,0.5
8611,8611,4,0,-0.03586786274987608,0.04081395692483307,14,0.9420425382848251,42,64,largest,0.5
8612,8612,3,0,-0.03599861856856812,0.0629852552494965,39,0.990849347067533,42,64,largest,0.5
8613,8613,2,0,-0.058424437840226995,0.042609113036750794,5,1.0036210398272052,42,64,largest,0.5
8614,8614,1,0,-0.0028551213752343596,0.11042950372016987,50,0.9917594263821818,42,64,largest,0.5
8615,8615,0,0,-0.060103962324174254,0.040849309184250025,31,0.981483129281104,42,64,largest,0.5
8616,8616,4,0,-0.025806401904575615,0.046628217253223844,22,0.9885153638031732,42,64,largest,0.5
8618,8618,3,0,-0.05458390292114346,0.04431308611986169,22,0.981861468463461,42,64,largest,0.5
8619,8619,2,0,-0.09431254504727726,0.020821139320948843,45,0.9536443679570756,42,64,largest,0.5
862,862,1,0,-0.0227491475060827,0.07888609943130347,28,0.9771474688326203,42,64,largest,0.5
8620,8620,0,0,-0.014386755094338288,0.09592154185021641,0,0.9911793611877292,42,64,largest,0.5
8621,8621,4,0,-0.06499681683905278,0.027646016209950428,40,0.9538557596081331,42,64,largest,0.5
8622,8622,3,0,-0.06320006221732755,0.0375680454053632,39,0.9856996898072793,42,64,largest,0.5
8623,8623,2,0,-0.08936622310437525,0.023001024812216744,55,0.9746766853218694,42,64,largest,0.5
8624,8624,1,0,-0.0358690061360426,0.06283237189250619,11,0.9635292359628954,42,64,largest,0.5
8625,8625,0,0,-0.05481236518487065,0.04519553685745781,37,0.9978203629166613,42,64,largest,0.5
8626,8626,4,0,-0.032944232270823104,0.042427909090481594,54,0.988924198887768,42,64,largest,0.5
8627,8627,3,0,-0.05164053501446764,0.04687154129442926,60,0.9911565348244059,42,64,largest,0.5
8629,8629,2,0,-0.09480377781956784,0.020616017805486653,43,0.9673852969971481,42,64,largest,0.5
863,863,1,1,0.0005529206337481218,0.11683305056285728,7,0.9998659673884375,42,64,largest,0.5
8630,8630,0,0,-0.06993240551489366,0.033817009885724926,24,0.9790518518198189,42,64,largest,0.5
8631,8631,4,0,-0.0755006137234685,0.023994991719046007,15,0.9651011202590548,42,64,largest,0.5
8632,8632,3,0,-0.018080851823763178,0.08772103997940664,13,0.9838660655040279,42,64,largest,0.5
8633,8633,2,0,-0.043009130080979396,0.05760115488871297,47,0.9748869112376848,42,64,largest,0.5
8634,8634,1,0,-0.000872891987159008,0.11411569675912528,36,0.9916613218588971,42,64,largest,0.5
8635,8635,0,0,-0.0642658345455771,0.03771500347142124,32,0.9917846225778932,42,64,largest,0.5
8636,8636,4,0,-0.01749085898078717,0.05202012328659966,30,0.9890404807132034,42,64,largest,0.5
8637,8637,3,0,-0.050002833760795284,0.048355289920168604,18,0.9714853445980388,42,64,largest,0.5
8638,8638,2,0,-0.021105957169716083,0.08753559186662842,34,0.9822001207520294,42,64,largest,0.5
8639,8639,1,0,-0.01766018104976097,0.08606788883282564,36,0.9814080999242268,42,64,largest,0.5
864,864,0,1,0.013163600575289536,0.15533901463027852,36,0.955876601959938,42,64,largest,0.5
8640,8640,4,0,-0.018645645261339383,0.051237531028306284,14,0.9547214351607857,42,64,largest,0.5
8641,8641,3,0,-0.06836001849296447,0.034012905284007876,18,0.9711481366443155,42,64,largest,0.5
8642,8642,2,0,-0.12039547734883249,0.012278509495148337,11,0.9644537847766015,42,64,largest,0.5
8643,8643,1,0,-0.03355118357650111,0.06542779056612626,56,0.9692885258835834,42,64,largest,0.5
8644,8644,0,0,-0.04296798155025772,0.0565708369485265,51,0.9830324724814561,42,64,largest,0.5
8645,8645,4,0,-0.0043408073506668865,0.06176339942063412,41,0.9934685916212219,42,64,largest,0.5
8646,8646,3,0,-0.05142386443519298,0.04706533035633049,46,0.9798128521292144,42,64,largest,0.5
8647,8647,2,0,-0.08424820575584058,0.025490845788436044,42,0.9363482701895302,42,64,largest,0.5
8648,8648,1,0,-0.0016044267449543126,0.11274300030795337,46,0.9996366055431553,42,64,largest,0.5
865,865,0,0,-0.02152089052254147,0.08426016772901461,6,0.9509275574454579,42,64,largest,0.5
8650,8650,4,0,-0.032967554448901315,0.04241479617430772,3,0.9830007285686334,42,64,largest,0.5
8651,8651,3,0,-0.008178301086862905,0.10490060423688653,14,0.989941631980122,42,64,largest,0.5
8652,8652,2,0,-0.05743190867387771,0.043450230077452245,15,1.0091982838027305,42,64,largest,0.5
8653,8653,1,0,-0.0250643018772283,0.07580359897642595,25,0.9864031740058592,42,64,largest,0.5
8654,8654,0,0,-0.03562148856728253,0.06492764972044142,22,1.0029308226984421,42,64,largest,0.5
8655,8655,4,0,-0.02328638274061201,0.048203520074179634,0,0.9780082121517759,42,64,largest,0.5
8656,8656,3,0,-0.05972806162707567,0.04015843988711512,52,0.9885698718664286,42,64,largest,0.5
8657,8657,2,0,-0.07360511719987461,0.031536278863447176,11,0.9737380660790491,42,64,largest,0.5
8658,8658,1,0,-0.010033872386984055,0.09794097049920193,46,0.991343726695039,42,64,largest,0.5
8659,8659,0,0,-0.062385540504487635,0.0391013695993931,39,0.9954048254558233,42,64,largest,0.5
866,866,4,0,-0.029585096156086066,0.04435757034179772,14,0.9704316701032095,42,64,largest,0.5
8660,8660,3,0,-0.0361778381645641,0.06277424295672628,7,0.9785266760116977,42,64,largest,0.5
8661,8661,2,0,-0.07494332317640129,0.030705888878460607,15,0.9786336504756356,42,64,largest,0.5
8662,8662,1,0,-0.0591782796963215,0.04159316093868414,18,0.9531941729323189,42,64,largest,0.5
8663,8663,0,0,-0.05392112681299399,0.0459696496690588,27,0.9814531673371234,42,64,largest,0.5
8664,8664,4,0,-0.05312233054904281,0.03242440745762774,41,0.948502923593001,42,64,largest,0.5
8665,8665,3,0,-0.03714230556800846,0.06164996806970756,42,0.9779935474713874,42,64,largest,0.5
8666,8666,2,0,-0.034917257552913195,0.06733602062082637,23,0.9529584731960523,42,64,largest,0.5
8667,8667,1,0,-0.012620248419645375,0.0937591290365506,36,0.9772011831422516,42,64,largest,0.5
8668,8668,0,1,0.04527301829320052,0.25879504613617615,36,0.9147267359318229,42,64,largest,0.5
8669,8669,4,0,-0.07817534797054171,0.023143090704398902,14,0.881660787593107,42,64,largest,0.5
867,867,3,0,-0.06986407146346862,0.033039210628675535,44,0.9765513260747571,42,64,largest,0.5
8670,8670,2,0,-0.1425717334569847,0.00781431602604605,42,0.889852400704962,42,64,largest,0.5
8671,8671,1,0,-0.09554676211378299,0.02154222132355613,3,0.9249473892162591,42,64,largest,0.5
8672,8672,0,0,-0.07792065833877648,0.028976098036578614,8,0.9736678830297719,42,64,largest,0.5
8673,8673,4,0,-0.05172729044149249,0.033035687234879894,1,0.9606000136244668,42,64,largest,0.5
8674,8674,3,0,-0.07197461753527312,0.03171816529039175,51,0.9859990719321379,42,64,largest,0.5
8675,8675,2,0,-0.08580914618047475,0.02470486978720667,23,0.9407048245058106,42,64,largest,0.5
8676,8676,1,0,-0.025405781545151385,0.07535840358661715,52,0.9797426496114929,42,64,largest,0.5
8677,8677,0,0,-0.06505210931323757,0.03714938192327857,21,0.9690808098378699,42,64,largest,0.5
8678,8678,4,0,-0.10449732177295856,0.016191107580399475,17,0.9387115191978364,42,64,largest,0.5
8679,8679,3,0,-0.08663584178034578,0.02385588975656875,49,0.9492270716894339,42,64,largest,0.5
868,868,2,0,-0.018851194281807926,0.09131370540293181,7,0.9720266220951743,42,64,largest,0.5
8680,8680,1,0,-0.03895643612166366,0.0595242331399662,21,0.9735140023832314,42,64,largest,0.5
8681,8681,0,0,-0.09092660782797368,0.022498487808579028,48,0.9632941721865663,42,64,largest,0.5
8682,8682,4,0,-0.016330957425555126,0.052817545238435404,57,0.9587763687520537,42,64,largest,0.5
8683,8683,3,0,-0.008854245613183709,0.1036391864999735,12,0.9704340703459282,42,64,largest,0.5
8684,8684,2,0,-0.029949518043293377,0.07404791051982675,2,0.9564104996651049,42,64,largest,0.5
8685,8685,1,0,-0.013127952384031083,0.09295726305709978,51,0.9745235010328958,42,64,largest,0.5
8686,8686,0,0,-0.0626411725612902,0.038910055727079416,40,0.9729826750576825,42,64,largest,0.5
8687,8687,4,0,-0.004748713605791877,0.061437036527542614,4,0.9645343156986165,42,64,largest,0.5
8688,8688,3,0,-0.0271205616546617,0.07430227411265065,55,0.9463524495011445,42,64,largest,0.5
8689,8689,2,1,0.016394947570223084,0.17188744752057014,10,0.9556481701032904,42,64,largest,0.5
869,869,1,0,-0.035723672633785175,0.06299224921050826,1,0.9698320961655075,42,64,largest,0.5
8690,8690,0,1,0.02731926508882332,0.19612387585887456,36,0.9040575550763177,42,64,largest,0.5
8691,8691,4,0,-0.0010625373450848796,0.06444569371276804,44,0.9573218115398209,42,64,largest,0.5
8692,8692,3,0,-0.016278190227344558,0.0906466206039104,13,0.977022246765891,42,64,largest,0.5
8693,8693,2,1,0.04128323020087932,0.25729202391076833,10,0.9160523582036134,42,64,largest,0.5
8694,8694,1,0,-0.07007321589958793,0.034203233811669606,11,0.9448480485490597,42,64,largest,0.5
8695,8695,0,0,-0.01761778409474135,0.09047120102486739,31,0.9306304916049479,42,64,largest,0.5
8696,8696,4,0,-0.024994303606578616,0.04713045016972485,10,0.9527745523622092,42,64,largest,0.5
8697,8697,3,0,-0.03212199576784458,0.06771444152716566,21,0.8892745188354084,42,64,largest,0.5
8698,8698,2,0,-0.0007115726814536094,0.12737469709464883,32,0.9629374385214188,42,64,largest,0.5
8699,8699,1,0,-0.035262408078079455,0.06350219002639504,11,0.9598801144231774,42,64,largest,0.5
87,87,0,0,-0.032833796169288165,0.06838970355576801,30,0.9892055405988849,42,64,largest,0.5
870,870,4,0,-0.061377195819522834,0.029025127381484928,41,0.9690942991898701,42,64,largest,0.5
8700,8700,3,0,-0.06357706886852532,0.03729662537569687,27,0.988175845902979,42,64,largest,0.5
8701,8701,2,0,-0.032775042134807864,0.0701582242537858,9,0.9552594726037595,42,64,largest,0.5
8702,8702,1,0,-0.024344035828147148,0.07675055326041595,63,0.9740903362143737,42,64,largest,0.5
8703,8703,0,0,-0.04500001155145883,0.05444410455907558,6,0.9440076127817649,42,64,largest,0.5
8704,8704,4,0,-0.007359941215780652,0.059385717509724725,31,0.9812007731749098,42,64,largest,0.5
8705,8705,3,0,-0.042974301230044976,0.055243358139185184,14,0.9719433394246333,42,64,largest,0.5
8706,8706,2,0,-0.03673583882567255,0.06502321618563311,55,0.9686053916167111,42,64,largest,0.5
8707,8707,1,1,0.008422294866370028,0.13285731310396767,7,0.9936212518051967,42,64,largest,0.5
8708,8708,0,0,-0.05511174545172293,0.04493829845654918,57,0.9957171767261142,42,64,largest,0.5
8709,8709,4,0,-0.047801027197626356,0.03481641678266972,23,0.9712026484874456,42,64,largest,0.5
871,871,3,1,0.019462247089309326,0.16915376497896137,47,0.9723415917010577,42,64,largest,0.5
8710,8710,2,0,-0.11705689665890617,0.01314035313555881,37,0.930958046547483,42,64,largest,0.5
8711,8711,1,0,-0.05083485833904233,0.0482617567715474,53,0.9647584805431566,42,64,largest,0.5
8712,8712,0,0,-0.04446051285410424,0.055001285849121916,51,0.9720126121868642,42,64,largest,0.5
8713,8713,4,0,-0.031111701743879117,0.04347044705634441,14,0.9534453841127883,42,64,largest,0.5
8714,8714,3,0,-0.03699131195159966,0.06182473016487887,53,0.9715914679716753,42,64,largest,0.5
8715,8715,2,0,-0.06050288331749032,0.04089787539666863,7,0.9811140909582736,42,64,largest,0.5
8716,8716,1,0,-0.053173947152542755,0.04629601894433092,32,0.9456896226812275,42,64,largest,0.5
8717,8717,0,0,-0.051154184466713604,0.04845412817929602,17,0.97401720968573,42,64,largest,0.5
8718,8718,4,0,-0.07557686877368075,0.023970286181846077,17,0.9404328466571829,42,64,largest,0.5
8719,8719,3,0,-0.07291402439963057,0.03114673036090618,55,0.971746828166384,42,64,largest,0.5
872,872,2,0,-0.0263053308385357,0.07935739361161435,34,0.9747148712572937,42,64,largest,0.5
8720,8720,1,0,-0.0160746048836804,0.088423844605534,42,0.994720649004992,42,64,largest,0.5
8721,8721,0,0,-0.02904673727693574,0.07336713868551899,37,0.9977480522884646,42,64,largest,0.5
8722,8722,4,0,-0.0583668670112415,0.03022272363815679,58,0.9527956393033424,42,64,largest,0.5
8723,8723,3,0,-0.04897164402905252,0.04931230501072859,39,0.9940508677323622,42,64,largest,0.5
8724,8724,2,1,0.019031603491061144,0.17974958383183134,10,0.9262506089965253,42,64,largest,0.5
8725,8725,1,0,-0.07160935312413497,0.03326890678101501,47,0.9430247252590401,42,64,largest,0.5
8726,8726,0,0,-0.04509267636953873,0.054348939411022076,15,0.9863797570084383,42,64,largest,0.5
8727,8727,4,0,-0.03586336893257447,0.04081639198997705,57,0.9711218178420082,42,64,largest,0.5
8728,8728,3,0,-0.06357568958147197,0.037297614927994764,30,0.9553121332169426,42,64,largest,0.5
8729,8729,2,0,-0.03102211884920336,0.07254851110123829,58,0.9566124033751234,42,64,largest,0.5
873,873,1,0,-0.06496013927230004,0.037498865126527114,53,0.9420541076884181,42,64,largest,0.5
8730,8730,0,0,-0.015549537102562683,0.09392706450514425,43,0.9652055292878473,42,64,largest,0.5
8731,8731,4,0,-0.017736400038742883,0.05185278138058414,57,0.9575780245435066,42,64,largest,0.5
8732,8732,3,0,-0.033339387778937635,0.06619489786297035,30,0.9437628060902038,42,64,largest,0.5
8733,8733,2,1,0.005137577460036846,0.14136562029030839,10,0.9656166973762593,42,64,largest,0.5
8734,8734,1,0,-0.055046266115673204,0.04477767895528089,2,0.9666800153061257,42,64,largest,0.5
8735,8735,0,0,-0.0929589026937826,0.021623205863015554,48,0.9942548449073355,42,64,largest,0.5
8736,8736,4,0,-0.02362363649319832,0.0479898050190702,54,0.9978671644357047,42,64,largest,0.5
8737,8737,3,0,-0.09340189565290358,0.020902317085707847,58,0.9467011621875808,42,64,largest,0.5
8738,8738,2,0,-0.11190981210779027,0.014587297865876264,47,0.9461927838789864,42,64,largest,0.5
8739,8739,1,0,-0.2702302614861547,0.0008448463252501256,29,0.7337864929000624,42,64,largest,0.5
874,874,0,1,0.0037053272067506526,0.1321403046599691,36,0.9506769801352258,42,64,largest,0.5
8740,8740,4,0,-0.05792835622097847,0.030401124045101657,51,0.9366787673198329,42,64,largest,0.5
8741,8741,3,0,-0.09536683909000598,0.02011374927855581,34,0.9488719096137743,42,64,largest,0.5
8742,8742,2,0,-0.08963774210095476,0.022875784481871907,47,0.9434422110874122,42,64,largest,0.5
8743,8743,1,0,-0.04819276063351796,0.05057737291041984,50,0.9604207481914211,42,64,largest,0.5
8744,8744,0,0,-0.09855917670687886,0.019380050393857613,39,0.9141341959041748,42,64,largest,0.5
8745,8745,4,0,-0.04350153868659601,0.03687250771329734,2,0.9805196561067868,42,64,largest,0.5
8746,8746,3,0,-0.06824048295085405,0.03409146719782677,4,0.9761593931800678,42,64,largest,0.5
8747,8747,2,0,-0.07797449948338742,0.028902540851206214,58,0.9924756652147338,42,64,largest,0.5
8748,8748,1,1,0.016682130049694543,0.15163926630613886,7,0.9885322316616768,42,64,largest,0.5
875,875,0,0,-0.05372600637593483,0.04614080380652399,28,1.0014386362026504,42,64,largest,0.5
8750,8750,4,0,-0.03234015269399437,0.042768906169346955,31,1.009850722023277,42,64,largest,0.5
8751,8751,3,0,-0.10013081008710611,0.018320906609261056,44,0.986384398169033,42,64,largest,0.5
8752,8752,2,0,-0.06509014881527186,0.03735102339112117,5,0.9810049551535488,42,64,largest,0.5
8753,8753,1,0,-0.028748214048577858,0.07112603243985412,61,0.9965916077429829,42,64,largest,0.5
8754,8754,0,0,-0.06176824751912757,0.03956707612440535,24,0.9871082940088082,42,64,largest,0.5
8755,8755,4,0,-0.13083460116960022,0.011300908428968415,48,0.873058658929869,42,64,largest,0.5
8756,8756,3,0,-0.037078136336200385,0.06172418195848648,55,0.9498829801203901,42,64,largest,0.5
8757,8757,2,0,-0.035770899362585706,0.06624103498646719,58,0.9731725782632782,42,64,largest,0.5
8758,8758,1,0,-0.003917004783524525,0.10849800604934043,55,0.9824351401865501,42,64,largest,0.5
8759,8759,0,0,-0.06651694184298174,0.036117306498949515,15,0.9671460738347318,42,64,largest,0.5
876,876,4,0,-0.022564514470016173,0.04866400273118437,44,0.9445347817230957,42,64,largest,0.5
8760,8760,3,0,-0.039039222187533085,0.059493440182267605,41,0.9886685909502473,42,64,largest,0.5
8761,8761,2,1,0.021326332304528184,0.1868183289593417,10,0.9348749568790578,42,64,largest,0.5
8762,8762,1,0,-0.04754580902638472,0.05116021437759162,26,0.9665329693387188,42,64,largest,0.5
8763,8763,0,0,-0.02029701593214206,0.08616486929197908,57,0.9270629388320336,42,64,largest,0.5
8764,8764,4,1,0.021803000729226696,0.0863663419374691,42,0.9760755567420274,42,64,largest,0.5
8765,8765,3,0,-0.03240454838603213,0.06735890326854105,14,0.9811185363820382,42,64,largest,0.5
8766,8766,2,0,-0.05135460640553591,0.048955850081237415,36,0.9773854166317055,42,64,largest,0.5
8767,8767,1,0,-0.043803906502733914,0.05465780842744246,11,0.9602760953042379,42,64,largest,0.5
8768,8768,0,0,-0.0255444425831145,0.0782651058168787,15,0.9749435611959619,42,64,largest,0.5
8769,8769,4,0,-0.033578563756409,0.04207263252012392,4,0.9620325712520127,42,64,largest,0.5
877,877,3,0,-0.048242606571489044,0.049999709559478286,2,0.9733246450776795,42,64,largest,0.5
8770,8770,2,0,-0.034527838446378856,0.06784109580760356,5,0.9792372962336121,42,64,largest,0.5
8771,8771,1,0,-0.049782311092124276,0.04917192986586436,4,0.9765477848726625,42,64,largest,0.5
8772,8772,0,0,-0.04112274504025526,0.0585695038253791,57,0.9269691287544126,42,64,largest,0.5
8773,8773,4,0,-0.023702928446148075,0.04793968912513307,54,0.9929615637211111,42,64,largest,0.5
8775,8775,3,0,-0.07029106123191198,0.03276772732836191,62,0.9824627397639342,42,64,largest,0.5
8776,8776,2,0,-0.016609907272843283,0.09521397038932429,7,0.9404872598230796,42,64,largest,0.5
8777,8777,1,0,-0.14955614960185426,0.007972413157321901,35,0.8712795343246,42,64,largest,0.5
8778,8778,0,0,-0.3174328568455891,0.0002499771325913539,23,0.7085484424571802,42,64,largest,0.5
8779,8779,4,0,-0.25641416029856035,0.0020058718474272297,45,0.776515848597416,42,64,largest,0.5
878,878,3,1,0.015629691977993465,0.15866234431905543,47,0.9632223503957658,42,64,largest,0.5
8780,8780,2,0,-0.45934792785306866,1.1612407483628835e-05,30,0.5718336267833718,42,64,largest,0.5
8781,8781,1,0,-0.17160114020007522,0.005297981227594602,35,0.8540561277594712,42,64,largest,0.5
8782,8782,0,0,-0.032278199594321544,0.06909984907013884,30,0.9873514738754743,42,64,largest,0.5
8783,8783,4,0,-0.016719113536464936,0.05254941467529712,44,0.9657394213322708,42,64,largest,0.5
8784,8784,3,0,-0.0637927878201704,0.03714217075723315,35,0.9894550956025964,42,64,largest,0.5
8785,8785,2,1,0.0020647552732913077,0.1338620493638456,10,0.9772561859851453,42,64,largest,0.5
8786,8786,1,0,-0.08276933746589754,0.027184711464980808,39,0.9142314192936415,42,64,largest,0.5
8787,8787,0,0,-0.024095405998822428,0.08037780347035159,0,0.9595652869979667,42,64,largest,0.5
8788,8788,4,0,-0.0619841136133914,0.02878931542550869,14,0.9355644614514695,42,64,largest,0.5
8789,8789,3,0,-0.047986913670238995,0.05024294400557922,18,0.9832501583390251,42,64,largest,0.5
879,879,2,0,-0.12336053119733903,0.01156004575923738,24,0.9572075005570372,42,64,largest,0.5
8790,8790,1,0,-0.0630569890583208,0.03880186325597569,4,0.9521478904436269,42,64,largest,0.5
8791,8791,0,0,-0.0929805950220357,0.021614045232254134,28,0.9804506800765298,42,64,largest,0.5
8792,8792,4,0,-0.05345514684360486,0.032280196733445385,32,0.9830987932314983,42,64,largest,0.5
8793,8793,3,0,-0.0442745343863864,0.053902989540117394,14,0.9734140922842891,42,64,largest,0.5
8794,8794,2,0,-0.039228804242376514,0.061972747893284996,23,0.9714806210713092,42,64,largest,0.5
8795,8795,1,0,-0.09408555168854149,0.022124494018700782,11,0.9139468967441362,42,64,largest,0.5
8796,8796,0,1,0.01920108929104447,0.171819989806204,36,0.9504182803058676,42,64,largest,0.5
8797,8797,4,1,0.0054990507475289885,0.07014288497775817,42,0.9727192409323884,42,64,largest,0.5
8798,8798,3,1,0.004478754475378932,0.13112806840757654,47,0.976826142848066,42,64,largest,0.5
8799,8799,2,0,-0.019089774982854912,0.09090709953831572,7,0.9356769172693662,42,64,largest,0.5
88,88,1,0,-0.0339382745839919,0.06498750879792521,18,0.9868140747876736,42,64,largest,0.5
880,880,0,0,-0.11886314987174029,0.013005112259996598,14,0.9502664205139957,42,64,largest,0.5
8800,8800,4,0,-0.023493018678444666,0.04807246953763763,34,0.941781426546925,42,64,largest,0.5
8801,8801,3,1,0.015670656740464972,0.15877163735415523,47,0.9386949583901619,42,64,largest,0.5
8802,8802,2,0,-0.027246959562062356,0.07795303299206381,34,0.9520098399383312,42,64,largest,0.5
8803,8803,1,0,-0.02295271490591544,0.07861052885315743,55,0.9782275713728665,42,64,largest,0.5
8804,8804,0,0,-0.0892901328055773,0.023228370277040153,40,0.9824080193557274,42,64,largest,0.5
8805,8805,4,0,-0.04535799763761783,0.03597076697094568,58,0.9474844068277083,42,64,largest,0.5
8806,8806,3,0,-0.056719221510941775,0.0425409396805452,6,0.9873653369510815,42,64,largest,0.5
8807,8807,2,1,0.0002963660370217669,0.1296982861487061,10,0.9239131830938566,42,64,largest,0.5
8808,8808,1,0,-0.024384788405601432,0.07669668644004639,34,0.9764828816116033,42,64,largest,0.5
8809,8809,0,1,0.001683978752484161,0.1275804521584461,36,0.9417656550424636,42,64,largest,0.5
881,881,4,0,-0.0027150385876109073,0.0630803183912067,44,0.9713553583115587,42,64,largest,0.5
8810,8810,3,0,-0.029319939638824066,0.07133560195529179,20,0.9662392063370998,42,64,largest,0.5
8811,8811,2,0,-0.030698327779191792,0.07299816844181237,58,0.9706169107040569,42,64,largest,0.5
8812,8812,1,0,-0.029618149040113284,0.07006101879478795,47,0.9656748315369493,42,64,largest,0.5
8813,8813,0,1,0.012453914391191923,0.15348893979063835,36,0.9613344170744254,42,64,largest,0.5
8815,8815,4,0,-0.02923370788988011,0.04456419601404673,54,1.005320569683975,42,64,largest,0.5
8816,8816,3,0,-0.0858155715489366,0.024240548596194397,7,0.9648208702202379,42,64,largest,0.5
8817,8817,2,0,-0.014209769244641124,0.09955531521608751,7,0.9694069191019712,42,64,largest,0.5
8818,8818,1,0,-0.02938274025490084,0.07034775287060714,36,0.9613801231192849,42,64,largest,0.5
8819,8819,0,0,-0.023383292655939303,0.08143503256984647,39,0.989117286674677,42,64,largest,0.5
882,882,4,1,0.002902757510113263,0.06783496129830463,42,0.9852978167975663,42,64,largest,0.5
8820,8820,3,0,-0.059299427868246934,0.04048986879057933,54,0.9839160311139189,42,64,largest,0.5
8821,8821,2,0,-0.05668186523961738,0.0440963435374165,13,0.9762950669211258,42,64,largest,0.5
8822,8822,1,1,0.005497417931362492,0.1266946673676092,7,0.9881430086819891,42,64,largest,0.5
8823,8823,0,1,0.0064884271369066715,0.138643873774575,36,0.9718261917342976,42,64,largest,0.5
8824,8824,4,0,-0.03308703088078757,0.042347681163506276,21,0.9997504879984418,42,64,largest,0.5
8825,8825,3,1,0.016031848120569125,0.15973793220348997,47,0.9383751708732735,42,64,largest,0.5
8826,8826,2,0,-0.046429285520653396,0.05389707667145012,58,0.9795457127349418,42,64,largest,0.5
8827,8827,1,0,-0.04270575150818212,0.05572631311593994,2,0.9611794369877642,42,64,largest,0.5
8828,8828,0,0,-0.01986652736340766,0.08684405334763451,40,0.9526358363012171,42,64,largest,0.5
8829,8829,4,0,-0.010893165744860656,0.05671214073375698,14,0.962731771915833,42,64,largest,0.5
883,883,3,0,-0.026260329120882275,0.07549319342277998,14,0.9776045750396891,42,64,largest,0.5
8830,8830,2,0,-0.07779382595827578,0.029007088476927907,46,0.9621486006776789,42,64,largest,0.5
8831,8831,1,0,-0.058112570776846506,0.042393139878431144,42,0.9503903503278189,42,64,largest,0.5
8832,8832,0,0,-0.05552109588963072,0.044588827057601296,27,0.9886219171897589,42,64,largest,0.5
8833,8833,4,0,-0.01506977472228932,0.05369768858608094,51,0.9972445863211444,42,64,largest,0.5
8834,8834,3,0,-0.061712821839900345,0.03865738507568955,13,0.9904069020834587,42,64,largest,0.5
8835,8835,2,0,-0.06445712179893226,0.037822295806209584,18,0.980888403958001,42,64,largest,0.5
8836,8836,1,0,-0.038023433882344526,0.06050634676727683,16,0.9751077500401236,42,64,largest,0.5
8837,8837,0,0,-0.08414576890482373,0.025676479238560673,24,0.9827189991161429,42,64,largest,0.5
8838,8838,4,0,-0.04957477956808931,0.03400076489487146,31,0.9778307081750331,42,64,largest,0.5
8839,8839,3,0,-0.07524468941384954,0.02977170818887634,51,0.9751247364244459,42,64,largest,0.5
884,884,2,0,-0.08253841792286576,0.02637971831232204,61,0.9460636333621232,42,64,largest,0.5
8840,8840,1,0,-0.02704258683010341,0.07325763660627434,53,0.9725354093081183,42,64,largest,0.5
8841,8841,0,0,-0.07916813514374144,0.02828347370261447,57,0.9646039143166054,42,64,largest,0.5
8842,8842,4,0,-0.03438516233580846,0.04162497919431225,54,0.9963085077646889,42,64,largest,0.5
8843,8843,3,0,-0.03450723757820351,0.06476702147067845,39,0.9830494179136192,42,64,largest,0.5
8844,8844,2,0,-0.09122541544364904,0.022156682886542226,23,0.9752451304851285,42,64,largest,0.5
8845,8845,1,0,-0.004436260003191972,0.10756435901245116,50,1.0066990561295621,42,64,largest,0.5
8846,8846,0,0,-0.0660156217865584,0.036467376661307185,43,0.981043141109039,42,64,largest,0.5
8847,8847,4,0,-0.011866594479852388,0.055995662511663914,32,0.9990624005175806,42,64,largest,0.5
8848,8848,3,0,-0.03536118129600252,0.0637411432728286,12,0.9698549405105853,42,64,largest,0.5
8849,8849,2,1,0.0036620546408022703,0.13771958676495866,10,0.9466220012786343,42,64,largest,0.5
885,885,1,0,-0.01018090664714233,0.09769884290299172,52,0.9813924118446151,42,64,largest,0.5
8850,8850,0,1,0.02777952909966097,0.1975767264579904,36,0.9484205792851952,42,64,largest,0.5
8851,8851,4,0,-0.0496534323859702,0.03396502686031572,19,0.9699796375721811,42,64,largest,0.5
8853,8853,3,0,-0.08428675242931416,0.02497367954735826,44,0.9681335279621127,42,64,largest,0.5
8854,8854,2,0,-0.028872578564669182,0.07558201222905024,55,0.9997489101608471,42,64,largest,0.5
8855,8855,1,0,-0.06077788097684633,0.04041946596182027,53,0.9498630037171011,42,64,largest,0.5
8856,8856,0,0,-0.03932502203505295,0.06058023624786607,49,0.9895932674574619,42,64,largest,0.5
8857,8857,4,0,-0.005726691816032803,0.06066111661769294,32,1.0008930198437227,42,64,largest,0.5
8858,8858,3,0,-0.0565468735289939,0.04268142608189014,41,0.9758855924304685,42,64,largest,0.5
8859,8859,2,0,-0.06811147209261104,0.03517845161638189,61,0.9872250418733339,42,64,largest,0.5
886,886,1,0,-0.023052418735631686,0.07847588057553538,53,0.9667922112879368,42,64,largest,0.5
8860,8860,0,0,-0.047058375836632194,0.05236678698694226,9,0.9817208011810762,42,64,largest,0.5
8861,8861,4,0,-0.04167811635456453,0.03777934166152933,54,0.9991036437764615,42,64,largest,0.5
8862,8862,3,0,-0.12258409564141615,0.011775835133815346,31,0.9220365828994843,42,64,largest,0.5
8863,8863,2,0,-0.025384833666341478,0.0807525484424917,34,0.9569680204101968,42,64,largest,0.5
8864,8864,1,0,-0.033251643565638034,0.0657703930149179,1,0.975034120849986,42,64,largest,0.5
8865,8865,0,0,-0.09057549048883484,0.022653177162005343,52,0.9841453207491336,42,64,largest,0.5
8866,8866,4,0,-0.04300631420050505,0.037116703929879466,46,1.0006646927982603,42,64,largest,0.5
8867,8867,3,0,-0.044832000049891296,0.05333775842888552,2,0.9748420180276437,42,64,largest,0.5
8868,8868,2,0,-0.07302217773515529,0.031904763731490114,11,0.9786105831162885,42,64,largest,0.5
8869,8869,1,0,-0.04605306792587982,0.052529362905160505,14,0.9594997105512016,42,64,largest,0.5
887,887,0,0,-0.10228895226664947,0.018014349242328625,51,0.9689484227183021,42,64,largest,0.5
8870,8870,4,0,-0.0595687066101348,0.02973896055575937,1,0.9500940913218178,42,64,largest,0.5
8872,8872,3,0,-0.06591564950234985,0.035654660576893975,57,0.9590025653909153,42,64,largest,0.5
8873,8873,2,0,-0.0794136232566457,0.02808274120982292,42,0.9391624157682518,42,64,largest,0.5
8874,8874,1,0,-0.07446247992232591,0.031598542561583176,27,0.9333256264209266,42,64,largest,0.5
8875,8875,0,0,-0.08038731432936752,0.027622105487172637,24,0.9808857568592205,42,64,largest,0.5
8876,8876,4,0,-0.030614353048360354,0.043757584598205,32,0.9768724912941572,42,64,largest,0.5
8877,8877,3,0,-0.05673734002017672,0.042526196392456965,31,0.9858215225819669,42,64,largest,0.5
8878,8878,2,0,-0.0466215622271956,0.05369564692803437,4,0.9793506226538212,42,64,largest,0.5
8879,8879,1,0,-0.030870028307192765,0.06855427543246775,12,0.9732542301380824,42,64,largest,0.5
888,888,0,0,-0.04187830691566141,0.0577432334141137,34,0.9645941410373142,42,64,largest,0.5
8880,8880,4,0,-0.04165176361482181,0.03779260336376587,23,0.9867016881978233,42,64,largest,0.5
8881,8881,3,0,-0.06999705672167922,0.032954425485797745,4,0.9694252138783477,42,64,largest,0.5
8882,8882,2,0,-0.08675071029601744,0.02424224033792857,12,0.9913908665390512,42,64,largest,0.5
8883,8883,1,0,-0.0716228348183281,0.033260816880822046,23,0.949192993716564,42,64,largest,0.5
8884,8884,0,0,-0.0754690924395387,0.030385508862246287,43,0.9458022448981869,42,64,largest,0.5
8885,8885,4,0,-0.04343444988445011,0.03690549863787298,46,0.9766148543653144,42,64,largest,0.5
8886,8886,3,0,-0.05936171149136327,0.040441547560055864,36,0.9584915679266196,42,64,largest,0.5
8887,8887,2,0,-0.10664550201672329,0.016229432742611457,43,0.950928570851593,42,64,largest,0.5
8888,8888,1,0,-0.026736209101119845,0.0736467124030967,28,0.9809449208365562,42,64,largest,0.5
8889,8889,0,0,-0.06923252881783948,0.034276557280852965,8,0.9789649576978647,42,64,largest,0.5
889,889,4,0,-0.09994789962119033,0.01722530462309674,14,0.8736781083305689,42,64,largest,0.5
8890,8890,3,0,-0.10028482172317166,0.018265642528495038,2,0.9259484055624826,42,64,largest,0.5
8891,8891,2,0,-0.06225723324219423,0.03950486179481984,24,0.9574090218301077,42,64,largest,0.5
8892,8892,1,0,-0.04465546774950546,0.05384255788163565,4,0.9726600083665304,42,64,largest,0.5
8893,8893,0,0,-0.09070401883955981,0.022596432132713274,52,0.976048708302578,42,64,largest,0.5
8894,8894,4,0,-0.0339680409916987,0.04185590516211796,38,0.9686211997175282,42,64,largest,0.5
8895,8895,3,0,-0.09417121252527516,0.020590034991448666,61,0.9473115494435635,42,64,largest,0.5
8896,8896,2,0,-0.08945579563326655,0.022959634931697028,42,0.9442250398658286,42,64,largest,0.5
8897,8897,1,0,-0.06621047981418848,0.036665812459099355,27,0.9368333595192586,42,64,largest,0.5
8898,8898,0,0,-0.11011000048351915,0.015450235332083364,16,0.9397141583462911,42,64,largest,0.5
8899,8899,4,0,-0.07782197561322624,0.023253923767754026,24,0.9169955300427977,42,64,largest,0.5
89,89,3,0,-0.06797732247256194,0.034265040584799254,39,0.9866700559276449,42,64,largest,0.5
890,890,2,0,-0.04105643333692688,0.059821865306227566,9,0.9524804638172838,42,64,largest,0.5
8900,8900,1,0,-0.04391182663162052,0.054553849994673706,27,0.9504832500831929,42,64,largest,0.5
8901,8901,0,0,-0.010751797845553024,0.10240243229813671,15,0.966683822857999,42,64,largest,0.5
8902,8902,4,0,-0.00402037618645501,0.06202090920976026,10,0.9633451792261182,42,64,largest,0.5
8903,8903,3,0,-0.011581937373464912,0.09868432474522884,30,0.9586387264907319,42,64,largest,0.5
8904,8904,2,0,-0.03984858703288929,0.061235370225011694,7,0.9534145053547681,42,64,largest,0.5
8905,8905,1,0,-0.03523895167879221,0.06352822428738239,8,0.9824041261399855,42,64,largest,0.5
8906,8906,0,0,-0.06921865368857139,0.03428572847739748,35,0.9724185323661144,42,64,largest,0.5
8907,8907,4,0,-0.030223089751129084,0.04398474623290259,22,0.9871087192663157,42,64,largest,0.5
8908,8908,3,0,-0.06849876176131575,0.033921938561009446,49,0.9374026585181381,42,64,largest,0.5
8909,8909,2,0,-0.15849751750288033,0.00564279820409323,45,0.9031293774752219,42,64,largest,0.5
891,891,1,0,-0.04584059917582384,0.052727032100824876,22,0.9648083312849306,42,64,largest,0.5
8910,8910,0,1,0.009745897444881413,0.14659481654389897,36,0.9478179973705018,42,64,largest,0.5
8911,8911,4,0,-0.04454169186182788,0.03636462733971919,54,0.9884112591119542,42,64,largest,0.5
8912,8912,3,0,-0.0023367264678271216,0.11637642426135335,12,0.9671919305679259,42,64,largest,0.5
8913,8913,2,0,-0.01699793907974123,0.09452821404473453,7,0.9479642024588837,42,64,largest,0.5
8914,8914,1,0,-0.026040041950107562,0.07453787072981899,60,0.9780049031442944,42,64,largest,0.5
8915,8915,0,0,-0.08650230133848125,0.02452533112127275,16,0.9323730119823533,42,64,largest,0.5
8916,8916,4,0,-0.0038369976021429553,0.06216872946282114,27,0.9932523007671876,42,64,largest,0.5
8917,8917,3,0,-0.040410059917428964,0.05797918900801247,20,0.9911817908090262,42,64,largest,0.5
8918,8918,2,0,-0.11302985956103051,0.01425962703449483,38,0.9128045512232145,42,64,largest,0.5
8919,8919,1,0,-0.025637530423307076,0.07505763617382101,51,0.9650322803371373,42,64,largest,0.5
892,892,0,0,-0.03268801876982752,0.06857537442280703,43,0.9705007262571961,42,64,largest,0.5
8920,8920,4,0,-0.0474584148640832,0.03497612471548982,31,0.9759375524807498,42,64,largest,0.5
8921,8921,3,0,-0.06965251089485713,0.03317452603287464,23,0.9357830548163082,42,64,largest,0.5
8922,8922,2,0,-0.006952444949459791,0.11376829161171448,45,0.9688580636039672,42,64,largest,0.5
8923,8923,1,0,-0.018534293275386582,0.08479351780900465,9,0.9867207343417891,42,64,largest,0.5
8924,8924,0,0,-0.07536868000895969,0.030444630299022724,21,0.9864157414505967,42,64,largest,0.5
8925,8925,4,0,-0.005274164411017357,0.061019002126131934,46,0.9842294305505521,42,64,largest,0.5
8926,8926,3,0,-0.05636344793158676,0.0428314290689768,15,0.992290077771595,42,64,largest,0.5
8927,8927,2,0,-0.029142834326987277,0.07519431154526732,34,1.0047828538417827,42,64,largest,0.5
8928,8928,1,0,-0.011099915214616951,0.09619753576797652,58,0.9958923780332007,42,64,largest,0.5
8929,8929,0,0,-0.0848870740014015,0.025308797113918542,49,0.972502208651619,42,64,largest,0.5
893,893,4,0,-0.031524898584109784,0.04323326212946189,40,0.9930746416886053,42,64,largest,0.5
8930,8930,3,0,-0.014597942737358482,0.09345233018096279,63,0.9810992082475029,42,64,largest,0.5
8931,8931,2,0,-0.02353916546290835,0.08361752453361741,7,0.9947778483265907,42,64,largest,0.5
8932,8932,1,0,-0.054725846675690804,0.04503411124930662,25,0.9551974663966023,42,64,largest,0.5
8933,8933,0,0,-0.07275199078550099,0.03202516441454239,28,0.9926074540088008,42,64,largest,0.5
8934,8934,4,0,-0.0251674304183096,0.047022952429118595,12,1.0057777998968478,42,64,largest,0.5
8935,8935,3,0,-0.03091311501900995,0.06925531689257484,55,0.9720877504562514,42,64,largest,0.5
8936,8936,2,0,-0.034950934221606555,0.06729250637812345,17,0.9739461806756038,42,64,largest,0.5
8937,8937,1,0,-0.03824162677073395,0.060275319189621854,32,0.9556302053213271,42,64,largest,0.5
8938,8938,0,0,-0.028538674057386193,0.07405975038368559,6,0.9395316296415858,42,64,largest,0.5
8939,8939,4,0,-0.01865817450440954,0.05122910140936272,14,0.9676532013754561,42,64,largest,0.5
894,894,3,1,0.024612154718880563,0.18411145516551405,47,0.9513529504535566,42,64,largest,0.5
8940,8940,2,0,-0.024639580871351208,0.08189844464605546,36,0.9803611179943336,42,64,largest,0.5
8941,8941,1,0,-0.05734363068548576,0.04297945921247537,8,0.9532981182549256,42,64,largest,0.5
8942,8942,0,0,-0.030456362112429636,0.07147660740614274,0,0.9357466202635613,42,64,largest,0.5
8943,8943,4,0,-0.15884100795003486,0.007697388964873382,25,0.8690829513952378,42,64,largest,0.5
8944,8944,3,0,-0.07493448269332259,0.02995126903905092,46,0.9820463534758678,42,64,largest,0.5
8945,8945,2,0,-0.03432639177968355,0.06810374796650025,55,0.9570623530332997,42,64,largest,0.5
8946,8946,1,0,-0.01303471197995243,0.09310406379999085,42,0.9869378286315971,42,64,largest,0.5
8947,8947,0,0,-0.07253847655384404,0.03215757778101423,28,0.9850307453412982,42,64,largest,0.5
8948,8948,4,0,-0.0004213880737972131,0.06498281492342306,22,0.9881835337568139,42,64,largest,0.5
8949,8949,3,0,-0.06285629056015474,0.03781719213808631,10,0.9937350942242754,42,64,largest,0.5
895,895,2,0,-0.09790980846020736,0.019364113444677457,47,0.9290981380215032,42,64,largest,0.5
8950,8950,1,0,-0.11596826019238893,0.014817432942295601,11,0.8941831695991828,42,64,largest,0.5
8951,8951,0,0,-0.07992073874533345,0.02787341502363319,40,0.9645717079944528,42,64,largest,0.5
8952,8952,4,0,-0.012104386177804072,0.05582193776180962,14,0.9544400412872114,42,64,largest,0.5
8953,8953,3,0,-0.0499643863378999,0.048390653259906186,3,0.9548871835149174,42,64,largest,0.5
8954,8954,2,1,0.021746596590250467,0.18813587177785904,10,0.9392592564731059,42,64,largest,0.5
8955,8955,1,0,-0.07556277004550715,0.030976294596770825,8,0.952359587435217,42,64,largest,0.5
8956,8956,0,0,-0.041341014032853174,0.058329676051070485,4,0.9908860538292563,42,64,largest,0.5
8957,8957,4,0,-0.025560328354115036,0.04677985871828594,14,0.9819934977573677,42,64,largest,0.5
8958,8958,3,0,-0.0378794714597559,0.06080337124275365,40,1.0005435403212555,42,64,largest,0.5
8959,8959,2,0,-0.06975234489194282,0.034050076123071135,35,0.9882458423348353,42,64,largest,0.5
896,896,1,0,-0.0011842484091266758,0.11352967748083485,51,0.9982275296202682,42,64,largest,0.5
8960,8960,0,0,-0.01979070787684778,0.08696417476828205,57,0.951395814351859,42,64,largest,0.5
8961,8961,4,0,-0.06090508343065271,0.02920985670525676,41,0.9587414306513667,42,64,largest,0.5
8962,8962,3,0,-0.04630862878082398,0.051867476640859674,7,0.9819054948202105,42,64,largest,0.5
8963,8963,2,0,-0.04724822453408961,0.053044071441920325,60,0.9883392282612252,42,64,largest,0.5
8964,8964,1,0,-0.031200328455691095,0.06816176459965838,28,0.9766678704387531,42,64,largest,0.5
8965,8965,0,0,-0.05853840688044554,0.0420917198559204,41,0.9747548799309724,42,64,largest,0.5
8966,8966,4,0,-0.011165390308667034,0.05651091036683743,60,0.9926964914716747,42,64,largest,0.5
8967,8967,3,0,-0.052324742054107976,0.04626455909911939,2,0.9464041403645329,42,64,largest,0.5
8968,8968,2,0,-0.026808309940514863,0.07860438929275633,7,0.9707661805130837,42,64,largest,0.5
8969,8969,1,0,-0.05797509514350485,0.042497401361498335,16,0.9413951246865429,42,64,largest,0.5
897,897,0,0,-0.053384091195613825,0.04644218541057771,37,1.00548152155767,42,64,largest,0.5
8970,8970,4,0,-0.0911861458595663,0.019403113503637725,60,0.93949441016297,42,64,largest,0.5
8971,8971,3,0,-0.07371529095719809,0.030667210059247996,38,0.9780756243441318,42,64,largest,0.5
8972,8972,2,0,-0.09146340750613391,0.022050811102972703,51,0.9620446179979286,42,64,largest,0.5
8973,8973,1,0,-0.022487247097767837,0.07924193494045739,50,0.9915227052016004,42,64,largest,0.5
8974,8974,0,0,-0.03718584532605118,0.06305698032848644,1,0.9930251888832129,42,64,largest,0.5
8975,8975,4,0,-0.05462054804581329,0.0317800943995458,36,0.9928534749539399,42,64,largest,0.5
8976,8976,3,0,-0.08816400111101741,0.02315509173040147,34,0.9592040849255299,42,64,largest,0.5
8977,8977,2,0,-0.03957490604009806,0.06155996166618618,24,0.9659111837128529,42,64,largest,0.5
8978,8978,1,0,-0.07139454214757035,0.033398064037556824,28,0.9497937937545948,42,64,largest,0.5
8979,8979,0,0,-0.06189068612649429,0.03947428347476416,25,1.000573769069532,42,64,largest,0.5
898,898,4,0,-0.0405844103078562,0.0383335104271918,29,0.9915781044385638,42,64,largest,0.5
8980,8980,3,0,-0.06241304058822261,0.03814077881255379,22,0.9959887763294522,42,64,largest,0.5
8981,8981,2,0,-0.06916372004540094,0.034450780626722535,35,0.9576838191277115,42,64,largest,0.5
8982,8982,1,1,0.0008875910756569461,0.11747895812412498,7,0.9905492847180299,42,64,largest,0.5
8983,8983,0,0,-0.16136317207373108,0.005608420542953963,46,0.860752964910306,42,64,largest,0.5
8984,8984,4,0,-0.02384241054397296,0.047851651085429645,52,0.9830569843033963,42,64,largest,0.5
8985,8985,3,0,-0.04824286900881891,0.049999460483223644,36,0.9755243526787948,42,64,largest,0.5
8986,8986,2,0,-0.0475115448597867,0.05277251559751681,7,1.0100627446888815,42,64,largest,0.5
8987,8987,1,0,-0.017035048198170588,0.08698988681513693,47,0.997328943018207,42,64,largest,0.5
8988,8988,0,0,-0.05130670203287102,0.048313922289369385,25,0.9955225694042731,42,64,largest,0.5
8989,8989,4,1,0.009430145406327695,0.07377578284959115,42,0.9870329570951725,42,64,largest,0.5
899,899,3,0,-0.09679856313688695,0.019557596916582716,2,0.9348748283517315,42,64,largest,0.5
8990,8990,2,0,-0.10613979149022224,0.01639644460169775,57,0.9308789262931607,42,64,largest,0.5
8991,8991,1,0,-0.03365472444463802,0.06530975095667631,33,0.9585671637842837,42,64,largest,0.5
8992,8992,0,1,0.010981755958241246,0.14970873406878582,36,0.9460228545120888,42,64,largest,0.5
8993,8993,4,0,-0.06942317869002668,0.02604589308746567,14,0.9120149543690611,42,64,largest,0.5
8994,8994,3,0,-0.030028039388618755,0.07040397324888167,22,0.9995704578831957,42,64,largest,0.5
8995,8995,2,0,-0.062029925793915086,0.03968275324268716,56,0.9844680326149718,42,64,largest,0.5
8996,8996,1,0,-0.05141657168502656,0.04776561412131199,24,0.9574447808921966,42,64,largest,0.5
8997,8997,0,0,-0.05286742002391909,0.04690116114308911,1,0.9791782762194056,42,64,largest,0.5
8998,8998,4,0,-0.0018669822823207394,0.06377761921263633,46,0.9974337674997307,42,64,largest,0.5
8999,8999,3,0,-0.0987737013351001,0.018815024487943265,56,0.9552159463322695,42,64,largest,0.5
9,9,2,0,-0.06309765560839664,0.03885376278148415,41,0.9937531248547737,42,64,largest,0.5
90,90,1,0,-0.04940146292944947,0.04950525524394315,36,0.9573208887123568,42,64,largest,0.5
900,900,0,0,-0.08081517107968317,0.027393586856124173,25,0.9943769265169782,42,64,largest,0.5
9000,9000,4,0,-0.04133154329379951,0.03795410818829644,1,0.980580873080966,42,64,largest,0.5
9001,9001,3,0,-0.06262209387418927,0.0379878332384567,62,0.9940863846831571,42,64,largest,0.5
9002,9002,2,0,-0.06413764751783035,0.038062300174028625,4,0.9754329895330063,42,64,largest,0.5
9003,9003,1,0,-0.025685573563237418,0.07499542319993192,18,0.9886297371374057,42,64,largest,0.5
9004,9004,0,0,-0.10297963621016182,0.017772022025695573,45,0.9706978007793676,42,64,largest,0.5
9005,9005,4,0,-0.02694663971190292,0.045931634988948984,8,0.9953710608821225,42,64,largest,0.5
9006,9006,3,0,-0.07963842568705481,0.027337867587397077,28,0.9388454675957658,42,64,largest,0.5
9007,9007,2,0,-0.0449447683171732,0.05547641216675193,61,0.9670635080914652,42,64,largest,0.5
9008,9008,1,0,-0.026295168723558082,0.07421013969892502,32,0.9728772184710516,42,64,largest,0.5
9009,9009,0,0,-0.03710289673995493,0.0631548960845142,39,1.011728865281509,42,64,largest,0.5
901,901,4,0,-0.010307423683825312,0.05714741113764006,54,0.9971752935477974,42,64,largest,0.5
9010,9010,3,0,-0.04935977128981561,0.04895000662767049,18,0.9847451601201725,42,64,largest,0.5
9011,9011,2,1,0.01814925168891557,0.1770877202065061,10,0.957264651139477,42,64,largest,0.5
9012,9012,1,0,-0.004948290647750819,0.10665062855989871,34,0.979602538455679,42,64,largest,0.5
9014,9014,0,0,-0.07287439056491729,0.031949494642304836,35,0.9686006177251919,42,64,largest,0.5
9015,9015,4,0,-0.03404081388158309,0.04181552872451695,47,0.9590483741085934,42,64,largest,0.5
9016,9016,3,0,-0.09224171109551604,0.021382044746412716,1,0.9357407907432398,42,64,largest,0.5
9017,9017,2,0,-0.07422214813726535,0.0311507304934445,23,0.9421104099148359,42,64,largest,0.5
9018,9018,1,0,-0.0015930674275497214,0.1127642050196101,36,0.9866673820858033,42,64,largest,0.5
9019,9019,0,0,-0.06239685474172352,0.039092883022118365,43,0.9762827522855391,42,64,largest,0.5
902,902,4,0,-0.034265971097310444,0.0416908409801243,0,0.937648868752186,42,64,largest,0.5
9020,9020,3,0,-0.0932506975335774,0.020964234396414396,26,0.9567759486780671,42,64,largest,0.5
9021,9021,2,0,-0.07107012508586963,0.03316923920960542,43,0.9766970702601863,42,64,largest,0.5
9022,9022,1,0,-0.031201016250817504,0.06816094943844968,25,0.9799411613377577,42,64,largest,0.5
9023,9023,0,0,-0.09652157914771342,0.020168495728364492,28,0.9965685768206831,42,64,largest,0.5
9024,9024,4,0,-0.010419893148958304,0.057063591298802986,54,0.994366885117989,42,64,largest,0.5
9025,9025,3,0,-0.09507779052846455,0.020227895139336663,61,0.9653012935750507,42,64,largest,0.5
9026,9026,2,0,-0.06645305402856172,0.03635546149002728,54,0.967616441055144,42,64,largest,0.5
9027,9027,1,0,-0.017290825038353996,0.08661157057688156,12,0.9817393013919924,42,64,largest,0.5
9028,9028,0,0,-0.12671444230393336,0.011139253388976941,51,0.9174487644094776,42,64,largest,0.5
9029,9029,4,0,-0.09032431881963443,0.019631381488769768,1,0.945641910754501,42,64,largest,0.5
903,903,3,0,-0.009611307958796389,0.10224233359722022,53,0.9849847677025182,42,64,largest,0.5
9030,9030,2,0,-0.1145167869092667,0.013835809579845251,23,0.9414518566333809,42,64,largest,0.5
9031,9031,1,0,-0.02642032384843518,0.07404985283226981,27,0.9707741925700776,42,64,largest,0.5
9032,9032,0,0,-0.10429667885254956,0.01731877517179317,4,0.9252080490800972,42,64,largest,0.5
9033,9033,4,0,-0.07385436283587132,0.024534449027598236,23,0.9307071906853853,42,64,largest,0.5
9034,9034,3,0,-0.07160819898670345,0.031943793498474995,28,0.9738840788114598,42,64,largest,0.5
9035,9035,2,0,-0.05578914096599874,0.044877314160280866,4,0.9879194317026654,42,64,largest,0.5
9036,9036,1,0,-0.030041376393814545,0.06954823326978835,27,0.9682331239568912,42,64,largest,0.5
9037,9037,0,0,-0.05170618444839259,0.04794851049186723,28,0.9921578995054909,42,64,largest,0.5
9038,9038,4,0,-0.07926257645472179,0.022805313094409762,40,0.955943971976062,42,64,largest,0.5
9039,9039,3,0,-0.07022960856434945,0.03280666621551062,39,0.9744007464810027,42,64,largest,0.5
904,904,2,0,-0.07613314817481998,0.029985384868109196,13,0.9883390635227887,42,64,largest,0.5
9040,9040,1,1,0.009890578285368545,0.13604557942592052,7,0.9883502810180252,42,64,largest,0.5
9041,9041,0,0,-0.06273575797641451,0.03883949632433111,39,0.9882051216318948,42,64,largest,0.5
9042,9042,4,0,-0.04966026393279288,0.03396192447355162,47,0.9713192139823817,42,64,largest,0.5
9043,9043,3,0,-0.05528815838215495,0.04372096394215498,23,0.9426965164386373,42,64,largest,0.5
9044,9044,2,0,-0.07608496260505071,0.030014242934632795,16,0.9890915347081911,42,64,largest,0.5
9045,9045,1,0,-0.02749109873212563,0.07269147484748963,25,0.9882955445679101,42,64,largest,0.5
9046,9046,0,0,-0.10902177005306513,0.015784242498251486,56,0.9472837370773604,42,64,largest,0.5
9047,9047,4,0,-0.030416274012728395,0.04387244607036083,54,0.9969210068440865,42,64,largest,0.5
9048,9048,3,0,-0.07503106177917596,0.029895252728819433,15,0.9686324221554684,42,64,largest,0.5
9049,9049,2,0,-0.06925337213841543,0.03438945799464126,24,0.9576371212894528,42,64,largest,0.5
905,905,1,0,-0.0322577376751233,0.06691916511060328,63,0.9875220311786609,42,64,largest,0.5
9050,9050,0,0,-0.04757371662059762,0.05185854070964689,30,0.960713811148495,42,64,largest,0.5
9051,9051,4,0,-0.03972755192140165,0.038773115457909374,19,0.9861623817010566,42,64,largest,0.5
9052,9052,3,0,-0.03290423409574739,0.06673438163603437,21,0.9776036361100647,42,64,largest,0.5
9053,9053,2,0,-0.06840512242654673,0.03497390396917089,63,0.9837269302547169,42,64,largest,0.5
9054,9054,1,0,-0.011477174217243369,0.09558722927759407,51,0.9827567967709807,42,64,largest,0.5
9055,9055,0,0,-0.06949726314074223,0.03410202554094531,8,0.9488770078918187,42,64,largest,0.5
9056,9056,4,0,-0.0646785502131163,0.027764681358872174,1,0.9293861764218314,42,64,largest,0.5
9057,9057,3,0,-0.03651122691288666,0.062383466408316005,13,0.9918167743414033,42,64,largest,0.5
9058,9058,2,0,-0.054039271880715,0.04644652412960147,40,0.9740380813011249,42,64,largest,0.5
9059,9059,1,0,-0.034900860199447936,0.06390457883240777,3,0.9673149515416747,42,64,largest,0.5
906,906,0,0,-0.04233792158641159,0.05724597148167318,21,0.9674452648377351,42,64,largest,0.5
9060,9060,4,0,-0.03149554182285186,0.04325007276130348,19,0.9847838963547547,42,64,largest,0.5
9061,9061,3,0,-0.06836951577868589,0.03400667091253812,40,1.000297595569955,42,64,largest,0.5
9062,9062,2,0,-0.08546460968888969,0.024876296324429347,42,0.943830243193985,42,64,largest,0.5
9063,9063,1,0,-0.002261162027883179,0.11152296248008416,36,0.996092391511327,42,64,largest,0.5
9064,9064,0,0,-0.07331880468437113,0.03167620065010737,14,0.9538735098609037,42,64,largest,0.5
9065,9065,4,0,-0.03451164208910573,0.04155519882337511,58,0.9725255873510711,42,64,largest,0.5
9066,9066,3,0,-0.09528590711027096,0.020145645735221776,42,0.9546494343159297,42,64,largest,0.5
9067,9067,2,0,-0.05044342925886469,0.049836380064495735,15,1.0018409201317782,42,64,largest,0.5
9068,9068,1,0,-0.016197259471998682,0.08823953731113512,42,0.9733598072694545,42,64,largest,0.5
9069,9069,0,0,-0.0995729235878392,0.01899911693023165,51,0.9334963659957024,42,64,largest,0.5
907,907,4,0,-0.035635565770817834,0.040940014114533366,54,0.9831447776408644,42,64,largest,0.5
9070,9070,3,0,-0.1174395704049549,0.013034088231527359,23,0.9409037951289421,42,64,largest,0.5
9071,9071,2,0,-0.06253217541462952,0.03929071300061473,16,0.9906789542350798,42,64,largest,0.5
9072,9072,1,0,-0.016677754396597355,0.08752085828464222,18,0.996237161951158,42,64,largest,0.5
9073,9073,0,0,-0.09260541073936035,0.02177302099224575,27,0.9590776761483437,42,64,largest,0.5
9074,9074,4,0,-0.08334003075119623,0.021580911544412683,49,0.939855142825065,42,64,largest,0.5
9075,9075,3,0,-0.07037928580132369,0.032711902743785715,36,1.0041914384081527,42,64,largest,0.5
9076,9076,2,0,-0.05233900061685515,0.04802115714567227,5,0.9925125669013786,42,64,largest,0.5
9077,9077,1,0,-0.01994686087697295,0.08277029157329215,16,0.9812419788579926,42,64,largest,0.5
9078,9078,0,0,-0.004096171752414168,0.11527792449106526,6,0.9687929287951879,42,64,largest,0.5
9079,9079,4,0,-0.03267171496081689,0.04258141960062744,46,0.982776012027671,42,64,largest,0.5
908,908,3,0,-0.0519253226380193,0.046617982446518026,53,0.9947570150811286,42,64,largest,0.5
9080,9080,2,1,0.02962186026760738,0.21414983198032783,10,0.9422489806445946,42,64,largest,0.5
9081,9081,1,0,-0.00916689651681124,0.0993795581348346,36,0.9932672918710679,42,64,largest,0.5
9082,9082,0,0,-0.02668647987969175,0.07663595040953051,0,0.9854831675603417,42,64,largest,0.5
9083,9083,4,0,-0.05280878339747708,0.0325608382850587,4,0.9209424917263326,42,64,largest,0.5
9084,9084,3,0,-0.027294320165920705,0.07406382699463604,12,0.9481003216556342,42,64,largest,0.5
9085,9085,2,0,-0.043981737451345926,0.056524144100567414,40,0.9923558476668702,42,64,largest,0.5
9086,9086,1,0,-0.033930354260040985,0.06499648977596147,47,0.9771232374422504,42,64,largest,0.5
9087,9087,0,0,-0.022512216290065834,0.08274548823084626,31,0.9739531552747716,42,64,largest,0.5
9088,9088,4,0,-0.044558327119807895,0.036356559704200334,49,0.9873002234021871,42,64,largest,0.5
9089,9089,3,0,-0.03790706553444656,0.06077189293501015,14,0.9909391515713134,42,64,largest,0.5
909,909,2,0,-0.08140373510616117,0.026986181349332145,15,0.9902976478677672,42,64,largest,0.5
9090,9090,1,0,-0.01797981102804902,0.0855998995385946,63,0.9881930812455565,42,64,largest,0.5
9091,9091,0,0,-0.07074002269728197,0.033294106590995264,52,0.9859891040167493,42,64,largest,0.5
9092,9092,4,0,-0.03337037971498391,0.042188917616082636,34,0.9432255923345798,42,64,largest,0.5
9093,9093,3,0,-0.0220443936140432,0.08158683533681028,19,0.9646692950363495,42,64,largest,0.5
9094,9094,2,0,-0.06481769067796794,0.037553165651721766,7,0.9390889660929739,42,64,largest,0.5
9095,9095,1,0,-0.0009185878807272951,0.11402952556073237,26,0.991258220543949,42,64,largest,0.5
9096,9096,0,0,-0.03994780495971839,0.05987645403737008,2,1.0035444630210344,42,64,largest,0.5
9097,9097,4,1,0.002211975300679958,0.06723286682265009,42,1.0011678352962912,42,64,largest,0.5
9098,9098,3,0,-0.0653193363906227,0.036066610162245334,27,0.9839737835594943,42,64,largest,0.5
9099,9099,2,0,-0.05644731501196398,0.044300267576371094,55,0.986067833079576,42,64,largest,0.5
91,91,1,0,-0.039296118241757494,0.059170392832507045,4,0.9674096030519987,42,64,largest,0.5
910,910,0,0,-0.06500536914005872,0.03718277614903089,52,0.9768253014160866,42,64,largest,0.5
9100,9100,4,0,-0.0483466810764821,0.03456351186165705,25,0.9833823223235392,42,64,largest,0.5
9101,9101,3,0,-0.05685346402077951,0.04243182051246134,3,0.9565238288463683,42,64,largest,0.5
9102,9102,2,0,-0.06330893267703208,0.038691707138582596,47,0.9773099621744376,42,64,largest,0.5
9103,9103,1,0,-0.006400685134952511,0.10409590851213164,1,0.9998845360579365,42,64,largest,0.5
9104,9104,0,0,-0.04655035030303023,0.05287242219777751,58,0.9752768780996761,42,64,largest,0.5
9107,9107,4,0,-0.029088690713549803,0.044649737205355505,25,0.9771409596783293,42,64,largest,0.5
9108,9108,3,0,-0.021267158864449187,0.08275808465371509,13,0.986313470599366,42,64,largest,0.5
9109,9109,2,0,-0.04328359665621151,0.057295289600738146,12,0.9973749414285753,42,64,largest,0.5
911,911,1,0,-0.03167714466002891,0.06759881497995837,11,0.9675360798161056,42,64,largest,0.5
9110,9110,0,0,-0.048255433435049344,0.05119337055984138,10,0.9815971614700201,42,64,largest,0.5
9111,9111,4,0,-0.028182776145578292,0.045187661321972244,46,0.9771360868408875,42,64,largest,0.5
9112,9112,3,0,-0.0600746809245043,0.03989232879135827,28,0.989384923803909,42,64,largest,0.5
9113,9113,2,0,-0.07562392799527462,0.03029171797553405,41,0.9774458948491014,42,64,largest,0.5
9114,9114,1,0,-0.023763116474402435,0.07752219322395772,36,0.9763373307980031,42,64,largest,0.5
9115,9115,0,0,-0.04764030062336544,0.05179321448351874,18,0.9814218215086825,42,64,largest,0.5
9116,9116,4,0,-0.007008669702531223,0.059657886246535285,31,0.9817871968841794,42,64,largest,0.5
9117,9117,3,0,-0.022214343505610468,0.08133275060841606,14,0.9855024091477186,42,64,largest,0.5
9118,9118,2,0,-0.04397799464173646,0.056528252164967444,47,0.9758893541819438,42,64,largest,0.5
9119,9119,1,0,-0.013113127171799244,0.09298059045868472,26,0.9820937913174365,42,64,largest,0.5
912,912,0,0,-0.06974201878062991,0.03394142810697541,9,0.9696403648995611,42,64,largest,0.5
9120,9120,4,0,-0.015033476856465944,0.053723223545983134,34,0.9818601931728459,42,64,largest,0.5
9121,9121,3,0,-0.015690923560495285,0.09161852219187062,14,0.9730640764672411,42,64,largest,0.5
9122,9122,2,0,-0.049228685652959125,0.05103362185998847,58,0.9854271309657847,42,64,largest,0.5
9123,9123,1,0,-0.02059334768952925,0.08185905298090561,60,0.9822401588715524,42,64,largest,0.5
9124,9124,0,0,-0.05460618330830913,0.04537351090780428,43,0.9655076291386055,42,64,largest,0.5
9125,9125,4,0,-0.0603413202398867,0.029431941527787636,25,0.9743466619741975,42,64,largest,0.5
9126,9126,3,0,-0.07122857822146189,0.03217918786907592,36,1.000150832642464,42,64,largest,0.5
9127,9127,2,0,-0.061525128629221326,0.040080559205085825,55,0.9725560038687346,42,64,largest,0.5
9128,9128,1,0,-0.022507594979393475,0.07921423646341895,26,0.9790673827724846,42,64,largest,0.5
9129,9129,0,0,-0.06933263970819925,0.03421045597744699,0,0.976911931710907,42,64,largest,0.5
913,913,4,0,-0.07678889584806836,0.023580922640277762,48,0.9418165616939759,42,64,largest,0.5
9130,9130,3,0,-0.0837802509616351,0.02522129928742265,34,0.9478045203252009,42,64,largest,0.5
9131,9131,2,0,-0.05813970392845813,0.0428488059689973,23,0.9557646407287417,42,64,largest,0.5
9132,9132,1,0,-0.04969934014634392,0.04924436577275438,56,0.9619968381218695,42,64,largest,0.5
9133,9133,0,0,-0.09549471937859955,0.02057765947904536,32,1.0049787692434606,42,64,largest,0.5
9134,9134,4,0,-0.030236045603144412,0.04397720628069688,58,0.9793427364408772,42,64,largest,0.5
9135,9135,3,0,-0.03951791263746629,0.05896050679997326,13,1.0076947830512069,42,64,largest,0.5
9136,9136,2,0,-0.07315635250300268,0.03181958266543452,19,0.9797831535611813,42,64,largest,0.5
9137,9137,1,0,-0.05023503962141651,0.048778462123314575,8,0.9535898958614123,42,64,largest,0.5
9138,9138,0,0,-0.08723655198157276,0.024177046927648337,40,0.9723650778904667,42,64,largest,0.5
9139,9139,4,0,-0.049308140776606724,0.03412218960337938,29,0.9820160295945928,42,64,largest,0.5
914,914,3,1,0.005444859708658822,0.1333431121386735,47,0.9844620256358266,42,64,largest,0.5
9140,9140,2,0,-0.06424094187288931,0.03798454093348044,39,0.9843765709393006,42,64,largest,0.5
9141,9141,1,0,-0.013502424695385873,0.0923697723355985,34,0.9942669360881988,42,64,largest,0.5
9142,9142,0,0,-0.08918365583307808,0.02327665288003874,24,1.0007289920778644,42,64,largest,0.5
9143,9143,4,0,-0.026155504540132046,0.046413886620656104,46,0.9952710491206036,42,64,largest,0.5
9144,9144,3,0,-0.05104214401149354,0.04740859332586664,46,0.9803189113459022,42,64,largest,0.5
9145,9145,2,0,-0.06821345591232697,0.03510728255822985,5,0.9877208851536196,42,64,largest,0.5
9146,9146,1,0,-0.015522239742920552,0.08925817191958033,34,0.9923953682180212,42,64,largest,0.5
9147,9147,0,0,-0.024303609192801945,0.08007107194777996,56,0.9858748700278044,42,64,largest,0.5
9148,9148,4,0,-0.08905831621317317,0.01997148099087971,41,0.9155539096082829,42,64,largest,0.5
9149,9149,3,0,-0.029498202081530867,0.07110000023887336,52,0.9912965274487933,42,64,largest,0.5
915,915,2,0,-0.041520564898790635,0.0592868754214431,5,0.9880960717843188,42,64,largest,0.5
9150,9150,1,0,-0.04523739889146838,0.05329205071981984,63,0.9594536601517757,42,64,largest,0.5
9151,9151,0,0,-0.07392660816871732,0.031306088496431544,28,0.9938399992894176,42,64,largest,0.5
9152,9152,4,0,-0.04098042787424405,0.038131957066954235,18,1.0075816601763872,42,64,largest,0.5
9153,9153,3,0,-0.053779297725228825,0.04499893891496177,40,0.9903883681762881,42,64,largest,0.5
9154,9154,2,0,-0.012269865407731562,0.10319197251498649,2,0.9713294571250664,42,64,largest,0.5
9155,9155,1,0,-0.045210399522717326,0.0533174742159806,8,0.9566930165232834,42,64,largest,0.5
9156,9156,0,1,0.008963221921162279,0.14465062964505393,36,0.9661827412784062,42,64,largest,0.5
9157,9157,4,0,-0.03353028308167838,0.04209957327241574,36,1.0032660361320571,42,64,largest,0.5
9158,9158,3,1,0.020921630941489244,0.17329154581843012,47,0.889623863029811,42,64,largest,0.5
9159,9159,2,0,-0.04630163703482826,0.0540311950114439,62,0.9768904895435991,42,64,largest,0.5
916,916,1,0,-0.04021268147197732,0.0582254386191186,9,0.9676836709917501,42,64,largest,0.5
9160,9160,0,0,-0.031115727826201534,0.07060781355527769,7,0.9720847935424615,42,64,largest,0.5
9161,9161,4,0,-0.002791533463147644,0.06301777248369757,14,0.9719152507207762,42,64,largest,0.5
9162,9162,3,0,-0.05307653327599715,0.04560624676820694,55,0.9988802489751082,42,64,largest,0.5
9163,9163,2,0,-0.03581812805954876,0.06618093911416136,9,0.9507098010655319,42,64,largest,0.5
9164,9164,1,0,-0.04875446491571522,0.05007643472026849,60,0.965503488209184,42,64,largest,0.5
9165,9165,0,0,-0.055184967795851025,0.04487559582900893,62,0.9702409574942651,42,64,largest,0.5
9166,9166,4,0,-0.02225659740117103,0.04886169162594734,61,0.9939841373935423,42,64,largest,0.5
9167,9167,3,0,-0.07264064752386634,0.03131198792861444,35,0.9891553685868908,42,64,largest,0.5
9168,9168,2,0,-0.2123073132705473,0.0018714677677650088,44,0.8351218969978833,42,64,largest,0.5
9169,9169,1,0,-0.03740461739571388,0.06116607770144662,22,0.986633353007766,42,64,largest,0.5
917,917,0,0,-0.07141810901675061,0.032861106842055544,27,0.9549997801201312,42,64,largest,0.5
9170,9170,4,0,-0.03454910000489786,0.04153455433747086,31,0.99022905389206,42,64,largest,0.5
9171,9171,3,0,-0.0492192271304307,0.04908090540322675,36,0.9859540186911574,42,64,largest,0.5
9172,9172,2,0,-0.05553171612251839,0.045104951651870014,46,0.9942783799456043,42,64,largest,0.5
9173,9173,1,0,-0.011668108010436051,0.095279669829968,2,0.9886984314019597,42,64,largest,0.5
9174,9174,0,0,-0.0630914623113279,0.03857524341777613,8,0.9882321902868298,42,64,largest,0.5
9175,9175,4,0,-0.04026295448116857,0.0384978673020877,15,0.9815696183331377,42,64,largest,0.5
9176,9176,3,0,-0.06670465963524208,0.03511655016349208,52,0.9730653161335228,42,64,largest,0.5
9177,9177,2,0,-0.07194536367634541,0.03259641159805005,12,0.9780572661124443,42,64,largest,0.5
9178,9178,1,1,0.003451338353806066,0.12253024929467322,7,0.9861486161119457,42,64,largest,0.5
9179,9179,0,0,-0.09042542760576033,0.022719605794531805,52,0.9694038677121155,42,64,largest,0.5
918,918,4,0,-0.05053864599979441,0.0335652976077552,46,0.9799298171514822,42,64,largest,0.5
9181,9181,3,0,-0.04857109849075436,0.04968886016291638,14,0.9847962473047105,42,64,largest,0.5
9182,9182,2,0,-0.06375507368286015,0.038351632752995,17,0.9787661833157938,42,64,largest,0.5
9183,9183,1,0,-0.06794666176478403,0.03553853444972768,32,0.9473558996325594,42,64,largest,0.5
9184,9184,0,0,-0.012708368591090702,0.09886716265789122,15,0.9853499749042108,42,64,largest,0.5
9185,9185,4,0,-0.045365686850888154,0.03596707658679642,12,0.9741046702848989,42,64,largest,0.5
9186,9186,3,0,-0.02303671919175998,0.08011341493192838,13,0.9880149664502902,42,64,largest,0.5
9187,9187,2,0,-0.019457643557860727,0.09028334525491855,23,0.9556577565516142,42,64,largest,0.5
9188,9188,1,0,-0.006979544795249315,0.10309287253578954,2,0.9829850236006933,42,64,largest,0.5
9189,9189,0,0,-0.10601669816453818,0.01674391220444334,51,0.9467938708112168,42,64,largest,0.5
919,919,4,0,-0.026720405015770332,0.04606905165558563,38,0.9957395045922315,42,64,largest,0.5
9190,9190,3,0,-0.03086423758060053,0.06931829525201158,36,0.9885671813521986,42,64,largest,0.5
9191,9191,2,0,-0.04830353417912503,0.051963648119933585,46,0.9880215030874656,42,64,largest,0.5
9192,9192,1,0,-0.023325246043210512,0.07810851005482068,34,0.9796058532708594,42,64,largest,0.5
9193,9193,0,0,-0.04848648553480428,0.050969763599522745,56,0.9729071727673578,42,64,largest,0.5
9194,9194,4,0,-0.03530952109110852,0.041117572830985834,46,0.9668511010348746,42,64,largest,0.5
9195,9195,3,0,-0.05193205810283419,0.04661200138837641,2,0.9774881948623257,42,64,largest,0.5
9196,9196,2,0,-0.091158982641795,0.02218632439007152,13,0.9956643440698908,42,64,largest,0.5
9197,9197,1,0,-0.0602136385128057,0.04082980774725939,3,0.9573501882692991,42,64,largest,0.5
9198,9198,0,0,-0.07369269007941148,0.03144803119192276,44,0.9537604052604998,42,64,largest,0.5
9199,9199,4,0,-0.07660250506942723,0.02364039656014002,48,0.9282957294155807,42,64,largest,0.5
92,92,3,0,-0.04284680362964366,0.055376468134727026,37,0.9486160105864577,42,64,largest,0.5
920,920,2,0,-0.047023227366809195,0.053277150125211746,61,0.9820615329761708,42,64,largest,0.5
9200,9200,1,0,-0.062877202309633,0.038927177576842185,27,0.9325649534390814,42,64,largest,0.5
9201,9201,0,0,-0.09427315066149122,0.02107499916063074,14,0.9481894080170382,42,64,largest,0.5
9202,9202,4,0,-0.13351378301309924,0.010893994982933513,9,0.9247450011955358,42,64,largest,0.5
9203,9203,3,0,-0.0562360340503143,0.04293592269246761,7,0.9602342436112392,42,64,largest,0.5
9204,9204,2,0,-0.07204284490879975,0.032533206634813676,16,0.9752045117637484,42,64,largest,0.5
9205,9205,1,0,-0.024354664774001833,0.07673650056041993,36,0.9781839024754384,42,64,largest,0.5
9206,9206,0,0,-0.02743258729396636,0.07558845650136825,43,0.9890561828865628,42,64,largest,0.5
9207,9207,4,0,-0.04398045062635192,0.03663782530207982,23,0.9818606248752926,42,64,largest,0.5
9208,9208,3,0,-0.06000538249296983,0.039945395965095803,18,0.993491919538654,42,64,largest,0.5
9209,9209,2,0,-0.10132658882840173,0.018072972864900148,40,0.9683148971390675,42,64,largest,0.5
921,921,1,0,-0.019361907611304185,0.08360273980794297,34,0.9992119305585262,42,64,largest,0.5
9210,9210,0,0,-0.12888739778129832,0.01067136345204983,48,0.9290297057896959,42,64,largest,0.5
9211,9211,4,0,-0.03869768908323723,0.03930788236116483,32,0.9814862013358133,42,64,largest,0.5
9212,9212,3,0,-0.06021220381452075,0.03978721690368107,53,1.004644409559005,42,64,largest,0.5
9213,9213,2,0,-0.02378056634189385,0.08323762003247838,9,0.9363931427478162,42,64,largest,0.5
9214,9214,1,0,-0.008383320122393512,0.10069590181719189,50,0.9956731622441084,42,64,largest,0.5
9215,9215,0,0,-0.0460736751777826,0.05335104333358377,37,1.0005621894179801,42,64,largest,0.5
9216,9216,4,0,-0.05660872202105194,0.03094416864147363,54,0.9870129673026632,42,64,largest,0.5
9217,9217,3,0,-0.05819844178594591,0.041353223108021725,36,0.9960716224349443,42,64,largest,0.5
9218,9218,2,0,-0.032872403296157815,0.07002761942565712,58,0.9942369748729689,42,64,largest,0.5
9219,9219,1,0,-0.017768198445183847,0.08590947543074097,42,0.9966359012986723,42,64,largest,0.5
922,922,0,0,-0.0904526857575979,0.02270752524911776,27,0.9571280837787824,42,64,largest,0.5
9220,9220,4,0,-0.06626130110785433,0.027179405159925625,51,0.9800651354687342,42,64,largest,0.5
9221,9221,3,0,-0.040684456146728,0.05768046166025953,20,0.9756315111427273,42,64,largest,0.5
9222,9222,2,0,-0.0716280277058502,0.03280298903570183,55,0.980111894702583,42,64,largest,0.5
9223,9223,1,0,-0.025303020805182874,0.0754921220688087,37,0.9878303464548966,42,64,largest,0.5
9224,9224,0,0,-0.07602648742642837,0.03005933934930424,35,0.9827763021094741,42,64,largest,0.5
9225,9225,4,0,-0.04233807206994411,0.03744868120442603,5,0.9925944967130252,42,64,largest,0.5
9226,9226,3,0,-0.05489717802406924,0.044048752982358885,22,0.9849564093721561,42,64,largest,0.5
9227,9227,2,0,-0.07038850264044094,0.03362207009570853,11,0.9692199116560425,42,64,largest,0.5
9228,9228,1,0,-0.026875841183359284,0.07346915520917893,28,0.965592059731235,42,64,largest,0.5
9229,9229,0,0,-0.08597251649794058,0.024779661954766753,4,0.9880209276555918,42,64,largest,0.5
923,923,4,0,-0.03568839914252797,0.040911311099673074,22,0.9792470873644733,42,64,largest,0.5
9230,9230,3,0,-0.037834719403913475,0.06085445516786096,57,0.9710171234241785,42,64,largest,0.5
9231,9231,2,0,-0.026038202531830423,0.0797599833130811,5,1.0016800196214457,42,64,largest,0.5
9232,9232,1,0,-0.013132617599068142,0.09294992344982818,26,0.9906192586113628,42,64,largest,0.5
9233,9233,0,0,-0.0808822324832954,0.027357936256525238,1,0.9740108589156709,42,64,largest,0.5
9234,9234,4,0,-0.11411495385999182,0.014201725387388018,41,0.9194308079059851,42,64,largest,0.5
9235,9235,3,0,-0.04299766752006351,0.05521899596020684,43,0.9637937093387289,42,64,largest,0.5
9236,9236,2,0,-0.06269728173568323,0.03916264939786103,35,0.969929947982773,42,64,largest,0.5
9237,9237,1,0,-0.06879266042134624,0.035001406275827866,52,0.9573487764177278,42,64,largest,0.5
9238,9238,0,0,-0.16861234377304002,0.004856368245214905,21,0.9052013534317018,42,64,largest,0.5
9239,9239,4,0,-0.06979372526679672,0.02591610452760084,17,0.950928917788136,42,64,largest,0.5
924,924,3,0,-0.06776302774448517,0.03440701283902998,53,0.9818673203094563,42,64,largest,0.5
9240,9240,2,0,-0.0993031692745886,0.018827014158625987,60,0.964371709641593,42,64,largest,0.5
9241,9241,1,0,-0.05007980542479118,0.048913038968329124,23,0.9600339890545441,42,64,largest,0.5
9242,9242,0,0,-0.09356390909867773,0.02136913107380671,45,0.9771450701566435,42,64,largest,0.5
9243,9243,4,0,-0.027086958565719632,0.04584660038712738,58,0.9979170268701216,42,64,largest,0.5
9244,9244,3,0,-0.05514765908518626,0.04383848654528297,44,1.004429988276592,42,64,largest,0.5
9245,9245,2,0,-0.10479531269920939,0.016848723430230497,45,0.9568260697906636,42,64,largest,0.5
9246,9246,1,0,-0.022690912643694272,0.0789650946989934,50,0.9933869193452896,42,64,largest,0.5
9247,9247,0,0,-0.05435656067214545,0.04558987591985939,32,1.005680825284006,42,64,largest,0.5
9248,9248,4,0,-0.02468852099728791,0.04732088728829972,3,0.9847373835884302,42,64,largest,0.5
9249,9249,3,0,-0.054070883719060214,0.04474922753855188,46,0.9898526895486572,42,64,largest,0.5
925,925,2,0,-0.041878743931966333,0.05887708177129481,14,0.9784067158686882,42,64,largest,0.5
9250,9250,1,1,0.00558596151495061,0.12687758469794502,7,0.9977545870011876,42,64,largest,0.5
9251,9251,0,0,-0.09500001785021661,0.020777668706849203,44,0.9550132932208506,42,64,largest,0.5
9252,9252,4,0,-0.06364913259623284,0.02815189580214252,38,0.977450679203096,42,64,largest,0.5
9253,9253,3,0,-0.06424558606208142,0.036819965307290425,28,0.9581699029867943,42,64,largest,0.5
9254,9254,2,0,-0.035224093455092254,0.0669405153289517,35,0.9766733746111276,42,64,largest,0.5
9255,9255,1,0,-0.03665989421386573,0.06196895509229638,3,0.9773406909762482,42,64,largest,0.5
9256,9256,0,0,-0.06255996763981653,0.03897073157991217,30,0.9924905507559714,42,64,largest,0.5
9257,9257,4,0,-0.004781589532072195,0.06141080302874808,29,0.9906026192645127,42,64,largest,0.5
9258,9258,3,0,-0.02385227419299152,0.07892069545629235,14,0.9607829749502773,42,64,largest,0.5
9259,9259,2,0,-0.03428240301589658,0.06816122707658735,46,1.0133127942447389,42,64,largest,0.5
926,926,1,0,-0.00736192394291646,0.10243499391255674,14,0.9767716493552876,42,64,largest,0.5
9260,9260,0,0,-0.066050111993885,0.036443188041291506,1,0.9812872540663715,42,64,largest,0.5
9261,9261,4,0,-0.028710523745897443,0.04487354318642975,18,0.9573687288447742,42,64,largest,0.5
9262,9262,3,0,-0.08733915159126437,0.02353082536479152,38,0.9673313332524857,42,64,largest,0.5
9263,9263,2,1,0.019333070203744307,0.18066617568306975,10,0.9222459468640407,42,64,largest,0.5
9264,9264,1,0,-0.0505693480120617,0.048489832836404664,63,0.9681347477389388,42,64,largest,0.5
9265,9265,0,0,-0.07019906409848875,0.033643487491505995,45,0.9825809916754583,42,64,largest,0.5
9266,9266,4,0,-0.028791928735440786,0.04482527613381962,60,0.9576840990664445,42,64,largest,0.5
9267,9267,3,0,-0.04591165947813658,0.05225893158237189,18,0.9562790560799281,42,64,largest,0.5
9268,9268,2,0,-0.041265913383830344,0.05957984679329478,3,0.980130765566568,42,64,largest,0.5
9269,9269,1,0,-0.05811120083231336,0.04239417763708195,1,0.9566944608424984,42,64,largest,0.5
927,927,0,0,-0.058483753463624444,0.042135738624708555,0,0.9786151992818233,42,64,largest,0.5
9270,9270,4,0,-0.07971181138586525,0.02266715581785761,18,0.9519498260134289,42,64,largest,0.5
9271,9271,3,0,-0.07140958963852562,0.03206673828713999,38,0.9556553040073077,42,64,largest,0.5
9272,9272,2,0,-0.08774011988032349,0.023765206896101572,39,0.9768331431240339,42,64,largest,0.5
9273,9273,1,0,-0.04084908175636137,0.05757767271994582,13,0.9678064479405335,42,64,largest,0.5
9274,9274,0,0,-0.06143105473233801,0.03982370698925671,28,0.9995579891132729,42,64,largest,0.5
9275,9275,4,0,-0.0418919847598872,0.0376718801925855,54,0.986249955266754,42,64,largest,0.5
9276,9276,3,0,-0.04124407663897989,0.05707569218293962,56,0.9853312296027745,42,64,largest,0.5
9277,9277,2,0,-0.02753155692248921,0.07753307744970511,19,0.9778902538629992,42,64,largest,0.5
9278,9278,1,0,-0.016744429870475974,0.08742155051721973,61,0.991907132052477,42,64,largest,0.5
9279,9279,0,0,-0.018314694190239456,0.08933275655642975,29,0.9728618280538189,42,64,largest,0.5
928,928,4,0,-0.023522956316768484,0.04805351087292429,58,0.9711986332546642,42,64,largest,0.5
9280,9280,3,0,-0.037270683166340746,0.061501745203785735,17,1.007241688226112,42,64,largest,0.5
9281,9281,2,0,-0.06644359162108471,0.03636228467698931,62,0.982618137721358,42,64,largest,0.5
9282,9282,1,0,-0.0006063711898544044,0.11461942037638967,60,0.992864885860201,42,64,largest,0.5
9283,9283,0,0,-0.00467348985232674,0.11410755029915762,25,0.984592742373547,42,64,largest,0.5
9284,9284,4,0,-0.01794996929734005,0.051707642915620446,54,0.9859891316343236,42,64,largest,0.5
9285,9285,3,0,-0.07525372333971092,0.02976649463495922,53,0.9878888845934436,42,64,largest,0.5
9287,9287,2,0,-0.037186995073406504,0.06446100105450328,34,0.9744801513000847,42,64,largest,0.5
9289,9289,1,0,-0.0033843955863026576,0.10946305134793338,26,0.9986978906712249,42,64,largest,0.5
929,929,0,0,-0.043615726786162434,0.05588455965062832,35,0.9658426203458713,42,64,largest,0.5
9290,9290,4,0,-0.04630267437933622,0.03552009439586239,14,0.8977610346210165,42,64,largest,0.5
9291,9291,3,0,-0.09508110629190647,0.0202265821475182,42,0.9509360548746798,42,64,largest,0.5
9292,9292,2,0,-0.032702631426190676,0.07025550536740514,14,1.0002811949124948,42,64,largest,0.5
9293,9293,1,0,-0.018116335078442902,0.08540071038820618,60,0.9954674389492241,42,64,largest,0.5
9294,9294,0,0,-0.08224644847258145,0.026642417968300542,48,0.9497439196587661,42,64,largest,0.5
9295,9295,4,0,-0.027899502893576233,0.045357129927352455,31,0.9867877658746373,42,64,largest,0.5
9296,9296,3,1,0.004846987471781694,0.13196862891521505,47,0.958645048987057,42,64,largest,0.5
9297,9297,2,0,-0.009091883964539194,0.10940377926795274,17,0.9457532432407179,42,64,largest,0.5
9298,9298,1,0,-0.04050168735991422,0.05793042816751744,11,0.9586296507164584,42,64,largest,0.5
9299,9299,0,0,-0.02027988914710721,0.08619179817553486,29,0.9497664946385249,42,64,largest,0.5
93,93,4,0,-0.11337113911756058,0.014346582171273523,41,0.9109561254347457,42,64,largest,0.5
930,930,3,0,-0.04291502241315148,0.0553052088741998,28,0.9831299105649051,42,64,largest,0.5
9300,9300,2,0,-0.07732383295426526,0.029280773581077297,15,0.9863432675193345,42,64,largest,0.5
9301,9301,1,0,-0.004905876802602904,0.10672605664213246,50,0.989510488682972,42,64,largest,0.5
9302,9302,0,0,-0.06160523781793792,0.03969094104087437,28,1.0051951363566745,42,64,largest,0.5
9303,9303,4,0,-0.05172982850281882,0.03303456506141571,32,0.9860821697659389,42,64,largest,0.5
9304,9304,3,0,-0.04219551107831232,0.05606115287058691,21,0.9063018669429903,42,64,largest,0.5
9305,9305,2,0,-0.011408813830403153,0.10484350716112721,23,0.9726763811224868,42,64,largest,0.5
9306,9306,1,0,-0.058555155955330895,0.042059141366301706,32,0.9422070939784389,42,64,largest,0.5
9307,9307,0,0,-0.010736358381549183,0.10243076972082263,0,0.9821682254577473,42,64,largest,0.5
9308,9308,4,0,-0.022939751648511475,0.0484241188754055,30,0.946118839649664,42,64,largest,0.5
9309,9309,3,0,-0.043971299153894305,0.054212816213083305,40,0.9963714545604474,42,64,largest,0.5
931,931,2,0,-0.056314497956106435,0.04441614066667775,16,0.9964676675650962,42,64,largest,0.5
9310,9310,1,0,-0.040184138515443335,0.058254650958223624,4,0.9643025646046186,42,64,largest,0.5
9311,9311,0,0,-0.051043410253617694,0.04855620236081103,28,0.9855610410833779,42,64,largest,0.5
9312,9312,4,0,-0.01093559727313731,0.056680730793345936,22,0.9974521836400416,42,64,largest,0.5
9313,9313,3,0,-0.05946887570606785,0.040358536072676914,12,0.9660936579929321,42,64,largest,0.5
9314,9314,2,0,-0.1002218369418304,0.018480915894447267,15,0.9480834711376713,42,64,largest,0.5
9315,9315,1,0,-0.03744452084968519,0.061123333869130755,26,0.9690824661169022,42,64,largest,0.5
9316,9316,0,0,-0.07895496925477574,0.028400678429081186,24,0.985270598801121,42,64,largest,0.5
9317,9317,4,0,-0.014406272725490554,0.0541662640716276,18,0.998177022663921,42,64,largest,0.5
9318,9318,3,0,-0.06681289348430086,0.03504334701643861,51,0.9693534313820094,42,64,largest,0.5
9319,9319,2,0,-0.08207723497011876,0.02662459437228389,16,0.9846480118686697,42,64,largest,0.5
932,932,1,0,-0.05461669587513196,0.045121783936396875,52,0.9572197103452968,42,64,largest,0.5
9320,9320,0,0,-0.09157709945795944,0.022214627678685924,30,0.9765497819302966,42,64,largest,0.5
9321,9321,4,0,-0.04867728537062854,0.03441114288815313,31,0.9714678653550715,42,64,largest,0.5
9322,9322,3,0,-0.08638705191672646,0.023971924229157844,51,0.9673908383339664,42,64,largest,0.5
9323,9323,2,0,-0.06496323963977113,0.03744504944971647,62,0.9672772151315251,42,64,largest,0.5
9324,9324,1,0,-0.016178831863813747,0.08826720544721978,56,0.9896350733133502,42,64,largest,0.5
9325,9325,0,0,-0.040466690682502526,0.05929593549113143,0,0.9655376912661532,42,64,largest,0.5
9326,9326,4,1,0.0004365632172455003,0.06570807895192107,42,0.9902308627635368,42,64,largest,0.5
9327,9327,3,0,-0.022063802627315443,0.08155778121883044,54,0.9968580406813397,42,64,largest,0.5
9328,9328,2,0,-0.06965260615193658,0.03411765514327557,4,0.9909339525928053,42,64,largest,0.5
9329,9329,1,0,-0.03246438363827242,0.0666787969190901,31,0.9689068488694793,42,64,largest,0.5
933,933,0,1,0.013800758105005584,0.1570154825146168,36,0.9620755958442977,42,64,largest,0.5
9330,9330,4,0,-0.013993202848138653,0.05445992465869969,32,0.9891042081198289,42,64,largest,0.5
9331,9331,3,0,-0.06763961306070099,0.03448903347261644,51,0.9823510991519483,42,64,largest,0.5
9332,9332,2,0,-0.031954545364067166,0.07126785331126052,40,0.9819557489203449,42,64,largest,0.5
9333,9333,1,0,-0.06836090118290084,0.03527454731624886,31,0.950984464337557,42,64,largest,0.5
9334,9334,0,0,-0.08565284813519813,0.02493436487058662,41,0.9625971975672445,42,64,largest,0.5
9335,9335,4,0,-0.10621687295591864,0.0158163235531889,24,0.9205216099563004,42,64,largest,0.5
9336,9336,3,0,-0.04228809329743577,0.05596334059638588,7,0.9936510029209139,42,64,largest,0.5
9337,9337,2,0,-0.09496590778273573,0.020548753229310227,22,0.959678381397259,42,64,largest,0.5
9338,9338,1,0,-0.02457188892018025,0.07644982136564608,34,0.988773832047259,42,64,largest,0.5
9339,9339,0,0,-0.07323430818525323,0.031727987384481154,4,0.9704599673536664,42,64,largest,0.5
934,934,4,0,-0.05474204292277651,0.03172839131506825,9,0.9758948352419703,42,64,largest,0.5
9340,9340,3,0,-0.03458830610740449,0.06466897400169687,49,0.9732338756726134,42,64,largest,0.5
9341,9341,2,0,-0.036570235999428546,0.06523072703159898,55,0.9871871664600457,42,64,largest,0.5
9342,9342,1,0,-0.010494239164879349,0.09718464498393783,1,0.9937162034391082,42,64,largest,0.5
9343,9343,0,0,-0.03515863862282309,0.06549095599772765,61,0.8624090207693559,42,64,largest,0.5
9344,9344,4,0,-0.08923823570906664,0.019922797764460688,38,0.9306520671951064,42,64,largest,0.5
9345,9345,3,0,-0.05364186927528547,0.045117091159228406,41,0.9661812267155093,42,64,largest,0.5
9346,9346,2,0,-0.04182089003302414,0.058943092307194106,17,0.9646850610686,42,64,largest,0.5
9347,9347,1,0,-0.05517994761273737,0.04467110533836558,1,0.9458649687246033,42,64,largest,0.5
9348,9348,0,0,-0.04053822182932332,0.05921632271592192,37,1.0058999753035356,42,64,largest,0.5
9349,9349,4,0,-0.04352335415554831,0.03686178606659563,44,0.9337138938616566,42,64,largest,0.5
935,935,3,0,-0.06695361447701575,0.03494839130086151,51,0.9994245971849198,42,64,largest,0.5
9350,9350,2,0,-0.035192695140523256,0.06698088787524821,14,1.0046864338188268,42,64,largest,0.5
9351,9351,1,0,-0.051877431131859164,0.047375990906040645,62,0.9516981433022363,42,64,largest,0.5
9352,9352,0,0,-0.0667778594051488,0.03593639065353351,33,0.9955663108052396,42,64,largest,0.5
9353,9353,4,0,-0.027857813848715995,0.04538212150053965,32,0.9872411559484724,42,64,largest,0.5
9354,9354,3,0,-0.043924488036681586,0.05426079419866424,46,0.9917022038173122,42,64,largest,0.5
9355,9355,2,0,-0.05653191487516962,0.04422661078345049,5,0.9956534123076605,42,64,largest,0.5
9356,9356,1,0,-0.01905838958090922,0.08403766893497656,51,0.9888212719903652,42,64,largest,0.5
9357,9357,0,0,-0.08604277142521854,0.02474578780457143,24,0.9866241109506872,42,64,largest,0.5
9358,9358,4,0,-0.047157624301574774,0.035116919367707757,8,0.9699907518028803,42,64,largest,0.5
9359,9359,3,0,-0.05245563540488751,0.04614929471295268,15,0.990571224685747,42,64,largest,0.5
936,936,2,0,-0.0464282070234604,0.053898208516040984,22,0.9739006240521845,42,64,largest,0.5
9360,9360,1,0,-0.04594016736034101,0.052634312051696955,27,0.9523016174231876,42,64,largest,0.5
9361,9361,0,0,-0.0026307156172151736,0.1182957478576406,15,0.987972917026888,42,64,largest,0.5
9362,9362,4,0,-0.08544460215166105,0.020974330715008864,11,0.9340354887557434,42,64,largest,0.5
9363,9363,3,0,-0.06249063585290071,0.0380839404124587,18,0.9730882209364711,42,64,largest,0.5
9364,9364,2,0,-0.03671964143620732,0.06504348541131935,23,0.9926414574317332,42,64,largest,0.5
9365,9365,1,0,-0.0699382782355431,0.034286506194556074,58,0.955016655501143,42,64,largest,0.5
9366,9366,0,0,-0.05652613511303606,0.04374176121697867,51,0.9716051634091226,42,64,largest,0.5
9367,9367,4,0,-0.06822958463816631,0.02646827915094211,38,0.9499985319428678,42,64,largest,0.5
9368,9368,3,0,-0.044095504365635474,0.0540857086757134,40,1.0048091291542318,42,64,largest,0.5
9369,9369,2,0,-0.02964111983505824,0.0744842729139922,41,0.9896513696833865,42,64,largest,0.5
937,937,1,0,-0.027106729669241214,0.07317642020389764,26,0.9730174599153641,42,64,largest,0.5
9372,9372,0,0,-0.07647411156038275,0.02979986286939158,35,0.9465294523544693,42,64,largest,0.5
9373,9373,4,0,-0.05599992360248429,0.03119785067462725,57,0.9393863197992786,42,64,largest,0.5
9374,9374,3,0,-0.033698588405481456,0.06575263300306675,13,0.9692740923297358,42,64,largest,0.5
9375,9375,2,0,-0.09498400738101509,0.020541257402216965,47,0.9365328429066164,42,64,largest,0.5
9376,9376,1,0,-0.040995064044953344,0.05743004022404742,8,0.9633520103346199,42,64,largest,0.5
9377,9377,0,0,-0.06362252529070278,0.03818392587654395,4,0.9833715989473952,42,64,largest,0.5
9378,9378,4,0,-0.0663831451150999,0.027134849608238785,36,0.9764741249828347,42,64,largest,0.5
9379,9379,3,0,-0.04105647817293867,0.05727775897800799,41,0.9769614770848832,42,64,largest,0.5
938,938,2,0,-0.03117814240058736,0.072332749734379,14,0.9924395040534911,42,64,largest,0.5
9380,9380,1,0,-0.03044110217623719,0.06906711321991847,51,0.974856940968714,42,64,largest,0.5
9381,9381,0,0,-0.06337989550113421,0.038362234157679746,39,0.9756786913146054,42,64,largest,0.5
9382,9382,4,0,-0.049254667229816085,0.03414659124492603,25,0.9644261727378997,42,64,largest,0.5
9383,9383,3,0,-0.08630997771370241,0.024007982855580826,38,0.9450702654759082,42,64,largest,0.5
9384,9384,2,0,-0.08651644529524594,0.024356548842205564,45,0.9633335168385294,42,64,largest,0.5
9385,9385,1,0,-0.05391422210375374,0.04568993106547237,36,0.9631001197019903,42,64,largest,0.5
9386,9386,0,0,-0.055466605476097386,0.04463519679262338,21,0.9747543371666675,42,64,largest,0.5
9387,9387,4,0,-0.050165500494652404,0.0337332394708133,21,0.9498365537186306,42,64,largest,0.5
9388,9388,3,0,-0.0812722213455861,0.026483090355071202,0,0.9475015994253975,42,64,largest,0.5
9389,9389,2,0,-0.040095348754052185,0.06094407782135311,5,0.9878226365019293,42,64,largest,0.5
939,939,1,0,-0.020051879674135575,0.08262163982378705,23,0.9822395080316388,42,64,largest,0.5
9390,9390,0,0,-0.003883123968238422,0.1157124583577888,57,0.9688194669300684,42,64,largest,0.5
9391,9391,4,0,-0.05520120749107327,0.031533724096829634,14,0.9351496035338198,42,64,largest,0.5
9392,9392,3,0,-0.08718995031869392,0.02359942183274957,14,0.9659020574153656,42,64,largest,0.5
9393,9393,2,0,-0.1251636824355402,0.011143606768643313,54,0.9387121981661535,42,64,largest,0.5
9394,9394,1,0,-0.047850272218246115,0.050885134818541934,49,0.9550967022964951,42,64,largest,0.5
9395,9395,0,0,-0.07552723258006888,0.030351327613998134,21,0.9447876739791714,42,64,largest,0.5
9396,9396,4,0,-0.03204563608797317,0.042936105897349565,1,0.9871721592389581,42,64,largest,0.5
9397,9397,3,1,0.021154739678945766,0.17395983652361818,47,0.90525660529972,42,64,largest,0.5
9398,9398,2,0,-0.0032564682370334053,0.12166583980034,34,0.9701149191589945,42,64,largest,0.5
9399,9399,1,0,-0.06512517902066706,0.037387872298448754,18,0.9497151722669779,42,64,largest,0.5
94,94,0,0,-0.06128577169930238,0.03993477022153005,1,0.9734015584590335,42,64,largest,0.5
940,940,4,0,-0.08927248690438927,0.019913543141659606,19,0.9645093638685736,42,64,largest,0.5
9400,9400,3,0,-0.061746139090635865,0.03863265286315399,44,0.9637106024102043,42,64,largest,0.5
9401,9401,2,0,-0.044728848572938795,0.05570972113818815,58,0.9709315987138384,42,64,largest,0.5
9402,9402,1,0,-0.08906516619035532,0.02424460103545294,8,0.9247472790627432,42,64,largest,0.5
9403,9403,0,0,-0.06511617657044544,0.037103654946287534,35,0.9997934970166428,42,64,largest,0.5
9404,9404,4,0,-0.03377578506714396,0.041962753567389724,19,0.9938790605663171,42,64,largest,0.5
9405,9405,3,0,-0.022717721976888372,0.0805843980390074,41,0.992404368568276,42,64,largest,0.5
9406,9406,2,0,-0.07654004054568675,0.0297427692251668,13,0.9998823844589756,42,64,largest,0.5
9407,9407,1,0,-0.12605494388436744,0.012306590246246729,11,0.8890647050194764,42,64,largest,0.5
9408,9408,0,1,0.020709260814351205,0.1761472403740621,36,0.9364715358564609,42,64,largest,0.5
9409,9409,4,0,-0.03264460289560056,0.04259672097187365,40,0.9867134985544382,42,64,largest,0.5
941,941,3,0,-0.012164343840181058,0.09765408229695799,13,0.9781812498124602,42,64,largest,0.5
9410,9410,2,0,-0.0790581969077121,0.028283086044059585,14,0.9643616182692886,42,64,largest,0.5
9411,9411,1,0,-0.03900956851593662,0.05946875567358158,18,0.9708287305614001,42,64,largest,0.5
9412,9412,0,0,-0.07706572301216352,0.029460249537145426,34,0.9802350451770981,42,64,largest,0.5
9413,9413,4,0,-0.028134760532901093,0.04521634420840675,13,0.9903930196927543,42,64,largest,0.5
9414,9414,3,0,-0.00201679385141762,0.11703540421752043,3,0.9727945970818913,42,64,largest,0.5
9415,9415,2,0,-0.10855333990272009,0.015614295972789948,11,0.9605314031478438,42,64,largest,0.5
9416,9416,1,0,-0.04354804731372852,0.05490502141634325,18,0.965260903006614,42,64,largest,0.5
9417,9417,0,0,-0.09289246711610921,0.021651285112847325,8,0.9459101313909862,42,64,largest,0.5
9418,9418,4,0,-0.03870674710664135,0.03930314819556792,32,0.9871271268836501,42,64,largest,0.5
9419,9419,3,0,-0.03995739937094167,0.05847516262096751,21,0.9483426485165842,42,64,largest,0.5
942,942,2,0,-0.0844735607616599,0.025375887110218105,14,0.9906046899756195,42,64,largest,0.5
9420,9420,1,0,-0.04341135097424598,0.05503752968380544,2,0.952319218627522,42,64,largest,0.5
9421,9421,0,0,-0.01064501829848341,0.10259855645734316,31,0.9632008389732039,42,64,largest,0.5
9422,9422,4,0,-0.023782160121092466,0.047889660976285144,31,0.9731748867172503,42,64,largest,0.5
9423,9423,3,0,-0.048612691114889306,0.049649632252560215,60,0.9738095335563356,42,64,largest,0.5
9424,9424,2,0,-0.13293266596977982,0.009512653865827987,47,0.9026945468125753,42,64,largest,0.5
9425,9425,1,0,-0.046098214983604224,0.052487450835895226,52,0.9527477904959339,42,64,largest,0.5
9426,9426,0,0,-0.09684161348705544,0.02004261087539022,9,0.9353524947523758,42,64,largest,0.5
9427,9427,4,0,-0.05593537518202807,0.03122486527279219,57,0.9585954876095221,42,64,largest,0.5
9428,9428,3,0,-0.01646268549403329,0.09034321004607701,41,0.9852549783745437,42,64,largest,0.5
9429,9429,2,0,-0.11182720801116963,0.014611755413799502,56,0.9246575657563497,42,64,largest,0.5
943,943,1,0,-0.03766079833096048,0.060892146962949145,51,0.9751881948782903,42,64,largest,0.5
9430,9430,0,0,-0.15027834369759485,0.00698801369567565,16,0.9293043142846088,42,64,largest,0.5
9432,9432,4,0,-0.033602612021546574,0.04205921967099651,3,0.9609548690653523,42,64,largest,0.5
9433,9433,3,0,-0.007270013226105765,0.10661694131246152,21,0.9595194775994365,42,64,largest,0.5
9434,9434,2,0,-0.05593109817624753,0.04475225198927362,61,0.9691531651224621,42,64,largest,0.5
9435,9435,1,0,-0.05325712164398744,0.046227541574284145,11,0.9580594694190829,42,64,largest,0.5
9436,9436,0,0,-0.06292710508085697,0.03869712931338373,20,0.9833876783724135,42,64,largest,0.5
9437,9437,4,0,-0.02344603394266509,0.04810223797010319,14,0.9406741140204721,42,64,largest,0.5
9438,9438,3,0,-0.05154839957135371,0.04695385387818904,63,0.9627510258843737,42,64,largest,0.5
9439,9439,2,0,-0.062543391372339,0.03928200071784528,7,0.970342665484943,42,64,largest,0.5
944,944,1,0,-0.01497562063327118,0.09009080383247456,34,0.9847586580108451,42,64,largest,0.5
9440,9440,0,0,-0.08243708785806947,0.0265438900397778,0,0.9691241143364996,42,64,largest,0.5
9441,9441,4,0,-0.03450633727074981,0.0415581233045003,11,0.9552630928432513,42,64,largest,0.5
9442,9442,3,0,-0.005919040244268703,0.10921552582854695,12,0.9435847980478469,42,64,largest,0.5
9443,9443,2,0,-0.0076640322367559355,0.11230004410954923,2,0.9510040930967775,42,64,largest,0.5
9444,9444,1,0,-0.015630260770040927,0.08909445352222947,22,1.0040780364016042,42,64,largest,0.5
9445,9445,0,0,-0.061807576554894106,0.03953724701773743,37,0.9890960342527243,42,64,largest,0.5
9446,9446,4,0,-0.03622117879668807,0.04062294031657491,36,0.9932346638076014,42,64,largest,0.5
9447,9447,3,0,-0.011704596318064198,0.09846654690828707,37,0.9955367278574787,42,64,largest,0.5
9448,9448,2,0,-0.005682301351386476,0.11643063018860952,7,0.9818373086365388,42,64,largest,0.5
9449,9449,1,0,-0.0381266507610879,0.06039695531783776,31,0.9647160816764319,42,64,largest,0.5
945,945,0,0,-0.006785566183978631,0.10991368586989685,6,0.9539946574891589,42,64,largest,0.5
9450,9450,4,0,-0.06290525122823165,0.0284349646773181,18,0.9472117081917225,42,64,largest,0.5
9451,9451,3,0,-0.07481353788161282,0.030021561044736057,4,0.9624079812182986,42,64,largest,0.5
9452,9452,2,0,-0.06973719889962726,0.03406033012505778,36,0.9877487488528142,42,64,largest,0.5
9453,9453,1,0,-0.016415567569166067,0.08791235422769407,53,0.9867007874421535,42,64,largest,0.5
9454,9454,0,0,-0.06928775118529851,0.03424007978956662,24,1.0050568938209907,42,64,largest,0.5
9455,9455,4,0,-0.029440528695581003,0.04444246902144491,1,0.990785253994545,42,64,largest,0.5
9456,9456,3,0,-0.06090306539406676,0.03926318046237287,61,0.9788699615782954,42,64,largest,0.5
9457,9457,2,0,-0.11354811127258957,0.014110477116145404,39,0.9839255539109439,42,64,largest,0.5
9458,9458,1,0,-0.015591983312799096,0.0891524364340408,16,0.9872281133351386,42,64,largest,0.5
9459,9459,0,0,-0.06876547392021082,0.034586575988512315,32,0.9926896109228349,42,64,largest,0.5
946,946,4,0,-0.0441405603571936,0.036559687297900656,58,0.9702780289571133,42,64,largest,0.5
9460,9460,3,0,-0.05661533327843804,0.04262556934350818,10,0.9834242348888727,42,64,largest,0.5
9461,9461,2,0,-0.05518702587001045,0.04541148001199647,5,0.9836574566332699,42,64,largest,0.5
9462,9462,1,0,-0.015904811221416737,0.08867955925988634,42,0.9861583379609188,42,64,largest,0.5
9463,9463,0,0,-0.0896216003921172,0.023078689485041288,24,0.9776513177741387,42,64,largest,0.5
9464,9464,4,0,-0.0384763809665164,0.03942371885112706,36,0.9880657722021927,42,64,largest,0.5
9465,9465,3,0,-0.0375093163224125,0.061227107402314775,17,1.0050596900351898,42,64,largest,0.5
9466,9466,2,0,-0.0403390779278866,0.0606576375736562,58,0.9754845189381857,42,64,largest,0.5
9467,9467,1,0,-0.0013999482876058122,0.11312523816864206,36,0.9932626082047228,42,64,largest,0.5
9468,9468,0,0,-0.06443814318381547,0.03759034628866649,40,0.986341464802617,42,64,largest,0.5
9469,9469,4,0,-0.030064879595432026,0.04407691976049479,54,0.9919266090549769,42,64,largest,0.5
947,947,3,0,-0.05730144295462092,0.042069612976464416,60,0.9833538257456685,42,64,largest,0.5
9470,9470,2,0,-0.05333281555636393,0.047094724328289386,15,1.0014150660023602,42,64,largest,0.5
9471,9471,1,0,-0.026327238574675893,0.0741690372761668,12,0.9826435055955026,42,64,largest,0.5
9472,9472,0,0,-0.04597496873796825,0.05345066243780502,15,0.9857516745081154,42,64,largest,0.5
9473,9473,4,0,-0.06850070857093205,0.026371753371369138,12,0.9730138025595573,42,64,largest,0.5
9474,9474,3,0,-0.03922791396637315,0.059282830073488044,53,1.0032123766479528,42,64,largest,0.5
9475,9475,2,0,-0.04090031086051349,0.06000283661003236,23,0.9897867336298718,42,64,largest,0.5
9476,9476,1,0,-0.02484045579490557,0.07609674135528098,9,0.9922187958096009,42,64,largest,0.5
9478,9478,0,0,-0.06084150450379644,0.04027623992713517,37,0.9878970607040534,42,64,largest,0.5
9479,9479,4,0,-0.03665728528791967,0.04038834434491424,46,1.0040890515567666,42,64,largest,0.5
948,948,3,0,-0.06169802479573605,0.03866837415728097,1,0.9796024016357227,42,64,largest,0.5
9480,9480,2,0,-0.08545745854685627,0.02487986667691053,15,0.9941950917338881,42,64,largest,0.5
9481,9481,1,0,-0.029995081902964738,0.0696041544382128,25,0.9754024534477009,42,64,largest,0.5
9482,9482,0,0,-0.07803583999327823,0.028911463337438187,49,0.9835684493637152,42,64,largest,0.5
9483,9483,4,0,-0.040334521414549074,0.03846121746742932,10,0.9815667427779117,42,64,largest,0.5
9484,9484,3,0,-0.0582396051242996,0.041320629587759006,56,0.9783910136917638,42,64,largest,0.5
9485,9485,2,0,-0.05591303893419075,0.04476814344955802,7,0.9685332920854274,42,64,largest,0.5
9486,9486,1,0,-0.020396851230886193,0.08213504855990143,26,0.9770473958703864,42,64,largest,0.5
9487,9487,0,0,-0.040111934475348776,0.059692256275559685,40,0.9847468215694549,42,64,largest,0.5
9488,9488,4,0,-0.03635352009723036,0.0405516120143492,3,0.9812951385105687,42,64,largest,0.5
9489,9489,3,0,-0.06661188139139496,0.03517941730048675,46,0.9878539059909079,42,64,largest,0.5
949,949,2,0,-0.10090428691168196,0.018227858767230095,24,0.9623055238420376,42,64,largest,0.5
9490,9490,1,1,0.016827955854460397,0.1519896498348048,7,0.9872440806586842,42,64,largest,0.5
9491,9491,0,0,-0.07322039713636441,0.03173652112093194,25,0.9915286645060345,42,64,largest,0.5
9492,9492,4,0,-0.03736033593218824,0.04001288066322331,57,0.9792029620197563,42,64,largest,0.5
9493,9493,3,0,-0.08546125111443204,0.024408568750569463,18,0.9767627619122649,42,64,largest,0.5
9494,9494,2,0,-0.05423118911971492,0.046271904016617495,39,0.9734740919598401,42,64,largest,0.5
9495,9495,1,0,-0.028752901402294917,0.07112025411069674,56,0.9839689820526256,42,64,largest,0.5
9496,9496,0,0,-0.133891322134994,0.00966655972575141,62,0.9495620686176687,42,64,largest,0.5
9497,9497,4,0,-0.0478163200204651,0.034809304481974015,19,0.9941403741075869,42,64,largest,0.5
9498,9498,3,0,-0.057231108877407455,0.04212628442196471,18,0.9756869923814137,42,64,largest,0.5
9499,9499,2,0,-0.0692265334346478,0.034407804799814326,35,0.9853126380832209,42,64,largest,0.5
95,95,1,0,-0.016137070770650852,0.08832993665055819,0,0.9915198326786973,42,64,largest,0.5
950,950,0,0,-0.03518938285827733,0.06545339858496256,17,0.9873807687685517,42,64,largest,0.5
9500,9500,4,0,-0.04365993031779469,0.03679473110452864,10,0.9353810364125115,42,64,largest,0.5
9501,9501,3,0,-0.08829373996518142,0.023096528915035924,17,0.9789561499213023,42,64,largest,0.5
9502,9502,2,0,-0.11318203792839965,0.014215670548208825,37,0.9533297301514938,42,64,largest,0.5
9503,9503,1,0,-0.03994395320022215,0.05850101422310831,53,0.9786152991829085,42,64,largest,0.5
9505,9505,0,0,-0.08586644815993971,0.024830889550922153,48,0.9799224863493002,42,64,largest,0.5
9506,9506,4,0,-0.03823198247176651,0.03955202159366651,31,1.0015248824070988,42,64,largest,0.5
9507,9507,3,0,-0.05186871930769188,0.046668274762986434,52,0.9671213522198245,42,64,largest,0.5
9508,9508,2,0,-0.11282039802809152,0.014320348822179356,40,0.9431184138999984,42,64,largest,0.5
9509,9509,1,0,-0.05570405277243018,0.04425560587908948,11,0.9603942858905585,42,64,largest,0.5
951,951,0,0,-0.1053764164464388,0.01695568149663882,41,0.9338830711731749,42,64,largest,0.5
9510,9510,4,0,-0.04662968682382995,0.0353653588911849,32,0.9866593817186461,42,64,largest,0.5
9511,9511,3,0,-0.06875086615646153,0.03375724732960757,22,0.9771384691680369,42,64,largest,0.5
9512,9512,2,0,-0.06470644354937527,0.03763600408536414,55,0.9907034567776275,42,64,largest,0.5
9513,9513,1,0,-0.018859673568033197,0.08432353316037572,63,0.9932511007412946,42,64,largest,0.5
9514,9514,0,0,-0.03922785668858142,0.060690734462392475,58,0.9973313126443436,42,64,largest,0.5
9515,9515,4,0,-0.045096650523101856,0.036096415656521,18,0.9582256845219319,42,64,largest,0.5
9516,9516,3,0,-0.0795539589573242,0.027382780924820774,28,0.9475104047332528,42,64,largest,0.5
9517,9517,2,0,-0.07941971757713107,0.02807931804145065,42,0.9433988067729061,42,64,largest,0.5
9518,9518,1,0,-0.11903857756204828,0.014003936550696663,52,0.8961947723647236,42,64,largest,0.5
9519,9519,0,0,-0.039236740291069716,0.06068062404142955,49,0.9818388770055223,42,64,largest,0.5
952,952,4,0,-0.007354661045372524,0.05938980001464114,29,0.988485001101203,42,64,largest,0.5
9520,9520,3,0,-0.07133842311606253,0.032110903615678955,60,0.9699996789202656,42,64,largest,0.5
9521,9521,2,0,-0.04667216688825648,0.05364275146007295,61,0.9787574284260662,42,64,largest,0.5
9522,9522,1,0,-0.039073548299316085,0.059402016332983316,1,0.9751044025778937,42,64,largest,0.5
9523,9523,0,0,-0.10453992536298551,0.017236315483172723,44,0.9349415016473577,42,64,largest,0.5
9524,9524,4,0,-0.057110133873141566,0.030736734503227094,7,0.9476929229615872,42,64,largest,0.5
9525,9525,3,0,-0.08252471090253355,0.025845467068936083,2,0.9498224186324158,42,64,largest,0.5
9526,9526,2,0,-0.10745311679029412,0.01596617979488135,54,0.9431223654824485,42,64,largest,0.5
9527,9527,1,0,-0.02348225754804001,0.07789780337162612,42,0.9748132591220801,42,64,largest,0.5
9528,9528,0,0,-0.054732891818838225,0.045264058535736326,25,0.99651910508431,42,64,largest,0.5
9529,9529,4,0,-0.046587057809785004,0.035385493189213475,38,0.9669933193966823,42,64,largest,0.5
953,953,3,0,-0.06580588194831882,0.03573014924286078,1,0.9840953832699803,42,64,largest,0.5
9530,9530,2,0,-0.07320594338892228,0.031788155513990175,22,0.940349840518951,42,64,largest,0.5
9531,9531,1,0,-0.07923875444702955,0.02898229015693934,3,0.947512786711992,42,64,largest,0.5
9532,9532,0,0,-0.10179502370307847,0.018189630900690562,21,0.9374275250541355,42,64,largest,0.5
9533,9533,4,0,-0.07924760879998571,0.02280993036198603,2,0.9684467753000582,42,64,largest,0.5
9534,9534,3,0,-0.10522063682824967,0.016578660709652977,31,0.9593307039147564,42,64,largest,0.5
9535,9535,2,0,-0.035015550041984866,0.06720908813858982,60,0.9825458531423179,42,64,largest,0.5
9536,9536,1,0,-0.02701089231538467,0.07329779821497881,13,0.9758893899800365,42,64,largest,0.5
9537,9537,0,0,-0.07046886539620933,0.03346879481814069,56,0.9504960977701333,42,64,largest,0.5
9538,9538,4,0,-0.038630576802226035,0.03934297555954831,41,0.9441897308182886,42,64,largest,0.5
9539,9539,3,0,-0.13187806113413447,0.009799632552603497,31,0.9352160712789855,42,64,largest,0.5
954,954,2,0,-0.01907341055168854,0.09093493681228784,23,0.9689750535532369,42,64,largest,0.5
9540,9540,1,0,-0.07175026182788302,0.03318444609199708,52,0.9469513814436611,42,64,largest,0.5
9541,9541,0,0,-0.017963617515082686,0.08990463740136757,0,0.9362665425571497,42,64,largest,0.5
9542,9542,4,0,-0.04003002518132126,0.0386173839885865,1,0.9752241537297586,42,64,largest,0.5
9543,9543,3,0,-0.12424882706500262,0.011394969053715415,38,0.9059863303063016,42,64,largest,0.5
9544,9544,2,0,-0.15939250201528188,0.005540383221563366,60,0.8961533425393432,42,64,largest,0.5
9545,9545,1,1,0.004025777897093463,0.12368737844482754,7,0.9922845458687727,42,64,largest,0.5
9546,9546,0,0,-0.05873695339109053,0.04193217689935369,40,0.9891725376292134,42,64,largest,0.5
9547,9547,4,0,-0.006002259356686412,0.060444144310034656,15,1.0012295760923386,42,64,largest,0.5
9548,9548,3,0,-0.03532170528758205,0.06378823178724596,14,0.9603513346889028,42,64,largest,0.5
9549,9549,2,0,-0.037615975604457175,0.0639306214294336,34,0.9846559683486422,42,64,largest,0.5
955,955,1,0,-0.0644284475747271,0.03785859666972658,4,0.9229625503626889,42,64,largest,0.5
9550,9550,0,0,-0.07657048404604705,0.029744282843606126,3,0.9692430903349336,42,64,largest,0.5
9551,9551,4,0,-0.010980368845645905,0.05664760636408884,13,0.9739954129588655,42,64,largest,0.5
9552,9552,3,0,-0.058449706075501595,0.04115465226089011,45,0.9556950197688299,42,64,largest,0.5
9553,9553,2,0,-0.1062731195327068,0.016352249415721772,56,0.934020732790466,42,64,largest,0.5
9554,9554,1,0,-0.019974558916976304,0.08273106201204716,55,0.9759472473780222,42,64,largest,0.5
9555,9555,0,1,0.020111532242528596,0.17442206983933403,36,0.8921009175790768,42,64,largest,0.5
9556,9556,4,0,-0.02497626982400636,0.047141661113501765,14,0.9630391723125107,42,64,largest,0.5
9557,9557,3,0,-0.019952156726313564,0.08477459065972179,13,0.9886532047017228,42,64,largest,0.5
9559,9559,2,1,0.013532716264108569,0.1636638660052803,10,0.9227924227476068,42,64,largest,0.5
956,956,1,0,-0.04943392780545375,0.04947675807475992,18,0.9574009301659604,42,64,largest,0.5
9560,9560,0,0,-0.00013309159713159602,0.1235967324798698,57,0.9751417104794392,42,64,largest,0.5
9561,9561,4,0,-0.05320409492303968,0.032388921013172575,38,0.9703042378266147,42,64,largest,0.5
9562,9562,3,0,-0.025088774765115396,0.07714330798495524,55,1.0049257128798228,42,64,largest,0.5
9563,9563,2,0,-0.063490406691596,0.03855302938508454,46,0.9744108715601643,42,64,largest,0.5
9564,9564,1,0,-0.02656116480589621,0.07386985797223065,50,0.9862655940360098,42,64,largest,0.5
9565,9565,0,0,-0.07063408355540057,0.03336225094941649,51,0.984194496383748,42,64,largest,0.5
9566,9566,4,0,-0.06485327382849915,0.02769947484225232,55,0.9435086336507649,42,64,largest,0.5
9567,9567,3,0,-0.06972271073990921,0.0331295665680281,36,0.9956165110797182,42,64,largest,0.5
9568,9568,2,0,-0.06112325833666743,0.04039998281992884,21,0.9938589750230289,42,64,largest,0.5
9569,9569,1,0,-0.06840584145929818,0.03524602156104426,14,0.9288509968674603,42,64,largest,0.5
957,957,0,0,-0.05987750662628155,0.041026826022114174,17,0.9942174560259858,42,64,largest,0.5
9570,9570,4,0,-0.08667111319321752,0.020628552929108448,8,0.9425446668338545,42,64,largest,0.5
9571,9571,3,0,-0.08037011279944584,0.026951793962041403,40,0.9895888013973393,42,64,largest,0.5
9572,9572,2,0,-0.08140026074517215,0.02698805897908107,4,0.9882450461210665,42,64,largest,0.5
9573,9573,1,0,-0.08183251377330081,0.02765084650917167,3,0.9269665717199363,42,64,largest,0.5
9574,9574,0,0,-0.09783545936466198,0.019656570379934003,41,0.9576712767736861,42,64,largest,0.5
9575,9575,4,0,-0.08107315151306171,0.02225346487640216,15,0.9610412788317401,42,64,largest,0.5
9576,9576,3,0,-0.04353675294070225,0.05465973580520014,22,1.003747319362874,42,64,largest,0.5
9577,9577,2,0,-0.05322181798687209,0.04719734733118519,55,0.9842199292851025,42,64,largest,0.5
9578,9578,1,0,-0.047067129074080394,0.05159554343682461,63,0.9688211221495827,42,64,largest,0.5
9579,9579,0,0,-0.06915766513842636,0.03432606882175274,41,0.9806650063048329,42,64,largest,0.5
958,958,4,0,-0.046871538383402744,0.035251337675834125,36,0.9794455262984932,42,64,largest,0.5
9580,9580,3,0,-0.06740700882837558,0.03464413362151884,56,0.9866519949108807,42,64,largest,0.5
9581,9581,2,0,-0.3269541098689561,0.0001770911345572284,6,0.7432411664220191,42,64,largest,0.5
9582,9582,1,0,-0.01709990434020847,0.08689381768438086,37,0.9806288306408789,42,64,largest,0.5
9583,9583,0,0,-0.04049914887534645,0.059259797732542016,0,0.9899669628192677,42,64,largest,0.5
959,959,4,0,-0.04264276975257053,0.037296957382592845,2,0.9755115013432795,42,64,largest,0.5
96,96,3,0,-0.06177389411673295,0.03861206122281379,20,0.9832292398881457,42,64,largest,0.5
960,960,2,0,-0.0766572069772592,0.02967326055596101,5,0.9767818585817357,42,64,largest,0.5
961,961,1,0,-0.03127791211602693,0.06806987093213261,55,0.9646302145503638,42,64,largest,0.5
962,962,0,0,-0.06414582983707784,0.03780205576267949,1,0.9693108295351545,42,64,largest,0.5
963,963,4,0,-0.005475141667517058,0.06085981433917598,57,0.9780690528494189,42,64,largest,0.5
964,964,3,0,-0.07432905238059162,0.030304745646100733,41,0.9552553281864374,42,64,largest,0.5
965,965,2,0,-0.10064543412643845,0.018323440333094028,37,0.9215957456086099,42,64,largest,0.5
966,966,1,0,-0.016946042072363943,0.08712188489682163,34,0.9806432677016739,42,64,largest,0.5
967,967,0,0,-0.09763821800723982,0.019732601023388537,34,0.9492342512851352,42,64,largest,0.5
968,968,4,0,-0.07736490360958537,0.023398050370494108,1,0.9358486718969785,42,64,largest,0.5
969,969,3,0,-0.03849706924511709,0.060102475323479995,16,0.9882308218281367,42,64,largest,0.5
97,97,2,0,-0.14311809441979084,0.007727615446098082,50,0.9204118276225052,42,64,largest,0.5
970,970,1,0,-0.0008579219999446108,0.11414393880154283,14,0.9860092627764314,42,64,largest,0.5
971,971,0,0,-0.012095714420059522,0.09996230352099145,15,0.9418223940039695,42,64,largest,0.5
972,972,4,0,-0.07161993605322836,0.025285594496236942,18,0.9439307085961508,42,64,largest,0.5
973,973,3,0,-0.08840100236745796,0.023048220968514447,23,0.9339057593466467,42,64,largest,0.5
974,974,2,0,-0.0829194292297164,0.026179065445981257,14,0.9720937471424644,42,64,largest,0.5
975,975,1,0,-0.014657432825733507,0.09057869672493264,63,0.9870258142384757,42,64,largest,0.5
976,976,0,0,-0.05590593292368151,0.04426264727215786,52,0.9952253415721959,42,64,largest,0.5
977,977,4,0,-0.02010469023356265,0.050264665498836535,54,1.0046063954187938,42,64,largest,0.5
978,978,3,0,-0.04566812984501123,0.05250045816063431,17,0.989828320083235,42,64,largest,0.5
979,979,2,1,0.014355401742479179,0.16599462395692333,10,0.9521494794649915,42,64,largest,0.5
98,98,1,0,-0.018391963763993324,0.08499984719126714,9,0.9923266203916454,42,64,largest,0.5
980,980,0,0,-0.08274059082771079,0.02638776184681782,17,0.9928609990788844,42,64,largest,0.5
981,981,4,0,-0.04199112325643439,0.03762216621421165,61,0.9855519822785371,42,64,largest,0.5
982,982,3,0,-0.0429068092674626,0.05531378350242992,14,0.9794334767127956,42,64,largest,0.5
983,983,2,0,-0.08933397529745546,0.023015943782819077,60,0.9459204641389395,42,64,largest,0.5
984,984,1,0,-0.024518961857236232,0.07651958063129101,18,0.9904502344678797,42,64,largest,0.5
985,985,0,1,0.008293237687779342,0.14300343284917824,36,0.958268584921223,42,64,largest,0.5
986,986,4,1,0.02548566101859362,0.09047412907373599,42,0.9375637494442297,42,64,largest,0.5
987,987,3,0,-0.07239779563983417,0.03145950440756591,44,0.9919510538679935,42,64,largest,0.5
988,988,2,0,-0.023188270870800443,0.08417255474958762,34,0.9816617596774584,42,64,largest,0.5
989,989,1,0,-0.036486597735284954,0.0621571907087749,26,0.9570235648367733,42,64,largest,0.5
99,99,0,0,-0.0703356647426282,0.033554930715557825,32,0.978555239900999,42,64,largest,0.5
990,990,4,0,-0.06351001153240576,0.02820462665346832,41,0.9503004021388538,42,64,largest,0.5
991,991,3,0,-0.05646331719892628,0.04274969498089887,41,0.975066390618521,42,64,largest,0.5
992,992,2,0,-0.0562627911329735,0.04446132916707105,11,0.9770571699689964,42,64,largest,0.5
993,993,1,0,-0.015346370537296594,0.08952530270288414,4,0.9930920067099817,42,64,largest,0.5
994,994,0,0,-0.07309564076669728,0.03181315224190547,40,0.9767568544129578,42,64,largest,0.5
995,995,4,0,-0.02664570843790548,0.046114508780204524,4,0.9461039040915998,42,64,largest,0.5
996,996,3,1,0.020453194029516952,0.17195474036882952,47,0.9609342338552882,42,64,largest,0.5
997,997,2,0,-0.0198507773413118,0.0896210153378593,7,0.9558561864062578,42,64,largest,0.5
998,998,1,0,-0.15971442955439374,0.006604914262743358,43,0.8473677583460624,42,64,largest,0.5
999,999,0,0,-0.10935950995659505,0.015679827707071926,49,0.9720724621653766,42,64,largest,0.5
