{
  "decision_threshold": 0.4956517219543457,
  "quality_by_split": {
    "high": {
      "calib_neg": 444,
      "calib_pos": 25,
      "ignore": 1005,
      "profile": 109,
      "test_neg": 446,
      "test_pos": 36
    },
    "low": {
      "calib_neg": 714,
      "calib_pos": 60,
      "ignore": 1890,
      "profile": 197,
      "test_neg": 791,
      "test_pos": 67
    },
    "mid": {
      "calib_neg": 764,
      "calib_pos": 54,
      "ignore": 1752,
      "profile": 207,
      "test_neg": 825,
      "test_pos": 86
    }
  },
  "rows_valid": 9472,
  "score_calibrated_by_split": {
    "calib_neg": {
      "max": 0.5522350072860718,
      "median": 0.12806209921836853,
      "min": 0.012223916128277779,
      "n": 1922,
      "p10": 0.05541822761297226,
      "p90": 0.2411828920245171
    },
    "calib_pos": {
      "max": 0.9821635484695435,
      "median": 0.9013922810554504,
      "min": 0.22147372364997864,
      "n": 139,
      "p10": 0.7058741688728333,
      "p90": 0.9589081764221191
    },
    "profile": {
      "max": 0.9984856247901917,
      "median": 0.9671644568443298,
      "min": 0.6389904618263245,
      "n": 513,
      "p10": 0.9213632106781006,
      "p90": 0.9893226027488708
    },
    "test_neg": {
      "max": 0.5724114775657654,
      "median": 0.12715306878089905,
      "min": 0.008357596583664417,
      "n": 2062,
      "p10": 0.05408245734870434,
      "p90": 0.2436658412218094
    },
    "test_pos": {
      "max": 0.9902727007865906,
      "median": 0.8695182800292969,
      "min": 0.21000471711158752,
      "n": 189,
      "p10": 0.6712911128997803,
      "p90": 0.9623719692230225
    }
  },
  "split_counts": {
    "calib_neg": 1922,
    "calib_pos": 139,
    "ignore": 4647,
    "profile": 513,
    "test_neg": 2062,
    "test_pos": 189
  }
}