record_id,group_id,fold,y_true,score_raw,prob_calibrated,cluster_label,distance_to_centroid
rec_0002d778dd7cd5d96126,grp_782a1badc3a565fd48a2,0,0,0.06894206,0.054100208,28,0.9917441
rec_0016342788800866b3bb,grp_f68877c6ffdad66469ed,0,0,-0.0001851786,0.01832158,15,0.979488
rec_001942e0e71a03c9afa2,grp_6ac610d90fec2779f9a4,4,0,0.07114911,0.052122783,54,0.99769765
rec_0030d598fb6f0f275888,grp_d786d6657bfae3b787f5,4,0,0.11440232,0.10312939,45,0.9917834
rec_0037d29b64f71e0a43e5,grp_a5a067a4e6f09ed13be0,0,0,0.0587251,0.046228964,11,0.9695405
rec_005b2d6d802d82c82e40,grp_97f63d17fe368f58f59e,3,0,0.03905629,0.016969426,56,0.96477
rec_00602d485cc300f88ef9,grp_bbecc0b9b80a08116c2e,0,0,0.013480932,0.022758648,61,0.9464945
rec_0061b7269c172c562b63,grp_847ea6a3097fc597f134,4,0,0.05228953,0.0383359,38,0.9832411
rec_006e58e28252db490578,grp_4c9e63f836ade1480eb3,4,0,0.049903177,0.03686332,27,0.985921
rec_007731459ce42e9bd327,grp_f1b0c8c93bd1efb4d627,4,0,0.015050012,0.020685725,25,0.9822535
rec_008319224ca61592b30e,grp_c21ddd85a206f920623a,1,0,0.08676531,0.07804999,56,0.97562397
rec_0084a88870fe50a03863,grp_dff359d1d90584213a5d,2,0,0.04213617,0.023311013,32,0.98141736
rec_00885671f359a4b4f8f2,grp_cd972c313c6cb0cf8921,0,0,0.01437174,0.023081833,3,0.9701283
rec_008a7f4dcaf5fb94e97f,grp_46a798d79abeca31372b,1,0,0.06404801,0.053939544,26,0.9730032
rec_008cf90463cc0b2181b1,grp_cbe61a69ae459311d4ce,3,0,0.20124358,0.1465244,12,0.9486577
rec_0092c8934408a7dd0dfd,grp_1ecaedd0a12fe8461e80,1,0,-0.018390993,0.013400741,28,0.9455249
rec_0098689f4a09fb23d943,grp_94ff763c789af9a61565,2,0,0.1139091,0.063933976,48,0.98116344
rec_00a0aaa86f7d3ef7fc0d,grp_4d6b25735c77e48d7cf9,2,0,-0.101890676,0.0028856846,5,0.91521734
rec_00a5bd4510ae0c51191c,grp_d224f4e17194ddb4409f,2,0,0.11663948,0.066369854,2,0.9802364
rec_00a79b7f97777d9b9316,grp_e2eb323d72eea947e2e1,1,0,-0.041275986,0.009038588,17,0.9658747
rec_00acba97b44d49a84457,grp_1adc0b4496ab3c0df0f6,1,0,0.046131868,0.04007128,39,0.96766233
rec_00ad5bdb096fcdeaa302,grp_cc20ab37cbbc4c5e88f8,0,0,0.019397356,0.024990775,14,0.9705397
rec_00be581f086a49b5e8af,grp_d53bdf99e8ae91da5bec,4,0,0.058366552,0.04234517,21,0.9921773
rec_00bfff8322c521d8f561,grp_c584d59374fbb9fec4bc,2,0,0.035170894,0.021097502,5,0.9562224
rec_00c379990893aed798c0,grp_d64f561cb212f3856cd6,4,0,0.12440954,0.12001891,0,0.96443903
rec_00c9de0e13c6855e3fc6,grp_21a2ee81ed4ca46be168,4,0,-0.039603647,0.0082476735,2,0.9332914
rec_00d229869aef14b3ec41,grp_e322a29afcd218fccf33,2,0,-0.036171097,0.0075220065,53,0.978245
rec_00dab1340a3cdf74b40b,grp_1d616b63ab701fd5990c,0,0,-0.034480855,0.010594324,39,0.979035
rec_00edafcf0088223cf965,grp_4fffd0eda81ad083d49d,4,1,0.16703506,0.22006954,36,0.9858073
rec_00ee937204c5a40afc54,grp_065f2ea41f0891e25074,2,0,0.05493492,0.027983641,12,0.9263347
rec_00f1fd8c58261ed8239d,grp_29b52d57480304a4ba85,2,0,-0.08068412,0.003932864,3,0.9798135
rec_00f33b5aaa9d65a6a32e,grp_70a56008bbb91362e9a5,1,0,0.14505246,0.18924958,21,0.9709019
rec_00f6e80f0eef4c7df757,grp_1208390a611cbccced52,1,1,0.06280834,0.05284929,46,1.000437
rec_00fb827bb39283d9747c,grp_0735c981afa22ad0b359,2,0,0.21067803,0.21989825,15,0.9394413
rec_010d51296939755b2a4f,grp_a8af26aaf1cc4976ecf3,2,0,0.017630508,0.016395327,2,0.9821136
rec_010eb76ca0ed95b81116,grp_5808b92f83d281255316,1,1,0.08902291,0.080924086,46,0.99896556
rec_010fa9569301d48df1b7,grp_3715893eda17a61fe8b8,3,0,0.110648036,0.045422826,12,0.9173074
rec_0114266589e7d1800ef2,grp_0f6410bd5559dfcf7af9,3,0,0.025432993,0.014033469,48,1.0019102
rec_0118358d1f1a5a8468db,grp_7e4e007835c1280ea161,4,0,0.13320473,0.13678579,30,0.91430646
rec_0118cc0fdb904961f26b,grp_01aaabd191c5282cc4dc,4,0,-0.030866332,0.009560348,3,0.95810086
rec_011c71182826e606f70f,grp_a33ed01bbd0453f02f23,4,0,0.1387635,0.14837034,20,0.93411076
rec_0128b1878c3711f6a784,grp_b974b484f2e4ab893573,0,0,0.024847146,0.027234683,1,0.9699458
rec_012cd0a1725b6f54d065,grp_93312a744e61d843d2ed,4,0,0.062270474,0.045129027,17,0.9971476
rec_0138979b4613a62de77d,grp_9e3e47beb25fe4b705f5,1,0,0.044862438,0.039230183,4,0.94844466
rec_014f28390dc633237f27,grp_b606386a4e2dcda320af,0,0,-0.018816864,0.013612997,27,0.94825846
rec_0163cc5879bdb47bd26e,grp_0b608964060448564677,3,0,0.24493645,0.2417166,22,0.9605981
rec_016416e5ab0947cb7187,grp_ebc359fcde2aeda46549,3,0,-0.0022159405,0.009529608,48,1.002287
rec_016770c27b70edd4c0e2,grp_e57f91a8185b0b8cb2a2,1,0,0.06102668,0.05131877,11,0.95393324
rec_016be464ad46045deee7,grp_ca10eb397c42b80bdd73,4,0,0.0060864533,0.01780545,26,0.9799459
rec_0176e9ec6573306f09ff,grp_d135c415ae7eac78e8ab,2,0,-0.102605864,0.0028556962,22,0.9960767
rec_018df87f2311c99f34b4,grp_8fae93524fb2f1931205,0,0,-0.06363629,0.0066325306,30,0.94928294
rec_019e0faba1098e34f923,grp_232987e166db3fa08fc4,1,0,-0.13622323,0.0017448531,49,0.8990204
rec_01a8f3a36db84d6adf00,grp_90c59f7e6b3c84656e99,4,0,0.07650341,0.05682348,37,0.99787426
rec_01a90bdcc67d5aa35b69,grp_2149f09b3faef7062d80,1,0,0.00845669,0.021211326,62,0.9517106
rec_01adf7af25b424c5c9d9,grp_c99b10340b8be8b3d237,0,0,0.041652605,0.03545482,28,1.007839
rec_01aeece02c2d377f696e,grp_2b6192fbc23222faf77e,1,0,-0.02815457,0.011330647,38,0.92677826
rec_01b151a2ac416b578762,grp_77b33b9d91a2570161e0,2,1,0.16560012,0.12712635,57,0.9844149
rec_01b153946235ffbecce6,grp_e8f005819d67a2e8bbcc,3,0,0.016547307,0.012394537,15,1.002469
rec_01bbb3178658a404a775,grp_337970adf358db540ac9,3,0,-0.07648933,0.0033490288,33,0.98303527
rec_01bcc73b8b2fef5df7b2,grp_58a91167bbd3b395d138,4,0,-0.008029933,0.014049161,25,1.0015035
rec_01bd4e9d711d35e0a9c3,grp_aefcaa088bcf00ffbb44,4,0,-0.026457615,0.0102992365,53,0.9933212
rec_01d9ca537fe2206ed8d3,grp_0564b2afb27e670e0f16,1,0,0.03332011,0.032322504,33,0.9575873
rec_01def09c18c0d1d7b198,grp_98b5025c895229cc5933,2,0,0.00095897703,0.012888463,14,0.977854
rec_01e0bac8cee70735e7f3,grp_98389fc2595876fc7f89,2,0,0.018984336,0.016718235,26,0.9560529
rec_01edc46eb57a625c41fc,grp_0e6d88d4217ae05e6a93,4,1,0.13474555,0.13991842,36,0.9903834
rec_01ee50f010cfbeae5469,grp_458f7337d5faf2b6e5e1,1,0,0.070861064,0.06031923,61,0.96295774
rec_01f08fffc8780cfe0df6,grp_066ca820b03df7ed68fd,0,0,0.03803717,0.03350541,50,0.98031807
rec_01fb9cbfb7de0eef6332,grp_971000bb68b6ec95a53e,4,0,0.012512321,0.019826895,34,0.9581383
rec_01ff59727cec8c3a882e,grp_93e845b317dcb99407fe,1,0,-0.02542508,0.011875247,62,0.9799892
rec_0201de6a8b4703def620,grp_deba33b79ad63a5c26b1,4,0,0.057347715,0.041646086,49,0.9190037
rec_020bcbab8e576be270bc,grp_bd21ce3e6f4b97f17f99,0,0,0.081282705,0.06529131,31,0.94223255
rec_021162ee18789dcc6ee7,grp_b7f5f8718f4fbddd1b01,1,0,-0.03384758,0.01027298,26,0.9409112
rec_0212373bd13d490de69f,grp_3e3c49bbc100cde36e04,1,0,-0.027800048,0.011399968,4,0.979134
rec_0219a970616219bfdb88,grp_3789d1528f2739dd6ff8,2,0,-0.025214048,0.0088201165,27,0.98937035
rec_0220ba210f76febe96e5,grp_d0c6d456d9d0d4b827e0,4,0,0.06758948,0.049203593,9,0.9318216
rec_022e89a75300483bad93,grp_027b67d5b7fc2830fa48,4,0,0.085986115,0.06613873,8,0.951994
rec_0230a32b0a36d33d57e9,grp_7054e492865319217e2a,4,0,0.010309855,0.019109908,57,0.9899202
rec_02384d0e5e38079a16dd,grp_2d5587d359948f84054b,3,0,0.16915028,0.09826339,31,0.9655315
rec_023912e030c83d58fc27,grp_c6b19daf0c7f877d3ec5,3,0,-0.02134847,0.0072840657,35,0.9978849
rec_0240b8edc7bac9f03887,grp_beed80dea271bd28332c,2,0,0.047437564,0.025146173,26,0.95676017
rec_0255f51070917e128bc4,grp_3349f83cc8992b03e0d6,3,0,0.12701811,0.056604333,49,0.9712745
rec_025afece7b842749f4f3,grp_6a1c05b869f1305a8aae,2,0,0.13053143,0.08014833,24,0.9320545
rec_0262a4fee69722f86a28,grp_8188f02ab9c0307c215b,2,0,-0.0006764069,0.012587207,22,0.96680355
rec_0264885345d8455a335e,grp_4e940c0a9c47b8d7aa54,2,0,0.099409826,0.05233995,34,0.9398192
rec_026edc9a1b20ac8e629e,grp_c27d58e61eeae6496481,3,0,-0.021586947,0.007259681,48,0.9967777
rec_026fd58c0422ab6204c2,grp_31b28e3fef0993a5f77b,4,1,0.20713949,0.3586407,36,0.9784164
rec_02790f7c75726a864145,grp_ad0e0fd504a7fbeb7662,3,0,0.067960195,0.025336327,47,0.9893615
rec_027f5422942d18b4cc44,grp_82a6f767a0dae9d9375e,1,0,0.067619815,0.057200555,61,0.9825889
rec_0282e59881a781bcd8db,grp_f137ea980548fbb6111a,3,0,0.20320639,0.15003519,5,0.9655718
rec_029228ce00a8ebf3563d,grp_3b9e7ded0e450cecb422,4,0,-0.023782881,0.01077477,22,0.9612367
rec_029bf4340c577ec14476,grp_de1bda8aa7de65e1181b,0,0,-0.11777954,0.0027696693,34,0.95881456
rec_029d48a6a1db68ad86c1,grp_eade0879cb29165d28a9,2,0,0.04092215,0.02290952,32,0.9723684
rec_02a058db1f52d3af7ce3,grp_4f3461e2d7f56bfd5e2e,0,0,-0.035885103,0.010358498,15,0.9307403
rec_02a700487cea03e95d7e,grp_ccee53c5f13896934822,1,0,0.034747075,0.033108234,50,0.98328096
rec_02ae5d65d5bd2454eb54,grp_d9e310865d7d3830a018,2,0,0.14020029,0.09123123,58,0.9587382
rec_02bed93a419abb579874,grp_4a184849ed46979f2d39,4,0,-0.027909055,0.010049939,57,0.99109226
rec_02c209d1705af7b542c1,grp_f18252c321c732c5543b,2,0,0.04582607,0.024573917,2,0.9932659
rec_02d2ce338f973eb5d0aa,grp_6975f67b0c3e8a7c73fe,0,0,0.07989356,0.06393126,32,0.9374165
rec_02d90f57c1b1b72e3884,grp_6d630330b2e8744e564c,4,0,-0.0062897936,0.01446625,14,0.99856836
rec_02e1fc32a6f36b2e589a,grp_8b9c71d129d77b373058,1,0,-0.023693584,0.0122340415,7,0.9500778
rec_02e6900c6541bc80fa4a,grp_2680e43df8a08546ce89,1,0,0.05114742,0.04356644,26,0.983984
rec_02e79e7ad8708f711037,grp_2181bed31ac965387660,0,0,-0.09257212,0.0041607716,50,0.9705269
rec_02ee05467a98898d73b3,grp_acd14b1c2902101e390a,0,0,-0.014063569,0.014686678,23,0.9865135
rec_02f43f809a9bbadd8841,grp_ee493c0fa07638a84ed1,0,0,-0.03971332,0.009741664,32,0.9455784
rec_02f8c4596fb2c29dff8b,grp_903268a5d06aeb2e72fb,3,0,0.050350167,0.019854534,47,0.98445225
rec_0301cb7b43f5c3263d0d,grp_310dd05b418fc8c27780,1,0,0.03359011,0.032469783,59,0.9885217
rec_03110bf9f417e33ac159,grp_44757e6eb966d56644f1,0,1,0.16550992,0.21469302,44,0.98718977
rec_03121a73ed62d870c674,grp_5f1e6a1270b3096d8e82,2,0,0.14770345,0.10076269,4,0.96627337
rec_0316870e25f3e7368505,grp_69f1bfa7a2680e1f23f6,3,0,0.11201997,0.046272833,50,0.9558973
rec_031d27994ea05a8df4d6,grp_5879e011e17dbe4414c6,4,0,0.0005579252,0.01622929,30,0.9308219
rec_031f3c256bd0e7b5345b,grp_e133c7b3ec4dacc35396,0,0,-0.053871125,0.0077605173,25,0.99261683
rec_033ec76e873f1756ab18,grp_823ce8398111852c3d4f,2,0,0.13732627,0.08780022,61,0.92394316
rec_033f35ed11d4dc920da8,grp_4e5530bfc604ca8b0d73,3,0,0.06243168,0.023472918,48,1.0048242
rec_0341a43f1d8b0c09ff85,grp_572fb0fb27fcc7ce8751,4,0,-0.060208432,0.0058180066,21,0.948491
rec_0342b3b1f2778a9ae9be,grp_35bbb451e8e7d01ab817,2,0,0.102993645,0.055005997,32,0.9919139
rec_0353960636ff1ee50277,grp_19be66ce0c09b754ff11,3,0,0.11331342,0.04708805,12,0.9719765
rec_03645e4247768e36fe99,grp_073af02fa0102e076932,0,0,-0.020742455,0.013200405,28,0.9843082
rec_0367bb642c1fd4284411,grp_fe11e37b13185b5ff8ce,0,0,0.01378878,0.022869831,27,0.96753246
rec_0373bc44b75311c70b2e,grp_18a58d905769ce17cfb5,1,0,-0.03247704,0.0105183115,18,0.96980214
rec_0377f6414100c1c8c927,grp_8d71d70acb5e3659f9d2,0,1,0.14825074,0.17129596,44,0.99005353
rec_038185c0e8fc7dfdd79f,grp_2154b40b12b338aa3b5a,4,0,-0.022964781,0.010924512,24,0.9796968
rec_038dbb62c3540d94ad8e,grp_f71483a0dac9a6c51005,1,0,0.057650413,0.04853276,14,0.98599195
rec_0394256255347ea11622,grp_09bdac6d94f1a4cace01,2,0,0.009629654,0.014608537,21,0.96748286
rec_039a2792fe8e596f0138,grp_fb48f30d87b88dc075ec,0,0,0.006139173,0.020258239,15,0.9170207
rec_039f04c717c4249ca5a9,grp_008b7fe4fb334f141ce0,0,1,0.22227749,0.4067997,44,0.979874
rec_03a469a5896e629f788f,grp_880766547ad71b31aeee,1,0,-0.041559733,0.008994469,13,0.98693246
rec_03b82ea75d8fa21540c2,grp_fcb3bdfe5bb31cd0b5f0,0,0,0.12225551,0.119454905,52,0.97196716
rec_03bb5ad7fb6c2a461af5,grp_a4c801ec3ed23cb70c9b,4,0,-0.052544102,0.006625083,56,0.98514396
rec_03c79ec9825abfbdf5fe,grp_fe80644731e6b428b0ff,2,0,-0.047875088,0.0063443603,48,1.0079876
rec_03d66da5ae0b561ac9cc,grp_3956890875feb5df090f,2,0,0.0070733484,0.01407916,34,0.95157903
rec_03df518042ef22f917b3,grp_5560889ba41e47dd2cd2,3,0,0.14589281,0.07269076,8,0.9427
rec_03e7cde29d208540931b,grp_af20854daa064595236a,0,0,-0.022436453,0.012847663,34,0.9666071
rec_03ef5d1e309ee2ef9bf2,grp_b954467eb9f09bc761f8,0,0,0.103548236,0.09106777,29,0.9472602
rec_03fe4f8ee1ac9f5412aa,grp_9c3c2fcfea2e905d221b,1,0,-0.04159953,0.008988299,43,0.97238034
rec_0402485820f95aa40512,grp_0ff3567c7a39b7a60d84,4,0,0.06395428,0.04638285,54,0.95956534
rec_0406ebecd4d9fa824035,grp_09499c2f29d16f77b539,4,0,-0.06144032,0.0056977323,30,0.96880364
rec_040c1d6caa8a842bcd4b,grp_ac013fd742b1a72d75c4,2,0,0.06677633,0.0331088,22,0.99789363
rec_041bc861a61ef63bd0f3,grp_5f729451acfcea1ae22a,1,0,0.05774641,0.048609953,31,0.9903395
rec_041bd8a434f1ceac5552,grp_2c370a1cfb49f7d2dacf,3,0,0.098764054,0.038658246,52,0.9763891
rec_041cf2c7711777364222,grp_f993a6f9c8a61fc787f9,1,0,-0.013754828,0.014510294,17,0.94321865
rec_0421d7f162f7695febce,grp_d9a7f2506b2c9058c1d7,2,0,0.0450136,0.024290238,8,0.95984864
rec_0425f9bf87fa11d79fdb,grp_26734e1d7a73c9511bfd,4,0,0.07375923,0.05436651,8,0.9365673
rec_042b60a6389a5a30a066,grp_02a813f2824335bc5c1c,4,0,-0.02526721,0.010508257,7,0.9733316
rec_0430a1bf9512a1bbf7e9,grp_e42c223030c0c43e0468,0,0,0.06387331,0.050048698,17,0.98649395
rec_0435cb8178a4564aa577,grp_93e89d21f602f52ff0dc,0,1,0.16597766,0.21597333,44,0.98760676
rec_043eab57a810d28896b5,grp_c34a493c0b3a792ec9ac,0,0,-0.0043794313,0.017138643,16,0.97694135
rec_0441fac4b7ff5598803a,grp_b7b58916ebc87bbe739a,2,0,0.038778808,0.022217114,2,0.952137
rec_0448247a12fa7fda0bea,grp_e62576be2fd11b42e8b7,3,0,0.0018200104,0.010084558,35,0.9901625
rec_044b878353a5bd64ccf7,grp_d7c681190dbcc925c08e,3,0,0.005132377,0.010563823,30,0.9397867
rec_044c063fdd807eb83481,grp_e1b272cc077bbc931335,2,0,-0.011455774,0.010768372,59,0.9394251
rec_045097bd94e93b9ed1fc,grp_00300a19d2ff2dd48294,2,0,0.20297638,0.20115656,14,0.97610843
rec_045e23c1bd5c17f57d04,grp_aa7470f2ac6c27319ffc,4,1,0.09143498,0.07211527,36,0.99891007
rec_0463d98bb3c45da93407,grp_65841c1e758b1aa74113,4,0,0.014431306,0.020473039,16,0.9773423
rec_046bfd47f45789fcc730,grp_54dd7d3e05bca2accabe,1,0,0.06680904,0.056444455,39,0.98037994
rec_046dfd36f67e6d8b4810,grp_25b63db4fc7249415747,3,0,-0.0050910525,0.009152829,63,0.944121
rec_04718014580aa8705bd4,grp_d559abbc6a5f0443d66a,0,0,0.06720382,0.052677125,61,0.9813885
rec_0473e1355c3197b32d93,grp_a566538737ad3085826a,1,0,0.012270624,0.02263385,15,0.9445485
rec_047497e3fc30c75e8ab2,grp_daf4755b2c674dc7d97e,3,0,0.12634194,0.056095097,52,0.95039916
rec_0475b699671ecf9a132f,grp_c50ec6fe9b47bf4b0768,4,0,0.06256934,0.045349196,30,0.9647996
rec_0476f5008be27d27ecac,grp_08e7987359ca7f1ccaf8,1,0,-0.062084615,0.0063101775,47,0.98897636
rec_047f16a9a3172d8c0911,grp_1c05fe4c4217d471148b,2,0,0.10016226,0.052889366,58,0.97972775
rec_0493a5cc11a659871b26,grp_cc5f6a6b88e672eb377d,4,1,0.10561045,0.09006225,36,0.995372
rec_049444456a7cc1f43ebc,grp_49501adbea6a5e52b147,3,0,0.10688335,0.04316611,9,0.9535366
rec_049499ba2437471b34ec,grp_cd9e3b9bf8176946b7b1,4,0,-0.030577416,0.0096071195,55,0.96001035
rec_0497a540d2d68a6f4d07,grp_573d26a808b889bc0747,1,0,-0.042881213,0.008791799,18,0.99659956
rec_04992672e2024f935618,grp_3665c718a288468a280d,2,0,0.042371117,0.023389503,43,0.9980414
rec_049ad0640cbb27d739be,grp_62726a223994d3510787,0,0,0.110078156,0.100211255,7,0.9890626
rec_049c926022f958c57e92,grp_b4d8238a43a4fa4863d4,1,0,0.010218349,0.021857185,59,0.99169755
rec_049f125a285a2b609d70,grp_5ae6e13b715fc0c1ee2b,0,0,0.1066992,0.09538225,39,0.98336977
rec_04a1fc395a80e0039d49,grp_dbc39eb3a7911b7419f5,1,1,0.1132204,0.118282124,46,0.9940228
rec_04a36eba54cc230b3c22,grp_f14472909b7905005c54,4,0,0.08128808,0.0613585,30,0.9585038
rec_04b8f250b7d0485de3db,grp_8d5df6f579fbb624064d,2,0,-0.059591793,0.0053491006,14,0.97665834
rec_04bb543d89a585235db4,grp_ce603923ae3e2008f113,0,0,0.047553446,0.038873177,45,0.92397916
rec_04cb2fee47638a54286f,grp_8c6493159fada6e377a4,3,0,-0.007222777,0.008883031,47,0.96281177
rec_04d4831513c7f6e94195,grp_c14c95e81da213876274,1,0,-0.014893994,0.014229547,19,0.95748246
rec_04dd510c9649ee054976,grp_da4370b0dbeaf13ff3b3,0,0,0.10885055,0.0984322,27,0.9347724
rec_04e2f6857703a4dc84d3,grp_66c5c75bbfecaf0d14ee,1,0,-0.093019105,0.0036932498,7,0.94592613
rec_04e423fa7c7d21faff0e,grp_0e941d36a9a11795c3d3,2,0,0.08126261,0.040618077,61,0.97681624
rec_04e449fd70c7b60fdf99,grp_75a0b1402cb36441bca2,0,0,-0.008254097,0.016112698,60,0.966112
rec_04eae9e174f990b4a33b,grp_342440d2b5b8b897d316,2,0,0.037200395,0.021720326,32,0.9761401
rec_04eca0f97a58b734ea66,grp_05b7a6b04034f1a14e47,2,0,0.12175256,0.07116463,61,0.98952454
rec_04ecfa747d2823027044,grp_53fcec3c05c6d65be16c,3,0,0.15053938,0.07725352,30,0.97647065
rec_04eef97a803750db7bd9,grp_25d3bdc8d953df55a83d,2,0,-0.056161262,0.005623232,2,0.9920949
rec_04f0ccd1f7f9cb5fd202,grp_4874f317e5df3f45a831,3,0,0.11135856,0.045861162,40,0.9882377
rec_04f63fb1de040d38e4cd,grp_b8c9382c07ff8524f02f,3,0,0.06287225,0.023616381,15,0.99887687
rec_04f8ba10ed0bc21b4f45,grp_c1b6b9922765deffb00d,3,0,0.00065081846,0.00992058,50,0.9863892
rec_04faccca3b786e90e0b9,grp_5fcf855a61c31e8e6ab1,3,0,0.1529552,0.07972817,15,0.9799301
rec_04fc44346ba5abbe47f3,grp_714aee58af6a973d407c,3,0,-0.1541673,0.0011170971,37,0.9793868
rec_0504e1b440526720cf1d,grp_bcc91d8792cb03644ba3,4,0,0.0023682588,0.016729683,9,0.9710524
rec_0507eaba71ddae2666b8,grp_2648236f696f8ea55042,1,0,0.11568521,0.12282889,35,0.8937149
rec_050c54dd1c06f6e45acc,grp_5c3dcaac4990bbfebabc,3,0,0.051955707,0.020301921,17,0.9659785
rec_0512afbef9fc1553231d,grp_f114e0bb2b9f6e6a1031,4,1,0.28001103,0.6596143,36,0.96806246
rec_051cfdbc2880a9c1772f,grp_4140e5908a5a04bbc532,4,0,-0.016431326,0.012196533,40,0.9954659
rec_0523cc75563822565a23,grp_0211ef06ad9fbc1a1bae,1,0,-0.002007462,0.01774293,61,0.97473216
rec_05269061233e62f7cc5d,grp_b49159ccfac7b393e75e,0,1,0.1356543,0.14423682,44,0.989977
rec_0527f42a27836b8d9fdd,grp_209d2e21f1e8f6299111,1,0,0.16317481,0.24240316,24,0.9685944
rec_052ff9e378ce081058d3,grp_5272c803487b90048d15,3,0,0.15513279,0.082020596,45,0.9796268
rec_05396f7ac9be032e13e0,grp_18b91845c31e7c81efca,3,0,0.10162825,0.040194377,55,0.98046684
rec_053c0f3756a4f3dc3c4c,grp_a410069f9b94f082dd2f,3,0,0.009847093,0.011285083,17,0.9731172
rec_0546682812805739f399,grp_60aca942c03823d6687f,3,0,0.057438694,0.021905426,40,1.0027469
rec_0549326344c8d78349e1,grp_3da1dc8773e5301c854f,4,0,0.044205572,0.033564277,20,0.9888304
rec_054b2f135639e9a8e728,grp_fe2866810e950e853e2f,4,0,0.032302924,0.027567707,44,0.9704283
rec_0554fb34242563fb4525,grp_a399e80aadae06642c16,0,0,0.02708021,0.028209664,62,1.0008768
rec_0558b7d987fe505c3037,grp_4986edd2043922936872,1,0,0.086610325,0.07785614,57,0.9760011
rec_055a5ff8fd108d1a1ee2,grp_e8876685c9c53b410580,4,0,0.116998166,0.10729691,52,0.989223
rec_055b2d1c77973b1e38bf,grp_861ed1d283ba0bb19e93,0,0,0.06547939,0.051300332,20,0.9865566
rec_05676cb78def9b7985f9,grp_0984b829232140da0dc6,3,0,0.025173437,0.013982698,50,0.96877426
rec_0568920371515a6caad3,grp_a032706d7ad625e3edb7,1,0,-0.05089169,0.0076566525,50,0.93428266
rec_056a525784094675c505,grp_7df98bd850bb33a3b2da,1,0,0.15224011,0.20918876,28,0.9553573
rec_056f533917857d2f985a,grp_5fdea88a4d68bb46514f,3,0,-0.11577487,0.00192262,2,0.99355054
rec_05710ee178f92b7f7d1d,grp_69228d90657e3da87e2e,4,0,-0.06857175,0.005048508,1,0.99846506
rec_0573ae0ac5d2d180ccf2,grp_e52c4a145aff5769d468,1,0,0.04811751,0.04142166,9,0.9942266
rec_0573d96810e72dfad9b4,grp_4953fe14103eeb9f4b82,2,0,0.10635118,0.057619307,10,0.93742734
rec_0577b2b3fd7cc13bb6b6,grp_dd15d171f6f7d8a22b75,0,0,0.052413188,0.04192386,9,0.99656504
rec_057966a845088e68037a,grp_d9af7e2e1abfbb4de036,1,1,0.16011316,0.23275419,46,0.9870576
rec_057a16adc5595fdf2134,grp_9e0996d740d36bcfc743,3,0,0.08479652,0.03194121,55,0.94268167
rec_057bb81ad732349de55f,grp_03cf69a22d4d8bd400cd,1,0,0.12874542,0.14948441,17,0.96506536
rec_057c58bef2858accb2e9,grp_ff17cd18a33f4c8f1375,4,0,-0.0077641653,0.014112088,24,1.0027286
rec_057f037e2f1b0751e176,grp_cedfe37e6e7db48054d6,1,0,-0.043070726,0.008763107,11,0.9677619
rec_058301a257a2febaed00,grp_1bed5a794e49fb304a77,1,0,-0.011250066,0.015146917,17,1.0044343
rec_058305b3fa6cd1c11411,grp_640d93407afe8bc96da8,3,0,0.08856526,0.03363358,16,0.97352356
rec_05873cb41ca24531fe21,grp_d9d1fea30868a2edf4f4,1,0,0.09394865,0.08753228,11,0.993734
rec_0591d91ee637c5b556ac,grp_99ec034746491a1cee00,4,0,0.088595234,0.068940826,53,0.98971486
rec_059456a5be14d29e4aca,grp_73b49a3c184cc0dfe056,0,0,-0.021827877,0.012973305,29,0.95617706
rec_059d44e70be6338fcdfc,grp_cfc9ef786fd2ffbe269b,4,1,0.13555372,0.14158541,36,0.9899333
rec_05a5a7c907e4105839a4,grp_a689f55304be68d31b74,0,0,0.0049450407,0.01987782,26,0.95649785
rec_05a62a0858d35d3e480a,grp_5b78b18659e9eaccca8f,2,0,0.025313735,0.018312743,58,0.93340224
rec_05a9fd286cae73a62e24,grp_e15a88fa0500fe54104c,1,0,0.083696075,0.07429246,4,0.9585194
rec_05b98e2ec5362cef8f90,grp_75ba5a800f9150fcc556,1,0,0.03501972,0.033260446,58,0.9694883
rec_05c2a126e5a996e17c66,grp_8647a5524fe46737ded5,3,0,-0.004032851,0.0092897555,48,0.982517
rec_05c65374e68d9dbbf7a8,grp_51f8c27c379f632cff4d,2,0,0.10224735,0.05444047,58,0.97767276
rec_05c74687959791ed9fda,grp_501f4c2c51a32f9de4a9,2,1,0.07955937,0.03965685,57,1.001242
rec_05cd615b433d95ac3785,grp_bf173349a997a8b53ad8,2,0,0.08551027,0.04311337,13,0.9554443
rec_05e228ccd3de0a7c17e6,grp_86566f4a49328e497c42,4,0,-0.045517463,0.0074622785,42,0.973846
rec_05e68af98c628d6040e7,grp_8a788c8c9eaeb0a8698e,4,0,-0.027488776,0.010121508,57,0.98289233
rec_05eb00951dd2b7eeaaa7,grp_3fe0c24f3dbce6ebb571,4,0,-0.027411224,0.010134769,42,1.003542
rec_05ee39404cd1e8d07dbf,grp_45a6f73a432d5ca332ab,0,0,0.029451467,0.029282078,10,0.97282624
rec_05efbb7baaed887a0a76,grp_c58e72594d7857776a06,4,1,0.14443558,0.16101417,36,0.9891808
rec_05f66a56837b6d52aabc,grp_f61f55edb9a320d98142,1,0,-0.0108256675,0.0152574815,59,0.994384
rec_05faa4796c108ab351a8,grp_1b114cd3d9e06563a9b8,1,0,0.03386615,0.032621022,21,0.99043924
rec_05ff8beabd45440af5a1,grp_706ec56ce0158c1c5d6f,3,0,0.04707912,0.018972734,56,0.87442684
rec_06065c5192296bf42e84,grp_5c5d50f3f0c29d69147d,4,0,0.061247446,0.04438309,27,0.97312444
rec_06069de3a924bd2a5dc0,grp_5606b2e0085b0c7baa47,0,0,-0.050272126,0.008222617,14,0.9889344
rec_0611bb324efac5c6d338,grp_2c74b1ff71a0e424ba71,1,0,-0.06303842,0.0062069576,14,0.9575109
rec_0612523429f564c013f8,grp_9ff74398f4992cfc0439,3,0,0.12528437,0.055307265,15,0.96317506
rec_0614d6c9f2b041535b27,grp_0fe6d780e2b9f8be760b,2,0,-0.07560083,0.0042356197,1,0.9646399
rec_0618dd9a79e6228c2002,grp_38140d991715d68c2526,4,0,0.098840654,0.08103733,37,0.979351
rec_062aaeaa877e72812570,grp_f6ec447ed6b97789305a,1,0,0.023435015,0.027354348,62,0.94166726
rec_062de92155de1d7774d9,grp_8fdfb2d3b164152bea9e,1,0,0.101047255,0.097913764,4,0.9645295
rec_063c2a0ab8bed0a193f4,grp_b1cad09a20c888276736,4,1,0.055912964,0.040680334,36,1.0027779
rec_063c70c30a0ed409aca8,grp_dc5288c04d60103f224e,2,0,0.042324826,0.023374014,32,0.9556451
rec_06459bb1e73ca3f58e41,grp_176438a91f25cff16dce,4,0,-0.019148521,0.01165065,49,0.96083605
rec_0648f146249978857863,grp_654b8a04d0f1f572a26c,3,0,-0.07925014,0.003221016,2,0.9952396
rec_064c422a700c75d4ca60,grp_837dcaa5230461461f5a,2,1,0.091337405,0.046775553,57,0.9984874
rec_0652a198227c1afd6d8b,grp_7db6fb5a2bcb240ceb4e,0,0,0.018869719,0.024783336,6,0.99582976
rec_0656502afd6cba76ff18,grp_bf529f7edb4c28d34ab1,0,0,0.08367832,0.06770014,20,0.98161817
rec_066315ab2837152948ab,grp_bb7d5951128748cb32c3,4,0,-0.0020855041,0.015524957,20,0.9392535
rec_066892827e65d6c9cd62,grp_be003b78949c18c0aa4b,3,0,0.072068796,0.026813716,60,1.0001938
rec_067399f6cbc1923d7170,grp_d501d23eeb19fb45ba0c,1,0,0.065925054,0.055630784,43,0.97177553
rec_068629610994287c2c86,grp_a309fbad69230e7e9d45,0,0,-0.0943989,0.0040399306,16,0.9452395
rec_0686c872fd8da0c3ebae,grp_6aca6c4fc58ca6300f6f,3,0,0.1871742,0.123316325,52,0.9464593
rec_068a5d523e07ecac87f9,grp_3fc0cf39d3ed374bf8ac,1,0,0.11297366,0.11783508,11,0.97234124
rec_068ad4e5debbeb5aea64,grp_5de70938948111c0bc55,3,0,0.01799,0.012647163,6,0.97287357
rec_068c90f22b9b3dfafec1,grp_b3d135da449c97b982d7,1,0,-0.06371817,0.0061344192,49,0.96241206
rec_0691be01e72fb3985aed,grp_f1e621816f097d7eb18d,4,0,0.015784029,0.020940857,4,0.96973723
rec_0698a50b17d365b13bd8,grp_642cbc4a7d86cd8b7fab,1,0,-0.0434639,0.008703881,22,0.9808903
rec_06a0346adbff3328292b,grp_fa18787cef482ad96765,3,0,0.10999974,0.045026354,56,0.87539625
rec_06af828c9745707d814e,grp_dda08e213aeace9fd319,2,0,-0.04194516,0.006916145,17,0.9576642
rec_06b30f8683dee8cab39a,grp_bf085ab3c6e80b832a99,3,0,0.046953,0.018939514,32,0.9714499
rec_06b61301e265a839a2c3,grp_f558b3cf2352e7bf928b,0,0,-0.018336914,0.013717797,61,0.90234
rec_06c32583726cfbd50858,grp_f5661daaf7e2c8c0f895,1,0,0.080088444,0.070088886,7,0.96760696
rec_06d2d2d891b3546ba90a,grp_9318b2546ec2078da2f9,0,0,0.0006338819,0.01856177,42,0.9938869
rec_06df2a997cd08f275dde,grp_fe9753f4e27937221f8c,2,0,0.16213745,0.121603295,58,0.9614719
rec_06e1d65107b9e7faf883,grp_423b1c8152d48c351497,4,0,0.004454838,0.01732526,49,0.9844349
rec_06e50dce60c0715c5fc9,grp_b0ff82e11666150a1354,1,0,0.076726034,0.06637009,33,0.9984358
rec_06ee0f33cbe9a8590f0c,grp_458f74a35695c17fe3af,0,0,-0.025868295,0.012161312,26,0.9581111
rec_06ef3e832c6fa5c4ee92,grp_a7780939a7600bf40ea5,4,0,0.056029394,0.04075789,21,0.98262227
rec_06f1c5acfe47bc935672,grp_1e67989cbfd062d45c4f,1,0,0.033007592,0.032152846,58,0.96239126
rec_0707ee335d18eb97c1b9,grp_8e3d42dd403515214e4d,3,0,-0.05178667,0.0047452245,51,0.9618888
rec_0708e52af53eb6509f01,grp_0bb6ed6887bb11f4edbb,0,0,0.083473526,0.06749103,29,0.95770645
rec_0718831612f4f9027364,grp_b4ee1959e6bf1ab4b315,4,0,0.13770477,0.14610316,26,0.9541104
rec_071a9b9f026800afbead,grp_31a0ced991adc17cee24,0,0,-0.0624556,0.006759749,61,0.957006
rec_0720318ff513a82357a7,grp_4444b0c6746fd560f0eb,2,0,0.18938479,0.17105256,48,0.9762547
rec_07237d5d93cf78bdd125,grp_2ce995ed95254866768f,3,0,0.019767277,0.012965382,40,0.98811066
rec_073dd7c66171d712cedb,grp_1dbfb94b6cdf295c7f20,4,0,0.13268404,0.13574058,3,0.9486579
rec_074c263763cfb97c8201,grp_433277800493957fa7d4,0,0,-0.049754567,0.008291276,34,0.9632773
rec_0759dfa0baa1e09e7668,grp_82fa932d0f3bdf0b0f51,0,0,-0.052730214,0.007904146,35,0.9687042
rec_075b6f27078abd8b51b3,grp_741ea2b676cdd3057867,3,0,0.018082626,0.01266356,35,0.98276055
rec_075d5db69a63c47b500a,grp_effc014185962bbc2253,0,0,-0.0065554474,0.016554814,23,0.98565626
rec_07750bd9c43cf85e310b,grp_ebb2f890f1705b9e7db9,1,0,-0.03801848,0.009560682,63,0.963525
rec_0777013bf00ca6f96fac,grp_54053b95289aaad306b9,0,0,-0.011539787,0.015290229,24,0.98205644
rec_077a5950df3d2b49aa02,grp_408fced02a2d644a3a91,3,0,-0.0020248764,0.009555183,0,0.99123913
rec_077f23b1cb803a398940,grp_2bd2b746ddfdc4efa8fb,1,0,-0.075538255,0.0049996935,4,0.9511819
rec_07850470a53cce2332ad,grp_94368b28c896d21dd97d,0,0,0.051591147,0.041392203,5,1.0010182
rec_07a1497bdcf652798587,grp_e2abad1977d11ae8c32a,1,0,0.044452608,0.038962275,47,0.9709031
rec_07a203c957ac6e52165c,grp_443f0ced832c7e7f1590,3,1,0.20471913,0.15278797,59,0.98042315
rec_07a4e057638ab0f9d098,grp_2c0fa2c933f38a24917e,0,0,0.0848366,0.06889415,15,0.9437155
rec_07a567f67354694e0e40,grp_697537b254257b975067,1,0,0.010937109,0.022126181,32,0.97505206
rec_07b09fa3d728a2bcaa01,grp_d4f1026aafe435b95a66,3,0,0.03719791,0.016535899,35,0.9764464
rec_07b31f4a3e7cbf1e96b9,grp_1e92eec34d3299d52e89,0,0,0.025240464,0.027403997,21,0.7859393
rec_07b5f56c08aaa00d8b68,grp_5ba2f3d6bc58370a8266,3,0,-0.041074205,0.005518384,48,0.9944925
rec_07c8881c917d9e2081d8,grp_0a7e082ce10014180c1c,3,0,-0.011231818,0.0083968155,24,0.97502923
rec_07d11b4b2c5eedf259dd,grp_a1942b95c5bd9b2f406d,2,0,-0.09881729,0.0030181734,43,1.0068842
rec_07f13a1b861b2d5c17a1,grp_948790d9ad2978227695,3,0,-0.0027425468,0.009459464,47,0.99591196
rec_07fd15247b9950f3f6fd,grp_937c1d29649bbd005858,2,0,0.050053522,0.026102867,19,0.9848674
rec_07fda2871eace60f06e4,grp_76e9372ab3de00a9b63c,3,0,-0.046332248,0.005124383,35,0.99538887
rec_07ff480bfb28be7065e1,grp_bd7dd8c17062df0fbd38,0,0,-0.017456608,0.013912089,26,0.9492953
rec_07fff84e6456a3c48182,grp_2ea47dd253195f276cce,2,0,0.047685713,0.025235435,12,0.9864322
rec_0801e92eeb494372899f,grp_ea63128420c38ee9c434,1,0,0.035710093,0.033648886,6,0.97808963
rec_0802671bb4b02dfdd632,grp_b7d67379973efe229661,1,0,0.05424318,0.045867085,55,0.9384993
rec_0802858c5a866a68c0de,grp_a48ecffe11cbf321bd5a,4,0,0.002119684,0.016660087,52,0.9940835
rec_0806201f3f95709c3294,grp_a426518b2e79c87cf73b,2,0,0.066355176,0.03291187,48,0.99040705
rec_080c251c3f28b8cdfb23,grp_a05f9dbf4e629141e97d,3,0,-0.10687284,0.002180409,9,1.0023437
rec_0810c8e1bf8f189aff5a,grp_b477373c38d7588e5c6b,3,0,0.0046582264,0.010493859,31,0.9559341
rec_0813e5feb65d2daad5af,grp_06f20bbc3c378b0c0019,3,0,-0.0034740143,0.009362884,24,0.96613115
rec_082717d83a58a279e467,grp_c219e538f065e61d5084,2,0,-0.0029714108,0.012176128,43,0.9726109
rec_08384b963b7c17d00b22,grp_b5da26d54dc9fd4af892,2,0,0.031562027,0.020032885,47,0.9918865
rec_083fd517f9a6da5e8744,grp_fe1ba59770ba4ad95f72,2,0,0.17977047,0.1519966,12,0.9576259
rec_0843cf65272a9e474d72,grp_a6d91a676d2d21fc7329,3,0,-0.0056224773,0.009084819,60,0.9910166
rec_08478247afffd158ccf7,grp_c6602ecc97ca2e8eca3e,0,0,0.040909443,0.035045393,57,0.92615575
rec_0847e8f26c1ae493fbc8,grp_4b1bcda36b4d90956db6,0,0,0.0040551294,0.019598875,10,0.97435623
rec_08495beeb985709979cf,grp_0cdd15fe11f08a72a857,4,0,0.073153704,0.05383801,8,0.9519377
rec_084c41c7a2c29c634547,grp_e65aaaf07cbb66ec7cba,1,0,0.074332945,0.06383587,4,0.95402735
rec_085191f92c6c9e89fa3a,grp_6957bf0df9aec4af0202,4,0,-0.027545478,0.010111823,50,0.9823641
rec_085bf095d051ef0b4e6d,grp_c3f7b6532fe53d6a8615,2,0,-0.071434274,0.0045009986,19,0.9859281
rec_085f86710499773f655c,grp_127c402cd5a9e9c6c78f,1,0,-0.06941507,0.005558695,57,0.9830423
rec_0868bd685beac3fab138,grp_91d2d687115c4d91b0da,2,0,0.12363307,0.073007196,59,0.954055
rec_086a3c04742697ff385f,grp_85c5e11f3a68c8617c87,3,0,0.11311628,0.04696292,5,0.9547903
rec_086acbc5351a279ad931,grp_a844556197e273fda353,3,0,0.11281436,0.0467719,58,0.99199456
rec_086e00fa24158f1e7efa,grp_2a356def6aa1e9ed4f7f,4,0,-0.03274956,0.009260958,2,0.96777755
rec_0870133cbfb4e3499983,grp_a7c96e94028a21b43af6,2,0,0.047928568,0.025323095,62,0.967674
rec_08725ba3a98760d14655,grp_42631626add802b435aa,1,1,0.1685992,0.26015568,46,0.9891999
rec_08788a0e94d5cdc4e4d4,grp_6c112d7cd71811536d53,0,0,0.11101329,0.10158557,3,0.9952881
rec_088fcc6c56c536c61c48,grp_c20902d6e663c9ea305b,3,0,-0.10303698,0.0023018639,50,0.9964638
rec_0897576ecaaca32199f5,grp_cdf20d0e104433058c67,3,0,0.1379372,0.06545175,45,0.94712377
rec_0897e2b298b60be712ff,grp_4a941677485cfc6813cb,1,0,-0.017733812,0.013552781,28,0.98260224
rec_08982d15d5dec0bfdb3b,grp_2a68ea19e2f7331c789e,2,0,0.07211669,0.035706762,5,0.9450936
rec_089a6ac4edfc2a4ae766,grp_7c20692f7c254ed45638,0,0,0.0688685,0.05403925,62,0.99036384
rec_08ad38532dbe26b3d222,grp_ae685d6ae1d43607f1e1,4,0,0.10219444,0.08540037,29,0.92869383
rec_08b728cbdb52f28b752f,grp_fe62de204d57fb96a1dd,4,0,-0.016836433,0.012113578,17,0.9983612
rec_08bc1083e025721092da,grp_2c00f5166803f4da871c,2,0,0.2628761,0.37716335,15,0.95183164
rec_08bd58ee0729050cb94d,grp_6c99cf21ab95e6708c2e,4,0,-0.065482154,0.0053202133,59,0.97214717
rec_08bff6bf2380a0e4bae0,grp_b197ef3e3f2a8a5561b1,1,0,-0.028699914,0.011224834,28,0.9651795
rec_08c56dd575635c81ef5f,grp_6561eff4a0b42b9c693b,0,0,0.033660334,0.031283684,10,0.966846
rec_08c5d92fa9f4fbf0db5c,grp_df74c0e407d1cc5c279f,3,0,0.054689504,0.021086514,48,0.9863856
rec_08c89cfc802fba3b0056,grp_5078c62624347d5cb012,2,0,0.054156262,0.027675036,17,0.9780449
rec_08d560af843ee5e239aa,grp_6428e84de65654281d2e,3,0,0.2183745,0.17953585,55,0.95852834
rec_08d58f10e5c08348f3d2,grp_cb8ca6f94f512e87d1f9,0,0,0.034378506,0.031638205,27,0.9924407
rec_08d635e598e3cd83ed2e,grp_278a17da3de093ce32dc,2,0,0.16971439,0.13396591,34,0.9435645
rec_08dc60f475b66884881e,grp_d3f6a37747b51c1396cd,4,0,0.030970844,0.02696515,26,0.9422888
rec_08de099d05cb5b90d482,grp_5ddb81684a97278211ca,4,0,0.12611678,0.1231283,1,0.9801598
rec_08efe04eb7412317561e,grp_61e2e9bcf8770bd6a728,2,0,0.034142084,0.020788489,9,0.976994
rec_0900f4d8ab743c2e2d8e,grp_bc74511e94ead7401288,2,0,0.021459779,0.017324919,33,0.9793726
rec_09043cb3e713c5ca46d5,grp_69fd245d6e5360c77902,2,0,0.009197242,0.014517633,17,0.91755
rec_090e3ffabfb58b5afd1f,grp_b098f867c8aad1922bf3,2,0,0.0039819926,0.013464189,21,0.98009175
rec_0910515e1d4a1ed8d14f,grp_99c0b8d68dcc8dcfef64,3,0,-0.003008916,0.0094241835,36,0.9105738
rec_091671ee7f062b65e999,grp_c7fabbcafed034e5042a,3,0,0.058651146,0.022276388,48,0.9815309
rec_0917361419b98e404b71,grp_4dd63abb77799a64d9aa,4,0,0.0575746,0.041800812,56,0.9599474
rec_091a30e40a7c86032e9f,grp_5c27d10c2e36609706b5,1,0,0.044734895,0.039146625,23,1.0022386
rec_091aa84622114a526d1e,grp_3a507ea79ba624d7d364,2,0,0.0132070165,0.01538242,59,0.99019563
rec_092399ef162f5c6a5b47,grp_7f7a60f074735e27d5cc,0,0,0.0040713004,0.01960391,42,0.9705079
rec_093a4115eaffa52f5551,grp_21537cb239fc06805e14,0,0,0.0044789794,0.019731248,4,0.9883699
rec_093e0e15c277749e9794,grp_73700a38709de0976304,1,0,0.049453583,0.042354688,55,0.93176603
rec_094168564ec887084a91,grp_8f4e10d14fa4d3ac219c,2,0,0.15925066,0.117157966,16,0.9626822
rec_0945545db4386253dbd5,grp_2544b2396f31732ce14e,0,0,-0.03881153,0.0098836105,50,0.9721565
rec_094e5dbae59e3235275d,grp_81a7783ae8f4cae64531,2,0,0.118479565,0.06805981,34,0.9760159
rec_095fc048df3432487673,grp_29708fc79bc8aa67bde7,1,0,0.03126845,0.031224323,31,0.9725903
rec_096fd47a95d56b7084eb,grp_6cba801e2854fadb5bdb,4,0,-0.013370487,0.0128417555,12,0.9530891
rec_097536343c86ffe58047,grp_c1791e64fbde19dc65ea,2,0,0.092739865,0.04770017,16,0.99058336
rec_097d67b87432e2bf330b,grp_8c3788b2dc89a9e6cb60,4,0,0.071633115,0.05253213,40,0.9909893
rec_098543935dabbe8f5686,grp_5449b4a875acd024c030,0,0,0.04421174,0.036900256,56,0.99214894
rec_0986dd5cf31c363f6341,grp_4fb9081408768b8b6b55,4,0,-0.012402768,0.013052677,26,0.98948556
rec_0989779f807807297cf5,grp_c5600a285216d6bfe3ed,3,0,-0.0671855,0.0038189339,35,0.9947635
rec_098d01c48103fa3b64b3,grp_1e1f25a32365a9a57486,4,0,-0.13067907,0.0017561753,7,0.9644664
rec_09a474367078e6f67e38,grp_fa304b0490a8f6f3afbb,0,0,0.027859062,0.028557634,23,0.9937499
rec_09a990a371b5ae1e0856,grp_e40e7025226130f58486,1,1,0.14463049,0.1881255,46,0.9869079
rec_09ac5bfcf2bfa1987371,grp_f05adc01d4b67d5edaff,3,0,-0.007837161,0.008806749,35,0.9918315
rec_09b5eed8f342572345a2,grp_20dd26200b3601453cc4,4,0,0.12562947,0.12223376,26,0.9478064
rec_09b94961facda82f9f1f,grp_46a124400c46762d70d2,2,0,0.07289698,0.03610242,5,0.9622479
rec_09be729af257262c5004,grp_df802814980d9ef59755,1,0,0.05088704,0.043378044,48,0.987269
rec_09c532b7bac1682be785,grp_6ec4ff46cc2a9ab8fbfb,0,0,0.097587354,0.08338379,56,0.9418609
rec_09c675724d36abb1a76f,grp_44664344b46f99f9404a,1,1,0.1000469,0.096386984,46,0.9944116
rec_09e73d9c9c9b3777290e,grp_2ec886ee476be1cf3cc4,4,1,0.034502443,0.028591372,36,1.0091908
rec_09f32a2eaa2e1bd9fc3e,grp_78cbb8146c5215748690,1,0,0.13074192,0.15395534,3,0.922085
rec_0a0d24159a606cfc4a75,grp_4478752802df23bb94ff,4,0,0.0621716,0.045056425,21,0.96289015
rec_0a203e790a3f51ea41f3,grp_36ba6c9ae5970e373101,0,0,0.10924925,0.099006884,2,0.96966666
rec_0a207e8c6a6b3d2d6301,grp_ba8f0fc749f328918475,3,0,-0.041581023,0.005479132,48,1.0006263
rec_0a3a708766609e80187d,grp_fabec41db116cf0ecb4f,1,0,0.07268673,0.062145233,60,0.9663211
rec_0a3b7ee5c79f0465000e,grp_2082f56dde7bdf5a31aa,0,0,-0.082734205,0.0048761694,43,0.94701976
rec_0a3dcaa76d78006795e0,grp_59df8c8e9395b96341c9,4,0,0.0074328547,0.018211523,55,0.97453743
rec_0a4387c7adc300e23bc0,grp_249f92cbbe469a611b6e,1,0,0.020857936,0.026186194,21,0.9961611
rec_0a505c4dea199fe23d28,grp_959d9487c73d8d7de218,0,0,0.030505046,0.029771157,3,0.9801693
rec_0a54e3de9fa5ff34efaa,grp_017c702dbfbc448b963e,0,0,-0.0015948256,0.017915322,3,0.98350465
rec_0a56b0d6f09ba8d5e4b2,grp_03b9715491bf9849daad,0,0,-0.0021202369,0.01776618,52,0.99250835
rec_0a5f4eaa4bc0ad207c78,grp_3446290a020e78121002,0,0,-0.029330805,0.011505552,3,0.96354645
rec_0a62d305c2a172b0a07d,grp_c5ee7d3fa8606c1b542b,2,0,0.082856685,0.041537877,20,0.9904763
rec_0a64f2e62fb7a5c7f747,grp_1e2fd8838a2d9beb1f31,4,0,0.058121372,0.042175923,42,0.99161816
rec_0a70af1cc49f8c6cbff0,grp_4ba7f93f0afe790fdf9e,1,0,0.0509187,0.043400902,16,0.9375145
rec_0a7513b9be9dca686d01,grp_48f432da410b98ab6ec5,2,0,0.03134981,0.019971946,3,0.959781
rec_0a76a87e082e0d7be6e1,grp_e2cabb4dd4d4b3930b7b,2,0,-0.07960043,0.0039955447,48,0.9718218
rec_0a8eb7822abd8c32a6ce,grp_8fc14c1798610480b4e5,1,0,0.011579296,0.022369258,11,0.9926787
rec_0a9d38bff36b1bcc7352,grp_8a2de9f01dc47c8c930d,2,0,0.072677486,0.0359907,6,0.98145187
rec_0aa0c57a1793dbddfa32,grp_5d9de023fe2cabef7ab7,4,1,0.10898328,0.09488893,36,0.9981466
rec_0aa648ed601a596f6749,grp_bba735db29f64e38c50d,3,0,-0.10452498,0.0022539673,24,0.9759805
rec_0aa6b53b49880dd1095e,grp_3c453a6a30ca3d330489,4,0,-0.018325271,0.011813444,16,0.95739186
rec_0aaabb39516f75b943c7,grp_fbdecbd41a964f6b1ed3,2,1,0.09783167,0.051205046,57,0.99689245
rec_0ab3d8e6c5023dbe069a,grp_0dc5ea270686f6de584a,3,0,0.1529612,0.07973438,31,0.98376954
rec_0adacd0c8efd1376bec5,grp_1f56f8ef38440d4a40bf,3,0,0.0902541,0.034419745,55,0.97110784
rec_0adbffaf7bc06bb40204,grp_7d16cbc5a890b47acb4f,0,0,-0.06943453,0.006041472,2,0.9476711
rec_0aededf58e5f0ecf5082,grp_f5d950de8f851ae81a44,1,0,0.06446637,0.054312255,9,0.9919615
rec_0af0f66ace90c090dc49,grp_ca8e70d79263e407faa3,0,1,0.09861483,0.08466487,44,0.99450594
rec_0af67e2932d815b0bd7a,grp_13d9f45fe043fded0d37,2,0,0.048933014,0.025688818,29,1.0024854
rec_0af8077db646f36ef111,grp_e8c850865e98a0680d1c,2,0,0.05761515,0.029071638,2,0.97906715
rec_0b088878fc8a17d13066,grp_e490dad248386ac6dddb,0,0,0.03571072,0.03230615,4,0.99218225
rec_0b0d2635001a85c3192e,grp_01ce6cc92990d9352709,0,0,0.042592317,0.035979137,34,0.9582562
rec_0b1afeeed83759c8f46d,grp_846502caeda90e8d0461,3,0,0.11931743,0.051054046,11,0.9962953
rec_0b1fffbe984662df30e8,grp_e937e0df474cce09ff79,3,0,0.23726155,0.22235535,52,0.93678427
rec_0b2283e8e5e4aab356ef,grp_974eb2dd03495bc7a6c6,1,0,0.00419158,0.019724019,33,0.9778057
rec_0b24bbbeab61e5c69fe8,grp_f0d1b126cf5de1a4019b,0,0,0.08227536,0.06627961,10,0.96610373
rec_0b24cf6544d7186a153b,grp_645377800ef5cff25389,4,0,0.045587007,0.03433699,57,0.9892743
rec_0b2507c70b52af9cc1f2,grp_7563c5490e4bcc86285f,2,0,0.06820469,0.033785224,10,0.96694535
rec_0b282c489a633cc6b012,grp_00e8cd91617660089053,4,0,0.03562822,0.029129503,7,0.96022576
rec_0b32d59327615e5ad734,grp_620f7d9b0991d4f13446,4,0,-0.030472083,0.009624226,57,0.971888
rec_0b33f7d4d44776904197,grp_ba937cb9aabbd844ae0c,2,0,0.1218558,0.071264654,34,0.9536572
rec_0b36312d1d01b824b637,grp_eb8ef20824bccb99cf39,1,0,-0.08744239,0.004068076,50,0.97000253
rec_0b3e0b9a4333cf744646,grp_c2cd6c594f584907c38c,0,0,0.057858028,0.045613542,4,0.98403996
rec_0b4cd176f188606828aa,grp_1e455f605f9708473720,0,0,0.07556975,0.059865206,56,0.9750201
rec_0b4fb3acd1ee7f7409cb,grp_02351b4c65553705c977,1,0,-0.02319657,0.012338994,9,0.96520644
rec_0b5de1ad3ef6b83de590,grp_24aafde57eed2fa1e974,4,0,0.033078536,0.027924549,2,0.90955514
rec_0b6609dacb024fe4a942,grp_7aaff8715dff8b7d8f7f,2,0,0.046761055,0.024904372,9,0.97906154
rec_0b7aff85602c144eaf09,grp_5ef488b6c828002a003f,3,0,0.20448066,0.15235129,17,0.9755284
rec_0b7d7bbec07da801ffae,grp_1ff3fb4c9916c02ab7bc,3,0,0.08130091,0.030445306,58,0.97334933
rec_0b912131ba34e5db5ff9,grp_35730e4baba95a344e2d,1,0,-0.051126506,0.0076256692,33,0.9796974
rec_0b9dae8f8d8ef642dae9,grp_013d4c98f3bb0c5d97eb,0,0,-0.07511004,0.0055136858,42,0.98866504
rec_0ba247f7a1cf1c5c8d6c,grp_57e52754f7a426cbc7d8,3,0,0.03486531,0.016007125,50,0.9801591
rec_0ba67d73b64b6603a922,grp_dcac954b7397d504b49f,1,1,0.045485593,0.039640937,46,1.0055994
rec_0bbd9130a18c381c4773,grp_a9a00f9aa8df4b601ffa,3,0,-0.004439351,0.009236918,16,0.97624373
rec_0bbe91bf4fd232c97453,grp_93adb95819f90051d8fc,3,0,-0.04340615,0.005340059,50,0.9854263
rec_0bc26c86e06875591704,grp_e2e66d2339218e340408,4,0,0.032995284,0.027886033,13,0.98386455
rec_0bc772dfc99a67cba1b0,grp_aed9614fdd2c8ef48feb,4,0,0.04015596,0.03139465,9,0.98873776
rec_0bdb4bc959d77a271d5a,grp_6b297a964c9b76850a36,3,0,0.11004694,0.0450551,56,0.95332366
rec_0be350924bf92583ee6d,grp_d909f251f5d2faa31602,4,0,0.02438419,0.024169164,33,0.9458055
rec_0be6d9608a43a9362dc9,grp_65c218d67df2100af1b8,0,0,0.07780701,0.061937932,43,0.9738636
rec_0be7fbd7307bb09fa792,grp_7885c687c496b6e230af,2,0,-0.0131524075,0.010506809,19,1.0012168
rec_0beb2710bbcdf5c6b461,grp_0e99c1d7cd9adcd53db6,1,0,-0.029411906,0.011088158,6,0.98077554
rec_0bf9f71a906b72513e3c,grp_9075a0f03a3e7d46cc00,2,0,0.020174766,0.017007338,59,0.9741409
rec_0c078e7791fe46275b95,grp_53fba7c31fcc78b48d36,4,0,0.03029064,0.02666243,9,0.95718455
rec_0c16c77df5622e6c96cf,grp_e5192c1328701319bc4c,3,0,0.014929401,0.01211715,17,0.96713
rec_0c20f6615b87039567dd,grp_8bcd5b3c88cff09a30c9,2,0,0.024320405,0.018052973,21,0.98037237
rec_0c21c68c22aec1caef43,grp_517cb12158a3a2198dbb,3,0,-0.10157253,0.0023499932,48,0.9880777
rec_0c299f56ac5785ea7e63,grp_5714302aa58d5bd23a1f,4,0,0.04942512,0.036574937,30,0.95245486
rec_0c2c399bf1e676d1e81e,grp_861eec150cad67cb711c,4,0,-0.083761364,0.003900803,53,1.0070888
rec_0c3757da4bd06f584128,grp_8bb326e0813f8f9693c1,0,0,-0.017623272,0.013875093,50,0.9962643
rec_0c41790824419773758d,grp_edc3ba7a423abb677450,0,0,-0.0028167397,0.01757034,53,0.95895565
rec_0c44a03beac99a097bb5,grp_219b350495017b4e9c2f,2,0,0.08652099,0.043728333,50,0.9850173
rec_0c4c2741b2ff96bff42f,grp_613bd579565aa21aea93,3,0,0.16082038,0.088293664,47,0.968865
rec_0c4c4fa5db986297c9b4,grp_9534fb30b74d32425959,1,0,0.08385179,0.07447902,60,0.9691677
rec_0c4c58e779d8b052c4b6,grp_62999449565e866dfd9c,1,0,0.026633823,0.028874906,43,0.9421354
rec_0c508bd6339b8b603b4b,grp_23af7fe7f35e97bd2e55,2,0,0.10695711,0.058103167,61,0.9260691
rec_0c541221dc9c76a609d6,grp_194433a9a990c00af97f,0,0,-0.016483216,0.014130084,17,0.99769294
rec_0c5c64da622e8bea3724,grp_d0f0abcc03558b51ebec,2,0,0.119080886,0.068620645,8,0.9490063
rec_0c5f771e9f73887ecaf2,grp_72df5468b58b0924de34,1,0,0.03672251,0.034226462,44,0.99735594
rec_0c64ea61e81f00609aa2,grp_fedde2d07b211de1fe40,3,0,0.08141402,0.030492632,15,0.96659493
rec_0c6bc621a588d43a07f3,grp_a9d096e86bee3a93bb75,1,0,0.0053345244,0.02011225,62,0.9907279
rec_0c6f69e942c9d2900838,grp_2e61585097c7a542616c,3,1,0.20980656,0.16235007,59,0.97632676
rec_0c7fe4db0dcfb97ef68a,grp_7a150cae47dc38986d0a,2,0,0.1177154,0.067353204,15,0.96273625
rec_0c81c2ea689eb5f211ec,grp_faede06c13cb292b847e,0,0,-0.015218027,0.014418475,33,1.0064614
rec_0c862752c51f37a36672,grp_1c433eeb1428dff68630,3,0,0.05310116,0.020627122,32,0.96353954
rec_0c9112c3702de201b491,grp_c28f17fd89479c68c4f3,2,0,-0.045606907,0.006557297,14,1.0032543
rec_0c925b6fdd59176a81ce,grp_eaa32d45a64aea741790,0,0,0.0043923534,0.019704122,45,0.97340894
rec_0c95e023f6f759d94030,grp_8e1c05cc3bfc2bde23d8,2,0,0.0754706,0.03743758,50,0.98828363
rec_0c9c3af14c24535978ec,grp_0c6ce487b6f5b6577a7b,0,0,0.09558414,0.08093669,9,0.9726542
rec_0ca0d7120877cbc9c538,grp_6be9d47e005b003863b5,4,0,0.07755028,0.057788007,17,0.98419964
rec_0ca1ba20cfecc2185bd2,grp_bf3570a51798b30161c8,4,0,0.053492576,0.039099544,42,0.95470566
rec_0cabdff25c6620857ee1,grp_00c28f73f45a021295e2,3,0,0.04636019,0.018784136,30,0.97677326
rec_0caebe3c00bb66a9d575,grp_8e3452985adca1df85dc,4,0,-0.010625642,0.013448946,56,0.9457093
rec_0cb9c112ffeb055b2226,grp_ce1bfb397bb92c68ee32,2,0,0.02494438,0.018215727,14,0.9836106
rec_0cc131eb2a45d443976e,grp_a7f7b7eac085aad70cf6,3,0,0.13781206,0.06534342,19,0.9583036
rec_0cc3bf4586e121e95941,grp_81b5063a964a3f21eb39,4,0,0.034314726,0.028502591,49,0.9650645
rec_0cc812f7f1744d9a800b,grp_dc3b8422f9b98f5ebff9,0,0,-0.016502434,0.014125747,7,0.99117535
rec_0ccf357909a39562ffbe,grp_1009a0dd7b73666c9ea8,3,0,0.008621876,0.01109309,15,0.9806606
rec_0cd31f0dafee980bfe05,grp_268cce489e9e1dc45281,2,0,0.10212551,0.054348666,47,0.9808379
rec_0cd6337d4c4ca044d0b8,grp_80152c15e7dc76cfe2ac,4,0,0.011885996,0.019620363,52,0.9736111
rec_0ce8e5ee804adcc6dc13,grp_1a9503d94d3dee207255,1,0,0.046251174,0.040151216,63,0.9561564
rec_0cea819a83f2986a3ba7,grp_3e2344be79bb6f15a5bb,2,0,0.04217564,0.02332418,9,0.99634826
rec_0cf0921ec8d7bf7b96e8,grp_9e4d12c65d6c1d26d774,3,0,0.055671986,0.021375675,9,0.9548753
rec_0cf3c99d83c385ae8725,grp_29bfebfabc30a8a7d2be,0,0,0.09701929,0.082683094,39,0.98378015
rec_0cfac013db4708fb2bbd,grp_d373f902fc4294d08aff,4,0,0.016849494,0.021316683,4,0.962907
rec_0d055efa0ad67c277717,grp_267c00517794be62889a,0,0,0.09203437,0.07676073,50,0.9946938
rec_0d071fd2b069b2b28a8e,grp_59c200b945bfd940631b,0,0,0.02173375,0.025929818,56,0.9543073
rec_0d095c2485f7c2e56086,grp_8a82185668f0802b1229,2,0,0.19405957,0.18098257,17,0.95945776
rec_0d14a5e0dd406479feb7,grp_790c5c9a984b2146138b,4,0,-0.039492767,0.008263157,9,0.9610308
rec_0d1ccd383532b7d58169,grp_1b1ab94aa1f8d1ac57d7,4,0,0.06190345,0.04486006,47,0.9873179
rec_0d1dec93b6bf1e811dfa,grp_e42b2f3e57ba59b93acf,2,0,0.10936541,0.06006431,1,0.97366786
rec_0d27d5f79577401a2f72,grp_6ddd7479cef085d79775,1,0,-0.0036358004,0.0172558,11,0.98582745
rec_0d2b9f892384a8a4853e,grp_08803e30875c16750986,1,0,-0.08025867,0.0046072514,4,0.95686036
rec_0d2ebc1584216818ca48,grp_3ae394c6b1a77d673fe6,4,0,0.04730091,0.035319537,22,0.97716117
rec_0d318136e833798c97b3,grp_f51dfdb27d4e383afce0,4,0,-0.1100591,0.0024944749,24,0.99255097
rec_0d33fee52c0528842b52,grp_fa785df444db53a599df,4,0,0.18411353,0.2740873,22,0.97805125
rec_0d46c64030d1dc660b33,grp_21c69785561dbe2597dc,1,0,-0.0135137355,0.014570407,55,0.9721514
rec_0d47f0f01e0975817218,grp_8c1abea212bbbbf6632a,4,0,0.15791334,0.19453079,10,0.98584956
rec_0d4fbe3e9ca066ca9037,grp_c301388675f7a6ef5c08,1,0,-0.024154078,0.012137584,50,0.97682685
rec_0d626b5ad7eb4f3c5bef,grp_1ce7450b0f1c23bbf5ab,3,0,-0.01426268,0.008046828,48,1.0040709
rec_0d6380d8c7c8a1540819,grp_da745710c9c8e2fe2b2b,1,0,-0.05128548,0.0076047615,9,0.9973066
rec_0d731f79cb9eab4dc8e7,grp_990cb047310c9bfb3756,3,0,0.07677276,0.028608143,58,0.9854336
rec_0d7d1bd044a88f539b3c,grp_3626b6f1580ed6d580ac,3,0,-0.083279766,0.003042875,48,0.9691082
rec_0d7e1e0abeeae33f1221,grp_8fb836a747b4a2d8a473,2,0,0.012037246,0.015125023,1,0.9557119
rec_0d80b000c1c511324583,grp_e49fa67c308549344ee1,3,0,0.054081526,0.020909505,36,0.88101184
rec_0d87546230474bdfe944,grp_b32298395ece3721cf7b,4,1,0.057412818,0.041690435,36,1.004671
rec_0d8b7f223b490c977658,grp_778e8a435b8c17863d33,0,0,0.047600303,0.038901553,56,0.9357444
rec_0d93222281cec79a73af,grp_168a143513b3c182be48,2,0,0.055479586,0.028201489,32,0.98192126
rec_0d95e3cf0ef8f2635f8a,grp_4490a25b99d12be9d092,0,1,0.14041726,0.15402494,44,0.9895559
rec_0d97b06d91e52ac26bfe,grp_b8503520a19f7b835b6e,3,0,0.15734759,0.08441363,22,0.9311792
rec_0da07bc0ef8f79c056eb,grp_c0e0b8faef874fa2017a,4,0,0.06599704,0.04794844,49,0.9771533
rec_0da08ed4aef1a25ab462,grp_3ae66ea1bb14bf49276a,3,0,0.07668387,0.028573181,12,0.95881444
rec_0da82232b5c932937af6,grp_7c455baecb2b8efafb8b,0,0,0.056868892,0.044921014,17,0.9940563
rec_0dad9957e9eb1a18871a,grp_e8e744e75b570270151e,0,0,-0.0068006935,0.016490255,27,0.96462244
rec_0db59d7c2b476e0d3848,grp_a5354af4376fd2d9676c,0,1,0.16247408,0.20651737,44,0.98821825
rec_0dbb7763c13042463676,grp_4b693f5fb2fb94753939,1,0,0.045681722,0.03977107,37,0.9570086
rec_0dbd32e1fd9c1afc1315,grp_87bdd430a5918e552fea,4,0,0.01763899,0.021599416,51,0.9825333
rec_0dc8e0556497cbae36a7,grp_f0181d338df0a506ecab,4,0,0.0753943,0.05581814,0,0.96669817
rec_0dd4a374f412aeaf76f2,grp_349ec4d33fc88282bd57,0,0,-0.02826666,0.011703281,3,0.96801305
rec_0dda608e666e3d7869c7,grp_4b342e4e5c2b57cd261a,0,0,-0.08347987,0.004817901,11,0.9988737
rec_0dddc3f7113a09d0d139,grp_cec273d7e150d89083a9,4,0,-0.002624574,0.015385063,34,0.9472364
rec_0de46f584c8bec587f9a,grp_93bc0b1a1f45ab7e9091,0,0,0.015859257,0.02363152,35,0.9780903
rec_0ded03a5d736205967a0,grp_c0b9f43e2a0cbd01edc7,0,0,0.053000282,0.04230755,1,0.9869289
rec_0df68f3a1e015020882c,grp_d6d9507dfcf5550c2c7c,1,0,0.010551144,0.021981336,21,0.98996425
rec_0df886396d2b11f8ad47,grp_24a71bce7e6d27857b5b,0,0,0.011569407,0.022079999,39,0.9952618
rec_0dfce2237b58fb1d49ea,grp_c663e01ebc4effa61fdd,4,0,0.09460234,0.075814635,56,0.9705321
rec_0dfef0cdd78533bc3f8c,grp_64d904a15554c42b306a,2,0,0.10605965,0.057387844,6,0.9793534
rec_0e0140ef10a0723634ea,grp_2e8df655c15e87c7903e,3,0,0.049039483,0.019496484,58,0.9765878
rec_0e104d3fe72e207b63e5,grp_1cd5a7ecc236a70ae1a7,2,0,0.045663744,0.02451698,19,0.9897575
rec_0e11ecf138a27be66610,grp_dad23028bc40fda11533,2,0,-0.053580396,0.0058386377,43,0.9960185
rec_0e1f05d00916e8efecec,grp_6fe2ce147b7f8555e19f,3,0,0.111487836,0.045941353,62,0.9967972
rec_0e22e555261298907cf7,grp_e2fd731564ea1846a657,3,0,0.08229074,0.030861868,15,0.97786766
rec_0e28eabfb9bd7c32553b,grp_8a137427ffb952849791,2,0,0.16334032,0.12349808,58,0.9256534
rec_0e2a4070d4bfa8a3c5c4,grp_a072ca1d310744cece98,1,0,-0.00822788,0.015951747,55,0.92908084
rec_0e2b38175632032d1a12,grp_21d08e70cd71e383b775,3,0,0.064194314,0.02405202,51,0.9779814
rec_0e30e9f85c563a34d663,grp_dbdf5501460bfedb58c7,2,0,0.18829069,0.16879195,14,0.9765308
rec_0e31b98e2f2d09fe109a,grp_876d82553d7e74e473c9,4,0,0.08743325,0.06767956,52,0.98508054
rec_0e32ca1810cac37ff4e4,grp_fc3765c0afdaebe50421,3,0,0.07582958,0.028239246,23,0.99419165
rec_0e4c467bddb67648b82e,grp_48f58a3f010ea97390a2,4,0,0.017905427,0.021695653,54,0.9654233
rec_0e608fefb6cec5db1240,grp_244e33f5c287582cb924,4,0,-0.015938625,0.012298192,37,1.0003914
rec_0e68ae9206ebb827b207,grp_2a14bb31ad27920d2be8,3,0,0.05390115,0.020857263,5,0.9887275
rec_0e761498b7153c204d02,grp_7292cbab28d231ced8c8,4,0,-0.025817499,0.010411114,49,0.9701763
rec_0e7faed173bfa7f49eaf,grp_d7bcb09fe571debe29b4,0,0,0.044938073,0.03732072,34,0.9480955
rec_0e81547ac9c98b0d505f,grp_c0504d487e3bff398c13,4,0,0.016022144,0.021024285,11,0.9805763
rec_0e8371465f35ea6040a4,grp_3ce40eeed2063faeb303,2,0,0.12471463,0.074086726,11,0.9626632
rec_0e83a13bca1a50ed0ac6,grp_7e3cee99ff4f354370af,0,0,0.082884334,0.06689279,11,0.9896289
rec_0e86ce3d596f80814a50,grp_8a2c2f21c86677622daa,0,0,0.114599876,0.10701258,30,0.9819513
rec_0e86f1612713637f7c7e,grp_5df00f1ff84967d42e3f,2,0,0.009019229,0.014480371,58,0.96595013
rec_0e8c205baa311fb6e77f,grp_892a01913f03134aa5da,1,0,-0.007522355,0.016145607,53,0.95793265
rec_0e9163d6a9e991b97907,grp_4a7b7ef64168f74152fb,2,0,0.11222644,0.062474545,2,0.990739
rec_0e9ac0eada6edda5969b,grp_2f1bf3c9989b4b60bbdf,4,0,0.01320577,0.020058047,33,0.98495126
rec_0e9d1cb763459191be29,grp_fe4b2cb60d14d68dc124,2,0,0.05084976,0.026401032,31,0.9063811
rec_0e9ebaaa4a646ed31520,grp_bc08db434fc0550c0128,2,0,0.24482936,0.31735072,16,0.9651861
rec_0ea68d754af477f2a50c,grp_2725eec47c3f705537af,3,0,-0.012495233,0.008249125,36,0.9681191
rec_0ea6e2542c3217b2fa98,grp_e6a0385811574f035382,0,0,0.054993194,0.0436352,7,0.9905181
rec_0eb0c778abfacde320dc,grp_93610ebc4f45d5cdd241,4,0,-0.025957417,0.010386559,9,0.9724354
rec_0eb6ab6d9f56e9e30708,grp_a526a867513f370efd3d,1,0,0.10257659,0.10028957,16,0.9223501
rec_0ec1426875213933c19e,grp_067df2558fc83d9d4f19,3,0,-0.073171444,0.0035095983,62,0.9919843
rec_0ec1d7a4239208fd3f0d,grp_4d1610fc7911dfd79c97,4,0,-0.003781292,0.015089054,55,0.9158023
rec_0ec3a3a0fdc9190d0acf,grp_dbafcaa4e504731fc425,0,0,0.00044066645,0.01850483,18,0.9519146
rec_0ec7b854ec702454ccdc,grp_047c453cfb5762545e46,2,0,-0.058334917,0.0054479595,2,0.99418175
rec_0ec8514353c39ce9a75a,grp_862cedb5fe97f38483b0,1,0,0.008476105,0.021218343,31,0.9875355
rec_0ece4f444cc5a67889cf,grp_d5ad8d9692909ed30956,4,0,-0.11173747,0.0024242522,2,0.9770664
rec_0ed61f259d8ee35b8080,grp_44fc53fc35e714971d33,2,0,0.17134939,0.13676916,13,0.94697714
rec_0ee694d3f3681bac9d8e,grp_3e3c1de31440c836c20b,2,0,-0.04634773,0.006486979,29,0.99832994
rec_0ee71bd8b54a9588363e,grp_70e633d2e80cfb41bbee,4,0,0.016580544,0.021221198,13,0.9732645
rec_0eef9371a3c87f41761d,grp_9246cc3fd155c068cca9,0,0,0.059483755,0.04677391,26,0.9840691
rec_0efc08ae0cd4d1b26308,grp_c621b51a538b43082690,0,0,0.09561762,0.080977045,3,0.9780213
rec_0f082fc420dd3a18c3ce,grp_ac6d9d6eed357153f3d5,0,0,0.063398115,0.049683947,11,0.9878135
rec_0f094bf02ee3620b0fe9,grp_88ccedbc0a7256d10fe7,1,0,0.025833525,0.028486961,26,0.94277436
rec_0f0c281add546e3d7af3,grp_2bbd733a116ef6a64de8,3,0,-0.04657541,0.005106856,50,0.992744
rec_0f13a69e159d6476cce2,grp_6147f6f41f0ac844c488,2,0,0.09044967,0.04619912,14,0.9591982
rec_0f13f306621fc054cf5d,grp_2a76bb3986abf1175ca2,0,1,0.13715789,0.14726962,44,0.9913226
rec_0f153c8bfa8cdb09bd7c,grp_409ef4ef98721a65b003,1,0,-0.011809969,0.015002264,50,0.9639042
rec_0f17cc94ab90f1653f2d,grp_8534cc5a02a1e2593d5d,2,0,0.06274649,0.0312702,3,0.9818898
rec_0f1abcdf9ef11cf03112,grp_a194200397daae424be8,3,0,0.10871967,0.044253174,9,0.95822036
rec_0f1bc4abd29140b53a63,grp_fe13f5e1f04c610cd77c,4,0,0.10973265,0.0959923,8,0.94533867
rec_0f245be11c9d04fbbaad,grp_37c3468d86395e5be1fe,0,0,0.08276803,0.06677528,15,0.95033246
rec_0f3180a7c53d30221f4d,grp_d86ddcdc66427ac7b8bc,1,0,-0.03114674,0.010761984,18,0.9531543
rec_0f341d24eef705ee8bce,grp_52576e71cefffc5f4f40,2,0,0.1169221,0.066626854,4,0.94882005
rec_0f400e6e7283b42eafbd,grp_3fbba130789e370e1bf9,4,0,0.06533005,0.04743182,28,0.98500204
rec_0f4eaec9a882bc6714ca,grp_aeb201c8c8d91582e31b,0,0,0.10460076,0.09248905,15,0.9441212
rec_0f506ec8da9d1c09ad45,grp_d9506888d9a0a5628685,2,0,0.036415108,0.02147723,21,0.99565756
rec_0f50be2453603208354b,grp_6cd39a6df038c2b04093,1,0,-0.071176216,0.0053918352,16,0.9329464
rec_0f52127138c9dc4988c8,grp_0d32ad501d2588707d50,1,0,-0.027895115,0.011381335,48,0.9947552
rec_0f526039930490258fc8,grp_bf890071defa3cad4130,2,0,0.12829112,0.07776191,48,0.9826801
rec_0f6053fe44543dd70df4,grp_c3a3ecc24f4599ced826,1,0,-0.059548475,0.0065930123,26,0.9649385
rec_0f69d697918875891cb7,grp_b12d13b180362130465a,0,0,-0.069409296,0.006043926,15,0.96215314
rec_0f778d19e589aa0d6eb6,grp_cf60baeefe26964d6886,4,0,-0.031425465,0.00947047,49,0.9679807
rec_0f7fc87d6129577b2847,grp_16ce55f1f74d83a15315,3,0,0.06364939,0.023871519,62,0.9710985
rec_0f91baf61ff758561371,grp_92bf446c7fa2b458e937,0,0,0.004055573,0.019599013,38,0.99034053
rec_0f9fd21a17abdbb5f093,grp_295c82080fd726115edc,4,0,0.035150737,0.028900072,44,0.95137775
rec_0fa94a79b302df4cef73,grp_29037812371a0992794f,0,0,-0.03309331,0.0108325565,42,0.9932276
rec_0faabcd4be6b5e1845c2,grp_43262faa69e89244fc55,3,0,-0.006508301,0.008972568,35,0.9888687
rec_0fb58e1775817a7a1efb,grp_4c4c67c1982d9a5362b7,3,0,-0.015025007,0.007961102,0,0.9993489
rec_0fb992c192a0cf53ef97,grp_9dffe881d78b75c7c64b,0,0,0.039512426,0.03428804,7,0.95604736
rec_0fbc50e6410d57222be4,grp_f0bdc0a1528929e581ab,0,0,0.049637083,0.040154185,26,0.9865983
rec_0fc156987149220975f7,grp_73d13c36a5bafb423bd8,0,1,0.15492576,0.18719615,44,0.989527
rec_0fc23270721472ce0b40,grp_f3d956389d35813e66b8,2,0,-0.00023022923,0.012668701,59,0.9714722
rec_0fc276d34a3d071d27a0,grp_fb9664ed903d504ab92c,4,0,0.006050175,0.017794637,0,0.9496481
rec_0fc62fb465572a52dd40,grp_73f2a22035963f345ab2,2,0,0.1760546,0.14511247,1,0.95461154
rec_0fc6731ce80b4a378f8e,grp_c876adfd6d7759b58545,3,0,0.14899758,0.07571116,11,0.9881843
rec_0fcaa373d21f6640a132,grp_f586c0d93168162b578f,0,0,-0.03860778,0.009915964,39,0.9924029
rec_0fcb638999d9c3800409,grp_79b43d939d2c61f0241e,2,0,0.07468417,0.037024636,8,0.97000134
rec_0fd19950185b16b2d494,grp_b312bec7b0683b5e439a,2,0,0.066582136,0.03301786,15,0.93379545
rec_0ff5911a66415f07eba6,grp_5731960e72eb3c4ddc64,3,0,-0.11777699,0.0018689674,1,0.97255605
rec_0ff6d07327fa74b82d22,grp_4ecdeca3b3fd861c9ec0,2,0,0.02530428,0.018310254,39,0.96992415
rec_1024c91de4034ed8b5f4,grp_5e9aaa83062710a4ae49,3,0,0.057932846,0.022055883,19,0.9829982
rec_102fa5632cd25c8009df,grp_b1c3fe4131ff42f89863,1,0,-0.11010688,0.0027459164,22,0.9782259
rec_1035e173b88ee2202ed8,grp_c54ee9cbacb423ff1fae,1,0,0.0067533925,0.020604638,53,0.96338546
rec_104149965a5806f0eca9,grp_d70fd6580477342528f0,2,0,0.07253343,0.035917558,6,0.9817402
rec_105c13c0b67bb9980b00,grp_d86d6293b11a39acb160,2,0,0.0051504658,0.013693457,12,0.9395307
rec_105f3018546ef2c11c80,grp_7baff74a98f52cce0116,3,1,0.13039652,0.059214365,59,0.99441916
rec_1063defad6cbde4f0615,grp_adeeefddcee644e7ed6e,1,0,-0.0098829055,0.015505927,48,0.9947443
rec_106bd996fc42790e5d3c,grp_06d937ab8b94836f87c2,3,0,0.12845515,0.057701062,5,0.9670347
rec_1075589bfca66522e117,grp_deef5d01aad76c8ab9aa,1,0,0.00071250874,0.018586908,16,0.9176338
rec_1076daa5c661d90c4476,grp_8a89600ddc5fc50dd502,1,0,0.028665403,0.02988288,6,0.9946278
rec_1086e668d0f6c6fe582c,grp_85d3c57d445e6d860b79,2,0,0.016584087,0.01614994,43,0.99985486
rec_10891aacd8629877b979,grp_6428237ff987aa01a7b2,4,0,0.016504716,0.02119435,55,0.9642045
rec_108a6073be9b578d27c9,grp_bfd75ed40bf8c781a7ab,1,0,0.053469714,0.045281664,30,0.91964626
rec_1090aee86c680694816e,grp_cef49e3051953203b4ee,0,0,-0.053619687,0.0077919485,29,0.94360435
rec_109b8eac5007cef8a2b2,grp_b902fcb6e6695dce523f,2,0,0.15131065,0.10565271,15,0.93951637
rec_10a0d48fc2ffa5407e9c,grp_79ede927a6d6507a59ee,0,0,-0.07154857,0.0058392524,15,0.93569505
rec_10bcaa3804a658b732f8,grp_a6b3654f222b2961bbee,3,0,0.16805106,0.096892506,22,0.93512934
rec_10c475f3edc5e3ee0e55,grp_aba0c5ba69abc286908f,3,0,-0.014863617,0.007979176,0,0.9608709
rec_10c811d693b0889e58a6,grp_314489b42742bc7f7ada,4,0,0.1267437,0.12428738,56,0.980537
rec_10c99d2c72577e2f1fbb,grp_1b73f38f4c788eeec9be,0,1,0.06238403,0.04891398,44,1.0011183
rec_10d27beb3fdfd6851efa,grp_6c39f8b0225bfb3c0c73,3,0,0.15331766,0.080105625,12,0.94825536
rec_10d2fb8e0bbc70c807dc,grp_ec5dd5c708eb7c622e46,4,0,0.044615027,0.03379154,42,0.9905406
rec_10d384936d01db3ac6bf,grp_f868c4083d1a67257b5c,1,0,-0.041586433,0.00899033,49,0.95349514
rec_10db91db710a98fde9dc,grp_cef649ce39fb049b5370,3,0,-0.07984829,0.0031939296,60,0.99362934
rec_10e35fa4e4cf4a54dcce,grp_03b89e0573d08474622f,1,0,-0.028593346,0.011245436,59,0.9953113
rec_10e505ba2385d3a4080e,grp_79a44b62830a9aae7851,4,0,-0.014931569,0.01250858,44,0.9879406
rec_10e7f1786d8640eb6fcd,grp_88e0c22e3f8c245b0cf1,2,0,0.043376658,0.02372835,1,0.9407706
rec_10e98f354119fe75c9f7,grp_cab0726ea0338fb31437,3,0,0.038291074,0.016789583,15,0.98771924
rec_10ea4efe8388501f2403,grp_a64ff188bf92b34a0a4a,3,0,0.17421247,0.104801826,26,0.9652328
rec_10f4e41d02c57371a4f3,grp_d9429c74f6caa4ff1efd,3,0,0.21831407,0.17940982,31,0.9681606
rec_10f50790b36863cc6e8e,grp_5327078873ea5c4120c0,1,0,0.0051056696,0.020033918,22,0.9509304
rec_10fad75d6a200b900ba0,grp_3cf3c6a57dc28a0c9dab,3,0,0.07089081,0.026381772,35,0.99457395
rec_10ff6cb47b03b764ae70,grp_6b0ce9dfbabe755c8523,2,0,-0.031481948,0.00805256,20,0.9623171
rec_1110b97160e081bad7c8,grp_0fe7f14ddc6c8f6839a6,1,0,0.023956116,0.027596636,17,0.9434078
rec_1110f3ac80bc159fbaeb,grp_9f1e0043ea956677d7f2,1,0,0.041112427,0.036843315,57,0.94318146
rec_1123b358d723811d9a6e,grp_e635ff2d6ffe531e2b8a,0,0,0.02746635,0.028381664,15,0.9333356
rec_1124cf68fb0145dfb4da,grp_fdcb5f18a1ed8fbdb75a,0,0,0.055626754,0.044065535,10,0.9774937
rec_112b5bb0762b54e59e15,grp_c67b928c46dd216f3b89,0,0,0.020168412,0.02529695,42,0.9643166
rec_112d34622ae9e39a3ae6,grp_8681563623770e3459e5,2,0,0.01608608,0.016034435,18,0.9801554
rec_114a2e37b68804f6b672,grp_6450be41637165b66d0b,3,0,0.12614155,0.055945013,22,0.9692901
rec_1152e6c7b5f8df81817e,grp_1159b4e19b4e0f10d780,1,0,-0.004743194,0.01693205,43,0.9878754
rec_1157974f477a0f8c42b3,grp_93bfe35bb846ff199080,2,0,0.098676495,0.051809665,2,0.97388464
rec_11643ae53f1f0a8bf769,grp_b853c00ed68c56505f58,2,0,-0.033450514,0.00782545,14,0.9993134
rec_1165131bfe64e67ec99f,grp_11dd6204bb1b9fbd63b8,3,0,0.13013276,0.05900661,12,0.9486787
rec_11780e41db63538f6d24,grp_657b8b8a70e6a37f6048,1,0,0.103233434,0.10132562,16,0.9525648
rec_117b8a7a50b3b4d3f834,grp_a57478d45708e7fce64a,3,0,0.16417514,0.09219402,31,0.95929646
rec_118112673eaccc9cb6ef,grp_2bd8c5f1401f5c416de6,3,0,0.01629086,0.012350156,24,0.9247684
rec_11886162c549d47927ce,grp_3514405de1a3bd58683d,3,0,0.044050675,0.018190637,2,0.9716082
rec_1197a57e93a2d24271b7,grp_4fdbfd7190fb4d5f71a8,4,0,-0.19440559,0.0005929942,28,0.9798499
rec_119a2110cf17e5ee2687,grp_c2b12d215e342f75c578,3,0,0.046068896,0.018708248,37,0.9978763
rec_119be235f762c4f91ef7,grp_e04c49a4a8d1164256a3,2,0,-0.009537079,0.011071935,14,0.9933388
rec_11a3268b4f87ea8c837a,grp_1a74d8ac2d0f99da9be6,4,0,-0.009495095,0.0137071945,54,0.9941352
rec_11b35e25bbd597194d28,grp_66b8d0acbff3ee013eb4,3,0,0.10637191,0.042867914,55,0.96638143
rec_11caa6ceb6fe463ec654,grp_f9ace4ca49521d4e48c7,3,0,0.08043292,0.030084508,16,0.9567795
rec_11d38f5476c91efe5589,grp_0e70c1c1923b3947c81e,3,0,0.18216787,0.115853176,1,0.9640545
rec_11d5c30f06b5aeaa611a,grp_281f833275610cee9657,1,0,0.046635043,0.04040943,55,0.98006374
rec_11d89530b4c236efd239,grp_9575370ef796f6522047,3,0,0.0509236,0.020013204,39,0.9698482
rec_11e5480db57124b94db1,grp_d26f0d9fb64bae35691e,4,0,0.022080105,0.023259472,24,0.9881891
rec_11f1c27390283e747c1f,grp_f394ba8baef035f9ade5,2,0,0.1795711,0.15162052,10,0.96895105
rec_11fc32a3daa37822f925,grp_f89cdb8f733a3bebabd0,2,0,0.03801735,0.021976082,6,0.93405426
rec_12020500725570e4a32f,grp_392032e6bc803836b15c,4,0,0.076052226,0.05641247,21,0.9833015
rec_120c53021df5eb4bb90b,grp_c4fd198b86deb35ecc5b,2,1,0.110836014,0.06129212,57,0.99581933
rec_1215fb2ddd388c80d668,grp_31f1f297104652bd91dc,0,0,-0.010959841,0.015432338,16,0.9531515
rec_121cd8f33cd179b0f741,grp_8828445ead9d24c6c8c3,0,0,0.087182485,0.07137235,57,0.96498716
rec_121da051e82cec13987a,grp_56f19571593394c591bb,3,0,0.14198527,0.069047324,41,0.9692526
rec_121f7c2fb3619d15f997,grp_46b1fd488cfd53e71121,0,0,-0.07380606,0.0056307376,55,0.9567041
rec_1225c109f6bc818fffca,grp_4cbfca74ccdb9e3c9228,4,0,0.043538626,0.03319725,27,0.99292654
rec_122877e7f475d4ea47eb,grp_6f4f7f1a8f4b65c4c7a8,3,0,0.07514883,0.027975865,5,0.99558896
rec_122cafdbba0354d7a601,grp_3433aea53daf52d55c71,0,0,-0.10859735,0.0032124645,12,0.9623249
rec_1231da713614a2345edf,grp_729fb4e00585f72af8fa,0,0,0.112042174,0.10311694,41,0.6654379
rec_1237ab8d450396f9be86,grp_1069db2591a2af30d379,2,0,0.011983672,0.0151133435,24,0.9776603
rec_123a83b6efe09b517e5e,grp_64cf126b61df847e96cf,4,0,0.056168023,0.040850434,27,0.9855797
rec_1245d2f8346685c04254,grp_5641f64ab8a4cbb26d53,0,0,-0.00044572412,0.018245816,35,0.9858386
rec_125c17b301960d43dc5c,grp_4c32bd5c01f1c9052d40,4,0,0.016143069,0.021066774,35,0.97412056
rec_125c1db6d3b14f3ca011,grp_701998f7a9e028b84cd9,1,0,-0.033871934,0.010268674,42,0.96268654
rec_125c7049cdf8e2cfcacb,grp_9daa46ba16eb33b2f167,0,0,-0.067868106,0.0061957845,43,0.9773424
rec_125f993e1b5f71fe6ea5,grp_199829cb1d8a96fd541f,4,0,0.14791642,0.16919619,35,0.9679351
rec_1264ca9b678d0484fed1,grp_398d10441aa66039e5b5,4,0,0.10340276,0.08702383,3,0.95511657
rec_126a6cf97304b85982b1,grp_7b3446a8aaf2c36536d1,4,0,0.03730021,0.02994689,56,1.0066335
rec_126b8970b1a35151ac1c,grp_36dad0804c1a483a8223,4,0,-0.107394844,0.002610134,47,0.9959483
rec_126f3695cd2da805591f,grp_091bf47d7023a8193822,3,0,0.15223688,0.07898487,61,0.98211163
rec_126f805f3c9315eb4dac,grp_860d8679b2438e4feaec,0,0,-0.0960073,0.0039364337,4,0.9754758
rec_1273b4f3a7bc4bb5575c,grp_20550c1a1dcf34ada6f4,1,0,-0.097163424,0.0034371712,4,0.9388911
rec_127405c82a3c8c729511,grp_2c17ad0037037d54067b,4,0,0.07102107,0.052014988,17,0.97862893
rec_12744e952776799f7a7d,grp_1ba16a5b28510c1de1ec,3,0,0.045847505,0.018650768,36,0.96286964
rec_1279bf2c3f8f9c70fad9,grp_42d4526c8daf6b87ee56,2,0,0.16246575,0.122117944,6,0.9432936
rec_1284e7b160feae345931,grp_64482ca5eaa0632281cc,0,0,-0.007812132,0.016226605,12,0.9608945
rec_12855c95aa7ead4712d2,grp_54234fdadb3f97bd79f6,4,0,-0.0483541,0.007112358,15,0.9670723
rec_1286b7d648bd696b188e,grp_0b3f931963f003020245,4,0,0.002004005,0.016627792,17,0.9910713
rec_128a3235ac4b17a84884,grp_8d154efafc05a4dc2bf0,4,0,0.07592211,0.056294456,3,0.93388057
rec_128e59d9d288df60b159,grp_48bf83ea2502d8bd8294,3,0,0.06673244,0.02491044,22,0.9654838
rec_129d5ab5c3c144db873b,grp_de451c8295b44cd74beb,2,0,0.10646355,0.05770875,32,0.9747602
rec_12a514aad8587af51f53,grp_1b0498b113d27185665e,3,0,0.17065014,0.1001618,44,0.9734255
rec_12a5dd1e42e4621afda3,grp_4342c3acb8ba628089da,4,0,-0.011177699,0.0133245895,17,0.995114
rec_12a5f3f4c51fc2bc25d2,grp_e86dffa7b4c97fb8dfe1,3,0,0.14076935,0.06794853,8,0.93153656
rec_12a6c91c79dd9524d0fd,grp_90596d138f49f0bdc348,0,0,-0.030310849,0.01132637,27,0.9730033
rec_12aa87a92d7f10255d11,grp_2a0d0b11d463e58a664f,0,0,-0.085554406,0.0046594115,32,0.95415086
rec_12c72fa747e6a5a5318d,grp_443acc5e32355215cd72,4,0,-0.03986013,0.008211969,9,0.9264451
rec_12cc58442efa751e0630,grp_46d05630f4049e54ba50,4,0,0.017693812,0.02161918,52,0.98128796
rec_12d67d4f91df11c4c719,grp_d4c8a2d918c19e7306db,1,0,0.095851354,0.09021305,48,0.9783471
rec_12d796f19cf2477cc56f,grp_3d82af517f9de7c2dd2a,3,0,0.07942186,0.029669465,35,0.9992848
rec_12db694996317799e72a,grp_fa45779dcc3c75b67f9a,2,0,0.05191278,0.026804268,61,0.98346907
rec_12e0e0a3492a3a1b0a0a,grp_48d1b0e720a3112353e7,1,0,-0.0043819826,0.017036986,23,0.95033026
rec_12ff72cca0b24fa4a9e4,grp_0386faea923cf0efcc98,2,0,0.04356144,0.023791134,63,0.96952635
rec_13009daee620c1ea1b0e,grp_0b42ba8830a31bb5fe25,2,1,0.14514479,0.097416915,57,0.99076897
rec_13070ecbf82a18e5163c,grp_047d0e196348278983ad,1,0,0.024178432,0.027700638,50,0.9593142
rec_13111a5199ea5ea37ec8,grp_fbf589f8aa64ce4aa8f6,4,1,0.1949685,0.312416,36,0.98029697
rec_13116c966f68189347aa,grp_471ed2fe4cf2caab78ca,4,0,0.03421094,0.02845361,25,0.97205335
rec_13237fd64923d83fd1a3,grp_670cf04b7eaef2c716c1,1,0,-0.031239552,0.010744804,31,0.9824497
rec_132e4af179eff385ca86,grp_00c627aa84f1e3e2164e,2,0,0.039218627,0.02235751,3,0.9922989
rec_13304003fb1afe25517e,grp_97f2cac80e405e9778ab,4,0,-0.013735141,0.012763153,37,1.0034518
rec_13341aac190abbda5613,grp_61ef5229a97b31916e09,0,0,0.019332405,0.024965145,9,0.9999217
rec_1336403be9ca51fc8773,grp_10258dd48c2cb496925b,0,0,0.06648799,0.052101403,26,0.99681824
rec_133eaa44b872e8090ecd,grp_c70769defe3878a59e7a,4,0,-0.05421913,0.0064396947,2,0.9608818
rec_1352f96fce78733d2015,grp_7f8e2efa2d8c2be3c85c,1,0,-0.11735213,0.0024214494,48,0.9984648
rec_135fd9f45adbb163257b,grp_2d7396c05a8b456c86ee,0,0,-0.022308938,0.012873888,34,0.98356175
rec_1363e88b652ce304a87d,grp_4cff1382a6f8cd858118,2,0,-0.054221235,0.0057843993,22,1.0010229
rec_13648d9001c229893f30,grp_69c6a3b688b7cea838c7,1,0,0.1018948,0.09922416,47,0.97776586
rec_1365d39b1001c92f0d30,grp_896f03d7e4e228a0b670,0,0,-0.00059598684,0.018202262,15,0.94648826
rec_13680c8dc395e1376e7c,grp_aa38cb0727eb009c239b,2,0,0.10750501,0.058543988,10,0.9751193
rec_136b188c25c2b3e1e2f2,grp_8b79f56517c0f25cdfc6,0,0,0.062832944,0.04925343,4,0.9691946
rec_136e961371ccd7086b38,grp_fc472b9ef41d9e290409,4,0,-0.030955635,0.009545936,37,0.9798208
rec_136faa12a05edfe86edd,grp_c980d201b73824a63073,2,0,0.0011086178,0.0129163815,13,0.9847178
rec_1373646174ff71a387e7,grp_3a2af18b0b9667255ca1,2,0,-0.037823446,0.0073434412,22,1.0009022
rec_1374f8064e37abe87f20,grp_431edb796f57ccc9f3c5,0,0,0.08326148,0.06727516,7,0.9926139
rec_13791d3f31ac905452bd,grp_1cc4ceaab8d9993a5d47,4,0,0.17841095,0.25516695,42,0.94989437
rec_1381f228ec88a9b1b4ac,grp_1dbc528fb6d8c061a0e0,1,1,0.26768777,0.66353077,46,0.96882856
rec_138d45ca0c74582d20e6,grp_f0e25775e0a7f837f5be,4,0,-0.027216164,0.010168194,22,0.9882323
rec_138f8fe05224e01da8db,grp_b573161d27305463e175,0,0,0.07749264,0.06164268,1,0.98612285
rec_139364666e4aa64579dc,grp_4353712fe83e050656c2,2,0,0.042178266,0.023325054,36,0.9741404
rec_1394cfc62ff4fabd7b83,grp_0a80a513fbf2cd12971f,1,0,0.15336944,0.21245825,31,0.985357
rec_13985b70d647fd316ed6,grp_450eee608a231478c262,1,0,0.109651126,0.11195673,30,0.9738667
rec_139ebad142fa53957e85,grp_001e015846fb7cb3c8bf,2,0,0.07416048,0.036752094,0,0.9386028
rec_13b02d628ad4c579dc0b,grp_ba66b8ee6c5360287a84,4,0,-0.04435582,0.00761046,8,0.95248693
rec_13bb3ceb24c12d3b75d5,grp_fb94965b938d6e1a1561,1,0,0.020987123,0.026243575,63,0.9577246
rec_13d100b5988ec535b6fd,grp_94f9c9f861d4ac2c7d18,3,0,0.15106352,0.07778437,62,0.9664516
rec_13d22d246e5f2e3a38ad,grp_6c021c994de20488ae19,0,0,-0.010110417,0.015642826,63,0.9778956
rec_13dfa58605b1a7864b87,grp_b68a0038ad794bd6a001,3,0,0.05442494,0.021009307,63,0.97641003
rec_13e46e520280339748bf,grp_566bb519fdb69fbe9aea,4,0,0.11553353,0.1049276,35,0.99202484
rec_13e986721c4d3622fb82,grp_a6ef2eb6984b745a97a3,4,0,0.06408887,0.046484485,26,0.9351033
rec_13f0023a0ad1a13b97f3,grp_8fc7fb7f54d33cf4f5c1,4,0,-0.021789607,0.011143215,57,0.94489926
rec_14029e8af106c670cecb,grp_342632c3a86ba3ea0c85,1,0,-0.151855,0.001329867,28,0.970398
rec_140a9922459d7787a3d1,grp_025435a0f0354961ecb9,3,0,0.069694996,0.025950208,17,0.9945377
rec_1414d51784a1928769ff,grp_494d35c29d7199304b0c,1,0,0.008465225,0.02121441,49,0.92439765
rec_1416734b7f7429167b60,grp_0155d9506df2e0c8a828,3,0,0.08988271,0.034245357,16,0.954796
rec_1428b66c7347ec4a9955,grp_43d6c144134b1006eef5,0,0,0.013617351,0.022807853,10,0.9774723
rec_142faa76eca3de0ea8a6,grp_68eb424606c1e97d89eb,3,0,0.1331753,0.061445266,1,0.99042416
rec_14347a929f85d9b9543e,grp_3d17daa5e2ab3e99b3b0,1,0,0.025959639,0.028547762,10,0.97521114
rec_1437129d8a29fa3a6098,grp_c5302e226d089eead34d,3,0,0.08725642,0.033036254,12,0.95495605
rec_14430d3f032ddc358c8c,grp_fb4b9795d52c9970b6fc,4,0,-0.010056762,0.013578292,4,0.958095
rec_1444fcde34cefa2564fe,grp_d2ae2d0bdac5bec35016,1,0,0.05390552,0.04561064,55,0.94263244
rec_14464606cd62d18e55c7,grp_221139bbf688cc63d062,3,0,0.06297642,0.023650425,34,0.961211
rec_144a7243a98ce541a4f5,grp_dbeaf5a2fc2e34d0da70,1,0,0.054603286,0.046142098,48,0.9871735
rec_144b9553ca739fbca8d5,grp_e0441a497f4d756f6f27,1,0,-0.026748467,0.011608041,62,0.99771744
rec_144f5282143483e83b3f,grp_0336573f4452e1a27248,1,0,0.048781354,0.041882765,31,0.99429196
rec_1452dcc2570c3d595b70,grp_60228f4b675ef12c6fa7,4,0,-0.010618594,0.0134505415,56,0.97787845
rec_1457766aa0fa7817dfb6,grp_e9a40ef6413d3f14032b,2,0,0.12032688,0.06979643,2,0.984517
rec_145c5b9359973f234818,grp_23c7b99cebbfcb0fa1f9,3,0,0.014939293,0.0121188285,35,1.0001749
rec_145fdb37edd6fa545ba2,grp_e894231a25fdeef7ddc6,3,0,0.07946265,0.029686097,19,0.9857597
rec_14685d738ee833a8ef4d,grp_e4d7b10361bc94fdb12a,1,0,-0.009646699,0.015568798,4,0.9423564
rec_146bcd89b79fc25d5798,grp_360dbcf8f578f7f28f8a,0,0,0.013238966,0.022671629,7,0.9612106
rec_146e0fa92236ae8e945a,grp_3cd1559657e15b041fc9,1,0,-0.019571409,0.013131871,6,0.99997425
rec_14788f9abc701f274ae9,grp_a876ce4b3c33984e0c36,3,0,-0.025668476,0.0068547116,58,0.98787194
rec_147a7491ea52be4a7201,grp_a7490d8f64b2360b36db,4,0,0.041399196,0.032045882,13,0.96531594
rec_147a9de3f20e5db5f269,grp_b602ddfe4daba1f68be3,1,0,0.056267187,0.047433294,28,0.98698145
rec_147eb54ac1863d8e54b9,grp_c13891b75430989a694a,4,0,-0.0025008903,0.015417043,26,0.9529197
rec_1493cfeaa24f7883c2c9,grp_5b3db16b08b02cb1012c,2,0,0.062652454,0.031228498,16,0.99905825
rec_14b31c1eff7371eb5ee7,grp_2f872d7bd25e7556c710,0,0,-0.08034718,0.005067453,53,0.93280137
rec_14b4aea7fe412829c735,grp_5e6e4eda446215be8ae4,3,0,-0.13035521,0.0015644633,48,0.98943853
rec_14bd006684731602c52b,grp_20b0ad52ac4d6da5eaa7,4,0,0.026639141,0.025093008,52,0.99978226
rec_14c196d7f20a899c011c,grp_84771809f7023f02651d,2,0,0.057697654,0.02910577,18,0.9204206
rec_14cb0adde6221537c1e0,grp_739553c2c0f10f990cc1,0,0,0.092861235,0.07771545,31,0.9534371
rec_14cb25f9ff686c58c01b,grp_3475ce146588be4ce478,0,0,0.033387616,0.031150073,53,0.97274554
rec_14d206b950901b210eb3,grp_3db210d128f55cbb3a9d,1,0,0.061425194,0.051657427,44,0.97346956
rec_14d4b5a6cd33767931e9,grp_e18a064ace5dfcadc67d,4,0,-0.044812992,0.0075518,22,0.9616331
rec_14d5a48e61060407280a,grp_358f59621f032b0eddd4,1,0,0.11151162,0.115216106,47,0.9891477
rec_14dc3d148d61cebce942,grp_e3a7bf2b099499876f33,3,0,-0.023807338,0.007036513,50,0.943286
rec_14eb839ea67e439c0a67,grp_bfa5d050edc7163733ca,4,0,0.06720379,0.04889677,14,0.99808043
rec_14ec6cff6ece14238637,grp_08b7c9c3c797e447ee3d,0,0,-0.029195962,0.011530421,8,0.98933536
rec_14f1ec3ba3711e65a23d,grp_41edf7020c6a273d6772,0,0,0.13164595,0.1364052,34,0.9476929
rec_14f344fcd64fc6da4e5d,grp_ae2e7bc0557fedeb0273,1,0,0.04342975,0.03830126,22,0.94356084
rec_14f56f64e3defe993662,grp_20013b80134b696cb0ef,4,1,0.20100692,0.33495432,36,0.98035693
rec_14f9c6d149b01cbc156f,grp_d45c37fe17951584f48e,2,0,0.026292695,0.018572344,17,0.95820665
rec_150064e39626b218504a,grp_376cc943436d1b03f2a6,0,0,-0.015938956,0.014253438,3,0.9784572
rec_150094e33aca0c96b062,grp_f2be6a08307f30edc1fb,4,0,-0.038938053,0.00834105,55,0.94127995
rec_1503a74115cd8351c1c5,grp_990241bf1c5a061223ff,4,0,0.01625043,0.021104569,2,0.9169582
rec_151ad496df87201e5aec,grp_98a01ad2e64894d15e93,2,0,0.06470229,0.032149848,59,0.99201506
rec_151d35000ea171b7eec6,grp_c4e154cc2d769e6c3b43,1,0,-0.005253781,0.016784789,26,0.95148325
rec_152a4b88fab3ee34b7f8,grp_28c6056843f763c32b75,2,0,0.029150307,0.019350944,12,0.96971095
rec_1531336864dc829f12aa,grp_030f5c170369d8fa8f7f,3,0,0.100135535,0.039386645,22,0.95658225
rec_1531f1b9d5f7868142a8,grp_6f5a221bb3bbcb6440ca,2,0,0.09734203,0.050857686,14,0.98655164
rec_15337de6131efeba1949,grp_bdec0790cee7154d66a7,2,0,0.034433905,0.020875685,32,0.9716189
rec_153b13698e72c6f084b3,grp_c96ec564dc00636f0372,2,0,0.17847267,0.14956228,61,0.96720135
rec_153f0ae902202ca2515c,grp_5e2cf6d20ad5623eeeea,4,0,0.051789023,0.038022444,30,0.966268
rec_1543a20f07a95888896e,grp_0b2c75f6c57536fefcf6,1,0,0.08803478,0.07965443,43,0.98246455
rec_15477f3ccc31e1bf4841,grp_b28b03d0ec5baba35ce4,2,0,0.15853105,0.11607204,7,0.980348
rec_1548a0bbc0ba0a108d79,grp_fbaeef110f5e7c25b6b6,2,0,0.12433833,0.07370949,20,0.978252
rec_155beb9b69aedcfd12db,grp_095f05d27a5f74c853fb,4,0,0.083731316,0.06380275,56,0.9416416
rec_155e2f99e3aa32a60b64,grp_72d1d48f061114ee774c,4,0,-0.008071267,0.014039402,27,0.9693037
rec_1566bde20521c02f7f84,grp_2f7d835e5878f5e4382e,3,0,0.12671028,0.05637197,30,0.94130653
rec_156964fe4c13b6651de3,grp_ae063815c38e330be8c8,2,0,0.005425183,0.013747919,46,0.9678611
rec_157138453eadbe2d851d,grp_9b51536868da5ce873ac,4,0,-0.0912729,0.0034333628,8,0.9574114
rec_15733b99a1cf6835a972,grp_6d139bd81ea906fe3160,3,0,-0.02191356,0.0072264187,37,0.99888504
rec_157d0fe17c998df9df90,grp_ebf815aee9d0d38ed554,4,0,0.15960598,0.19909407,42,0.9701141
rec_157fd02c58320fb9c915,grp_91b946fbb9e343fc49e0,3,0,-0.0005445499,0.009755657,22,0.96649915
rec_15818f7afb64070a56e2,grp_c7ccba79f71116026425,3,0,0.07807029,0.029123293,9,0.9851312
rec_1585912c7e1352864b10,grp_9b0f1543e7e51f016ff8,2,0,0.038143642,0.022015883,42,0.97208774
rec_158764bfb7877b10fc81,grp_3d8b51da057a87c4a76a,3,0,0.17782916,0.1097058,5,0.9848184
rec_158aab9abcaf929b7f42,grp_1f33b33f1e91b619255f,3,0,-0.03877177,0.005700264,5,0.9953962
rec_1597641cbd1670232738,grp_1fc2257bea9fb7e2b6d6,1,0,-0.03910816,0.009382795,34,0.96523124
rec_15a113b70f9e58f220d4,grp_c741088980ca19c7952d,3,1,0.1864803,0.122257754,59,0.9826182
rec_15a55cc1d1704ab83cc2,grp_b5e9190844119de44ef6,4,0,0.073321246,0.053983763,26,0.97783047
rec_15a981cbdb32022b12e6,grp_c8959310a039fca4026f,3,0,-0.08812705,0.0028415543,36,0.9572219
rec_15aea724f038e603062f,grp_e4f43081919abd214dd9,1,0,0.04618779,0.04010872,18,0.9945031
rec_15b1d384c80fde056e13,grp_cff9df5319029198e5aa,1,0,0.053505596,0.04530867,6,0.97581065
rec_15b7f71b7db132cf8a90,grp_96453bf38c9f178b98ac,0,0,0.02380971,0.02679294,45,0.9169166
rec_15b8e29a3226d2776e3f,grp_5fc6de30e6d64b1d6eb1,0,0,0.06036614,0.0474154,11,0.96202576
rec_15c246f15fff2cbe699d,grp_c4a1557008cf6caa8a3c,1,0,0.0011327141,0.018720761,30,0.9396238
rec_15dff55ae9763036ad13,grp_529e06f7041848fb3faf,2,0,0.13066195,0.080289416,14,0.9654337
rec_15e157eb8166153b1e3f,grp_b29383928aaf31ffa51e,1,0,0.13345283,0.16020042,53,0.9685859
rec_15f811db7b517d39bcf1,grp_1344ec5bf172aa468d88,2,0,-0.011940623,0.010692976,16,0.9693725
rec_15f92a13ed0ea8a329e0,grp_54d3aa51df46688863d6,2,1,0.15937439,0.117345564,57,0.9903357
rec_1603227076021035acea,grp_b2592ce77a3ddbe43b96,4,0,0.06524334,0.047365032,9,0.97918177
rec_1609f43de61a5adbd1c9,grp_8cfa88c2ceb12cd6de36,3,0,0.1682668,0.097160205,5,0.98056334
rec_160a0bfdd718f9cc3a43,grp_7cd4aecb2c6ba7dcae99,3,0,0.061480936,0.023166237,3,0.9942886
rec_160a2f0f2b27fe84b101,grp_2e6a05d17951b8437375,1,0,-0.014855257,0.014239009,63,0.87132186
rec_16361abb9c0da3b765a1,grp_be8cae869c82a545c1aa,4,0,0.11711701,0.107491195,52,0.98662573
rec_164230ae44beb1da2d55,grp_d9ba95a2191b0e93921b,4,0,0.0357761,0.029200912,54,0.99865925
rec_1642e667a170b053666b,grp_a1c2efb850d114d69d76,0,0,-0.046472378,0.00874012,13,1.0121988
rec_164893f1099ed37f5315,grp_7bdf389363436545d618,0,0,0.091434844,0.07607525,62,0.9851846
rec_164ac40a17be5b1b4e73,grp_da115fab669a0c3a9bf9,2,0,0.054852318,0.027950745,5,0.90387905
rec_164e151d41c2b0c7883b,grp_fde48e56385202cd5975,4,0,-0.023809599,0.010769916,57,0.9801986
rec_16556a21b7c1992f0cb8,grp_4ec19c12ccce47e911b7,4,0,0.008893528,0.018662335,54,0.9702301
rec_16574d103fbc2cce0f62,grp_99d9460daa5b41a434cf,0,0,0.05044211,0.04065986,19,0.979427
rec_16586e25383455440c05,grp_09090e2e852696674c54,4,0,0.065892324,0.047866985,12,0.9638605
rec_165bdf967b70621244e0,grp_391f6929369e06841334,0,0,0.08004036,0.06407373,8,0.9510334
rec_16666b837052f633b076,grp_8e7fa9f3000507875b3d,0,0,0.034609657,0.031753134,28,0.9342441
rec_166747e168157cdbe115,grp_c7df081c3740a5ec56be,1,0,0.0064746607,0.020506984,25,0.9718139
rec_167bc90eb4e5fd62f298,grp_01e6d32400ed30c553ab,3,0,0.13263755,0.061007503,60,0.97787803
rec_167ce14131a13eddd5c7,grp_33e7bad7e25a00351ccd,1,0,-0.016369848,0.013873776,17,0.95555925
rec_1685231ec48540af0713,grp_bde97fd5a03deaa39ceb,3,0,0.0682807,0.02544867,44,0.9830075
rec_1687249dd75956cac26d,grp_316abe4cb3db6b4f606a,0,0,-0.08866927,0.004431139,61,0.8691715
rec_1688e13ebf3844f52633,grp_5320da658f10081bfcfa,3,0,0.050825104,0.019985862,5,0.9820144
rec_168ddd530a686dc80d8a,grp_e59df1a1677667139da0,2,0,0.025030376,0.01823827,48,1.0093712
rec_168f287a792e4af4d6f1,grp_986e983914d0b532d0bc,1,0,0.06962827,0.05911472,40,0.99532735
rec_1697e93f3f6ad99c2760,grp_20da8823f755175119bc,0,0,-0.047457658,0.008602907,53,0.95281094
rec_16984e3ac297eaebc1d9,grp_ce3e10db0d19dea5a3d3,4,0,-0.016303653,0.012222799,60,0.77023077
rec_16995e776b023b325e95,grp_713e323364a21bc86569,1,0,0.13795884,0.17103228,33,0.96596766
rec_16ad8dd7230f3fd927ae,grp_f0175d482293bb9a8052,0,0,0.058115184,0.04579525,29,0.926832
rec_16ba9e862b1df9eabbdd,grp_ade18273aab1cff8f024,3,0,-0.058450606,0.0043196892,62,0.9815141
rec_16d0f25a7ce55e08581d,grp_dd7b36124500be125add,4,0,0.06637367,0.048242517,6,0.95820177
rec_16d2474efbbdb38b2c08,grp_1cf9cb0e369f06c8f492,1,0,0.05586456,0.047117744,55,0.9522575
rec_16d86dad9e38944a5175,grp_92f487286f5210510a68,4,0,0.033436254,0.02809064,0,0.9541781
rec_16db5b04bdd80b653c2b,grp_6a2196d72d87821c85da,1,0,0.23163126,0.5129106,33,0.9640974
rec_16e468b60bf908de15db,grp_3ada0011e9ad1b2a652f,0,0,0.023876403,0.02682112,16,0.98367167
rec_16e62ee7a382ca8052ba,grp_1158d93fa094fb91704e,3,0,0.10649066,0.042936973,31,0.9622124
rec_16e6dafd2e504dd48ef8,grp_5b3bd3dd344eb99706e3,3,0,0.18074255,0.11380136,31,0.9631318
rec_16ea24550aa256ccbcf2,grp_eda76ef872e3f638b4cd,3,0,0.084317096,0.03173192,37,0.98400974
rec_16f00fa336b3a44b7b99,grp_7888d7199114909db9e0,1,0,0.0054886704,0.020165179,28,0.955966
rec_16fefbc82866e310df90,grp_ea3f8e0ec614225f242b,0,0,0.04043438,0.03478606,29,0.91922575
rec_1700331d6263031e6eae,grp_c9917071310855c4de64,0,0,0.008188259,0.020927707,53,0.9738568
rec_1709c830bf0e3b8851cb,grp_75b937753350360fe375,2,0,-0.06218476,0.005150756,19,0.98826385
rec_1710bed1324c26772146,grp_09f97d9df49bdf4a1768,3,0,-0.004676202,0.009206268,47,0.9642058
rec_1714d4bb9e6d1ca5506c,grp_8a006db2064a3fbe5cdf,4,0,0.04743899,0.03539987,52,0.9978952
rec_1717c836e9fd0200f80f,grp_2d560a7cef5738042def,2,0,-0.005609678,0.011719932,43,0.9857434
rec_1718c27e31822dcdbb13,grp_c7b1b5a4c7668514696e,4,0,0.018158669,0.021787517,47,0.9802125
rec_171f1406be44ecc7796a,grp_272687cbd7e8a5a6db6d,2,0,0.042033173,0.023276683,8,0.9631771
rec_1723b56d9702a08a6db5,grp_e80a4531248c61604f19,3,0,0.09975492,0.039183192,50,0.9380614
rec_172ab34f0760422d897a,grp_66c7f2ffd12ff233bfdb,0,0,0.14265536,0.15880886,31,0.9008946
rec_172c51395b607cd1ce62,grp_942f576dd1d20b1a3392,1,0,-0.016382867,0.013870677,38,0.9398489
rec_17374bf84799edeea7f9,grp_15deacabfd070af47e5d,3,0,0.04264478,0.017838411,2,0.9801432
rec_173cc99a96eff42f79d4,grp_74cef177b7adde30a7b5,0,1,0.18255606,0.2648887,44,0.9834901
rec_174d4611d9e3d210b56e,grp_278a9c5e6b99903f05b4,1,0,-0.122630954,0.002209404,6,0.9869865
rec_17530e2ac8cefc550043,grp_fdd62b79761eddbf0fd6,2,0,0.038495645,0.022127181,34,0.8973676
rec_175356819187561b317c,grp_3fcd3f3f2ea6a1276f2c,3,0,0.12959395,0.058584306,56,0.90563637
rec_1763ae83b122b31dad53,grp_95df6c8467ee97514901,0,0,0.015558198,0.023519248,3,0.952585
rec_1766f24ca6569c8a9f2b,grp_4e469755bea6ccef8870,3,0,0.12293904,0.053597115,5,0.97763234
rec_176fe05a89d29944d583,grp_f86e92f160d2c4a5fb21,4,0,-0.07397642,0.0046059964,28,0.9760119
rec_1770b1291c80c3c6c4d7,grp_67cbecad9eba278b707d,3,0,0.11805161,0.05019243,31,0.97768295
rec_1772d50b93964e9142cf,grp_f75da4c50f557d97c47b,4,0,0.011326127,0.019437531,9,0.9327125
rec_177c85d592f47745f1ec,grp_6189086dd423e90f5821,0,0,-0.12594782,0.0024272096,2,0.99343497
rec_177da7df6b9ed9311d94,grp_06799ceb58be422689ee,4,0,0.08761474,0.06787514,13,0.9747282
rec_177dc16e3b74d5d5d40a,grp_593a1492c1a428221411,2,0,-0.018423097,0.0097337,20,0.95970315
rec_177fc011c0a72dc5b70f,grp_e097262c178fccf24a80,4,0,0.028678697,0.025958177,10,0.99563223
rec_17835856ca366b518420,grp_41cc1339cdbbb3247ef5,3,0,0.102441765,0.040641256,63,0.92663133
rec_1783841ad1c7f587de29,grp_3565c97aecb85afeef3d,2,0,-0.008431681,0.011250649,59,1.0000607
rec_1784f49998abbb575008,grp_79f129e15fff512060c5,2,0,0.14071326,0.09185616,6,0.96619976
rec_1791355a45ecb1595f65,grp_273c190ed736819443a8,3,0,0.18148589,0.11486745,63,0.9685847
rec_179a8357d56361b63d70,grp_81e166f06b31f886a527,4,0,0.112197824,0.099703304,1,0.9769105
rec_17a0980d9be630be5038,grp_91f2b87470c0c904949f,1,0,-0.09068169,0.0038459732,30,0.9735779
rec_17a92fbc637a06acb790,grp_e2d5d6a6a55c51c9e10d,3,0,-0.004963013,0.009169289,1,0.98080295
rec_17b0271991ea904639a9,grp_ea487cb82f4fa925c231,4,0,0.018151639,0.021784961,4,0.97375655
rec_17bc5280c7d7cfeab8e4,grp_5147d77ff32cd66b3d6f,1,0,0.09102468,0.083552875,31,0.9843537
rec_17cc82d517632863ae8f,grp_2b8d505d341b7057e2c7,0,0,0.031329576,0.030159425,1,0.98697215
rec_17d71fef2710a931d681,grp_d959b3cdfd3410edbd97,1,0,0.11940914,0.12998287,44,0.9914328
rec_17d77777f86a45a71532,grp_4961c07fc2b9c25576b5,2,0,-0.05644845,0.0055997595,27,1.0033784
rec_17e3d015285be24db1f8,grp_8862ac64a7c2d1842253,3,0,0.22299294,0.18937398,52,0.96552736
rec_17eb3e1c7f4961a692c2,grp_67ce43fc37882d6f561f,2,0,0.0068572043,0.014035277,1,0.9540493
rec_17f3fa360e009ff379a0,grp_0198ce9645696ecc4e7c,1,0,0.03901057,0.03556721,49,0.9454505
rec_17f82c59724d261cbc51,grp_673f8cdc1ee5182b8915,3,0,0.13748212,0.0650586,12,0.93130153
rec_17fb01c171b7296288e2,grp_ded281f549aa2fc79180,1,0,0.009415689,0.021560563,61,0.9860137
rec_1806e9f50dc675664c0e,grp_1100505215670f168c93,2,0,0.074110985,0.036726426,36,0.9553807
rec_1809c903756707ac1975,grp_193f7eeeaea569e5749d,3,0,0.10864574,0.044208914,52,0.978427
rec_180c346477671675d5cc,grp_27a10480772e609a3e54,1,1,0.13559048,0.16526826,46,0.99229574
rec_1810d3a25a9ecfe70994,grp_1fe17970d3f9cfc8991d,1,0,-0.042813446,0.008802081,62,0.98660433
rec_181883809f7902718873,grp_c8396e7d7a5e2f094e63,2,0,0.11471573,0.06464481,33,0.97230494
rec_181c4a3d6e46141c1454,grp_abfebd950d057ccf219d,3,0,0.15969746,0.08702177,5,0.97011703
rec_181cf84b1361959b7f63,grp_e3911174bf39753146b9,2,0,0.005959679,0.013854486,31,0.97127026
rec_1828b9cd28cc44d2755a,grp_f7032ea79775dc4df561,4,0,0.023941794,0.023991846,4,0.9691246
rec_1832ddfb76c2845c1dfb,grp_a09392eb8670f446016b,0,0,0.012748453,0.02249622,9,0.98654395
rec_183594935d6ce89b3602,grp_6c12fa3df73b13f3864a,4,0,0.04210857,0.0324233,8,0.9591614
rec_183821075db7525416be,grp_1725b3a8f88720131a87,2,0,0.12909211,0.07860758,8,0.96022785
rec_1841b0d8db12094b93c2,grp_afb8800d17cc7b6ff498,0,0,0.08158674,0.06559255,45,0.972051
rec_184f073e2c574be040ff,grp_260a5d5f023cfec724f0,2,0,0.13573904,0.08595574,12,0.9269594
rec_185336117404935f4f33,grp_01cdaab5755be504c433,1,0,0.09597841,0.09039467,21,0.98516273
rec_1855fcf51268ae34de2b,grp_5f2a410715cfb8df5612,1,0,0.02633169,0.028727844,63,0.9581807
rec_1859dcb56a0daf9ffe1a,grp_1cd87bba3c45cd00e9b5,1,0,-0.12454344,0.002137241,37,0.9341368
rec_185d1b3a2dbf67154280,grp_98cad3ebb116091c4e65,1,0,-0.044463146,0.008555131,13,0.99433947
rec_1869b1a620208c1c0b6c,grp_79e0cd2cb36ea00bf11d,1,0,-0.007690099,0.01609931,55,0.9431399
rec_186dfac0a9c3e3d106b2,grp_c9f63296878dd990b31a,1,0,0.01385975,0.023253705,31,0.9812772
rec_186ef890c300b9edba05,grp_ab20d0cda8dfb81a9e4d,1,0,-0.03412981,0.010223167,59,0.9966642
rec_18782db7c64f72726540,grp_81523b2251f3ebe8aad9,4,0,0.062081363,0.044990245,47,0.9764468
rec_187cad46b20c1d05dd6c,grp_a6dc31967be69771e2ce,1,0,0.1488816,0.19968517,33,0.9886504
rec_1882ff826b9542fb04f4,grp_dbfd5b191935f9be2ab2,2,0,0.13870019,0.08942561,51,0.9810752
rec_188989a508959452f562,grp_a684968bdd248034cee3,3,0,0.076961115,0.028682372,22,0.9231037
rec_188c4aef85fc7e0c78b2,grp_cd36a1b9ab90dbf53045,1,0,-0.004714936,0.016940234,20,1.0039556
rec_1890f6d692fa83f470e1,grp_e8ca291bfb1dd0a31956,1,0,-0.0474789,0.008121313,33,0.98897475
rec_1895cdd39c7848e1f5e4,grp_7b3707198ea13a738f9c,1,0,-0.1161473,0.002472623,20,1.0063869
rec_18a057b36f8c170897f1,grp_d728501eac14e6536ae0,2,0,0.13894284,0.08971548,15,0.9893645
rec_18a26c6f377be061aba4,grp_195ef2a32c0ac680cc38,3,0,-0.03188004,0.006281051,48,0.9946959
rec_18acaac198ef24d2f0d8,grp_7a3535e320bd5e6b10be,2,0,0.051245015,0.026550272,43,0.9635329
rec_18b397daddb62fa554c8,grp_fce9edcd6e66abcbcbbc,4,0,0.1027037,0.08608121,21,0.97919035
rec_18b577dd6afffc988dc8,grp_ed023089cbe99d1a4a22,3,0,0.019812003,0.012973487,35,0.99767977
rec_18c2cd7846c8716acac9,grp_476f1a7f3d8e54baca83,1,0,0.06937,0.058865257,6,0.97231704
rec_18c8cc77ad1c88a70396,grp_8820b450d1845fd1b3d4,2,0,0.010471429,0.0147871105,2,0.9911137
rec_18ca46f863fe5b11bfcc,grp_d4413073fd083b431570,4,0,0.008287853,0.018474089,19,0.97069377
rec_18e51d2a555464995dc5,grp_9d0b62a29c71769bf569,2,0,-0.064649634,0.004968995,22,0.9868027
rec_18e7f098db7bdc0d6ad4,grp_96be582a8028fcb8fca8,2,0,0.12738563,0.07681595,34,0.94393355
rec_18f0303f18437f14577d,grp_eea47724875ae81fccb5,0,0,0.022910846,0.026415842,17,0.9714335
rec_18f607aab5cffd01b6e9,grp_374cdcf5baddab3e412e,1,0,0.11962411,0.1304065,47,0.97565246
rec_1901f27664edb25d5aed,grp_1e59670182d877f6d64d,4,0,0.058723763,0.042592917,1,0.9759816
rec_190dbc0939fe74935e6a,grp_325a700267487c4fcf9d,2,0,0.062027287,0.030952621,5,0.9462414
rec_1916d972d19d1d167bcc,grp_20b327aae0f0d495d65a,3,0,0.18503414,0.12007672,26,0.9544145
rec_191e6624a6740fe1b0ae,grp_460cc72c97b93ccf158c,4,0,0.011795492,0.019590694,17,0.98736334
rec_1927a7190d0c1312d33d,grp_fe8e5d4506da956be1ee,3,0,0.01459598,0.012060749,16,0.9817711
rec_192b41a79a52270a6195,grp_16e606add98d007ef919,3,0,0.08196194,0.03072288,34,0.98443186
rec_19411db3c36941b4e90e,grp_f00b256e03b533df3b96,2,0,0.0005150107,0.012805984,47,0.977599
rec_1943668bde5885cea1d5,grp_4872bec883196e843c72,4,0,-0.0108644925,0.013395004,56,0.9616302
rec_19437ee74feb45b168a0,grp_d6cf1f1e1ec4bab95138,2,0,-0.06425034,0.004998,10,0.94976777
rec_1944e76a3c3e675a2d52,grp_369f8c0499b898d92bd0,4,0,-0.008411256,0.013959358,10,0.96000427
rec_194d7686e52e590496ec,grp_00b837319c15ae65bb4d,0,0,0.05045792,0.04066985,23,0.98991615
rec_196680aca479c896ec89,grp_0466f64c3d59adda46aa,3,1,0.21368253,0.16995463,59,0.97915095
rec_196c1b8a0591ee69843e,grp_66e5c7ebf59f7d51477f,2,0,0.047993556,0.025346603,6,0.9501408
rec_197937e2cc8567f348ad,grp_01e7ab8e8f3ad2eac9e3,2,0,0.115631394,0.065460615,59,0.9497763
rec_1979ae7eec651f70e1f5,grp_e2315b6c458bdff42057,1,0,-0.036844704,0.00975604,24,0.96876955
rec_197ae222d47235c90a9a,grp_f80fd84225c0c0a1eaa0,0,0,-0.009648556,0.015758455,15,0.95966
rec_1991fb4b698122de5424,grp_a28a887be37548f4cc7e,4,1,0.13233978,0.13505323,36,0.99247766
rec_199b19605da44f5a72f9,grp_2b37df3999b5d79abd10,4,0,-0.022885371,0.010939154,30,0.96528023
rec_19a16da3cc82de7138c1,grp_67ec837d7ddab1828362,0,0,0.0586772,0.046194762,47,0.97580206
rec_19a9f48d5f2839070ab3,grp_5409c17239196cda4628,3,0,-0.023397002,0.007077236,23,0.9843206
rec_19b9e76c59bdb852cb6d,grp_00fdebac69a4e143f25e,0,0,-0.025501251,0.012232953,8,0.9910097
rec_19befbc95f110ad206d3,grp_9c245763314df4c5c4ec,4,0,-0.008395179,0.013963133,26,0.9780998
rec_19c0ea366773ed0372c4,grp_806b51b8c68502704ad8,2,0,0.099992685,0.05276507,62,0.9678399
rec_19c42e20b360b5a63337,grp_d17ee937091af4d5c951,1,0,0.02368578,0.027470684,9,0.9606513
rec_19c5af861d21c807f5b4,grp_35f07656cf4316a29024,4,0,0.013803924,0.020259555,25,0.9922939
rec_19c6a92b61b873f0be91,grp_8dd457a7b47215aa1e64,0,0,0.026513482,0.027959066,3,1.0020192
rec_19c7d381c5249a725833,grp_66b48417b59485f1e9dc,4,0,-0.039343815,0.0082840035,54,0.9786348
rec_19c89ba45ed2856f3930,grp_e471f57e8358bd87960a,1,0,0.05337638,0.045211505,60,0.96459913
rec_19cbdea2059535d7b37c,grp_80d54fde70280cfb4f66,4,0,0.095978804,0.07747598,25,0.9834976
rec_19cfaca2aa3041a1e935,grp_36a482686cac962bd57c,3,1,0.10717171,0.04333511,59,0.9996243
rec_19d6ba2dc9ce94498069,grp_e39eb641226814369b16,3,0,0.026443686,0.014232919,41,0.9862258
rec_19e626d263f24824ff12,grp_d2fb37997c5a3eefe618,3,1,0.15241279,0.07916631,59,0.9911674
rec_19e834d98eaf2e58a837,grp_3bff7ab6faf95370d8cf,2,0,0.048885178,0.025671285,4,0.9429203
rec_19f3f2fb5de7d33b3aa2,grp_353286eb1c49b7e72fb4,2,0,-0.010868375,0.010860423,59,0.9579259
rec_19f55f08c3b302de69fb,grp_278e2cd95de18c4dd2cf,0,0,-0.010375384,0.015576869,42,0.99669695
rec_19f7c5d16cc65bddaa40,grp_2248308cd153d7284946,1,0,-0.059198044,0.0066330708,24,1.0045593
rec_19f861d5bc3c05d78f85,grp_bdce8a8d0203b41e8b41,1,0,0.13307644,0.15932126,41,0.9746351
rec_19fe806b6848d7bea49d,grp_f4a9a4e7ee816fb3534a,1,0,-0.058810472,0.0066776546,34,0.9846202
rec_1a04c56c6f811b1e66e7,grp_f39cf7f626770a2aee58,4,0,0.020604465,0.022694515,9,0.95711714
rec_1a07063a0fd33ba99f43,grp_20499cac2bc1a55be62d,4,0,-0.014990825,0.0124961,0,0.94255954
rec_1a103743a1efdc1496a4,grp_a09059fd16cb0dd939c0,3,1,0.13066512,0.05942667,59,0.99484676
rec_1a108992599a7d0d2e92,grp_e4b681d24f8ca8086b08,3,0,0.018482832,0.012734626,11,0.98943716
rec_1a124bb1c7d0f563f705,grp_4eba8cf406e9f596789a,0,0,0.10321593,0.09062313,52,0.97387654
rec_1a2660c401d32a9b365a,grp_0dea0920518fbf0e69dd,4,0,-0.045174856,0.007505685,25,0.9747071
rec_1a40806077693d935157,grp_a80ba07460404035bb08,4,0,0.07132813,0.052273836,10,0.97905546
rec_1a52742dbb65a4953f33,grp_268519ccef81dc5a6b43,0,0,-0.01126759,0.015356767,11,0.99265146
rec_1a58cc8449a18b699654,grp_465053c6e0639046452a,3,0,0.079526,0.029711954,5,0.9669568
rec_1a5f6b0a59a7b4f2c70a,grp_11a8a02fc4baf710acbd,1,0,0.09279442,0.08594135,41,0.98274046
rec_1a616ad130155f896fa8,grp_118621629d6b51ef65ef,3,0,0.0226635,0.013500949,19,0.986843
rec_1a62168e7c5d3f986fd5,grp_272e8688f142b595ac32,0,0,-0.079305686,0.005153234,19,0.9849232
rec_1a62b8e2a5c509dbece5,grp_d4bf6f3f9b588fb17142,4,0,0.13834958,0.1474805,56,0.9735183
rec_1a695e93dec5164ebcf2,grp_65c5b2d1c6aacf205b22,4,0,0.031240199,0.027085947,31,0.89055145
rec_1a6efe887b760fb3fceb,grp_23370a3a0f11d0ac2141,0,0,0.07950111,0.06355183,27,0.9742581
rec_1a78dcf10f3d172ff5f2,grp_22d6132d99aa834e91b3,1,0,0.060149062,0.050580353,6,0.9879167
rec_1a80da43f0be32202c1c,grp_dac2b9017b8a62da9b12,1,0,0.06753195,0.057118166,16,0.9272196
rec_1a83039be2df75e2a224,grp_b8f18926d87399c051cf,4,0,0.026204543,0.024912318,37,1.0037553
rec_1a8a409fd4fcbc467a3c,grp_8a2b39dc08403d6d5146,1,0,0.024527436,0.027864678,48,0.98571676
rec_1a8fca0d7d67778e33f8,grp_8a764e9d93e1f5f13f0f,0,0,-0.03611456,0.010320464,9,0.9832158
rec_1a9da5f1a87c0685cdf9,grp_bce7f6cb922c31bc12e2,0,0,-0.115411684,0.0028776666,45,0.9747364
rec_1a9f93fb27962ef7cd67,grp_eba60d727b65838332c0,4,0,0.045371428,0.03421528,37,0.9859806
rec_1ab6d2ab190c28b1d717,grp_74995d2d26f85fdbb699,1,0,0.085628115,0.0766379,4,0.9303466
rec_1abac763b1c56ed5dcb9,grp_f63c316496aa47d9cf1a,2,0,-3.3248216e-06,0.012710346,8,0.9687661
rec_1ad2022b47b7a2b937cc,grp_ccf8da6f0cec63d2d1e0,4,0,0.03281985,0.027805038,1,0.9577366
rec_1ad2244cb8d6d837f37f,grp_cb3abc5e3528a660f844,2,0,0.17530565,0.14375672,2,0.97947073
rec_1adb4202bb7bacf6c1a6,grp_dfb2f4c0ebd60d7c670e,1,1,0.09904919,0.09488545,46,0.9962308
rec_1aebb2363474f00fac04,grp_d842b0161ffa2167743d,0,0,0.09228733,0.07705166,11,0.9837029
rec_1af4c7c129dbf55c0cf0,grp_a27280b4290053c3fe4d,0,0,0.004970574,0.019885875,8,0.9689526
rec_1afb6359182a87be3f92,grp_8f0a988b1a66ea9b7999,3,0,-0.01452207,0.00801756,27,1.0098338
rec_1b07e11a727265d99d49,grp_704ad534fa2c2c2ed1d3,1,0,-0.028000277,0.011360766,37,0.9764452
rec_1b11894cd272b7fa08a9,grp_8f5aa5a7e60cad26f269,4,1,0.14876734,0.171246,36,0.9862519
rec_1b18ccf37d188959d151,grp_e68f77da3ba010d4fcbe,2,0,0.08140801,0.040701155,22,0.9760031
rec_1b235d4794a8810eb7d9,grp_0fdcc4fe81091129b599,3,0,0.022610309,0.01349092,48,0.983918
rec_1b2415d72080b1c62f9f,grp_4a253af99e3c6214ee27,2,0,0.072231464,0.035764698,3,0.9536611
rec_1b2a924148778ccea3d0,grp_e0083ef990315b419cff,3,0,0.02900021,0.014749976,11,1.0008233
rec_1b2e2fa963fe56adbff6,grp_e6722bb9f62554e02ecc,2,0,-0.02951975,0.0082854405,7,0.94919956
rec_1b44e1b6033a009b6657,grp_15cb6c3dbe5c77f7c2c5,3,0,0.09335418,0.03590922,62,0.97000486
rec_1b4d3573b78a813209aa,grp_326aaeefe52671d770e3,0,0,-0.12905078,0.0023084865,10,0.94484663
rec_1b56a91a258b3970c8c3,grp_1b8fdc0728b2575b61b9,3,1,0.042948805,0.017914006,59,1.0119723
rec_1b5b255b3e0b7da20dac,grp_958de316fd165d7b163c,2,0,-0.06589461,0.0048796325,14,1.0011923
rec_1b5d91110df0bc924260,grp_2247c8a4cbf1596297ec,2,1,0.16513674,0.12637503,57,0.98644984
rec_1b64bf998ac4bb82e6ae,grp_a4c1b9ec9ca12025afe3,0,0,0.07177441,0.05649691,53,0.9513428
rec_1b64d7a1dd5bd0706291,grp_d8c5f550cc6cf358ae7d,3,0,0.111663155,0.0460503,15,0.9762975
rec_1b6715bd9f5de92ef181,grp_e70977a5acff9c0c762a,1,0,-0.012320106,0.014871653,40,0.9736965
rec_1b7584596c10b14e9a03,grp_92e046df21ac1190e6d3,0,0,-0.06944913,0.006040052,34,0.9523906
rec_1b804b5778dfe17ec8ae,grp_42f8368d55c5f8a1b786,4,0,-0.039307218,0.008289129,56,0.9623726
rec_1b82060188489940c710,grp_d777b459aa40dbc86315,1,0,0.047493238,0.040992483,57,0.9675274
rec_1b861aa8f1f8ce18c8c0,grp_1d28393d027194028a4d,2,0,0.07240144,0.03585067,4,0.9587543
rec_1b88477d00cea8071066,grp_8690b035f388c0e1d906,4,0,0.0877714,0.06804438,28,0.9705481
rec_1b8b29690aff2fe82733,grp_cbeaa51f606bd55b4965,2,0,0.02834455,0.019128218,8,0.9833396
rec_1b90a90b1d4394256fc2,grp_a16d77a3267aa5163d85,0,0,-0.0151757,0.0144282235,3,0.9444363
rec_1b989dfebb2378b3eca4,grp_dc77f40e71732d6037ae,1,0,0.014324952,0.023438279,21,0.9871842
rec_1ba137b28b85059066a9,grp_b60095d007e80de34fd8,3,1,0.14279464,0.06978784,59,0.9908552
rec_1ba9047e85cd7c695c1c,grp_d1dab84be57a94a3427b,2,0,0.08918209,0.045387752,32,0.9426018
rec_1baf823458f7e39c59e1,grp_b941be05cf0ff463e07a,4,0,-0.19948576,0.00054380466,30,0.98206925
rec_1bb704b432af600cf8e1,grp_8e63a8521326159467e7,4,0,0.041307632,0.03199748,10,0.9871283
rec_1bb9e27ca9cd0511c4a2,grp_3c93be84d3cebca8ce8a,1,0,0.08589736,0.076970115,11,0.9870263
rec_1bce58abfef76c5062c1,grp_374f3c2c28f3d20e7cb0,0,0,0.17689997,0.24743436,35,0.98360443
rec_1bd157f9747076700d69,grp_d73097c1035f280a94e9,4,0,0.040153872,0.031393565,54,0.9695155
rec_1bd84093511ff5eadcee,grp_db353414df478880b419,4,1,0.10509116,0.08933908,36,0.997419
rec_1bdbafe50a5d14275735,grp_66e99046c8888ad52182,0,0,-0.08996654,0.004339386,63,0.96070766
rec_1be642ae5eb2a854620c,grp_98511a76590ed75b9ea2,4,0,0.004004211,0.017194903,27,0.97607434
rec_1bec161ceafa9a23877b,grp_b2384487e426d713fe54,3,0,-0.004142966,0.009275411,37,0.99685305
rec_1bed34f8cc95b943dcb9,grp_7ecd0ec1e073317f1bf8,4,0,-0.038491193,0.008404327,52,0.9887188
rec_1bf016927df34405d282,grp_5599aa112fc3b4b1fd50,0,0,-0.055700548,0.007535599,32,0.9317238
rec_1bf13e9ca3691db6d56b,grp_ae042370ccfff5074ac9,3,1,0.07360668,0.027387995,59,1.0068572
rec_1bff2150d74b0ae488b3,grp_e6a13bd5e83d2c027213,4,0,-0.12264558,0.002013539,57,0.96910715
rec_1c025461e6ec313f8e88,grp_a11bc55e60b5631f9511,2,0,0.040231,0.022683972,6,0.9177456
rec_1c072dabc4329896f92c,grp_42829756feefdaa1b2ae,3,0,-0.012209386,0.008282311,16,0.97182506
rec_1c098ff13185ce6e0685,grp_9be9f6e6a32585fa76bc,0,0,0.0045473175,0.019752676,14,0.989729
rec_1c0bbe14ca98c2575947,grp_717e3504e4cebb2361f1,0,0,-0.027442925,0.011858639,56,0.97857463
rec_1c18c128bf273e2fa6f3,grp_1bb00294447d425ca163,1,0,0.10696809,0.10739839,31,0.9840009
rec_1c1ab5691baf65111c9f,grp_9c8283208234be47b245,1,0,0.017834947,0.024877712,62,0.97561765
rec_1c1c04f04cdabed1c760,grp_e9476c266ff91ca9fd87,4,0,-0.023241619,0.010873611,47,0.9767586
rec_1c2d34e58dc50e121934,grp_4a4d77a312ecad60fd8a,1,0,0.05064495,0.043203566,16,0.9336067
rec_1c2e6fb1edb7c146b4b8,grp_bfacd2afc5d36da8d5b2,1,0,-0.022077195,0.01257864,44,0.9664365
rec_1c2f1f67d32177c6aadf,grp_e73b6292d6557ebef5b5,2,0,0.05273222,0.027119191,16,0.99937785
rec_1c3a2e1939ee9688ed82,grp_8c85ade3c3d28b65aaea,4,1,0.07593726,0.056308188,36,1.0021886
rec_1c3e297d8267fa9bc707,grp_3312c24d887a7731ec23,1,0,0.019498346,0.025589619,20,0.9977897
rec_1c4275c1eaf3fcb5663f,grp_f766187f1ee0aad0eb69,2,0,0.045494277,0.02445768,61,0.9897954
rec_1c42f4270c6d029ddd29,grp_ead27de3d363b7946d83,4,0,0.021583883,0.023067977,47,0.9800733
rec_1c46ca4198a55c82e01e,grp_37872f2723718d216a7a,3,0,0.1333828,0.061614975,23,0.9903475
rec_1c488c8f44ed7744cc73,grp_08b2f01b8772e9725362,1,0,0.03596849,0.033795398,16,0.8873559
rec_1c4d512c6cd34373ae30,grp_fb26628dba2f090ccf06,2,0,0.03872903,0.022201281,6,0.9675141
rec_1c4d5b9a229fe5fdabbf,grp_d621255d986e7c601b90,4,0,0.008263136,0.018466447,17,0.98695576
rec_1c6065c8e71ac79a2cb7,grp_3765e1957b20a19d0083,1,0,0.18132162,0.3049622,39,0.98192424
rec_1c6307f52c023310490a,grp_8cd964c3fd0ee835a1c0,3,0,-0.08151469,0.0031196629,37,0.95088816
rec_1c680bc55ae4d186efef,grp_3c020e015c8f34780ddd,4,0,-0.02726996,0.010158964,13,0.9862112
rec_1c6b8dcea89fec7a9257,grp_5a8079ac5ff716b0eca6,4,0,0.026039176,0.024843894,54,0.98443794
rec_1c7621a2c1d119b7359e,grp_e14c65cad8186ec7a7cc,2,0,0.10686652,0.058030598,6,0.9557743
rec_1c7689ac997b3e997f1e,grp_faac6ba1e7e03bb32612,4,0,-0.08109273,0.004081705,57,0.9506826
rec_1c77a071efbff8451dc8,grp_2a3c69331e1f402402bd,3,0,0.06866911,0.025585463,47,1.0017382
rec_1c77f9e3e080b899a6d5,grp_f62362e1634d53628acb,0,1,0.18431006,0.27045867,44,0.98063827
rec_1c78ed91c4d64934f6ac,grp_565c1dd78a4a98d34d41,2,0,-0.032751087,0.007905406,16,0.998828
rec_1c7c1db3637df2668132,grp_84abf95e39ae886e6210,1,0,-0.024255516,0.012116442,18,0.99381095
rec_1c7f4fe7cbdfa5de30c1,grp_747fffdce4b8b8f9cd4f,3,0,0.12920968,0.058284868,44,0.98307794
rec_1c80b8e80c0857865a77,grp_1207b787f92b71ec3a3f,2,0,0.09122169,0.046700027,18,0.96013457
rec_1c8143ca8bc14fd024df,grp_4e47a7d65ad8dd7bad62,2,0,0.06723482,0.033324488,14,0.9658317
rec_1c849d4a1fe9dd9fad1e,grp_43fc4e2ff1420adf2d37,0,0,0.02455965,0.027111556,11,0.9887002
rec_1c893d74b031ed0b58af,grp_b22a1360b82cd13bea66,2,0,0.11641909,0.06617007,8,0.9909235
rec_1c9ddbd898ff46d642ca,grp_4b85a4e02188362b9a75,3,0,0.20531142,0.15387699,34,0.9660541
rec_1ca5729af9e60fb814e5,grp_d67fd4b67dda6be305be,0,1,0.13843611,0.14988916,44,0.9883161
rec_1cb11d5833dd376cee55,grp_31ba7b104d22182a9ea2,3,0,0.11000112,0.045027185,44,0.95616037
rec_1cbeff86742337d6a934,grp_7b66bd876e044aed738b,2,0,-0.005385598,0.011758013,32,0.9857862
rec_1cc31bdebf36f8629189,grp_9ea8fd027522ae65cf5c,0,0,-0.029684106,0.011440638,53,0.9614544
rec_1cc49514bc3f15543acb,grp_4bc2eee4426da5e8d3c1,0,0,0.011563078,0.022077784,17,0.9856177
rec_1cc4cae24a1e4957c9d6,grp_e6af0041d88fe3d2231d,2,0,-0.024333544,0.008933597,18,0.92982036
rec_1ccba5a0213eb300b222,grp_febc1310d5cde6d7bd70,4,0,0.0072215507,0.018147197,13,0.98969406
rec_1ccbccea29f453a59adf,grp_8b28402393aa986f4104,3,0,0.11171262,0.046081092,46,0.94333327
rec_1cd11cbffca769fcf0bf,grp_738b4bb640a933020724,1,1,0.11149091,0.115179375,46,0.99649173
rec_1cd343b0074981cf3d49,grp_d47dad46a9d70661952c,3,0,0.07732929,0.028828008,21,0.9645843
rec_1cdc89bc7262629b893b,grp_1bcd544a1f61c650cc58,0,0,0.0143727325,0.023082199,12,0.9935147
rec_1cf4b57509280c5f9d4e,grp_4dc592bb1663a72a2002,2,0,0.11889607,0.068447806,2,0.98412055
rec_1cf4d75e945f2caa9106,grp_37118d33d3936b88ec2f,0,1,0.101116955,0.087859586,44,0.996079
rec_1cf61e76921a38fecc6b,grp_62ef99a8b790555f3be5,1,0,0.10220027,0.09970024,16,0.9808264
rec_1d010f28ce9cf79485ae,grp_3435388d8dc889023701,4,0,-0.04999139,0.006917851,0,0.96245927
rec_1d03a28d0d9650f0bf3f,grp_dbac6dd8406d384d8b84,1,0,0.06984,0.05931999,24,0.97757393
rec_1d08a0e20dcb344548df,grp_f75202eed9787c128108,2,0,0.14296678,0.09464734,10,0.94721824
rec_1d08e171e2087a30bb21,grp_ae371bb22094c30176ec,1,0,0.05982405,0.050309464,9,0.98828524
rec_1d15cb8233fa719e5bef,grp_fc56f5b9810f1f415b70,2,0,-0.0036200224,0.0120623745,21,0.9792905
rec_1d17ba82bf93dac987c3,grp_456db319da919192e779,3,0,0.015786164,0.012263267,9,0.9871614
rec_1d21d56778e7ec3c3f39,grp_6c25e2f0c1ee04235043,1,0,0.08873841,0.080556646,18,0.96028477
rec_1d2a01d3e56e402b9f2e,grp_7162e9d278788afe029b,3,0,0.093125254,0.03579714,15,0.9762491
rec_1d30b8b96e496258bb8f,grp_6c2c68333f6abef67ccb,0,0,0.05858581,0.04612957,50,0.9744313
rec_1d30c2d9c5c8649124f0,grp_912d25a0acd549a3186a,0,0,0.020652972,0.025491236,4,0.9616512
rec_1d30ffb0bd3a5abde8e5,grp_eec6e659d4c358a3951a,0,0,0.17200994,0.23297954,10,0.9765819
rec_1d38e82087c455f966b6,grp_cc839b3c8bf8f9811aec,2,0,0.12254422,0.07193503,15,0.9254625
rec_1d3f90dd6390778d38a9,grp_1154cccdbd78115eaa64,0,0,0.008348052,0.020980813,42,0.9988219
rec_1d4202bea21ee745ca98,grp_77861d00f67d1ba0a8c4,1,0,0.018414091,0.02512336,6,1.0053595
rec_1d462f20a720afe0b15f,grp_0da3f871faa7fa0509a7,2,0,-0.024121102,0.0089611905,40,0.9686147
rec_1d49b551a181e80f8903,grp_9f98546cb8b9ab66011c,2,0,-0.07048444,0.004563776,39,0.9352422
rec_1d4b408f6234419598e9,grp_72d79eee467322cd12a6,3,0,0.06804588,0.025366314,61,0.9638693
rec_1d4d445b5786ff3a09d2,grp_094007cb0f5c0494a9d7,0,0,-0.0073946356,0.016334925,3,0.967408
rec_1d4fae9795fb9818f4b2,grp_449442b1b41a15734fc4,3,1,0.060457725,0.022840545,59,1.007332
rec_1d5a43a119729be5555f,grp_0bba55018abc6af84a26,3,0,0.010539051,0.011394954,56,0.92516667
rec_1d5ba7fafc9ff795ce14,grp_8905e19d54077497451e,3,0,0.07126067,0.026516655,23,0.9684749
rec_1d5fea6d0707ed2227ea,grp_062fd0e563e61fd7d95b,4,0,-0.015626883,0.012362941,31,0.9570813
rec_1d6cf92a09e65ff78edb,grp_3f49409ce48bad692ddf,2,0,0.023347147,0.017801963,22,0.9998126
rec_1d701f9bbed5db18cc76,grp_758f8b7619843d24d1f0,4,1,0.083651744,0.06372173,36,0.9988459
rec_1d775ac383c8a890b952,grp_200eb49729f98910084b,2,0,0.06224341,0.031047724,39,0.90036595
rec_1d84be1bd32acb84a3fe,grp_1efdc3d89cd72b1809c5,1,0,0.03974786,0.036009923,39,0.9506059
rec_1d8f9090cc61266556c8,grp_00c6d411d16ce4e0608c,1,0,-0.07867758,0.0047351597,34,0.97862536
rec_1d92ae7571e6f22780d3,grp_bd8083235b65ebb89352,3,0,-0.035812154,0.005942835,37,0.9847311
rec_1d979e83e3b4cc53adf3,grp_21154744410b1db8cce5,0,0,-0.024737779,0.012383312,26,0.9652752
rec_1d9fa8808e2f2382d4b2,grp_fee3445bb93d7faa21fa,2,0,0.012256287,0.015172901,42,0.9656062
rec_1da2c7806d3b4e71b087,grp_9d08bcdd63a4ff48e5d9,4,0,0.06159805,0.044637397,1,0.9648181
rec_1da4126d11524b3aaa21,grp_fe2de019bed164e60128,1,0,0.06655119,0.05620597,62,0.9630913
rec_1da8400fc1d778bc0192,grp_542ab924492831fc692e,2,0,0.0040615276,0.013479679,5,0.94013757
rec_1dab8efae865ca2bbf37,grp_7fe7264face981fa09a3,4,0,0.122615926,0.116825454,53,0.9906211
rec_1dae2327d6da36389390,grp_c8b070db421a358076a1,1,1,0.07583355,0.06541422,46,1.0009942
rec_1dd2e73efe853b4251c8,grp_819a4ee32eb3f98e596d,0,0,0.094392024,0.07951169,7,0.9786851
rec_1de3cd501203e15164ed,grp_c3e56ef37391a82ba5f2,0,0,0.03653587,0.032726686,31,0.95277554
rec_1de3eec09032b85d2c20,grp_260c6569deac3132a79e,1,0,-0.0012679761,0.017968591,48,0.9945541
rec_1de600f27033d1155e4d,grp_84111a89607e9c3f394d,0,0,0.05632721,0.044546016,53,0.9869658
rec_1de627b4d8a53f7823cd,grp_dd7f0df228514a8a1988,3,0,0.062656365,0.023545977,0,0.98312694
rec_1de743fbba5342e42228,grp_44ef14c054715e901ee4,1,0,0.08812571,0.0797705,7,0.9656419
rec_1e026783e8a865eacec4,grp_7b2df19d49986fc871f1,1,0,0.05608733,0.047292084,24,0.94709474
rec_1e0964bea10f4a7b8561,grp_8bedd507c9c19227085b,4,0,-0.04916461,0.007015402,21,0.96905744
rec_1e0edafb9cafa8f53abd,grp_1e88d757b69a6beb23e3,3,0,0.059272297,0.02246881,2,1.0023787
rec_1e1032ccbc44b4c1b304,grp_e2cf174ab1f32c54254a,0,1,0.031442177,0.030212825,44,1.0062563
rec_1e117ce6b21ddbf3aeb6,grp_d84a38e4cf623d5df002,3,0,0.1260291,0.05586095,22,0.9448778
rec_1e133e8599ccd6286e66,grp_9392248432d390cbed42,4,0,0.14391743,0.15982392,1,0.9853905
rec_1e19b5f0d83f4d58bdfe,grp_8272f1e6c98d17f902fa,4,0,-0.07954807,0.004190209,47,0.9843628
rec_1e210f23e0f8e5d13dc8,grp_827b8bdfc07e00f0b050,1,0,0.06482761,0.054636013,48,0.99070084
rec_1e25593770207461a211,grp_f4d6a6cb9503c295f5c6,0,0,0.04551264,0.037656587,14,0.9527009
rec_1e265789440767e601c6,grp_6432f8b051c02b6ee829,0,0,0.061252154,0.04806795,56,0.976329
rec_1e2e18f804c5f184b0fc,grp_1759da9d2a6396766aac,2,0,0.06283499,0.031309493,40,0.9799019
rec_1e2e7ddec1aa7fe366a8,grp_9e7caa924adaea8f5400,2,0,-0.15581262,0.0013118427,43,1.0022273
rec_1e3031ce3782d494373e,grp_ebd55db644f2a640df74,0,0,0.03990397,0.03449869,9,0.99390084
rec_1e372c84868802641ddf,grp_25bcfd7b7cc19e5775ae,2,0,0.11923639,0.06876637,59,0.969356
rec_1e3969903b5558b1d70d,grp_bbc864dbecc3175d31ea,2,0,-0.028974624,0.008351315,19,0.9872652
rec_1e3cc91adfdb95c7e25f,grp_de7bbcbf440cf2a398e3,1,0,0.02085185,0.026183495,39,0.9565593
rec_1e438a390224d484e62f,grp_4c4a84dfe536a471c927,4,0,0.016640725,0.02124253,26,0.9660967
rec_1e56696b581f7bf2978d,grp_a44db42bf5c77ab6a44e,2,0,-0.041552924,0.0069557214,59,0.9695288
rec_1e5efe70c582a4b674d0,grp_bc84905beacac481a7f2,4,0,0.119427465,0.11133054,8,0.9171029
rec_1e6087034e9a6dd40903,grp_c3306a2d3af820d6abc7,0,0,-0.070370376,0.0059511084,36,1.0048822
rec_1e64baa047f637a3e4e2,grp_afeecff0d9ed1f08c002,0,1,0.10335659,0.09081111,44,0.9948205
rec_1e6b0aed67de6ffd6010,grp_cca709c43ee2eb04b312,4,0,0.102902636,0.086348526,1,0.98092407
rec_1e76741222ef0231b506,grp_cfccad7276ec82210092,3,0,0.10752714,0.04354428,15,0.96590406
rec_1e87d3b861a450d021f6,grp_d9ea777fc0bd20a94eb7,1,0,-0.017609451,0.013581741,31,1.0026289
rec_1e8e8c959ed736217539,grp_d48dc8cc3dfbda7af1db,3,0,0.113850065,0.047430266,56,0.923438
rec_1e91a3917e47af2c6df5,grp_123165af85ef49ff9ba0,0,0,0.069117144,0.05424553,1,0.9778111
rec_1e98ed6564c0437faafc,grp_ddf18dd5c2cfe676410c,2,1,0.11341484,0.06350203,57,0.996382
rec_1e99af51b073309d352b,grp_ca8f1303c08c75d75f74,4,0,0.02050059,0.022655252,59,0.9949402
rec_1e9ba44d4b850462cd1e,grp_d8a94d5f98d729424bb5,0,0,-0.013476223,0.014825011,0,0.99425685
rec_1e9ecc2034a85d2f0c64,grp_c362fb8ecbb8ae31ec40,3,0,0.14320637,0.070167355,63,0.9653075
rec_1eabe5f0acd781fe89c5,grp_722d28bd0821efdd3766,4,0,0.005494741,0.017629815,17,0.97220844
rec_1ebe45d366243c24f7c1,grp_56168596ce0f529a2921,4,0,-0.11056608,0.0024730514,19,0.9535154
rec_1ecf2401672f49871a58,grp_be47b14f4aad1ac1f191,3,0,0.0897308,0.034174275,0,0.9686388
rec_1eda8148fdde9c118167,grp_0f2b81921d9e7a8e56aa,1,0,-0.07253427,0.005266575,20,0.99254507
rec_1ee0c792d0b08b6c8b76,grp_a1519d9e98a4e89a2541,2,0,0.07815068,0.038878363,14,0.97967666
rec_1ee1ee39ea876e5c6a66,grp_63558cb3fefed617d307,3,0,0.0028874027,0.010236599,2,0.99735236
rec_1f1207ebfdaceb4a5aad,grp_5f1a8a2430141c4df6cb,3,0,0.038624223,0.016867649,0,0.9677347
rec_1f171e3fc40675a47fa6,grp_11ba472f0fb37a0a5eff,1,0,0.037573036,0.034719057,21,0.9866646
rec_1f1b24457a43b4e0945b,grp_994227753c5998aa0620,3,0,0.12724204,0.05677394,12,0.9192881
rec_1f1c131f367a5df4c333,grp_5e3a07836f49121e383d,3,0,0.14246148,0.069482125,41,0.9223841
rec_1f1e86a167a5e64ae663,grp_3a973fde9455a5e0096e,0,0,-0.015545648,0.014343245,4,0.9629451
rec_1f2a6e5022758eea4d07,grp_e37e9a1ae504924148c4,0,0,-0.019927744,0.013373444,16,0.9487217
rec_1f2b6bb16ae8ef18b05e,grp_18d1fff47770e56d0c33,0,0,-0.05419025,0.0077208094,15,0.9541665
rec_1f308aee7c8d29c96b36,grp_4adda0623847a537ebc6,3,0,0.12382387,0.054236364,60,0.9943938
rec_1f3559b7d736e29ce021,grp_bb8346c7e6d16ce9be18,2,0,-0.08836802,0.0035156505,13,0.94177985
rec_1f371f26113006073fe2,grp_a426e38cbf6bf3daa8a1,0,1,0.19634777,0.3106073,44,0.98228073
rec_1f3772dc6940f89923f0,grp_6f4750323a7e63994d55,0,0,0.05769235,0.045496836,33,1.000298
rec_1f38352962d5648f7d2f,grp_d50ff064af10c382e550,2,0,0.048125964,0.025394566,58,0.982826
rec_1f40608a2d2eeeb675f5,grp_8d4435613a330703c944,1,0,-0.057169683,0.006869728,11,0.9258894
rec_1f43746f2d6705f34c09,grp_bd484d426dd31ef7f047,2,0,0.034508955,0.020898169,9,0.9618081
rec_1f44a1235ea52567d078,grp_01bb137e771b3aab5539,3,0,-0.019657219,0.007459334,11,0.98828226
rec_1f4733b357865ed65b2b,grp_0ff0cbe0e4b5e0f910ba,1,0,0.081143074,0.07129445,17,0.95110005
rec_1f4cf7fc786e0800d67b,grp_da762d3f811d283a0f38,0,0,0.00046593015,0.018512268,17,0.9808079
rec_1f553bb645ab28cd3f06,grp_a50f7211a4cff7b00fcd,0,0,0.07832966,0.062431708,50,0.99649245
rec_1f5d2a54a7223ed6b8bb,grp_29c0216f58175e342a96,4,0,0.14205916,0.1556139,35,0.98953193
rec_1f6df064351684f1edc4,grp_4d4106763653495f010c,1,0,0.051722903,0.043985613,20,0.9932951
rec_1f71da1a009c43cdd479,grp_0bbcd1044084fa965956,2,0,0.037307236,0.02175361,18,0.9080991
rec_1f73733c7fe3152e4250,grp_e06173ce11cb14be96e9,0,0,-0.1009762,0.0036330842,45,0.9399735
rec_1f7682e0d0995e96a217,grp_5a4628dff629062acbfb,3,0,0.07968714,0.02977782,58,0.9967399
rec_1f76fcacfd7c2f5bc53d,grp_fae17973afce6e67c078,0,1,0.26597235,0.58192015,44,0.9723455
rec_1f77c3334745ad49d107,grp_445de8e0d5031b5cbaea,4,0,-0.046143483,0.0073836134,52,0.99351996
rec_1f8a2ab27e18d4dfbd69,grp_3cb3dba54219c7065ca9,2,0,0.049543396,0.02591357,18,0.97739744
rec_1f8a74f33f7afa0d875e,grp_d04adeb819c315da4d8f,0,0,0.019891143,0.025186433,15,0.94280636
rec_1f91c92901000b37805a,grp_b6a26942e6a39f2d3cf0,4,0,0.059210237,0.042932544,49,0.962794
rec_1f9abd4f93716dff9f24,grp_9455e522b9229f2e2d56,4,0,-0.05946552,0.0058917557,3,0.9425727
rec_1fa62516ffc9036225e5,grp_47f88c2ac78501eb0f16,0,0,-0.10413498,0.0034524684,11,0.983382
rec_1fab7a16ea14a502fc27,grp_786c3389f143a6d855f8,1,0,0.013700297,0.023190767,6,0.98942834
rec_1fad63e653a434aaf53e,grp_77610732c19caaed7666,1,0,-0.06444999,0.0060572666,28,0.94417953
rec_1fbab3e9a55b273982be,grp_235c996da8d7451b8428,2,0,0.034015775,0.020750854,2,0.96987367
rec_1fbd3e5e2aa687c683bb,grp_63c431ff76cfe434ec8a,4,0,-0.027025077,0.01020105,12,0.9815532
rec_1fc4107130e30d6e8dfa,grp_c5787c97e5ecf9a68ae2,0,0,0.06321779,0.04954621,1,0.98985094
rec_1fc97f6c9dc78d191b20,grp_eb7a8f78bf40006146be,2,0,0.018359842,0.016568515,62,0.9567921
rec_1fd80b005a2dcf7812c3,grp_f8e88dbaf0e69c44546c,1,0,0.11435377,0.12035444,37,0.9504742
rec_1fd8c39cf38dd1a02259,grp_ccb62fd4add8bc39f533,1,0,-0.040281925,0.009194841,17,0.9436382
rec_1fdc4295b197606c758d,grp_49033680f41dbcb6f1f2,2,0,-0.009988332,0.010999789,2,0.9760145
rec_1fe02fab5c3c8f579a1b,grp_9022922d0bb0bed829c7,1,1,0.04066848,0.03657016,46,1.0061495
rec_1fe41bc936fef4eb3441,grp_f53cf870309fc5039c3d,3,0,-0.015872767,0.007866834,17,0.974519
rec_1ff59271bd522c047f90,grp_a72c632fb046eaafde1b,2,0,0.06832708,0.0338438,17,0.9410465
rec_1fff53e3265bd0815b4a,grp_53bb2de6f58d66fcd6f3,4,0,-0.1318539,0.0017213975,12,1.0029293
rec_1fffe4ff6d3d4fb24f4c,grp_44fdde1a02b9c7b04feb,0,0,-0.010433186,0.015562513,23,0.99202615
rec_2000bcab8d22b1e6ff02,grp_cba98968e3b87f078473,2,0,-0.015072151,0.010218426,43,1.0023361
rec_2002c9be7238304086af,grp_f4ddcc8ab7c53912c773,4,0,0.06979477,0.0509933,17,1.000068
rec_200541d643c7a6ed8ef2,grp_8c5904f056ea35098fd0,1,0,-0.059645608,0.0065819505,59,1.0049058
rec_200f13e516431e84d275,grp_d61208f7331b28b0245f,2,0,-0.061855048,0.0051755644,50,0.9824209
rec_2026a7e8b4d3362f9f37,grp_6ff76433e81e0b6f0b06,1,0,0.037772942,0.034835823,16,0.93963826
rec_20345d1fa486ee1d9555,grp_b4131f5ce65864316dda,1,0,-0.08129435,0.0045253374,15,0.9652091
rec_20381d16dcfce6878290,grp_f6bd00fc8b75dd9bbff2,0,0,0.13030137,0.1338595,10,0.98406786
rec_203aa9651c51a4de863e,grp_dd8f391ef374d8a55bfe,1,0,0.060640946,0.05099297,18,0.9836598
rec_2044dee7dd51b2f4ac90,grp_ac1ec34ae0b40dd4127e,3,0,0.19648291,0.13829169,51,0.9585839
rec_204a9091dbd668600974,grp_2559342e8d76f79e2d04,2,0,-0.020719728,0.009414702,58,0.98204154
rec_204d00ecece5308924da,grp_88eca17db2a74738abee,1,0,0.12536883,0.1421671,16,0.9707007
rec_2052743cd5ac3151908a,grp_9e54344f9dc1d8758c7f,2,0,0.06066786,0.030360848,58,0.9725234
rec_205279a7f07d45611255,grp_d5b5ccb3beeb9bacc954,2,0,-0.018833488,0.009675922,10,0.9665754
rec_20531c72798dbbd8104c,grp_1e6194bd8beaa8001c69,3,0,0.15266104,0.07942302,52,0.96034575
rec_20587f6030eebc98581d,grp_9faee477d456a601f83d,0,0,0.014201274,0.023019644,45,0.9629138
rec_205da1d9d77261614ade,grp_474e572dfd1e3e67d44a,1,0,0.056652837,0.04773743,23,0.98795724
rec_205f99169ea38d2dddc7,grp_7039f857185fe9ae49ff,0,0,-0.07596781,0.005438009,11,0.9917442
rec_2060b7249ea392a1a809,grp_6782a6201ead05cdeeb9,0,0,-0.02870915,0.011620654,50,0.98930776
rec_206cb27c8fedcc2a5686,grp_0fdc89a35f7d5fc30e1d,4,0,0.06718119,0.048878834,31,0.9539303
rec_206ee2db75185ab1c9ee,grp_bd18971035cb7cc340c1,2,0,-0.06486978,0.004953076,19,0.9737037
rec_207c586424e13e2259a9,grp_9d34086794b2eb09f5dc,1,0,0.06264939,0.05271102,59,0.9961203
rec_207e59016e379f02bab8,grp_c36c5adb46cee5a8ada2,1,0,-0.053577017,0.007309663,22,0.91743565
rec_208a269fc924d99aecca,grp_c372d89fb2ace47452ef,4,0,0.057481468,0.04173724,2,0.93205464
rec_208b44e0d23e4ceeab9b,grp_749aae613b6572d6aa58,0,0,0.10044357,0.086989254,22,0.99455315
rec_208be27dbd03e34d8ddd,grp_2071e5c30b78265db802,2,0,0.040546097,0.02278653,43,0.98551154
rec_2096977d194861f4d5ad,grp_5e85cfc99fe9869f6107,3,0,0.031744294,0.0153255705,41,0.9927235
rec_20992e22d2a8720c5bd2,grp_34e71c4cf315415e9f7f,0,0,-0.114602074,0.0029155477,34,0.9796275
rec_20a0b969adc7ba25a21e,grp_bc5aabf625d2de6b1143,4,0,-0.0054034465,0.014683358,49,0.94692326
rec_20a72203c8d6df0f4c04,grp_d9c5dc19338434b3c9d1,2,0,0.0054809204,0.013758991,8,0.930776
rec_20a7228167e6cc9e45a1,grp_e167b5f382d6afcf36cf,3,0,0.12949732,0.05850888,30,0.88823915
rec_20a7a243c1a6f3956ede,grp_77b62863b8caea35fe6a,0,0,-0.051396593,0.00807538,50,0.9878043
rec_20af000a301240fbf07f,grp_c51e9310d9d324329aae,2,0,0.1690254,0.13279924,32,0.9529142
rec_20b05a21383eca4d9efe,grp_a62a48966857834ad1d1,2,0,0.0668977,0.033165768,17,0.930414
rec_20b71184bb0916d2438f,grp_b080a8fe96dfe2f8c098,0,0,-0.0051949527,0.016917506,32,1.00009
rec_20bac794d38ed8b2447d,grp_07ef65d37a8db3d56803,1,1,0.09264964,0.085743666,46,0.999636
rec_20c0a5ee5d966f0b661b,grp_93bc9ee8cb479f9dff00,4,0,0.015210222,0.020741152,11,0.9799248
rec_20c18e546aed5a008ece,grp_90b8f970af1c832ecf8f,3,0,0.11328811,0.04707197,40,0.98416567
rec_20c736cbfb48e52e2922,grp_119e8c3924b3768579e2,3,0,0.0331899,0.015637629,60,1.0048313
rec_20c7fa03517ae2e46e02,grp_00133ce282bf67e696ad,4,1,0.11984473,0.11203654,36,0.99217236
rec_20c88e9caa6b5f81be42,grp_60161ddd77647c343ca2,2,0,0.08891388,0.045217816,59,0.9701769
rec_20d069798fd68211ff47,grp_4d70715959064a24d025,0,0,0.012173654,0.022292359,32,0.9305799
rec_20d654641e2c3efc5d15,grp_4dc8a0eea8fd0fe75226,1,0,-0.0485161,0.00797721,30,0.91737574
rec_20e52eb7fd5ea92edb06,grp_e293734a6781bbb5030f,2,0,0.098773725,0.051879674,18,0.94222647
rec_20faa204e8f9ce7cf716,grp_7e94bbb180213ea488e7,3,0,0.022659382,0.013500175,34,0.9752398
rec_20fd6e26ab10c2dcb565,grp_8fd51efa600c41475c90,4,0,0.08453733,0.06462881,57,0.97403127
rec_20fd9178be76050313c5,grp_b0bcea9be0366439c1a9,4,0,0.018658925,0.021970103,30,0.94702274
rec_20fe52b380422021ff26,grp_3eb8dd4c8fac231eacfb,4,0,-0.01716996,0.012045691,13,0.9901926
rec_2100b42a40e1f0cfa8c7,grp_55c59b61dc8e31b7de67,1,1,0.11450781,0.12063852,46,0.99327326
rec_210ca24c5c60f196be13,grp_325edcb95f420c6da5df,1,0,0.07165278,0.06110483,21,0.98753226
rec_211cf49ac831961d0c83,grp_e3dbfc9f219e8a16c036,1,0,-0.11083461,0.0027114567,26,0.9656037
rec_211e690e00ee84271355,grp_f260e85de4302c56c2bd,4,0,0.054095868,0.03948796,12,0.99157053
rec_211ed2943ce14cf1f21c,grp_b92b7fcfc1762ad1d575,4,0,0.19059117,0.29660758,8,0.9321306
rec_21203383d8a19a1a3efa,grp_d3a3782ef9f588d9df58,1,0,-0.062009573,0.006318369,19,0.9625035
rec_2122951e73782b7f5f4d,grp_311bc8e92adc151ad7ad,3,0,-0.023981228,0.007019326,25,0.9619486
rec_21241deae630ca182b82,grp_05f86059317d77230330,1,0,0.018248409,0.025052842,6,0.97344595
rec_2127c7fce03679421c32,grp_95a0227eadae329abac8,4,0,-0.049270913,0.007002784,37,0.9554673
rec_21289b77e92e83368499,grp_c266932c8b63a0c84ad0,2,0,0.023868505,0.017935999,5,0.9467875
rec_213678b4e1e77e385d4e,grp_87ac1fba2a7a403d9d8d,1,0,-0.0073278854,0.016199451,43,0.9929106
rec_213a2e7f5ddb5f6af480,grp_b97e12ea678d29ad64f0,4,0,0.051388048,0.03777309,55,0.95897657
rec_2150ee557f22ca18458b,grp_a31aacb477ab6ae4357e,2,0,0.04400236,0.023941614,34,0.92200595
rec_2155d72ccd90a7394422,grp_3d8f80d2405fde7f2b11,2,0,0.0050858003,0.013680673,62,0.98147404
rec_2157818507da3584cb6f,grp_a7da9dc65615f6280e3d,0,0,-0.08556204,0.0046588387,52,0.9732143
rec_215b9120c48ba1aae331,grp_21723cdfebfef75dc682,4,0,0.15478069,0.18629552,57,0.9838123
rec_216289e128d55b9b964d,grp_ce1b6f7cb166de15edcb,3,0,0.08269634,0.031034153,56,0.9258068
rec_216a21c4be4f0af3f195,grp_7d1f9efef4f86535b79b,2,0,0.00412676,0.013492391,32,1.0014702
rec_2172eb30fed38c8973f7,grp_ab8d753430c1f3e84e41,1,0,0.032956485,0.032125182,57,0.9607411
rec_2174fdecc2c61bd292bc,grp_72dcb4d9c18cfeff058f,2,0,-0.008967071,0.011163736,1,0.98088497
rec_2176e1f0b6ba91d61720,grp_1014f15a7f9d4aebc360,1,0,-0.0774833,0.0048341127,53,0.9867245
rec_21770ac9f1cf300a1616,grp_73aa59e8dd2dc5ff354f,2,0,-0.013852425,0.010400734,19,0.9801501
rec_217a3293039e887277cf,grp_04b129ff3cf04a05b091,0,0,0.059522808,0.046802126,11,1.0007977
rec_217e890ef9132cc70671,grp_d6fd70d408b59358804b,4,0,0.019450815,0.022262193,9,0.95628333
rec_2184dc74e52ddb6f61c4,grp_b9279762dd36d425e2b9,2,0,-0.05283196,0.005902624,39,0.8982068
rec_218607e29e16196d40c0,grp_854e0f16399f1be55976,3,0,0.062871784,0.023616226,48,1.0027832
rec_218c86caaa04f97df061,grp_a8c32a5dc9e4b9384d52,3,0,0.15093999,0.07765896,31,0.94708556
rec_218d5e25842ec9e45001,grp_248e8deec6e7c1695063,4,0,0.068097554,0.04961056,31,0.9474298
rec_21942c05e6584e469eef,grp_0d5a5d0d91c11bee232b,2,0,0.24975741,0.3331922,9,0.94438386
rec_2197c5e3f771c67221fd,grp_70c49b65f9cf771d28fe,2,0,0.059117645,0.029699389,39,0.92628336
rec_219a84e36f1d7b2e5031,grp_d77b4b8d982961dd55a3,0,0,-0.00085004605,0.018128853,10,0.95942324
rec_219ea6e54d524dcaa830,grp_f45550c3d51a5332d583,2,0,-0.11893038,0.0022496714,47,0.9906424
rec_21a2c3c9cf69b65d2a50,grp_80a10e894306067115b1,3,0,0.121656,0.052682787,51,0.8937355
rec_21be56bea46087c4ec05,grp_771dfe0ba2e9deb8357e,3,0,0.09263221,0.03555689,56,0.94247955
rec_21c17584f4342b03c7c1,grp_ea63d6341298a889a440,0,0,-0.095815435,0.0039486387,34,0.983674
rec_21c44bdc3c516292db17,grp_0c80ffea0ea17323ad2f,3,0,0.17740911,0.109126076,12,0.9096221
rec_21cd1157c45d8f6da2ea,grp_80df31618635883e1051,2,0,0.015376665,0.015871296,22,0.9770803
rec_21d33715247d65084925,grp_29e2e44e100969471e7b,2,0,0.022401854,0.017561443,43,0.988987
rec_21db949ff00cff9d13cc,grp_29ae0bdf1d930038f3d5,4,0,0.048855722,0.036234275,4,0.981323
rec_21e25500eb990d4db62f,grp_3229d3e317ca577bf354,4,0,0.025515903,0.024628598,59,0.9915964
rec_21fbd52b34e9e93ca3e1,grp_b6cb0ea2025e2f5b0bd0,4,0,-0.07881501,0.0042427033,37,0.97971815
rec_21fcd519594d3c375c99,grp_d9f3a934e554936938f1,0,0,0.026198763,0.027820831,17,0.97155744
rec_21ff3896a150220776fc,grp_8ad8550970733200e387,2,0,0.00081880105,0.012862368,21,0.9989206
rec_22008db6fedfb1ac2c21,grp_e7b06779ba8f6eba11c9,2,0,0.0118510295,0.015084446,1,0.91891116
rec_2210cac9248fabf12e9b,grp_a7999a31430e649d5b67,4,0,0.09081927,0.07141575,56,0.9821089
rec_2212753c67d92062892d,grp_44b739cd909ac7ce98cd,0,0,0.0638317,0.050016653,7,0.9917506
rec_221404b78682d0ebefc6,grp_779972b6f4f25d3def81,4,0,0.044554215,0.033757694,26,0.97436106
rec_2224e61eb32c921bfa8c,grp_058947ec94d956bec169,3,0,0.055366937,0.02128548,26,0.99959254
rec_2229f1d2b2a053219bcf,grp_29984d5c5b8f98eb5003,4,0,0.11771197,0.10846856,35,0.99227643
rec_222f4808fd3a549df9e1,grp_35c894a37be70255fc89,0,0,0.020862527,0.025575705,8,0.92763054
rec_2230bcd0e16b7292e5a6,grp_ccd985f6f2dd03b80451,4,0,0.056323938,0.040954757,54,0.98428375
rec_2236f9eec00323ba229e,grp_39e6ec424d98250c4a58,2,0,0.07035627,0.03482937,14,0.9689521
rec_223b6fab3a7cc84181bb,grp_a5a302a1bd1ed182e11e,4,0,0.08881625,0.06918317,3,0.9323522
rec_223d8dd49d88c9edc62f,grp_4e73680d2f245bdf6e12,0,0,0.024974227,0.02728927,12,0.9830653
rec_223f260ee08a58cbc72c,grp_94d3414faaf4e857527f,3,1,0.13243861,0.060846303,59,0.9913643
rec_2249a4bed2dedf459e6a,grp_70cf88008de5cd4e5d52,3,0,-0.022396257,0.007177538,2,0.9758825
rec_224ee4ee592d86a4b953,grp_dd4ae0bda76da8c4d532,1,0,0.037522078,0.034689356,4,0.9777343
rec_224ff403efd0a70395af,grp_ddbee25d337b993be61b,4,1,0.0873476,0.06758744,36,0.9984796
rec_22537de2bb65b867e9ec,grp_1d31aa2a67719ae65669,0,1,0.047200464,0.038660087,44,1.0052404
rec_225a2c69060be401a9b1,grp_5b341a230f5c5993803e,2,0,0.028467286,0.019161986,53,0.9408431
rec_2261a2cad667596eea14,grp_488b62aac5c7121f1d34,0,0,0.09641088,0.081938595,34,0.96950966
rec_22699323bd338acd97c4,grp_7d5c1bac1db0596860f3,4,0,0.04394979,0.033423062,57,0.99092174
rec_226ee70807cad6237b64,grp_7de63580c55290939749,2,0,0.009770003,0.014638165,6,0.97511756
rec_227de12f4c317b972f12,grp_8c16ac649d41a53d1d85,0,0,0.07375462,0.058231473,9,0.9750521
rec_2289b8537dfed7f77f52,grp_2101e910f31737c4f36d,3,0,-0.024313848,0.006986565,9,0.95179915
rec_228c5abd2925e33e9061,grp_e35921726a551d848e15,1,1,0.21228825,0.42924508,46,0.98122704
rec_22a733e8b2f443e18020,grp_17d4d35e76f04c03807d,0,0,-0.0130333025,0.014930175,26,0.93784016
rec_22aa82b1ea4a801a565c,grp_ff4f2146b92ea5615526,0,0,0.0054283272,0.020030929,42,0.9947626
rec_22b52bd5dae96d05a609,grp_0b6496028cae82373df0,2,0,0.096534766,0.050289877,38,0.9733313
rec_22c07b4c15b8bbde6093,grp_64ec5d3e4bce2f6fed3e,4,0,0.036612142,0.029607857,42,0.9464417
rec_22c47af9b7d4cc30b27d,grp_2da8496bb2671755f324,3,0,0.20820329,0.15928562,12,0.9643717
rec_22c52491fd53532729bf,grp_7ad22fba4514e3261e7c,0,0,0.030132147,0.02959716,33,0.9542486
rec_22d76e50d28c73840f20,grp_47979602fc6a2506a5f3,0,0,0.14840119,0.17164221,63,0.9756281
rec_22dd5775f487c0597319,grp_bcc6cc3398e1fa1a8620,0,0,-0.04591759,0.008818333,42,1.0082417
rec_22e5ec55cf710f082cc6,grp_744b105653d04ec0576a,0,0,-0.07367471,0.005642663,61,0.9372197
rec_22f420307540c993e357,grp_d2a882d00198f68c3af7,4,0,0.07114886,0.05212257,57,0.98678213
rec_22f4fb77a1af7c8d1040,grp_d345d2b182aa9fffc42b,2,0,-0.036286354,0.0075094122,6,0.94161826
rec_22f9eeab338e2e529723,grp_c26df1b7866f726a27b8,1,0,-0.008479278,0.015883224,26,0.95042586
rec_230bcc35919870aca411,grp_5eb60b7a2b34c186e1dc,0,0,-0.032134365,0.011000293,12,0.9844309
rec_231efe4bb51e6a90039b,grp_520ee0b44dd4db8e52d7,3,0,0.108680084,0.04422947,26,0.9880809
rec_2325572ee03c93d6104c,grp_95ad409685f500949c54,3,0,0.007904891,0.010982244,3,0.97223836
rec_232fd63960c0d60a792b,grp_cde15510444c549b907d,0,0,-0.08015376,0.0050832746,12,0.9764731
rec_2330a41668749fbd1048,grp_6768eed9290d0b544c13,3,0,-0.04644589,0.0051161847,12,0.95543027
rec_23342389f28227193cc8,grp_9e94b0ba8ae0cfb83723,2,0,-0.028518403,0.008406842,1,0.95582634
rec_2335462cb28c2fabdf0c,grp_c06d4f7ca4f2b1e86055,0,0,0.054242708,0.043130632,16,0.95863086
rec_2336bb11811b74c89098,grp_a8fcced23fe357ef990a,4,0,-0.055236604,0.0063296114,7,0.9536353
rec_23380560997746160ddf,grp_ec714d122d9eed9c4a4d,2,0,0.13195655,0.081701025,22,0.9844406
rec_2338d4e9a43d157f9708,grp_23efffbd954be9c142cb,0,0,0.10870308,0.098220386,7,0.96402824
rec_233cf833d2de4bf0d528,grp_063882c8b16a341d0a47,2,0,0.03086226,0.019832628,32,0.9813753
rec_2340348787092309aac1,grp_0d2f1350b0f807af36c3,2,0,-0.14357892,0.0015689207,47,1.0037453
rec_2342c9ad3b0f937fc84f,grp_3d7a0ceb0977c83e1bf0,0,0,0.07200499,0.056696363,17,0.987906
rec_234db6a314116ceae54e,grp_1428cc45fa9bfea8897b,4,0,0.049040582,0.036344536,8,0.9236198
rec_235d28c1185e34254575,grp_1e3e1b5659f9f757abb0,1,0,0.019720068,0.025685996,23,0.99101657
rec_235e9bd428cade3f7213,grp_511942f4d951acab38b3,0,0,-0.0648487,0.0065043685,15,0.9549853
rec_235fe302006a1734625e,grp_b92ace25c7f20303213c,0,0,-0.030228943,0.011341239,42,0.98298645
rec_23624f0adcf526de2377,grp_eda7fe5af87ba9867b37,2,0,0.055562176,0.02823467,22,0.98062605
rec_2366ddfc7bd4e410d5cb,grp_74398c57f7c9c710801c,4,0,0.13442706,0.139266,37,0.98832244
rec_236b6b73d7d1320e00fa,grp_c7da433ea4cc2e447bd4,2,0,-0.109245695,0.0025916966,19,0.98938864
rec_236b745b6cef400a0855,grp_749e3ecc5f8cfc3a2702,4,0,-0.037749644,0.008510381,2,0.9631312
rec_2371e8729b0c5c504ba0,grp_6e2121ef739c39b8c7ad,2,1,0.15378284,0.1091239,57,0.98845005
rec_23801a3aefd610733f6f,grp_71ea1e2e6e3cc56171f8,1,0,0.21883692,0.457359,23,0.9449062
rec_23836d27f8dacb9aae1d,grp_a8983e4b897f581057e4,4,0,-0.12082444,0.0020769294,3,0.954249
rec_238c2946cdb539a1f1b5,grp_d47d3f793fa4ef6262e2,4,0,0.044306297,0.033620045,17,0.97629184
rec_239c70aba8d8af065df3,grp_606d3c408a23c31348c2,1,0,0.029012332,0.030058386,23,0.9690988
rec_239f4ed67bef337268a7,grp_1c135134cbef7a429e18,0,1,0.14260037,0.1586899,44,0.9904482
rec_23b102a9a53bbe09da9e,grp_de448afe9aa330281f31,3,0,-0.05030759,0.0048451936,37,0.94819283
rec_23b70ec66369f8b99b89,grp_cee56a263a71ff8ea2a6,0,0,-0.0037209725,0.017319255,26,0.9585456
rec_23c6128f19ad07c6e4f4,grp_c977d428f5945541b0c0,4,0,0.031930257,0.027397826,2,0.9284004
rec_23c8f161b5da05b95488,grp_9347b7e2741ad409f58a,0,0,0.099047616,0.08520982,1,0.963346
rec_23d2dfaa58e8890670aa,grp_7a0400b91e0e5a2564a5,4,0,0.06262611,0.04539112,54,0.9896642
rec_23f3ab6c12e26fef76f6,grp_ebc67b59b4a73060faff,1,0,-0.09292352,0.0036993744,48,0.9863803
rec_23fa7e2525b0127119f0,grp_3aced3245d0b345ae85b,3,0,0.00984776,0.011285184,48,0.98999995
rec_23fe6f34581ab644f94d,grp_7ea37d5670c269eb7f23,2,0,0.1003685,0.053040914,34,0.9249673
rec_240097cab157447a2281,grp_cd12d9703ef2ebfee6eb,1,1,0.12247193,0.13612966,46,0.9936332
rec_24057591155934cd861d,grp_898df2b56ac219c4b460,1,0,0.06723692,0.05684231,31,0.9884942
rec_2405af3d53b5b7998780,grp_805f39b85417ed57c7b5,3,0,0.1070376,0.043256428,48,0.9903528
rec_24068e458fef63fd4f3f,grp_4b5a22d2d057b5babdc1,2,0,0.17357491,0.14066401,4,0.94622344
rec_24097016806f317b3b6c,grp_2cc499a4efdb25ff737d,1,0,0.07829587,0.06808294,39,0.9727021
rec_240c01f41712c7456318,grp_210496a4a78b1cae9c77,2,0,0.11147596,0.06183372,1,0.96837616
rec_24258ca6a791af4278ac,grp_4bf67edea7f346f25bb0,2,0,0.114313126,0.0642891,10,0.94428176
rec_24314f882a92ac381b00,grp_d74500659082bb8577f3,3,0,0.21969506,0.18230747,15,0.966457
rec_2437e6ab83559cbe1c67,grp_a7c45c0a5e5d1c694382,3,0,0.05839008,0.022195997,23,0.9763004
rec_2451cb4dfe7e42fb98b1,grp_0ba4acd7fc7a50edbd81,2,0,-0.062560655,0.005122616,48,0.99438316
rec_2460bc76d9c0df25a335,grp_9c700d3c3911d5c41413,4,0,-0.16436726,0.0009894016,9,0.9654838
rec_24757d9e6af726538a75,grp_00f7bc7850b0bbe7062b,3,0,0.041346937,0.017519189,36,0.9664539
rec_247d0c82e6a1f92fdfb0,grp_32502eecb7c53036fa7d,4,0,0.002540972,0.016778205,8,0.9321959
rec_247fcf66710c7ed04cbf,grp_5bfc8c1d3d4f564f82ae,3,0,-0.004177162,0.009270965,17,0.94093317
rec_24852da81ec5beb9bb28,grp_1e45440a70e43b79f3da,1,0,0.066520154,0.056177333,28,0.99117684
rec_249058f70f4bede928f3,grp_d39900252d7bdc44a0f4,3,0,-0.00022341963,0.009799697,60,0.9933567
rec_24a2f084c8321e30db26,grp_c338969cf5f52f91e2ac,4,0,0.011849775,0.019608485,54,0.9853905
rec_24a7084f26e3d037d07f,grp_2a44e262fe828d9144ae,1,0,0.03445298,0.0329448,18,0.9992406
rec_24a82400397a995538e5,grp_96da02fce819fbe2d06e,0,0,-0.00043699564,0.018248348,50,1.0020397
rec_24b0819a928e4a611998,grp_0a2a0791ef01fed326ae,4,0,0.030976657,0.026967755,0,0.97279024
rec_24b8bb80dd728ffb72d7,grp_e1f5d109d31e204c4a94,0,0,0.017456584,0.024236005,27,0.9650338
rec_24b8ff5980b088baaefc,grp_9c2d912e13a8c7455e11,3,0,0.12780344,0.057201248,60,0.95558774
rec_24bfecec37ff33d70d47,grp_23c7b99cebbfcb0fa1f9,3,0,0.014939293,0.0121188285,35,1.0001749
rec_24d35634f636549bd9b4,grp_053b4a4ac2a5d7d42be2,1,0,0.008765101,0.02132303,62,0.9634673
rec_24d48af2845e2c06924e,grp_774370d1a67c58a55005,3,0,-0.009998674,0.00854349,47,0.98315537
rec_24df7d2367692de4ec13,grp_63335daf5737b4cdd51a,2,0,0.020247694,0.017025204,32,0.9497916
rec_24ef22c5a200a8ff1a00,grp_5a7de657994c11eccc8d,2,0,0.034292225,0.020833302,50,0.9929179
rec_24f79fda02f8ea4a210c,grp_a705de7f87abd9b979c1,2,0,0.10069529,0.053281873,13,0.96495974
rec_24fa703afb4e093ddeca,grp_6461b05f469d8083b2ec,1,0,-0.052279424,0.0074753393,13,0.97451895
rec_2501104961ae34a85280,grp_07852ca98f5efe1d55b7,1,0,0.07399617,0.06348656,55,0.94687027
rec_2503273f022ee7ff9443,grp_5287f27fa8bc4b506230,2,0,0.07061977,0.034959354,8,0.94616395
rec_2506e518f6fa7f490f3a,grp_f0ea5adc0f09dbc1612b,3,0,0.0160113,0.012301952,48,0.9700155
rec_25071f59f35385d053c0,grp_538cb7c3ef93793351cb,4,0,0.024274528,0.02412509,55,0.98525685
rec_250b2f767728c3f9cfe5,grp_2444b92c600ba9be760a,3,0,0.15135588,0.07808193,34,0.9641512
rec_250ddcfb6919b404e513,grp_40865cc0e508898998c1,0,0,0.10993027,0.09999542,20,0.96926117
rec_2512f28b18ca424ce5ac,grp_808ebcf4a03fcb72e565,3,0,-0.021071522,0.0073124846,48,0.98906106
rec_2515047b17c43cab6919,grp_069702b29bc6722333ed,2,0,-0.013260357,0.010490383,9,1.0109143
rec_2516a285a502cd03683e,grp_40f507cc0ec121ca634b,2,0,-0.014638919,0.010282815,19,0.98710775
rec_251e0f772c5b280375ee,grp_2d85df9ad301d72e926f,1,0,0.0005110102,0.018523058,43,0.96921766
rec_2520e9d4baacf39b11e7,grp_1057e0f03d7b64afb572,1,0,-0.04411569,0.008606563,34,0.9892324
rec_2524a10f3b002c13d4a3,grp_8851c59c6bf95d927d1e,1,0,0.06519595,0.054968007,22,0.9504183
rec_2528dc010530d02f385b,grp_dbf6fc150c8be17a5365,4,0,0.057821892,0.04197007,25,0.9698404
rec_252902bf47fedd5e95c5,grp_0a516669925c3a5dd43a,0,0,-0.008734082,0.01598989,42,0.9546928
rec_252a53af20b2aa1c6022,grp_95353369ae93cbaa0ea3,4,0,0.051512826,0.037850518,3,0.95410615
rec_252c6f7fe541bcf9e85b,grp_9caa5268268855211c47,1,0,0.072989196,0.06245268,14,0.97225785
rec_2536608fdb471ab90994,grp_014eb52b2e2a018ecb2c,1,0,0.06747413,0.057063993,26,0.9684254
rec_253e2ff287911c98a6e6,grp_a7936259651b962b2eb8,1,0,0.0732145,0.062682636,16,0.94872206
rec_25425808a757d4605968,grp_ff2e008eaebe7218bb8b,3,0,0.04846261,0.019340906,40,1.0021676
rec_25454ad13ea39c68fdad,grp_d01425609331ba432112,2,0,-0.028875172,0.008363388,36,0.9703157
rec_2550a322d0d784614f85,grp_0d87f0a840bf6b4a09de,4,0,0.0831345,0.06319746,13,0.9899586
rec_255c560e74510d8d1b6e,grp_6ae3248816acd8afb7fc,0,0,0.013334389,0.022705909,61,0.96410024
rec_256025a41724e704393d,grp_2e89ce13e2e09539977e,0,0,0.036574125,0.032746304,56,0.9803357
rec_256551c9af7b36a9f4f6,grp_229956fbe1494a498a44,2,0,0.07832146,0.038971957,40,0.9709768
rec_2566bfe5c289780911db,grp_1e914f373b3e03b96501,1,0,-0.009404359,0.015633557,59,1.0042868
rec_2568e65e6ec209cc2212,grp_de15d3d25bb25450e520,2,0,0.00735577,0.014136701,42,0.99865717
rec_256cb53f1a9134bb1282,grp_0b3f9c148e8c812b1173,3,0,0.044744935,0.01836709,23,0.97323954
rec_258e84f18739df074b34,grp_8bf45cf6f27afb8db477,3,0,0.03006366,0.014970477,47,0.9721008
rec_259de336c7c0635786df,grp_4cfd05c44ff0ba427562,3,0,0.058415882,0.02220393,30,0.9701261
rec_25a9176e03da7da0831e,grp_2510d9daab950854d4e0,1,0,-0.05698863,0.006891256,7,0.95875484
rec_25aacb27d686081e85d0,grp_eb33980bbf779963174c,4,0,-0.06785472,0.005110307,57,0.98610204
rec_25b256bf43e624be2c5b,grp_f63368440ce8fdaaf64c,4,0,0.061923735,0.044874873,0,0.92848986
rec_25b9c7969e5ef47da738,grp_12e5fb24cf6b35c8d6e9,1,0,-0.021772312,0.012644699,21,0.9744742
rec_25c34d9a5f5b6926a7f4,grp_d1302de344a69ec8b68b,0,0,-0.0504098,0.008204445,39,0.9912939
rec_25c58f5f2cf85fbef06e,grp_cb3024a89d87516fd2be,0,0,-0.04959803,0.008312154,42,0.9786246
rec_25ce27cba273fc8661be,grp_3967ff48aae2f2057798,1,0,0.049262878,0.042220287,62,0.974364
rec_25ce542b780bba2f8b05,grp_6277195fa369dbc393c6,4,0,-0.0025895406,0.015394116,0,0.95724744
rec_25d4687fa2f3db4c72c5,grp_983644642e9351be41b6,3,0,0.036242202,0.016317204,35,0.99004006
rec_25fa164ac0d76c110e70,grp_b86d0b43499d6d8a4b71,2,0,0.013388767,0.015422801,33,0.96981454
rec_2607794819c7333c3643,grp_9f7bef22d871c183699d,4,1,0.10107802,0.08392484,36,0.99759066
rec_26145e16c686103e52b1,grp_9a150dd117bd22c2a2e8,0,0,0.06726673,0.052728,23,0.95759434
rec_2615669274e2bc13595a,grp_ecaf19cdf2155c33e273,0,0,0.083352655,0.06736791,11,0.9772139
rec_26204745be63f59e3fd0,grp_6151e44d791b727bce9f,0,0,0.05305042,0.042340472,28,0.9874893
rec_2622b9d4eececb7674b8,grp_4091a90a80ff09383d8a,2,0,0.043746114,0.023854047,9,0.9809913
rec_263138be1fa5e1859b30,grp_becfd4574d12133e49da,0,0,0.14188284,0.15714411,34,0.97140884
rec_26325409e407dd4fec72,grp_ca1f6d98239924764782,4,0,0.06756213,0.049181785,52,0.98039
rec_263d59c4506683ca8e1d,grp_0b1eaf10443fa7fa3cb2,4,1,0.114811815,0.10377716,36,0.99338406
rec_264632e6d1efb00d4d63,grp_a2f21f32e9afc17a1f03,2,0,0.07208603,0.035691302,58,0.98568875
rec_2651ee3121d9d0cebf58,grp_6351b8197ef6eae1e7a3,4,0,-0.014438796,0.012612818,34,0.9789174
rec_2656d7d11ce386abbca0,grp_7624ec707f0393289c8f,4,0,-0.15681162,0.0011253254,50,0.9814274
rec_266b8e6f76f005016fb8,grp_3d49920a9bde3d826687,2,0,0.15147936,0.10588647,8,0.9419627
rec_26738fa0f849bb353d31,grp_ce109978d0bdc92c758d,4,0,-0.06943716,0.004974907,13,0.98279274
rec_26798454b71823491b9d,grp_cc48b8af7f1a8cdb5d73,2,0,0.2079926,0.21322432,6,0.9332372
rec_267cdff6a26984c0b895,grp_812c12d5c273424797f9,4,0,0.05770121,0.041887388,23,0.9617805
rec_267dd1922525137febb7,grp_8e62f9e70dcbe98440d7,1,0,0.03321157,0.03226349,57,0.9723435
rec_268069e76ec8bf3e3713,grp_01580ed5667d40cf44e1,0,0,0.005169927,0.01994892,4,0.9984819
rec_268a8348205cc5694af7,grp_87f23e2474bb11a05f3a,4,0,-0.07667024,0.0044000773,2,0.9659617
rec_269318e3613cb50062e0,grp_8dadd27fe7b2fd957aa7,1,0,0.085925184,0.07700451,41,0.97341645
rec_269cea22fec0ec4eeac7,grp_8782973dcbd6a4b91627,3,0,0.0047197645,0.010502913,2,0.98557496
rec_269f678fe66ff0309237,grp_1f29ad366316bf43feb1,1,0,-0.07566733,0.004988533,3,0.96924716
rec_26a92857ec1cb9d7b1ec,grp_2100e9e465c78518f506,4,0,0.090093225,0.070598915,59,0.9842942
rec_26b73208de01dff92e77,grp_7975e5ebe8a7b7c4d34b,3,0,0.02299083,0.013562839,58,0.9855637
rec_26b78498ce55d50779dc,grp_1e962efaaeeae281e271,4,0,0.042217273,0.03248151,24,0.99641937
rec_26b91ee6c9556004b665,grp_021bbcc69ded8540e082,4,1,0.15571024,0.18871076,36,0.9896654
rec_26c1e55f956cd71fe53d,grp_0ca4e7adc27502cca2dd,0,0,0.11802639,0.112434104,2,0.9426274
rec_26c4798949d47a83139f,grp_ebe33591a524dc058f11,1,0,0.056983672,0.047999814,7,0.9874595
rec_26c63a27d2022eb57b18,grp_ce2e4c16579f6d199f29,4,0,-0.010900793,0.013386827,0,0.9315432
rec_26ce90f16ed70012512c,grp_a2a75c52a3732c98424e,3,0,0.028706081,0.014689561,24,0.9791383
rec_26cebe8a49177b0be03a,grp_4bbf6a598977028d3493,1,0,0.0021138568,0.01903698,48,0.9863503
rec_26db741afa8978b5b9b6,grp_6164fc8f4f2e1a3491db,2,0,0.10528968,0.056780744,33,0.9833243
rec_26dbbb50bf255fd9dc88,grp_282603e341470b536c3d,4,0,-0.06926989,0.004989049,17,0.9865357
rec_26e11c8f568e221ebab4,grp_b2a662f671ca91ff900e,3,0,-0.04427325,0.0052752225,42,0.9863729
rec_26f26aa2d3a8cdf26503,grp_4d9516b033856f32d1a3,0,0,-0.08747123,0.0045175897,39,0.9757696
rec_26f69665e8b5ffd8a096,grp_c72f01d4013eecbe27c6,2,0,-0.027147353,0.008575937,9,0.9872688
rec_26faa9c692ba040ee154,grp_503be5916897f1799f7b,0,0,0.0018066668,0.018911073,38,0.9921062
rec_26fb7ff34285415b5f8d,grp_c1c037759b7e65480b88,2,0,0.04862005,0.02557432,8,0.955339
rec_26fc2c66aba61e49b1e6,grp_ca995c956db723a96342,2,0,0.030559268,0.019746533,29,0.96710855
rec_2704b40cf785300f3b12,grp_f0eb7515530b1e6748ea,2,0,-0.079885125,0.0039789826,19,1.0129892
rec_270ee2d042d012de3ce6,grp_294aa78f699bd579e60e,1,0,0.038081877,0.035017025,62,0.9831116
rec_271104f2ddae4e18537d,grp_2016cac0266a02a6f624,0,0,0.031508457,0.030244306,12,0.98903877
rec_271af5353e07888bcc9a,grp_672670296a8a4f23d4bf,1,0,-0.05301187,0.007381367,36,0.96683204
rec_271c33ba343361cd4eaa,grp_297068df32e92a0256b2,2,0,0.13933325,0.090183645,32,0.9753917
rec_271ca62921d17a68306d,grp_b5de2abdfdc3d79209a2,0,0,-0.026101083,0.0121160885,36,0.9679255
rec_272248ebe21b08dead4a,grp_9e8d9229a1ac07a95d1c,4,1,0.1120176,0.09942772,36,0.99541664
rec_272308988b1e05bc12b6,grp_60152412858599c70005,4,0,-0.046159737,0.0073815836,20,0.8916553
rec_272f7505983e858fcba0,grp_d816e4ee701b6379f0c4,4,0,-0.048475016,0.0070978096,49,0.92320204
rec_27325fc4fc1c760117cf,grp_8583456bd9686add7b97,4,0,0.05559065,0.040466346,44,0.9723995
rec_2733e94eddbb9bf2a6f3,grp_5e7079a096c09fe263ab,2,0,-0.028059114,0.0084631145,7,0.9745056
rec_27392e4d3f0a3f6ebfb3,grp_3c7b7311735359c21b09,0,0,0.0056408253,0.020098621,34,0.9735464
rec_27397856a03562109c82,grp_cb03bd914d890e901d49,1,0,-0.02968225,0.011036697,60,0.9792685
rec_273dee8166c9f4db7425,grp_a0c532796127b23fd22b,0,0,0.13268234,0.13839513,31,0.93693066
rec_273ec9845aa942df50ac,grp_978f40fae4f628180e24,3,0,0.12577203,0.05566924,30,0.92090017
rec_27533ff47bf309537003,grp_70f1645d112b846ea65a,2,0,0.018384164,0.01657432,43,0.9953156
rec_275410f280dcea36b2ed,grp_7a4c049da7fb91b7e9ce,3,1,0.20090187,0.14592019,59,0.9808206
rec_275b25d94434d8afb684,grp_e482b58949e7330586a5,4,0,0.14037898,0.1518856,37,0.98737466
rec_275ee0dd741968e53dcf,grp_04e1a4822fd6c8005246,4,0,0.008164771,0.018436063,7,0.97524333
rec_276d936c0a2cd7d32e84,grp_d2d81e3540a4594e9e30,4,0,0.015980586,0.0210097,26,0.9704229
rec_2773436851ad106162b5,grp_914af0c5f4eb6fb78513,3,0,0.10342813,0.041189454,58,0.977991
rec_2776079d9dd5d729339b,grp_8b46c43ebde78e58f3c2,3,0,0.0750887,0.027952716,15,0.98612136
rec_278002bcfee0f9bf9acd,grp_223e9750dc475bf2e3d8,4,0,0.091944195,0.07269858,34,0.9724723
rec_278495744665b838e785,grp_06b61be2106cd8d144fa,0,0,0.06640449,0.052034646,32,0.9718598
rec_27872b43f77efe4fc745,grp_ad5c734db94aa811ca00,1,0,-0.03731679,0.009676999,43,0.9908548
rec_278c1f3b98edc66335d8,grp_38378eca6e3929b2e8de,2,0,0.0973751,0.050881073,18,0.9052063
rec_279a17e6fe6645616da1,grp_3447c9aa47b60a99ef9d,4,0,0.010429205,0.019148104,17,0.99326205
rec_279b2c4e1494fb3cc364,grp_1b652e3691dc28315986,1,0,0.031941816,0.031580713,11,0.97061723
rec_279d889a969fde8fca03,grp_90172a878a8de1dc0620,3,0,-0.047951985,0.005008747,58,0.97307044
rec_27a0d033f846672e1de3,grp_0ffeb33fb1610d6d1a0a,1,0,-0.123024784,0.0021943476,61,0.99317735
rec_27c0c0f4e63407503c0a,grp_4a8684ebf064bbeeb322,3,0,0.03136055,0.015243768,56,0.8429025
rec_27cce447b7e58feec335,grp_3f6a10879cf2c1f99110,2,0,0.09242067,0.047488213,5,0.9219024
rec_27ce0f7617698f952ce9,grp_f74467d72582a0c2580b,0,0,-0.037398413,0.0101101715,29,0.9729195
rec_27d4cb68f3246a069585,grp_d17f679d4b86143dd626,0,0,-0.10604519,0.0033476176,1,0.982137
rec_27dfa21fe965728e3d3e,grp_e50687cc54cbccfa07e7,4,0,0.022443848,0.023400826,17,0.98697174
rec_27fabe1a5adfc4300e6b,grp_67c3159fe8345c00375e,0,0,0.033298988,0.031106766,39,0.9925264
rec_28124ecc8582671e5a5c,grp_018739af8e118f2eda51,2,0,0.009713861,0.014626304,59,0.9748266
rec_2821c85443cccc6f8ea9,grp_206c6c4a51fea548a41a,1,0,-0.03293113,0.010436396,61,0.9461442
rec_28310d8047e4e43c3dd2,grp_1041b24b077ece77deff,1,0,-0.0018919203,0.017778,40,1.0028116
rec_2831f2c040a765f6413d,grp_f4c938a674dfd32274e8,3,0,0.00049949554,0.00989955,57,0.99888796
rec_28341c6020aaf5763ab1,grp_e55daa3bc908ebcdb195,3,1,0.18715882,0.12329278,59,0.982835
rec_28354777cc9f73f1a6ed,grp_26c58e57c6214ddca1ac,2,0,-0.08151381,0.0038855374,19,0.97091836
rec_283c6b796ddcf390fabf,grp_d52f6c5fa0abc00f1236,2,0,0.03382372,0.020693759,9,0.98835325
rec_28534f5da43f360f1ae9,grp_6d173cb8ac473b3ad1d6,2,0,0.009295302,0.014538196,36,0.9824795
rec_285b106804f8b7b86a04,grp_8ac03de56ca34963867b,0,0,0.07629069,0.06052592,11,0.97694314
rec_285e147406774705c237,grp_740767bb6b59b770b06a,0,0,0.035799466,0.032351132,1,0.97576344
rec_2865af174cf346b20c30,grp_a8ade507fcf6ea759a1c,3,0,0.11855665,0.05053454,3,0.91029185
rec_286602d5fd348cc199ff,grp_fe257d639e2065edb6e9,0,0,0.09910031,0.08527637,26,0.9921321
rec_286f19a34cf821bccc5b,grp_6706cd3e9e82f497e63d,2,0,0.041326076,0.023042347,48,0.9734815
rec_286fb3c2cbb5f1ed1d47,grp_166512bb46751cc6cee2,0,1,0.16355595,0.2094042,44,0.9860764
rec_28719bcebf3b23b60f76,grp_65263983b1d80beedf17,4,0,0.009718483,0.018921763,44,0.95138603
rec_287266fb96388f0de10b,grp_bb7f12636a21c3b334c2,3,0,-0.037187424,0.005828867,37,0.9710551
rec_287ef878efbb5cbc4c54,grp_7b6de8d6a2898b285da1,1,0,-0.12174826,0.0022435244,53,0.97943056
rec_28976096a5a90e8a2271,grp_57f1f03436f6fbeb5185,2,0,0.036517926,0.02150891,16,0.9752025
rec_289b6df8ed6a715d194a,grp_fa3bdcddb3e2c1b70feb,4,0,-0.0051199524,0.014753477,38,0.97715306
rec_28c56eae45cd30990111,grp_f49140cea15eed137bd8,4,0,-0.10360576,0.0027838952,2,0.94714916
rec_28ca56fd7334ac0302de,grp_05798f628fb5e69fd2d3,1,0,-0.059297092,0.006621722,60,0.97132915
rec_28d1754b26181d3afb56,grp_7e3362e564d1648ee330,3,0,-0.06615766,0.0038747191,39,0.97274816
rec_28de984224faa477ae4a,grp_8cf3f8c4ed5d1b8a7616,1,0,0.036790945,0.03426585,47,0.99346787
rec_28e41fe47f396f536786,grp_3fd92e84d6ef95045cf0,4,0,-0.16230172,0.0010248409,26,0.95810956
rec_28e6ecbb0c7015bc81f3,grp_a347f00e45bfaf567643,2,0,-0.016595187,0.009995222,51,0.9801307
rec_28f21f87668d91b0f480,grp_fbf789d4f9311df2bdc4,3,0,0.1825458,0.116402596,41,0.9488343
rec_28f45b31e302def82873,grp_440c1ee013661fbef50b,1,0,-0.07155399,0.0053566964,63,0.9363988
rec_28f64fd5da250d9a1db6,grp_4f4bb80636ce90ba3b09,1,0,0.08834157,0.08004667,11,0.9803028
rec_290d45e4d051db1e5a7a,grp_c9e3039b86ee295381fe,0,0,0.004069167,0.019603245,19,0.9733996
rec_290ea8c23b8a103cb2a5,grp_da97f2affa1b0929755f,1,0,0.054064233,0.04573101,16,0.9181529
rec_2922658e7628d2398ce0,grp_e5f81965a7afb71912d4,1,0,-0.093973905,0.0036326163,31,0.9827223
rec_29274ca1efc89fc55c29,grp_3c3a91062e0d5f8dd708,3,0,0.051248588,0.020103673,17,0.96706885
rec_292c302e5d630dc662fb,grp_fc1c85353e32d99ab883,4,0,0.043380212,0.033110645,46,0.9628631
rec_29325e446b91746a70fd,grp_98e046c477b5591ab1ae,4,0,-0.01615499,0.012253447,30,0.9619512
rec_2932ffeedaef435da5dc,grp_b9ba2ed1c14b94165fc8,1,0,0.05382031,0.045546137,26,0.97832775
rec_2950ccadbe633d987ba6,grp_c1e64b884ba0e64fd234,2,0,0.023345966,0.017801655,8,0.9760992
rec_295c98481ca935c158d2,grp_e0376b59d0c1a60c760c,2,0,0.015912067,0.015994266,8,0.98788464
rec_2972cbd6d29fb76aeca0,grp_f5f74f570c771246202d,4,0,-0.06664251,0.0052165044,53,1.007805
rec_29737bb270b16d8ef168,grp_d650903b47974fdc04d1,3,0,-0.052758254,0.0046806782,44,0.9847737
rec_29761d3e9b30aacb8174,grp_52edb1e251d8c4fffeec,2,0,-0.13295043,0.0018327563,62,0.97786236
rec_2979c1c2721b5acd8f24,grp_565f61bc44c0d618e52f,1,0,0.074391186,0.06389646,32,0.96002936
rec_297d7ba8508b9deed92f,grp_0515c1f6ded7e50c7eff,3,0,0.08224708,0.03084338,15,0.97289616
rec_2983b18038cfbfb548e9,grp_482ce8a4eb8a20fae51d,3,0,0.09765365,0.038078003,12,0.9682172
rec_2984d6304581d1aa5d5f,grp_e720e4e50d103d584a91,3,0,0.09969169,0.039149486,12,0.93461514
rec_298b2acce6266480bf84,grp_501a3c321ba1661574a0,4,0,0.033861645,0.028289396,17,0.96937287
rec_29916f287c7e0ea7dd64,grp_acee993d1b078bd3d33a,2,0,0.022959666,0.017702984,15,0.96963155
rec_2995d003a4b50e8df8bb,grp_7de4e2d2dc21c5a95c75,3,0,0.03860779,0.016863791,60,0.9799598
rec_2998949b165aa76c2c03,grp_49e5bd1b4159a6c31291,3,0,0.0531469,0.020640215,5,0.99841464
rec_299f5d6e8d347989f61b,grp_22b6b3dd47656d63b4a3,1,0,-0.059977975,0.0065442417,62,0.9714012
rec_29a624e1c1977e875aca,grp_94a22d198287fc1db156,1,0,-0.070317954,0.00547252,50,0.9708099
rec_29ac8cc823e0e62a8c13,grp_fbd1ac470abb208c15fd,4,0,-0.07200865,0.004762454,24,0.9800276
rec_29b1c76c84eb740146c2,grp_0115536a9354f0231517,2,0,0.037964143,0.021959336,16,0.9575868
rec_29b202246b1b38658746,grp_67e8f3de30a1659eed0b,1,0,-0.043581843,0.008686191,31,0.97467184
rec_29cec5eb5295eb008301,grp_1e313e114fe3426fb697,2,0,-2.0778622e-05,0.012707138,59,0.97638357
rec_29d53d229a7721f26e96,grp_d5e0de3bb96dd837cbbb,2,0,-0.07503426,0.00427077,48,1.0007385
rec_29e51d37f16acba4814b,grp_c52b04df4e40d5114933,4,0,0.07651132,0.056830715,22,0.9836682
rec_29e7b50233a598623a16,grp_7d10c9eab204f425b432,2,0,0.051595233,0.026683189,51,0.97332835
rec_29e8057d5d3d5bedc56a,grp_e8d83d49116d9eab29de,1,0,0.047954865,0.04130944,18,0.9627184
rec_29fb098ec93e32439089,grp_a6ed8b1444992310e1c1,0,0,0.036989365,0.032960054,29,0.9779393
rec_29fd35e94991f02521e0,grp_95cc3f7d086db1058596,2,0,0.15375781,0.109088264,9,0.95843136
rec_2a0103728aecb3cd9860,grp_db598011f6e684a970ef,0,0,-0.020363813,0.013280553,61,0.94126683
rec_2a043c1c443d68914aa9,grp_95cb1fa07824774a53df,3,0,-0.01849011,0.007582719,42,0.94166565
rec_2a07acda296fbcb34892,grp_e65034ef538f50ee287e,3,0,0.13454923,0.06257711,36,0.90723324
rec_2a0d4ec3e2fc3181ff15,grp_2301c6906e1c625e6847,2,0,0.21474819,0.23029695,8,0.91570705
rec_2a0d8c715c3d494b3fda,grp_3b179f248b9522f97d16,0,0,0.061026115,0.047900673,8,0.9750448
rec_2a102cdf2c9d5faf6da2,grp_6e4cc737983417ec58a8,3,0,0.020913435,0.013174776,11,0.9949118
rec_2a164526136d43f4777c,grp_af0de39414964ce69195,0,0,0.028851453,0.029007042,14,0.9903156
rec_2a16c4a2fdacb7d65538,grp_155d8ebe96ac2963c39a,1,0,0.013594016,0.023148915,9,0.986037
rec_2a219be270123dd97032,grp_30194ff1284305258771,1,1,0.12954007,0.15125097,46,0.98976964
rec_2a21eec49adcd784dc7b,grp_e94b919e7353530c4b27,3,0,0.007686322,0.010948672,49,0.924972
rec_2a2d233d51fdba509a23,grp_537dec21c879b333a8fe,1,0,-0.052557442,0.0074395295,49,0.980821
rec_2a335aa43781cb1ea1e7,grp_2f28d06fc2abb0fdbb30,2,0,0.052944213,0.027201243,19,0.98731554
rec_2a36e636bc51ed761980,grp_6037fdd8e59a474de4eb,0,0,7.5551216e-06,0.018377822,34,0.92716724
rec_2a39eae999f1868a332d,grp_17b3e24d1722da9960b4,4,0,-0.10188423,0.0028666079,27,0.9909235
rec_2a3bd6551d0bbf01fc0e,grp_475bee1d3757c88253c3,3,0,0.061536238,0.023183968,39,0.98440695
rec_2a3cb16ad1002fccf55a,grp_7a4278518c4acfdaa22f,1,0,-0.08846641,0.003996516,28,1.0014533
rec_2a401fb8d4ed201e7ae6,grp_e21e05a423d1339c48b4,3,0,0.062099792,0.023365417,15,1.0006231
rec_2a4a8a6c0a4dbaedd4b6,grp_893ba4728655a30ff9f5,0,0,0.08928868,0.073667176,42,0.9940434
rec_2a50c3670bed1872ea66,grp_592de02b2f30c2e0e59c,4,0,0.11142136,0.09852087,20,0.90819246
rec_2a512054d02e0a319255,grp_c5e2d1e1fd8c6c1570a6,0,0,0.06676886,0.052326586,61,0.9794806
rec_2a5704d0e8705ff9d198,grp_d6da7e8660920abd7f7b,0,0,0.009382399,0.021327782,3,0.9579097
rec_2a6e8873d2b521553b6f,grp_9a2eba239160468f8827,3,0,0.098657645,0.038602278,44,0.9735135
rec_2a7151b2e5cd6c2de51f,grp_9ce68932e5a43b7d166d,0,0,0.1041991,0.09194432,8,0.9839037
rec_2a7c561112f24fdaa41e,grp_40657d4d028567cb19b2,3,0,0.11367321,0.04731723,31,0.9651632
rec_2a7dfa797fb520a4ca29,grp_e00acd079e331a96ceb4,2,0,-0.03659169,0.00747615,3,0.9885868
rec_2a81145872acd074414c,grp_e7be2f998b28236d8f1d,3,0,-0.041734315,0.0054673143,48,0.99081373
rec_2a88a534c46ea9fa2bda,grp_5d0dd1d580b55098e5af,2,0,0.09946037,0.05237668,12,0.9570628
rec_2a8d4c7c324a3aedeb71,grp_0d51fbdbf27b73258231,3,0,-0.057598308,0.0043719197,2,0.99204844
rec_2a91b25378873df8c5a5,grp_a468ab06b6522b654573,3,0,0.13441002,0.062461562,3,0.94534814
rec_2a9451b96be96736ad06,grp_19c21bc7b05709bd64ac,2,0,0.07112271,0.03520878,15,0.93988323
rec_2a9fd8084939bd426306,grp_516825dcce9f480e6951,0,0,0.0691756,0.05429414,20,0.9880166
rec_2aa8633a248d2f6ed064,grp_23ff9949586b6d2220c9,4,0,0.054216754,0.03956623,34,0.9641103
rec_2abe6e2aae7ccd978eba,grp_d88593aad36af973466b,1,0,0.011949351,0.022510512,23,0.9900076
rec_2ac273ddb0ad76bb535c,grp_66ea1f169e6fa268cee8,4,0,-0.018675545,0.011743903,12,1.0021621
rec_2acbb7c7cdb8351b554a,grp_84a99f15c45e55b32933,2,0,0.037641052,0.021857917,51,0.99096787
rec_2ad6923318cb4e9cf778,grp_26dfb1ba14cf5ea68950,3,0,-0.0012276224,0.009662643,47,0.9717114
rec_2ae04f19e975616b255d,grp_659eb6c1794ec4d82588,0,0,0.08811239,0.07237728,11,0.9907415
rec_2ae321b58cb0f8355190,grp_c4b603c0e90fd7de7c00,3,0,-0.016268235,0.007823236,26,0.98340124
rec_2ae415739409fa44bced,grp_75965567644b7da75d6a,2,0,0.07568022,0.037548397,6,0.97886515
rec_2ae4275068d4a858058c,grp_15f2bd9f0392a3ba93ed,1,0,-0.08271902,0.0044150194,9,0.9985248
rec_2ae62c1e3afd73c63eaa,grp_c8cdeca8b4ac3a1c3e52,4,1,0.14764926,0.16855662,36,0.98907864
rec_2ae97dfc411087fd5798,grp_30dff72ad4e20bfee429,2,0,0.0053019123,0.013723456,4,0.96055204
rec_2af5fda2cc65eb4f291f,grp_6dc26beec03ad8357f10,0,0,-0.012380071,0.015086615,42,0.9975823
rec_2b08747292a7d8b1d966,grp_e1f156cd3e7a2f38f447,1,1,0.18415761,0.3155217,46,0.98622614
rec_2b15571b9ff6097205a7,grp_4b66084d7f268e51d9c5,3,0,0.06338691,0.023785044,2,0.99877745
rec_2b18c16b3d8839fbff2d,grp_1ee26dea52cdc5a44d53,3,0,0.034118704,0.01584142,51,0.9573311
rec_2b253c6021d6c0d6001e,grp_a9d4b3a136d539859ffc,4,0,0.078113094,0.058312867,52,0.97362244
rec_2b27446cb5545ca472f9,grp_48ccac875c3f98e490fc,0,0,-0.06403245,0.006590377,56,0.97005373
rec_2b276837d631eb8e4540,grp_4a5a6b9bcb83ca01bb76,0,0,-0.03988711,0.009714539,34,0.941603
rec_2b2ad439eb99f7261e57,grp_b32dddcde4efb5e14a48,3,0,-0.089118704,0.0028020353,2,0.9980331
rec_2b2ae8185413c2748269,grp_bca74e37335d4d6b405a,0,0,0.028982282,0.029066801,8,0.9810417
rec_2b2ce60c0156fa8c5998,grp_19958a74e73af5ed259e,0,0,-0.18950206,0.0008682312,55,0.9641227
rec_2b2f607cc57b7f43965a,grp_dc1a23bbd79f8aac6031,1,0,-0.07102392,0.005406064,4,0.93944204
rec_2b31a8483eb92c12df18,grp_4f6710ddff8c689973e6,3,0,0.021005942,0.013191817,23,0.98948336
rec_2b40043e32ba8aee2370,grp_69537a765d3f3c8e4b8e,0,1,0.08297895,0.06698851,44,0.9973373
rec_2b4d54c067f8749e6bb9,grp_80a45c5f68012a032272,2,0,0.024456909,0.018088454,7,0.99479586
rec_2b4e3b5dba03b62d845a,grp_ceb2f2d9d472ccc4968d,0,0,-0.12353469,0.0025237328,55,0.9837047
rec_2b516ff51ff14b7899ed,grp_a4bd4e21f913516a8da8,2,0,0.12042567,0.06989046,15,0.95435536
rec_2b51b05a7022be2cb32d,grp_7ff3109fff27e6472adc,3,0,0.015476179,0.012210203,0,0.974659
rec_2b53de571a0c619b9ca2,grp_a08be77116dd7c374e03,2,0,0.09279359,0.047735937,20,0.9695163
rec_2b6827b4263a4ba2469d,grp_db9982aec07c45d692e0,3,0,0.11151978,0.04596118,60,0.9864401
rec_2b84c18a0a5baa072621,grp_04c760f124a3f91570c3,1,0,0.046980508,0.04064318,20,0.9890082
rec_2b883e9ae521a4afa86f,grp_cc96237e0479aef7cf90,0,0,0.037254594,0.033097286,17,0.9812824
rec_2b8c621123d25270df85,grp_ea202d1ed085439e81eb,2,0,-0.014022752,0.010375082,9,0.9762572
rec_2b9b7f3853142854f83b,grp_f4c1cbc4ec24f7468454,4,1,0.10270366,0.08608117,36,0.99468875
rec_2b9f8fa066de44fa1924,grp_606f25765ca10a635f97,0,1,0.1775765,0.2494809,44,0.9848534
rec_2ba32575db13c3174454,grp_114cdfecc7493ea8fec7,4,0,-0.031430054,0.009469736,56,0.9614306
rec_2ba4cf95a956cc8dd643,grp_cf174da31fc6b0c9a46a,0,0,-0.04590613,0.0088199545,50,0.991574
rec_2ba8b5e4f46ac9bc2538,grp_7ec44ff2adf9d9fd7a16,1,0,0.03993992,0.03612611,6,0.9850433
rec_2bab1c2bf6d7f7060648,grp_29f71bc940625a885ad7,3,0,0.106026724,0.042667765,36,0.9266732
rec_2bb0ff3c2b3ee9e869bc,grp_1d8a6774865aa103b430,4,0,0.058711845,0.042584635,57,0.9857157
rec_2bb83f101121d9444486,grp_80c65f25743b3c3abfa4,2,1,0.21242742,0.22432595,57,0.97747576
rec_2bc0a53f9df6b845890d,grp_33e1c810a995a9e75bcb,2,0,-0.09182497,0.0033426273,62,0.99519944
rec_2bc650de4b71c868cbdc,grp_11842b21030caeee6bf4,4,0,-0.071810916,0.0047784643,54,0.995331
rec_2be04bd8336cb361e81c,grp_1379a53f470cd7b57a44,3,0,0.12319565,0.053781766,30,0.95659006
rec_2be180d25055e68a3c74,grp_261e2869af547be4b720,3,0,0.13599801,0.06379167,24,0.9676815
rec_2bf7e746b7966dc7cde5,grp_0f2a4f7a027bdbeb75f4,3,0,0.13623218,0.063990034,2,0.97689444
rec_2bf94f1ee02489fb369f,grp_5ba91cbc05099c78faaf,2,0,-0.10786654,0.0026444509,40,0.99347454
rec_2bfa969c2743b0634bc9,grp_7d218429763a75f69b35,1,0,-0.05538746,0.0070845815,17,0.9786175
rec_2bfd7373bb44b90e937a,grp_218e8e45566d445bd8a5,4,0,0.24588418,0.51987267,9,0.9628329
rec_2c0087a4a2228aa8ef18,grp_cf85bf19d4a34bfdb06b,3,0,0.1675199,0.09623619,48,0.9844382
rec_2c03c855fb2dff6e1b96,grp_2d4fbf4f4b53ca541eb3,1,0,-0.03554112,0.009977638,57,0.96213514
rec_2c0b49b9bc54115d0531,grp_ad47ff234b5e50fb29f8,0,0,-0.014822131,0.0145099,14,0.96898484
rec_2c22e2003159a06eb6b8,grp_0bc3e543dd5b9a98ecaf,1,0,0.0031740032,0.019384552,9,0.9952115
rec_2c2fea303c742dcba2b5,grp_dc84e303c1ce88a6a62f,0,0,0.111923,0.10293854,3,0.95466846
rec_2c395166b59a641b32e3,grp_80b3421baf4421cd1fff,0,0,0.06885047,0.05402432,12,0.97427386
rec_2c3b10792942eb936522,grp_7d69eacb619c6b6c8b67,1,0,-0.024984987,0.011965444,4,0.95640224
rec_2c3bcb5586c385e12eed,grp_b05039958110db25eb6e,1,0,0.067188695,0.056797333,15,0.95601714
rec_2c50f8fbfe315ffbfa6f,grp_4697a83153e5567d1175,3,0,0.034614567,0.015951283,0,0.95806617
rec_2c5489a68700abbff859,grp_f70796fe0c553a6cbf84,3,0,0.117264315,0.049663506,0,0.9587181
rec_2c5502ca15ce66b101b0,grp_f521cf4d27ab7ae60504,3,0,-0.055829413,0.0044823377,2,0.98521394
rec_2c5fa5ca9177e2dbc49b,grp_ca60ec3c347e71684c63,2,0,0.054286297,0.027726343,18,0.96981215
rec_2c62c986d12785b1b29b,grp_3b66dc0b3f3a90d7aec7,1,1,0.076088615,0.06568609,46,0.99999374
rec_2c6fe54c09c8d0738654,grp_3b7cd5e911e1c4177008,0,0,0.10203315,0.089056365,23,0.99521524
rec_2c76f859cfd12186430b,grp_6c492757fc3fc7ac97a8,2,0,-0.023084093,0.009097116,58,0.9723089
rec_2c8145c53cbc50dec443,grp_9ce7e0d36cffb4278107,4,0,-0.0024737495,0.015424075,57,0.9874308
rec_2c816d38a92e89687802,grp_a3a301742709f6738234,3,0,0.06555917,0.024509985,40,0.9783618
rec_2c8b8a7b6f8502086429,grp_83c18f684e18c4c6cdf9,0,0,0.059529,0.046806607,12,0.9556922
rec_2c956351c4c5472ca325,grp_09afb8e87474e26be39b,4,0,0.029551512,0.026337227,12,0.9885435
rec_2c9807a9f744a458a733,grp_e84171111ae6d1d246fc,3,0,-0.035345167,0.005982034,56,0.9003208
rec_2c9d3067f268a681931a,grp_8de5e9ff19f55d9435ba,1,0,-0.08547703,0.0042090095,24,0.97558695
rec_2c9f0c30aa1b4b55454f,grp_0fcd00e48bef6e15cd23,1,0,0.17629634,0.2867497,10,0.9245221
rec_2ca1979ac99d36423536,grp_0154ec60d91abd0ef251,4,0,0.08789016,0.06817295,56,0.97391385
rec_2ca7de3f68dffa9bb8f3,grp_3ffad05e8b810b0a9ca8,0,0,0.10263206,0.08984664,11,0.9725197
rec_2cbe55ec31e8261c3cf0,grp_3096c25f95f5f20aaafd,1,0,0.021195164,0.026336247,60,0.9659411
rec_2cc22bd26c4ecbc1687c,grp_c0b4d857acf76b9ab903,1,0,0.0031565963,0.019378796,32,0.971216
rec_2cc3c89112d1d3f61349,grp_5556e0c6e2f9628a0e3c,0,0,0.13748525,0.14793687,42,0.976748
rec_2cc79c448afe80ec6558,grp_cb6d8b66a8165bceff0f,1,0,0.0818849,0.072153874,4,0.9515179
rec_2ccf67d578fc87f10a31,grp_36693d2c6ac4c40e276f,1,0,0.09525476,0.08936463,31,0.9832174
rec_2ccfc0092bd283d76e6c,grp_ca798c424731577c36dd,4,0,0.053066127,0.0388272,37,0.9889356
rec_2cd29026bb44fb126351,grp_439dd60c9dcc23c90d90,2,0,-0.049554233,0.006191159,20,0.9852975
rec_2ce364c4d0606a23f4dd,grp_99dcb0a40a29f84b5c85,3,0,0.05908897,0.022411851,62,0.9764561
rec_2ce3c3b9a4729e3e0927,grp_2324d328b3e223c939bc,2,0,0.038101964,0.02200274,61,0.9891197
rec_2ceedddb18428db64d18,grp_fbc7d69debb8b40eca26,0,0,0.16593643,0.21586025,20,0.97173095
rec_2cf283dc6bafade2cbe8,grp_572bbd7feb14184be6ad,1,0,0.10764117,0.10852632,22,0.963954
rec_2cf5e75a2c67870a6661,grp_d5b1b106ab3fb5ef7710,3,0,0.054164957,0.020933706,22,0.9636125
rec_2d041e4471581e488bff,grp_f24c8d14f373345096c6,3,0,0.19747932,0.13998203,63,0.9559264
rec_2d04664e69deb0a4ac13,grp_e36e44c6193c14d87365,3,0,0.0750311,0.027930556,40,0.98414016
rec_2d04a6d2100c667087c6,grp_cae44c83c83efaa0592a,3,0,0.027223164,0.014388651,48,0.980513
rec_2d0ecf453d24b8d60278,grp_c011d5c48cd27badf9c7,3,0,-0.0230972,0.0071071372,0,0.96290904
rec_2d14d838dea7da8372ff,grp_b6befee5ddcfb07bd32a,1,0,-0.0030455005,0.017430859,48,0.9798186
rec_2d1b40053e379a8cfdcf,grp_efea28e4a0c6311e3e7d,2,0,0.0013342975,0.012958597,4,0.959228
rec_2d1f279f5382fe17cfc4,grp_39a69e01cd68778c6c47,1,0,-0.002885832,0.017478503,6,0.9889992
rec_2d1f668eb9d9a5955018,grp_2d78a92d4daa30978525,3,0,0.22647497,0.1970609,31,0.96988535
rec_2d28002ed4c552e0d5f7,grp_ef79adc0f65eeabcc87f,0,0,0.034807395,0.03185177,53,0.97091794
rec_2d3325e59dcee3940bac,grp_d30a31389c9a23afbfc9,1,0,0.008520135,0.021234257,22,0.9726698
rec_2d3666689e487c2cc7d7,grp_5f60fae87d72e4f584d8,2,0,0.038808532,0.022226578,22,0.9893584
rec_2d4ac9682ef3565ae057,grp_994d10c8879a600818c9,1,0,0.12672432,0.14506799,14,0.9207667
rec_2d4bc0776aae337958a9,grp_cbce17a4f406d2af658d,2,0,-0.02275639,0.009140491,48,0.99180925
rec_2d5185d8c4a86e9ec7f0,grp_971d935404ca837e3e8b,1,0,-0.083459295,0.004358759,16,0.9196927
rec_2d5d2d1da512223e49d0,grp_b58aa8fcb734685c8321,3,0,0.14652774,0.07329927,30,0.9662121
rec_2d7160eb4f7b57eb194e,grp_0d2dd63991d40aa4ddb0,3,0,0.0029099658,0.010239837,36,0.89983135
rec_2d85fd44420bd615c84c,grp_a648ff9fd2e0dcadedbd,4,0,0.06309784,0.04574102,31,0.9646472
rec_2d8c90dfe3632f0dc5cd,grp_17ccfdc982ce9a97f65a,2,0,0.07860781,0.039129373,61,0.9746998
rec_2d8e613a2c657bc54b72,grp_5af6ea9c2e41816abbaa,3,0,0.11171954,0.046085402,3,0.98777443
rec_2d900ae16fc19e69b974,grp_845ca5434b2e461ec56e,0,0,0.08083837,0.06485338,27,0.99023306
rec_2da72773363d396cab00,grp_6a7447c31fd7dcaf0662,2,0,0.035956778,0.021336578,5,0.9312777
rec_2db02eeef4c40d56d452,grp_a454ca816b3d8fdcf588,0,0,0.051946435,0.041621182,23,0.96821934
rec_2db943b343474af713e0,grp_5d97431834db95eddf5e,1,0,-0.024910685,0.011980737,23,0.9795842
rec_2db9c535d5143f3da9bd,grp_44f293d6d0a449385dd0,0,0,0.006158799,0.02026455,12,0.98808503
rec_2dd11e474995c1ff15e7,grp_7b9a1c61d7564f90f477,0,0,0.039615907,0.034343593,34,0.9645096
rec_2dd6e040736a201b9297,grp_2862f9b08184a1f80c4a,3,0,0.11118217,0.045751974,0,0.9465135
rec_2dd75bf1b2d8b1f30c86,grp_f18143985ef1a4864f1f,3,0,0.13267976,0.06104177,26,0.9537892
rec_2ddccdfcbc2d6ad7b66a,grp_3ea904ec47d9a974f74d,1,0,0.03893657,0.035523072,59,0.99911547
rec_2de71f971b62f66241d2,grp_b7cd2a0236dafa15a372,2,0,0.08211003,0.0411046,36,0.9498233
rec_2dea290de3b03144c60c,grp_d9a0a62887aa50131d85,3,0,-0.11050078,0.0020714279,48,0.98866546
rec_2df7ec6ed536de31fd4c,grp_e498339bf1e91a488e93,4,0,0.028607417,0.02592745,47,0.99972147
rec_2dfb2e7f1bb65183db90,grp_425f7e855bd176352d16,4,0,0.11346797,0.10166474,44,0.9771576
rec_2e0fb01afb569a2cc917,grp_477aaa299f653c93eb13,3,0,0.022435894,0.013458084,47,0.9935514
rec_2e10517ebf2538429af2,grp_dc8d3fe6a21eca34e74d,3,0,0.020823788,0.013158278,16,0.9904888
rec_2e1b9abcd46c3e5cae15,grp_c7b85200b16ef78e7fff,1,0,0.029106501,0.030106198,39,0.994028
rec_2e1df5b59a694c887a16,grp_30d9e8c5599bc39eebe1,0,0,0.027933136,0.028590942,16,0.9436087
rec_2e1f686b48e61769f54e,grp_97b104cfa0caf4c3ea50,2,0,0.09862776,0.0517746,19,0.98130894
rec_2e23348ec1335efe434a,grp_de9df54a62209b2c8488,1,0,-0.02896082,0.011174558,53,0.97808415
rec_2e24b7ed8123b4765e95,grp_af52492c12b148cf1e47,3,0,-0.061448123,0.00414088,33,0.98406386
rec_2e25a45a6015f7a90504,grp_d392d7b38ab0881a2088,1,0,0.019731883,0.025691139,39,0.96119076
rec_2e25e87ba443f23e115a,grp_8670611b1b70ef9bde25,1,0,0.06659277,0.056244366,16,0.9468073
rec_2e2837b950e94b2f9b89,grp_86863e75b1c67e0cae8c,0,0,-0.00938382,0.015825119,48,0.94774103
rec_2e29443c88099f52d635,grp_05410650a03a4c4a5fcf,4,0,-0.0554908,0.006302402,3,0.93520755
rec_2e31e1658c2d75438053,grp_cddcc52601af958ba47a,2,0,0.0004495515,0.012793867,59,0.9699242
rec_2e33b401f934c11785b0,grp_04ac278adc564d16716d,2,0,0.074140124,0.036741536,15,0.9490049
rec_2e457d4e42f6d3e86fdb,grp_71496a463e132ee3862e,4,0,0.044066112,0.033487212,30,0.97157604
rec_2e4d2e4f5735dc1d3207,grp_8933db35550d4795ce08,2,0,0.2681814,0.3955868,12,0.9510569
rec_2e4ed9f4ce0d95b0990f,grp_78f361a2bac1ffcadaf0,3,0,0.020166475,0.013037935,19,1.00358
rec_2e51576e66ef9adc28d8,grp_ac9ef966985af87d1a16,4,0,0.21101366,0.3739768,27,0.97474056
rec_2e52fab7d23f1cbc5835,grp_2c32a55efe6d36786edf,0,0,0.09816238,0.084098555,39,0.99438894
rec_2e53a82106ca888cbe07,grp_053613729e04c3128cc2,2,0,-0.0076262886,0.011382654,22,1.0031034
rec_2e56557b33b28c58e8b4,grp_56cbd39d904bd518cb20,4,0,0.043760173,0.033318743,8,0.9015585
rec_2e637c2070355997bfcc,grp_be8928bc3f9d16325b50,0,0,0.10002888,0.086457156,16,0.95347726
rec_2e658af133e261229f69,grp_cbda7f5963f04875a4cc,0,0,0.059229143,0.046590336,36,0.97847235
rec_2e7206b72a44736ed928,grp_4e301f3ac253cf78abb3,0,0,0.072556384,0.057176005,27,0.9558137
rec_2e7db268e9b81acff743,grp_7d8bc41b3d1de433d66e,2,0,0.014031306,0.015566387,22,0.99418205
rec_2e8e313dd073173f56b3,grp_d10069899819e801c116,4,0,-0.015686175,0.012350598,31,0.9535362
rec_2e9a254cac8162fdf13d,grp_662d0d8ebea4a2c873c0,3,0,0.27978808,0.34306198,52,0.9261409
rec_2e9febc5d1fec193247e,grp_3dbb967cbdb3f05e5159,0,0,0.09875305,0.08483857,9,0.97799397
rec_2ea0c982eedf14ef6656,grp_341f905a9e24aa5d4a51,3,0,-0.013221297,0.008165419,63,0.99761623
rec_2ea5efb9d8ac4845e473,grp_697dadbeca3136083764,3,0,0.06656164,0.02485175,47,0.97688663
rec_2eb517e860e85414feda,grp_0230f195f4c807b65d6f,4,0,0.13084807,0.13210882,40,0.9711592
rec_2eb6a52df3a9a7af675f,grp_c6abb46316aada7bb80b,2,0,0.0052315127,0.013709502,10,0.92038304
rec_2eb90a62fa7d9f050c27,grp_e4b0548d02e4cd314870,0,0,-0.053890627,0.0077580875,27,0.93512213
rec_2ec275d59112feea1aac,grp_5821cb6e1605c4cbf887,2,0,0.050706733,0.02634723,8,0.9842474
rec_2ec85919886c0c707a87,grp_86e867028522dd2b1155,2,0,-0.045256436,0.006590827,53,0.99419796
rec_2ec97af081a1f24387af,grp_b7bf83609b8931b55cc9,4,0,0.044395786,0.03366967,37,0.9952511
rec_2eca3cd2f029d3079416,grp_6fc3e78296f9f4926b2a,0,0,0.04512576,0.037430115,38,0.9660084
rec_2edaa605f39db3b3712a,grp_7b421dc540b4cef8c353,0,0,0.04203706,0.03566843,26,0.9805991
rec_2edea283df84696fd10c,grp_0b7cdff140c9156c8e97,4,0,0.13551886,0.14151315,26,0.98262
rec_2ef33e4ebb316b986088,grp_e5e2588d42a83cd784f2,4,0,-0.0785571,0.0042613274,24,0.9804534
rec_2effa2c444c138fbef7f,grp_09030f102a68525d3c71,1,0,0.08987815,0.08203787,16,0.9825212
rec_2f031481a013617cc4d1,grp_26b96440ee485e010871,0,0,-0.096028715,0.0039350726,8,0.94897056
rec_2f068c9726075987b0ae,grp_a14d5ce4ce0ad9bb3f20,4,0,0.02311274,0.02366297,34,0.96670383
rec_2f08256b34c925dabcdc,grp_9f7c89d861e4b5878005,3,0,-0.00034837914,0.009782537,24,0.98473835
rec_2f0cadc0acadda669db0,grp_baed3f526fc6352eefd2,4,0,0.13372962,0.13784626,2,0.9690157
rec_2f0d4f53b65fb31d756e,grp_4d4f855ed3b04d063167,0,0,-0.19249137,0.0008272203,16,0.96974164
rec_2f264791bd27aae4be31,grp_0d4d943a22172df65b1d,4,0,0.061398543,0.04449252,2,0.97268766
rec_2f299ec7dd95681c29e2,grp_cfb98541694407b645a0,1,0,-0.045200653,0.008446961,20,0.99447685
rec_2f2b9ad2b985dc68bf69,grp_f80533563b5428b891eb,1,0,0.036566157,0.034136645,42,0.98111904
rec_2f3db9e3b7e7bf18c805,grp_b77045e80c05799fd052,2,0,0.12118535,0.07061735,8,0.9363642
rec_2f45869dc93136cc94d9,grp_5600b12b8c5d302ef7f4,2,0,0.037386347,0.021778286,16,0.98552763
rec_2f54ef66f011158310e9,grp_c62d0cbd4dcc48b7af70,3,0,0.24039762,0.23013024,11,0.9643004
rec_2f5e7ad0ac8641568fed,grp_2589bd3c26164fb7161d,2,0,-0.024823837,0.008870227,3,0.9916187
rec_2f5f85d4f393a2f88077,grp_d1d83e0c239a65485718,3,0,0.21048224,0.16365573,16,0.9592781
rec_2f5f891b1feb8c0b5560,grp_434ddad2e25da9dd61c8,3,0,0.17260212,0.10268123,0,0.9739854
rec_2f632228fe352e1e02ff,grp_e59392404160e9b2c6ad,4,0,0.066089235,0.04802028,46,0.9927584
rec_2f6f552d1b8e89a7ffee,grp_005990fc90c4cc15b260,0,0,0.016511105,0.0238764,8,0.96427953
rec_2f779da021e0a67931e3,grp_f14ad8f2aaf8906ecf50,2,0,0.12334623,0.07272332,53,0.98714477
rec_2f7e440618ea3a10a9cd,grp_97d7b368d68b1d045e73,2,0,0.08585126,0.04331991,8,0.9716087
rec_2f7f9ada67b4d7150646,grp_3e34ff7f47a148690a39,4,0,-0.022039833,0.011096287,49,0.9322489
rec_2f7fd36e4201b9545257,grp_d83983d14bcff257c144,3,0,0.11113096,0.045720316,8,0.9703451
rec_2f82c9f7dcd1f3459423,grp_365347a1c21cb574c3ce,1,0,0.016804002,0.024446215,57,0.9775538
rec_2f851a98a64d9c4dbe2c,grp_adaa8bb31699f9c69765,4,1,0.14203148,0.15555185,36,0.9908611
rec_2f8933e5806fef8bb229,grp_780bec3914f5b8b8ea68,3,0,0.17866506,0.110867485,31,0.9690039
rec_2f96eb887a1e6e8ca2ff,grp_08e2d402032ec11a6bed,2,0,-0.046287034,0.0064927125,29,0.8922006
rec_2f9c4ef5d602897c2776,grp_e256d0f38930978484ef,1,0,0.12844455,0.14882001,6,0.9799237
rec_2fa348d67f84606ec9ad,grp_8f805f9480d9e4a57c75,4,0,-0.040563133,0.008114893,50,0.96919554
rec_2fab3a0e813c7c23da45,grp_920144fb35b9393cd2de,2,0,-3.24368e-05,0.012704992,12,0.96580887
rec_2faba41777bebaa89016,grp_c3952c197eafb3334207,4,0,0.017647805,0.02160259,52,0.98554575
rec_2fad12d3bb5d63ca0bbd,grp_ca851fc6d89c0aee38dc,1,0,0.061210085,0.05147436,16,0.9704685
rec_2fb5992fce90819bb772,grp_872693e2989661a99fae,0,0,0.013907861,0.022912983,11,0.96992743
rec_2fb8dd1bccc6b781561f,grp_86c8853c27f7ac1b5bf4,4,0,-0.0023690332,0.015451225,30,0.94388884
rec_2fc608e6e5a77a4e736e,grp_a298dd74974d487f8c5b,2,0,0.009458539,0.014572495,18,0.9358145
rec_2fd18d3c557586782256,grp_9cd76304dccf200b831f,1,0,-0.09873678,0.0033446564,62,0.995086
rec_2fd69b9c00f77994956e,grp_f819b002c2e329572022,3,0,0.05459793,0.021059759,40,0.98353696
rec_2fe107f14c8625ef97ea,grp_5c025ecd014193b714f4,2,0,0.010266756,0.0147434985,19,0.98568404
rec_2ff2b5c41f306377a014,grp_5594426e9f75aefa9391,1,0,-0.1571132,0.0012137307,49,0.94539696
rec_2ff2fdbb1f9d0de71dc4,grp_9d1a7aea2f6c8b981959,4,0,-0.017859908,0.0119064525,35,0.9847778
rec_2ff79476ba4bc9dbb555,grp_ff8afcb55cba06efdc51,2,0,0.09298761,0.0478653,13,0.9407639
rec_3001a9796796888cc904,grp_d9be908c4bafd45efe5b,3,0,0.12753262,0.05699472,15,0.97316355
rec_30038cc66a1b09f0505b,grp_40217a10d81725240f5a,2,0,0.0343717,0.020857068,13,0.9507385
rec_30071a8f286abd4edf32,grp_0ed75960ccb53564ab40,3,0,0.004664735,0.010494814,60,0.9918407
rec_3014e96141628dfb9653,grp_44082b4ec25371027384,2,0,-0.006295262,0.011604174,33,0.9828181
rec_30237f1e56c2e3f3aee7,grp_69ee41a0eac1adb816bd,4,0,-0.031518232,0.00945564,56,0.97356623
rec_3025447e542c9cce195d,grp_b43f1f76aa3a9ff855a3,2,0,-0.030297378,0.00819236,1,0.9796366
rec_30274842c2a606d7052a,grp_1351e74cc25c6caba666,1,0,0.091614604,0.08434227,63,0.97139364
rec_303b2510de49b31edc02,grp_fb808c04693bf812f3ad,0,0,0.07887306,0.06294898,27,0.9964985
rec_30404400683d5ff6258b,grp_700c2f11e2ed053b3e97,4,0,0.040943593,0.031805724,27,0.9759926
rec_3058cc59c9b86b3cf4f3,grp_3156112a55a10af87c94,3,0,0.10113394,0.039925158,30,0.97933924
rec_305f6bd55c56b19de838,grp_90f1b231dac384792158,0,0,0.036109414,0.03250869,32,0.9600371
rec_306453d5789dc1e078e4,grp_8f1546f5e9e4000a4186,0,1,0.17792441,0.25053772,44,0.9854284
rec_307b058c421b89793ebe,grp_7d32d82772cfebb546a7,3,0,0.12737912,0.056877997,5,0.99296135
rec_307d983c32ff6b7683d7,grp_6a4d25913efd1687831e,0,0,0.060738184,0.04768838,8,0.9850237
rec_307e72dc2e6f6485dd3c,grp_5b5ed78c0229d83f1c25,4,0,-0.11059953,0.002471645,3,0.95532846
rec_3083675f86e8e6a635ad,grp_e8f98d3b4cfe073b7bd4,1,0,-0.0132372845,0.0146396365,16,0.93836147
rec_308b531f1bfa5527f0b3,grp_e6f98e29c617b3907013,1,0,0.15638284,0.22136404,34,0.9730288
rec_308f1b8174f8c5344e40,grp_6444394b9d10eb8fbb48,2,0,0.029641619,0.019488,24,0.96619385
rec_3093f65a7df3bd209cd4,grp_87c9bd2a272bc3b5bc02,2,0,0.05195944,0.026822105,32,0.97662497
rec_30954d6a18bcc88b2f86,grp_83bf5ff12891faa4d020,2,0,0.1563597,0.11284818,2,0.98343545
rec_309a14d5c15c697f7fc1,grp_3fbff2bc2f381a859228,2,0,0.041926105,0.023241054,12,0.97187775
rec_309dcc2b7ff94e1c1aa1,grp_e394bf34a4d6c23c755b,0,0,-0.00041852007,0.018253714,35,0.9374703
rec_30a1f94b822bfd10a5cb,grp_2fe55dad1950e6ab4a78,4,0,-0.014787318,0.012539004,54,1.0063413
rec_30b161cf7bda1ad393f8,grp_84dd7be8cb5035b26314,3,0,0.15096366,0.07768297,22,0.9420215
rec_30c4f70e5ae5dcb61be7,grp_72cb4df08ac286b06752,1,0,-0.046512116,0.008257953,20,0.9938901
rec_30cb114b0db1825abea5,grp_4cbaddd92f39d77973e4,0,0,0.11381336,0.10580104,33,0.9949512
rec_30d72bcf4a42562735bc,grp_92ba0264da58ccf66423,3,1,0.1751201,0.106014,59,0.9840593
rec_30d7547f03f9ff54fe2c,grp_685590da5a72ce49df38,2,0,0.07226456,0.03578142,36,0.9697202
rec_30deff8062e1e2211f30,grp_a88fb08771c7c07ff748,1,0,0.11671129,0.1247656,53,0.98286843
rec_30e29661facafd7b54e6,grp_74ce7c931b2c7dde3010,2,0,0.09019689,0.04603623,14,0.9874362
rec_30ec87bc3e946f35b1b1,grp_ab86eb65b42f17499dfb,2,0,-0.03425131,0.007734894,47,0.9895002
rec_310004c24ad8664f8563,grp_b650d67bb2b7c8826cf5,4,0,0.024197247,0.02409408,30,0.98707914
rec_31055b48bbc108ca3cb7,grp_751fe90a1e38a3a58fae,0,0,-0.04599789,0.008806966,31,0.97408366
rec_3109e3f4635c63a6dab3,grp_a11d6a2be76d4f1adc87,1,0,-0.097102776,0.0034407876,16,0.958996
rec_311158b027a33bc205f8,grp_5431cae849f719ec1453,0,0,0.115965664,0.10914543,34,0.9682898
rec_3113b2e7a132a7cd4c17,grp_35a7260f9e83cfd87dee,4,0,-0.012641364,0.013000358,10,0.9810268
rec_31251f849030c1e1927e,grp_61a50119bfb0596695cb,3,0,0.10717428,0.04333661,50,0.9405328
rec_312b62d26b9668d879a2,grp_5f4ba5fd2e5f9d228cf4,2,0,0.10285959,0.054904003,61,0.96607256
rec_312cffa634790ea205aa,grp_ee5ee5cb86c21a345dc2,1,0,0.06581992,0.055534773,57,0.91839355
rec_3134293190c9bf427e81,grp_73835617c668144d4c96,0,0,-0.043755077,0.009129873,31,0.97614473
rec_31426f69ba8e0927ce92,grp_a9dd9bd5c42cd6d5f56e,2,0,-0.05757639,0.005508498,39,0.93336684
rec_314a1dd138723dac37bc,grp_2fdef63310efa654b35a,0,0,0.014325526,0.023064958,8,0.9855872
rec_31778c72a52dfa6b96db,grp_99343436b857e8e54330,0,0,-0.079833575,0.0051095774,13,0.9897217
rec_317a412b3e1afd46c220,grp_eb092ecf884cad40ecc5,3,1,0.09668179,0.03757701,59,0.9988754
rec_317e23ede3c11e08778e,grp_beb746670e2ef5eb2b65,3,0,-0.021486707,0.007269922,17,0.9616721
rec_3182aba2109bb67407a6,grp_ba2826642ab7244efaa3,3,0,0.071330376,0.026542153,30,0.9656669
rec_31849687cab73fc099c5,grp_caf5d5f602c73408e361,2,0,-0.028741937,0.00837959,22,0.9848505
rec_318b6e25d70cd43910a4,grp_909f2f8cdb369b384d4c,3,0,0.0025543524,0.010188919,48,1.0017747
rec_319328cc62be8b6b09d4,grp_58003a911574bd546adc,4,0,-0.034829464,0.008941085,8,0.95760435
rec_3193893c54fad5d24298,grp_87a423a8beade44264bd,4,0,0.11122101,0.0982178,20,0.9539861
rec_319a420d9249375b9cb9,grp_f77441b94494198bb5f9,3,0,0.12110478,0.052294508,3,0.94109726
rec_319fbbbd85162d459c91,grp_ccbf5550e173c2773ab5,4,0,0.12910676,0.12874074,57,0.98395026
rec_31aa1b8bc40e8bf48955,grp_14abc95c371036babff5,0,0,-0.062178817,0.006789922,42,0.99045235
rec_31afefbe39d2f631b510,grp_8f868bd139648368ec28,3,0,0.1516269,0.07835869,9,0.97310597
rec_31b4de8bf2184ab051d8,grp_f71860c87cd0fc2786ea,0,1,0.17113046,0.23044312,44,0.98385715
rec_31b56de51f6e528820b3,grp_aa16ad41a33f93ce1b12,4,0,0.06101599,0.044215966,1,0.9947616
rec_31b9a78d60779c6f90a7,grp_a80476c00091d6f335f4,0,0,0.009418,0.021339824,62,0.9503691
rec_31d8acc771e3df4735d5,grp_e600bec27dc21f13ba27,3,0,0.024733977,0.013897144,56,0.9182389
rec_31d8b833d69c516f87a2,grp_e535125dd2639b4876c6,3,0,0.12644756,0.05617436,41,0.98906827
rec_31de61f1c37782483375,grp_f2d2aa4d6fe3cf6f39ca,1,0,-0.011106625,0.015184199,38,0.936202
rec_31e0c7ce068c254d64a9,grp_3becb81a8963e03385bf,0,0,0.052930977,0.04226208,61,0.94641614
rec_31e1b2f8bd048c3fff3f,grp_021f8a091238b4b53f3e,2,0,-0.05950725,0.0053556934,17,0.97414815
rec_31eb1e6479efad7b0109,grp_954fa65a46c3c93ebc6a,4,0,0.02129623,0.022957671,4,0.98364294
rec_31f0906b6eca78217ee8,grp_600d7d683039b05e709d,0,0,-0.06167411,0.006845285,13,0.95812154
rec_31f771c121c421f0b82d,grp_617b657d93cc453188d9,1,0,0.034258325,0.032837063,61,0.98412514
rec_31fddf677648c0390a72,grp_6488b649ade2f23c3ea8,0,0,-0.09949392,0.0037210528,50,0.9693625
rec_3208a642a14492bec032,grp_bb260432dcf861e16dea,3,0,-0.006196614,0.0090119075,35,0.990686
rec_32114052e17caa81935f,grp_08ac0503203f7e93714b,2,0,0.015336385,0.015862077,17,0.9230917
rec_32317d35e20e3cb97fcc,grp_4bb13844cd3b73e85ae5,4,0,-0.13015656,0.0017718677,4,0.970614
rec_323eee5080102ff568ad,grp_10ea188ca9ca8fb34aaf,4,0,0.08352044,0.06358827,56,0.9866997
rec_3240cb4848457f98b5b4,grp_f8d4f7ab7fda9d635583,3,0,0.060141277,0.022740725,0,0.986614
rec_3243d06c42c4b1b65209,grp_1c65f0d6ce0e29f12356,2,0,0.007258089,0.014116772,29,0.99670595
rec_3244e2714f9dd70649a2,grp_c83293d03c8874c6ad84,0,0,-0.004274831,0.017167205,53,0.94160384
rec_3249a03f6c58aec20d17,grp_040eb40eb38fc5275a9c,2,0,0.09353901,0.04823477,16,0.9872031
rec_325183568f9e1d94b700,grp_460dde671ff0087dc6bf,3,0,0.06166257,0.023224523,41,0.9598491
rec_325563dd21bc13dcefaf,grp_92f9d7d863deb55ae798,3,0,0.032816734,0.015556481,50,0.95338845
rec_325f598662effad6088f,grp_ae42e30767044ce885f9,0,0,0.023204349,0.026538402,9,1.0059695
rec_3261d2839c97f265d4bc,grp_f81e2bf3d66f3d48e47b,0,0,-0.11880196,0.0027242946,1,0.96970284
rec_3268777c1a25503031c9,grp_10e57c9cade733b06550,1,0,0.06787443,0.05743996,33,0.97833854
rec_326b81c828dfa1822603,grp_ef07b58384800799f401,2,0,-0.10866811,0.0026136604,5,0.9306662
rec_326db62eee0dd7059299,grp_833fff371325acd9fb90,2,1,0.12247635,0.071868666,57,0.99416006
rec_326fa62063fe3c5f4183,grp_8a3eed3ea02792b30174,1,0,0.030853663,0.031006733,48,0.98483485
rec_327e3f8783072f262df0,grp_e6ff9415abef25e3e845,2,0,-0.020844672,0.009397649,59,0.98751915
rec_327f10e74b5d49fd113e,grp_188b6e65a2a7b0f35c98,0,0,0.12197913,0.11898476,14,0.96506155
rec_328327803f18fe98f683,grp_d0f459e51de3e34ce4b1,1,0,-0.0241638,0.012135561,22,0.9606213
rec_32833b317785b6b6c371,grp_7d73440693c89c41a186,4,0,0.09175908,0.07248601,0,0.93050194
rec_3291d8a96d5733a7f586,grp_8a935b7d8f57b9cc1633,3,0,0.17463908,0.105370045,31,0.9793731
rec_329890ac06d7dbf957b3,grp_f13d2b5da6a3bed18472,1,0,0.07664923,0.06628732,31,0.97235125
rec_329b902d9721e84b623d,grp_86497c5e680ab036cb50,2,0,0.21423931,0.2289782,6,0.9555605
rec_329c731954ef76233831,grp_e2e741f5d97a15d62455,2,0,0.10505191,0.056594476,15,0.95848924
rec_329f99e2aec8390eec17,grp_ea0478e1e77529c58d22,2,0,-0.043371078,0.006774145,6,0.9688897
rec_329fac137504899c94a7,grp_61ea5986dfd45e7fdc32,1,0,0.03362138,0.03248688,3,0.9353536
rec_32a627466748bb92f323,grp_3e05ff325b1d6b1db8e4,2,0,0.090109944,0.045980327,22,0.98735756
rec_32aa7941837025c94e80,grp_02790ef48b6d3d89683d,0,0,0.036736224,0.03282959,56,0.9854977
rec_32ac54c5e2b479e64b1c,grp_ec44485da52c75391fb1,3,0,0.07828641,0.02920997,35,0.97835696
rec_32ac6458a094a6204172,grp_8c46c2ad5317c048942c,3,0,0.22723009,0.19875859,31,0.95536256
rec_32ad208aed9f4bd7d6ce,grp_a3a06af36256fab19acf,4,0,0.058602046,0.04250834,24,0.9848087
rec_32b13596d996f8d8e17b,grp_5fbceb03b0fddbcf9edb,3,0,0.03222641,0.015428956,58,1.0050075
rec_32b585893cf9cdd3fb28,grp_bad1e2cf1b5f1544a62d,4,0,-0.03896713,0.008336949,4,0.9837816
rec_32b87dad1307c2690917,grp_d7fdfda239b048c18fe7,3,0,0.058081556,0.022101363,5,0.99365664
rec_32d017455e5d59e565e3,grp_0f9a60b6865a337ca1e8,0,0,-0.074073866,0.0056064967,45,0.9254517
rec_32d1a0e540d820b25f99,grp_8e7de02a7d062744fa15,1,0,0.0029501065,0.019310633,11,0.9691099
rec_32d41c23ba119d196e7c,grp_a8dfced30e921831d7ec,2,0,-0.0005220949,0.012615335,59,0.99907607
rec_32e26016ccf5f358e842,grp_5bb77b46f9ce2e048c67,0,0,-0.023960007,0.0125383595,28,0.9455891
rec_32e57c297271006c647d,grp_80c8557315bf1af0bfc2,1,0,-0.020495145,0.012925187,48,0.9715685
rec_32ee43199fdf9792beb4,grp_c78b6467e381e037947e,4,0,0.08026598,0.060362156,57,0.9956245
rec_3302140bcbfb44cd16eb,grp_9e7a366852e6013b4e16,3,0,0.08361215,0.031426582,52,0.98788023
rec_330d984c54224464b26c,grp_dffe3350197d61ef26d7,4,0,0.11226628,0.09980816,17,0.98464304
rec_331473c7c04b2b3a04b8,grp_cb164f59765c70c62bf0,0,0,0.030744448,0.02988339,43,0.97908974
rec_33191a4be867fe5b394d,grp_89bac171a222af8677c7,1,0,0.14193659,0.18107034,6,0.97511065
rec_332a0216e38e59e2a444,grp_c9117c654b26434e5754,0,0,-0.03608711,0.010325004,50,0.9671897
rec_33309c116d92a3fd58c0,grp_c503e49a6ee5e0a7b32a,1,0,0.077791914,0.06752864,4,0.93651587
rec_333b7695895cb6ef86f1,grp_181eb80ea201f575499a,2,0,-0.047494728,0.006379583,19,0.99993944
rec_333de5b5101c5911d4c2,grp_06ddf755bf2cbd61da04,2,0,-0.06678758,0.0048165224,19,0.9890909
rec_334039a969586f33ff06,grp_5699600047c2b43cdd9d,0,0,-0.046986397,0.008668266,13,0.9868689
rec_334316d2dde545a5a6c8,grp_898152a29611ef51eaf4,1,0,0.039415594,0.03580976,40,0.99937576
rec_3354be838fec620711a8,grp_b0f917d043c916e636d0,2,0,0.004559283,0.013576983,6,0.982773
rec_3359a84306ec6414c947,grp_2b7fdeabad05d5851d03,2,0,0.07938393,0.039559085,48,1.0021747
rec_3360ebd73a9b4ee8bf5d,grp_ea00bae7745858cb603b,4,0,0.019962862,0.022453077,27,0.9620686
rec_3368dbc711d24dca0abd,grp_380461a06066671eadc9,1,0,-0.024015626,0.012166508,63,0.91214556
rec_336c535713d76c103e64,grp_a1a860d32063fa97d75c,0,0,0.018179437,0.024514489,42,0.9858494
rec_336c90fa4e2f62cb4716,grp_9d4d7dc8c5dc5c758472,2,0,0.052489433,0.027025508,36,0.95969456
rec_3370ec8df71ae36f1898,grp_9e594620928a0033a8cb,1,0,-0.042398278,0.008865337,26,0.94372606
rec_3374ed579ee201db9d54,grp_80058836a6c89c788774,0,0,0.006259003,0.020296805,30,0.95109755
rec_3375088547aabe97acbb,grp_c1fd14f9c445dc359161,0,0,0.013650084,0.022819674,47,0.9699681
rec_338cbe38db8867a371e5,grp_e1e3b3b619adbd9935ff,4,0,-0.08932665,0.003548831,2,0.9115971
rec_33968382e98cec42d74f,grp_d2b7556e96853542ff88,3,0,-0.0052386285,0.009133894,5,0.9997263
rec_339e6a8fb931fb4b29cc,grp_be854ac01647db408135,1,0,-0.028781213,0.011209149,48,0.9903311
rec_33ba21a3f34b6cc8d944,grp_903c12de333ff83117ab,1,0,0.0515324,0.043846436,31,0.9749672
rec_33bccefe42e1f1b65fb8,grp_4fb0c3b2cd43c92917dd,0,0,0.081650466,0.06565585,35,0.99426967
rec_33befc1097c1fff402c5,grp_7700709c07fe275a8e1d,0,0,-0.013072491,0.014920836,0,0.9926177
rec_33bf6784e91f23937301,grp_861c35328d2da054c185,1,0,0.014325633,0.023438547,59,0.9751931
rec_33c6dcdf3261ae59ae01,grp_a53db571995c16dfef22,3,0,0.10527607,0.0422356,22,0.94824404
rec_33c875aa88c712ff4256,grp_2bd538e88b9a6e35783e,0,0,-0.07751427,0.0053041764,10,0.95416373
rec_33eebb56c3bfda67c833,grp_5712413e25d8520e8d2c,1,0,0.015611868,0.02395635,6,0.9646606
rec_33ef9fa98e87c2c4280e,grp_f464472d026d9fcbe7b1,1,0,0.11664246,0.12463486,44,0.98057914
rec_33f156770562aa2c77e7,grp_8178c9a2a91162fdce69,1,0,0.039885435,0.036093116,12,0.93848264
rec_33fb71f7678cadfc4b83,grp_cf47128e6ff5d74bcf1a,3,0,0.0067341006,0.01080359,23,0.9727058
rec_3414649c6e4c06d00344,grp_328b5255c8a2c94a1203,0,0,0.04546313,0.03762753,32,0.9495659
rec_3426ef33018edca0a4e3,grp_cbbc4b1017412bf4594c,4,0,0.0030208747,0.016913764,53,0.97804487
rec_3428999527a28ec740d1,grp_ec0d8c20a6697f6e25ed,2,0,-0.029429855,0.008296265,14,0.99613893
rec_342cbb821291bf32abc4,grp_1776b149d606ddaa48d5,0,0,-0.03138454,0.011133236,26,0.97441846
rec_3436a1439285f018c641,grp_38b0d81558e11f47ee38,0,0,0.081253156,0.0652621,14,0.9789771
rec_3440bd0c92e9f8af6761,grp_dd6bcbb754b62dc005c4,1,0,-0.025778085,0.011803383,22,0.9707277
rec_34423146e86027cec6ef,grp_faf3c5562a43132cecb9,3,0,0.14649352,0.07326635,52,0.9741311
rec_344272083fe05122eee5,grp_df2876536fdd19e53c59,4,0,0.06399927,0.046416793,52,0.9633235
rec_344afd4731f65a59540f,grp_981304507bd2a4e898a1,1,0,0.023724318,0.027488606,4,0.9640951
rec_344c91a7b1c01e8a76bd,grp_fb098e7f244c62053e16,4,0,0.01972231,0.022363203,1,0.9851082
rec_344d579cffaab6f8822a,grp_33ff0979b335017477ca,3,0,0.14412376,0.07101982,2,0.9766142
rec_344ec9eee41513dfbe60,grp_0f932df58ab520bd10ec,1,0,0.0017005526,0.018903138,7,0.9399063
rec_3465d148b8a896f0e902,grp_e08fe58f520b5ecdeee8,1,0,0.14968488,0.20192832,17,0.97165024
rec_34676d15fb9e1b772866,grp_8775f676cc6e78b38595,3,1,0.17352237,0.10388837,59,0.98662424
rec_347003a4de9c7671bf10,grp_a99805493d383d21ed71,4,0,0.14403789,0.16009998,9,0.9821321
rec_34716b0c7b51347900a7,grp_051dc3990775589a47e0,0,0,-0.04127177,0.009501098,47,0.95796156
rec_3478701f7945e1b6200b,grp_a11b2e70d5b82b25665d,3,0,0.0147591615,0.012088319,9,0.9732879
rec_348e428fba0e81110b58,grp_6aa0df4c931a15bccd19,1,0,-0.0094233975,0.015628465,48,0.98854876
rec_3491d40baa56195e9610,grp_ea75985e424a09fa2c36,3,0,-0.07835784,0.0032618465,35,0.9945128
rec_3494fd093c73200df315,grp_7a57274f061426380fa1,2,1,0.105776,0.057163484,57,0.9961343
rec_349896354ae61d704d8a,grp_8c1dcfbcffd23557a909,2,0,0.15601954,0.11235025,6,0.94287604
rec_3498bb6c4a8cfcc05394,grp_72759ca7446b3c6bfa80,0,0,-0.04566579,0.008854056,15,0.92466956
rec_349b2b8a196e5bc6613c,grp_f5f5b7c7b028001499ce,0,0,0.017184107,0.024131833,33,0.990213
rec_349e9c8f5ae333ed1106,grp_f8caabccf2b7e4f843ac,2,0,0.061827134,0.0308648,20,0.99074817
rec_349f2a0f2bee844eb94c,grp_84a46efa572341c108dd,3,0,-0.010458614,0.008488489,17,0.98420644
rec_34aeb2cb203d2cf903e9,grp_386dc11c71963821a99a,1,0,0.06329572,0.053275432,44,0.9841453
rec_34b351f2bcf77bb125c6,grp_eb647d8bcae07d7a0445,0,0,-0.04044019,0.009628722,34,0.96975684
rec_34b65644f745994c7ca6,grp_d33c215659bbe81583c4,3,0,0.08642261,0.032661073,23,0.9822826
rec_34bc04fad8fe3b4acd27,grp_4a09d53bf678de3908cf,1,0,0.12975475,0.15173118,31,0.9881597
rec_34c6facf69c893420c30,grp_50f4c2f6ef602379536c,3,0,0.09791285,0.038212687,5,0.98244715
rec_34c7afae8dc3532eda74,grp_d776eb3bc5529d982454,2,0,0.113277234,0.06338225,61,0.9596588
rec_34c908c5a5bba328010a,grp_54c296a1175084d15139,3,0,0.14339979,0.070346296,52,0.96236134
rec_34c93404b6eda50b585c,grp_6c8663c6c518cc797673,2,0,0.02334348,0.017801022,53,0.9874596
rec_34d59737f9f4277ba2ba,grp_f178f428cf2b57c054d8,0,0,-0.04329004,0.009198278,28,0.9776561
rec_34e87f60d972f1a59739,grp_de6fc084a239e9857c67,4,0,-0.02859517,0.009934186,47,0.98233706
rec_34eaeaa55bd4ec43692d,grp_3a87e70d14584522256d,4,0,-0.07624489,0.0044319723,27,0.9464886
rec_35058f05d0d352bd226c,grp_58007d05e204e3f73391,3,0,-0.0041924138,0.0092689805,15,1.0015216
rec_3527a214747610fec478,grp_80ee32506421d6b87a74,1,0,-0.10010167,0.0032664104,39,0.972218
rec_35309b8deb035c3945f9,grp_f68b1bbcc071e09a1716,4,0,0.06823968,0.049724985,37,0.98392963
rec_3534c6c7ebd26eba41b9,grp_c2d4b4a9bb22b13a8ce1,4,0,0.034075398,0.028389784,26,0.9879284
rec_353cedfc4683f1ed3aa3,grp_359ce0a1939b9c5d5dee,0,0,-0.11790723,0.0027639607,11,0.97547084
rec_353e9d77ce6950640384,grp_23668e17542e5d82c02b,1,0,0.039107572,0.035625156,47,0.98747754
rec_35443de76ab7437d29cf,grp_9973d6fe6c66dffc9460,0,0,-0.049457043,0.008331003,16,0.95600533
rec_3546a701bfc4ec3bcc59,grp_21815bde828548076086,1,0,0.07794054,0.067691684,3,0.9729124
rec_3548d846490f2b12c1f9,grp_1892759e9e6150112145,1,0,0.040336296,0.036367055,6,0.98296946
rec_35534347e5dd357dbb8d,grp_9884bd5ed1e08fea7b52,1,0,-0.09190137,0.0037655106,17,0.96201426
rec_3558bc1c161bbb4e601e,grp_ba3fbba12f4cf01d4c9a,2,0,0.039690696,0.022509165,47,0.9822054
rec_355dce4e332ca72175ce,grp_9d35b5e092975cafb164,0,0,0.017882954,0.02439989,1,0.98771113
rec_3564448a9f0d11003c73,grp_d7254c8a48a32a7530a3,4,0,0.06887455,0.05023913,25,0.98315066
rec_3567ccb1b52d3de19224,grp_d2a5eac551c6bc05de37,1,0,0.025274066,0.02821877,5,0.98617584
rec_356e9f4425343609c90b,grp_85bf81f8faffc31a385a,1,0,0.06680414,0.05643991,6,0.99773526
rec_35720659a3b73ccc9727,grp_d4bfdeadc5fc8de6e1c4,3,0,-0.002912147,0.009436985,63,0.959024
rec_3572145a08b4f9a62c18,grp_a8bb4ee78654f737fe19,0,0,-0.13578485,0.0020703892,22,0.9833267
rec_357d0f26dde839b8d0f0,grp_73a9326a82904ac94fd8,3,0,0.13882606,0.06622601,50,0.9232267
rec_357e3b6d4e0451c57277,grp_822f1c03afcf3336f685,3,0,-0.03027335,0.0064246925,17,0.9806756
rec_357fa3b0760761d165ed,grp_edd17eeb12f613015f29,3,0,0.118868604,0.05074695,24,0.9575909
rec_35893b30e391e26739c2,grp_3a89583fb5adbea0a264,3,0,0.045123406,0.018463986,56,0.9435084
rec_359022999ab6482ec4eb,grp_92c134915e92b13ca1d0,3,0,0.008995056,0.011151225,11,0.97292763
rec_35918100df0c11e5682d,grp_529fd506489786a04e64,1,0,0.032824595,0.03205391,18,0.98526037
rec_3591a5afd015595e5fe1,grp_f02a8702baeb9aa2063d,0,0,0.056996793,0.045009997,12,0.97810364
rec_359eb3c35b8aba502d5b,grp_bf6819041e5d519081f3,1,0,0.07007786,0.05955137,47,0.96631724
rec_35a61241bc8297c4c8aa,grp_d838adc1f4e21741f888,4,0,0.101754464,0.084816076,54,0.97673875
rec_35a6b8dee16d75597131,grp_2a2b27dd58689533acca,1,0,0.046565793,0.04036273,48,0.9973149
rec_35ac30b5d73f3e6f2bfe,grp_43d1c6f185eb6e484f86,2,0,-0.037539344,0.007373842,38,0.98818594
rec_35acfac684726dba442d,grp_14879d58d42534470fb2,0,0,0.059498858,0.046784814,15,0.9897557
rec_35c16ca9e461f0e5fbe9,grp_a571f60996ca0aaceb25,4,0,0.03064166,0.026818234,22,0.96235293
rec_35ce251d3c65e3fc13f5,grp_26a42bc3d2db7953aaca,1,0,-0.10933538,0.002782925,63,0.92365336
rec_35ce4239e44425467bc6,grp_f2e82dc8e498d9348e38,1,1,0.23620664,0.5327703,46,0.97627676
rec_35d1deb767b304c0ba70,grp_51a65f7673d0cfe48ef5,4,0,0.03237131,0.027598986,4,0.979488
rec_35d4f184820306c9bf50,grp_5689987613ab9d0102b2,4,0,-0.076008074,0.0044498285,13,0.99808395
rec_35de37c82c9b36c89e7f,grp_52cf24ea4fdb33881114,2,0,0.01867097,0.01664294,7,0.9787665
rec_35e19690f568c9acb10b,grp_21c7bde7122dd38166b7,0,0,0.006814061,0.020476386,16,0.9600882
rec_35e83902c46a1ab4c1dc,grp_7a02d85fa34dababd5f7,0,0,0.057749517,0.04553708,35,0.9878633
rec_35ebc2cf25f4578782c4,grp_373c9e65a03268c7d8ed,2,0,0.086322516,0.043606922,19,0.99237204
rec_35f5c05d99b6515c495b,grp_8979428c9b0a61fb3da7,3,0,0.1003008,0.039475296,23,0.98545015
rec_35ff62584d37135a1911,grp_7fed705362d0760152b5,4,0,0.03558181,0.029107124,37,0.98777926
rec_3603c3cc1db6a67c479e,grp_15d2b6db2abf9ef3e15f,0,1,0.07352496,0.05802777,44,0.9993761
rec_36057b3f859bf11f41e6,grp_f2e0ddc3c37eb92ca164,3,0,0.11811432,0.05023479,36,0.9102806
rec_3606372f47468d60f6e0,grp_0e095a4b829a37884962,1,1,0.0838279,0.074450366,46,0.99954486
rec_360afd53b8b49262ac06,grp_c77e44e1ba8e514c269b,0,0,0.008832397,0.021142593,29,0.94882184
rec_36107fb7c376f7892d3b,grp_af815717e2349fddf9d5,1,0,0.14749432,0.19585526,18,0.9553608
rec_361ab498c150975b83f7,grp_2b7ab8fffe6f63f9600c,3,0,0.082766555,0.031064065,24,0.9160641
rec_361ec8bd38798d6af191,grp_586bda01a6d75caf3791,0,0,0.061447307,0.04821283,43,0.9660237
rec_362453ed11403edf1163,grp_4d6f56ac4a93979e043e,1,0,0.08044094,0.070489705,20,0.99300015
rec_36277c903d0da85f6a2f,grp_ffcc6655cf2f4a22bc2d,1,0,0.05882749,0.049487364,23,0.9827512
rec_364580a68ff995d150ab,grp_a0da6b6a6004ca52c7a9,3,0,0.13028048,0.059122894,58,0.9842032
rec_36479eeb0497a9f61a67,grp_67da4761618bd1e24096,0,0,0.056310475,0.044534482,42,0.9691092
rec_364a52c02c7d62cebad1,grp_69dc91fdb365fa00b921,2,0,0.0003926144,0.012783338,33,0.99050105
rec_366d3445b8fd5fc0c190,grp_88558f3656174fa36fc7,0,0,-0.033799972,0.010710575,11,0.9674467
rec_366e4930bfb530badd83,grp_e207336a890ab80efb8c,1,0,-0.0007384955,0.018131888,44,0.9696239
rec_3679bac2621aafdf942e,grp_341d91a52d13a2f77456,4,0,0.034218397,0.028457133,37,0.99312145
rec_367cbc2026958ca2acd1,grp_c2775645acf83528e4c5,4,0,0.11092883,0.097777344,8,0.9642467
rec_3681fc4b5bd6cf22fa1c,grp_d320d7db7dd362fd993b,3,0,0.13821305,0.06569112,12,0.9689525
rec_36930455c49f0270bdd4,grp_73c50f18d169e3f886d5,1,0,0.13399841,0.16148178,57,0.97485155
rec_3694dbda696520b1d9ff,grp_ded9ad61b4a2bc4adc99,0,0,0.06969694,0.054729447,9,0.9894596
rec_369dda8d6ceb1f9dd6db,grp_91040623c641c5dcbe71,2,0,0.026781823,0.018703397,5,0.9314881
rec_36a0332b0d47970d0f22,grp_0a1f08d266c590dfc3f4,2,0,0.12644802,0.075847566,53,0.9832567
rec_36ab96423559a4b10292,grp_e30c88de89e5f1f7365d,0,0,-0.058458213,0.00720873,15,0.96294713
rec_36bd552c47a233e52491,grp_c1a46c907a64d7002b3d,4,0,0.24871919,0.5319276,1,0.95674676
rec_36cd0e3358e9fa514035,grp_0ccea58852df7a5236dc,3,0,0.08765571,0.03321738,3,0.9795769
rec_36cf00e8919d86cf2874,grp_02da2ebe21c63889db48,0,0,-0.024595616,0.0124115115,43,0.96055174
rec_36cf48e92cc58c18a505,grp_abc4507646c3d55a5b46,0,0,-0.045712218,0.008847459,50,0.99065745
rec_36d40ec59ab66c64af89,grp_771668958cbcf003e461,0,0,-0.0025471076,0.017645901,9,0.97130656
rec_36de2409aaefbd206dca,grp_d851d02f03771df6bda2,1,0,-0.057021257,0.006887374,22,0.94244826
rec_36eed6e86c165fceee41,grp_82a1819796249f82fe5f,2,0,0.048208874,0.025424644,36,0.9719878
rec_36fdd3d4ba2ce6ccef67,grp_08721b5351025897775f,3,0,0.13592687,0.06373152,0,0.95910525
rec_370324e1fcdf94ceaa72,grp_aff64b88bb7efa2f9204,3,0,0.17326808,0.10355357,31,0.94237596
rec_3707677ce653c5d0f4a0,grp_93c7c7bff6859a455bc3,0,0,0.014557988,0.02314997,52,0.9883733
rec_370a3a005ae71c0efc53,grp_c7ef7505eed98170c3ee,4,0,0.083148494,0.063211575,20,0.96805793
rec_3719fe9b3f78065fa556,grp_69b4c3d3c2a8f75d7f56,0,0,-0.07849324,0.005221153,12,0.9976426
rec_371d977c9a7a88737d4b,grp_3741caa35277a3df8a59,0,0,-0.017007075,0.014012346,5,0.984382
rec_3725ba5a500d1e9ff49c,grp_929982461786c1c7615d,2,0,-0.112231925,0.0024810408,36,0.96659476
rec_372cef7b7a9a5bba63b0,grp_1336acaef01505001e6b,4,0,-0.06138039,0.005703527,3,0.9773718
rec_372d571494c0d0242f11,grp_1dbd33c3b1adee69216a,0,0,0.065223664,0.05109908,3,0.9784426
rec_374137f6ee8100746430,grp_53349609166825d20e89,0,0,0.017176442,0.024128906,23,0.97307307
rec_3742c901d834c941abad,grp_df89c079475087242b92,4,0,-0.06033783,0.005805256,50,0.95052075
rec_374d2966a79d4ebe6d20,grp_b899b30ad985c280724d,3,0,0.102892116,0.040890668,21,0.99599147
rec_37661063f0b9fe93c1f1,grp_f903765bcaea4311f863,4,0,-0.07486734,0.0045368527,21,0.9794247
rec_3776503489fdf1c25380,grp_df80819f9ac32c91bf5d,0,0,0.044693336,0.03717853,15,0.92508435
rec_37887ae05cb260a69243,grp_023cf7b56954405c6d1a,4,0,-0.06614198,0.0052609923,2,0.9655627
rec_378b0decbc48188bea19,grp_4d53131b147b37963478,4,0,0.1450319,0.16239281,40,0.9598605
rec_37906a753ed87bc271a0,grp_d26c32d68f399d49fa31,0,0,0.07605602,0.060310114,1,0.97857076
rec_37a18e24ccb23437a711,grp_585f86efea9b7d682106,2,0,0.10328196,0.05522595,62,0.98359054
rec_37b9f855106c35ab2a4c,grp_0360fd6fbfb1fcacc42d,3,0,-0.015222111,0.007939087,1,0.9996256
rec_37bad132885fcf6438ec,grp_38e16d1201a9ba90ff3b,1,0,0.18092649,0.30350676,53,0.97143525
rec_37bd412f871823b79462,grp_3e598773425336594eda,4,0,0.024086274,0.024049612,21,0.9915339
rec_37c4b74a77c5a5989b5a,grp_a8ada1002f882204d2f1,4,0,0.037097,0.029846372,1,0.9643917
rec_37d841a6ab0d6b672186,grp_6cdcdcbdc6a73e62a461,0,0,-0.027171414,0.01191029,1,0.97542864
rec_37dd3dc269780ad39690,grp_2144b2ddcc8aa63680b5,2,0,-0.03257228,0.007925975,53,0.9521145
rec_37e05177950f3a95af95,grp_f87a7fb04b610d0cb0be,1,0,-0.040400513,0.009176062,11,0.97192657
rec_37e1252d36c87005b4d2,grp_3f91052bb3dfbba6f9b6,4,0,0.08483006,0.06493129,21,0.97496384
rec_37e473b62e6d2aaf03ba,grp_006a2bc1cee1404646e6,3,0,0.17919241,0.1116059,12,0.9698306
rec_37f3ff7fbba0f4c92674,grp_106a9ac08a5ee90c311d,1,1,0.05168219,0.043955836,46,1.0052019
rec_37ff29894ee08093ff44,grp_9d0eb4b891ba06c316e8,1,0,-0.017814817,0.013533944,35,0.93942755
rec_3805c4df6e0c765b7931,grp_98fe4fde43860d79691a,1,0,-0.061266135,0.006400112,39,0.960321
rec_380e4fa39361bdfc5b52,grp_405b2ae51435f5a9fef6,0,0,0.09482284,0.080024004,50,0.9941133
rec_3810e128147d3e4e4dc0,grp_264b0496977e1dd24738,3,0,0.1981293,0.14109397,21,0.9719488
rec_38171397af48b1480d2e,grp_97abb1b2156162f9a0ca,0,0,0.11606607,0.109303705,43,0.97033745
rec_381de2cbd4d7caa2e066,grp_9ff10ba41375bca46367,2,0,0.0533799,0.027370643,5,0.97119135
rec_382912e0cf74e5a7f61c,grp_dfc68a3382e1b208ba0b,0,0,-0.037105903,0.010157708,26,0.99948543
rec_382a2f2c5b143d8c5738,grp_09fdca128b3cc7b8589f,1,0,0.028504316,0.02980173,4,0.97399265
rec_382c7eeeba7955c0e793,grp_9326271b9a399e1df616,2,0,0.009603286,0.014602977,29,0.98967034
rec_3836436cfb8233f43feb,grp_63dc8852e116c07fe9b6,3,0,0.13484661,0.062824644,48,0.9817813
rec_383abb5e8f964803f867,grp_1b965c9219e7acd1885e,1,0,0.022392265,0.026875703,59,0.9863625
rec_3850773f923fdd834259,grp_8a734fb2e058c8e8b121,1,0,-0.007015419,0.016286328,4,0.9615334
rec_3850cf6f7dd80cb707eb,grp_a4ce8c25b95023f7131f,3,0,0.13678902,0.06446403,12,0.966668
rec_38553dbef07ad7add8ff,grp_fc5edbced2a9907a7d49,1,0,0.051757887,0.044011228,6,0.9920092
rec_3858347ef135f46f02e2,grp_b050d41e34943cfe9444,0,0,-0.00981149,0.015717572,2,0.9518776
rec_38599b26ebc8785d95e3,grp_077c4aebaf85a5691dd2,2,0,0.026419181,0.018606149,10,0.9634984
rec_385b3b790abca6b676e1,grp_08d9e6f2667bf3cf54e9,0,0,-0.0015344052,0.017932555,10,0.9674682
rec_3869f2a1d54856b06ca6,grp_5889213104544c324a3e,1,0,-0.12202427,0.002232799,61,0.99032265
rec_3883e8184342d70b966e,grp_6042665ca02229702c51,4,0,0.06805822,0.049578942,9,0.9504927
rec_388d8a88bfed246a43fe,grp_9f306c722846c6ec70be,2,0,0.095793426,0.04977372,12,0.9733536
rec_388ef2d761a9ed25746e,grp_93bcacc5ba2dbf92d2fd,3,0,0.10691119,0.0431824,15,0.99666435
rec_3899b8c40f9295405733,grp_487fc6ac1bbef926641f,2,0,0.012334946,0.015190126,4,0.9754159
rec_38ad58947e141878c37e,grp_bf8357ea6455ab960667,3,0,0.10386196,0.041432794,60,0.95893914
rec_38b7af2087cd3da025de,grp_84027276f4bc6cc74af1,3,0,0.14464132,0.07150497,44,0.95020705
rec_38b8b768b6c08ba11282,grp_3cb90ae54a831d46b8c7,0,0,0.010989299,0.02187798,32,0.95711374
rec_38ba1a8d23e61b4aa5e8,grp_4218cbb1fe4eded75701,1,0,0.055470653,0.046810947,18,0.99823385
rec_38ba46d07386e048d423,grp_e8dd72985d6f99412894,4,0,0.05213615,0.03823958,47,0.9938096
rec_38bd87d71678c6b3ca8d,grp_77f7e31ffee80a8db2bd,2,0,-0.010381866,0.01093725,32,0.95660645
rec_38bf893df6612fd6df22,grp_aa552bf6992dfd45c292,4,0,0.04808279,0.035776723,25,1.0008115
rec_38c5f7e242f3a8974db0,grp_79ca0f36f1743779d819,0,0,0.09497474,0.08020535,34,0.9572816
rec_38c63e04fd06f634c0a6,grp_ab7c95580874932c7a6b,4,0,-0.049647678,0.006958241,6,0.96087736
rec_38cdce465db90746da3f,grp_17ae749dee9cc1a0e587,0,0,0.072931044,0.05750408,25,0.9982798
rec_38d0c41005912193c556,grp_2e32873549ef33240d58,4,0,-0.05650351,0.0061951503,50,0.973245
rec_38e95b00fbdd349990a7,grp_62f0e6f412174556b00e,0,0,0.003591945,0.019455211,3,0.9569934
rec_38eb32e5c1b5a6444f39,grp_9ddb0725c445735da45d,2,0,0.021359304,0.017299883,20,0.994864
rec_38ecc155b3529c888aaa,grp_7696080efec31fa26308,0,1,0.1421621,0.15774427,44,0.9897133
rec_38f4d1f8ed1ec38a6103,grp_4f61db5262232ea2deb0,4,0,-0.07269721,0.004707115,24,0.999574
rec_38fa0c2bda4badef2ba8,grp_6379964a193f51df0211,4,0,-0.06045056,0.0057941703,24,0.99765146
rec_390cdf150ba34e80aafc,grp_f69f7ee23760efc97c74,3,0,-0.044972263,0.0052235243,1,0.9758882
rec_390ef0bab1fccf22361e,grp_c71f32bf20556edc0f5a,1,0,-0.037453275,0.009654265,58,0.99245065
rec_39228711f33b52f0d414,grp_a276d8c96c3468fff7f9,3,0,-0.03008732,0.0064415345,0,0.9817469
rec_3927059b4552d0c3ad74,grp_c082fc1d17abfbf374a0,4,0,-0.12036032,0.0020934,57,0.96865463
rec_3938078f6dd2971fc0d9,grp_f2a535d43b0500504661,4,0,0.021535898,0.023049539,2,0.9407187
rec_393a2d3d6a5b61b6db36,grp_753b6d4503db0f587201,1,0,0.1962032,0.3624316,31,0.97439057
rec_394e5877a748d4aea742,grp_106654ec4b0153d4dc81,3,1,0.2962727,0.3974258,59,0.9595699
rec_394f87ee86dc4f763335,grp_66006f58167fe00c4469,0,1,0.01258328,0.022437453,44,1.0088452
rec_395713fc92692e12b1a9,grp_f23f587efa92561862f4,1,0,0.087284036,0.07870199,24,0.9895976
rec_39590de04263d6875ba3,grp_8ea9e9dbf7ef5da23d39,4,0,0.0026987204,0.016822651,56,0.94567513
rec_395e0c996ba648efb773,grp_5eef259feef0b04db314,0,0,0.037472174,0.03321027,33,0.9964278
rec_396807bb798506807ef6,grp_35ab9f079e5937c7b763,3,0,0.16630517,0.09475019,19,0.96985096
rec_396b3ffbbc5ca6af0072,grp_482f5d6069e6bc97eb84,2,0,0.099951446,0.052734885,59,0.9737476
rec_396bfb34c37ce8d6ffd9,grp_78aad579ad7e552eaf0c,2,0,0.095183365,0.04935273,24,0.91838354
rec_397dc77fd00325564bb9,grp_02f40d107c85c475bdfd,1,0,0.037537582,0.034698393,9,1.0043334
rec_398623c72aebbe4d3c94,grp_7f14975a215467c9cf16,3,0,-0.044234563,0.0052780984,5,0.99198484
rec_398b6612bed53a60a22b,grp_b351dc05ce2ef15d8625,2,0,-0.07330944,0.0043795747,1,0.9753466
rec_399b8d0095e1238fd71d,grp_6f3c84a976164841da13,1,0,-0.014583121,0.014305623,18,0.9606682
rec_39a50253b255ca7a199d,grp_cbfd03b9f172ec903e9a,4,0,0.00874692,0.018616594,52,0.9990563
rec_39b4abf58a09c7ecc6d4,grp_8946d6ba86800330db34,1,0,0.0358705,0.03373977,23,0.9723071
rec_39b4ae0981b9374ed828,grp_ac2082f44b750705a3a3,1,0,0.06599564,0.055695355,62,0.9853311
rec_39b668d1f15cb0e2064e,grp_12a1d3b7ad7199ead798,1,0,0.0324572,0.031856142,32,0.9731211
rec_39b6df48669c76eeadb8,grp_832583e01193baa48321,0,0,-0.014395543,0.014609051,8,0.92286575
rec_39ba39f13ae879fef3c5,grp_27153f1409f65bf711d6,0,0,-0.09488485,0.0040083774,26,0.96044576
rec_39c2a724767b4f1b1e45,grp_f5a3a7c929be871c33b1,2,0,0.10413773,0.05588369,6,0.93108726
rec_39c368df50936491bf09,grp_af3f67401a1b7512a24c,0,0,0.05633626,0.04455227,39,0.9723122
rec_39d0e9cd3140ad855527,grp_8c5c551b6c6c91b3ee6d,0,0,0.030886007,0.029949946,4,0.9954906
rec_39e28620bcbf7ddba8fa,grp_766cf73933e30b84ff1a,0,0,-0.018614436,0.013657099,26,0.9875762
rec_39f68ddf759d6ce60c7e,grp_c72997e8894994acf2b0,4,0,-0.12574922,0.001909926,24,0.9821793
rec_39f79ff451df54a565a1,grp_c9c4380136eb0fc8024a,4,0,-0.1062067,0.0026634233,31,0.94065696
rec_3a00ea249781c0c2b746,grp_d7bfdeccc1df167afc5d,4,0,-0.039149262,0.008311304,2,0.9384177
rec_3a081d3dffed7e1a7594,grp_523e8de67b53ee51c091,1,0,0.0040007792,0.019659925,58,0.9673764
rec_3a08d932aed73143bd95,grp_448c21c06300711a1464,1,0,-0.021801863,0.012638283,59,1.0016035
rec_3a0ae51b82b7defcff2f,grp_00a187b88f0db7d76ef9,2,0,0.07003445,0.034671243,61,0.96335775
rec_3a1188826a0a90e8daf8,grp_5caef6b805fccc046c21,4,0,0.098765686,0.08094214,9,0.9539095
rec_3a1cc692bde21b1ddf50,grp_c79844767ad8500ee04c,3,0,0.031343613,0.015240161,33,0.97155637
rec_3a2576852f1cdc00db9c,grp_f2f7559c12d0bc1ecef8,3,0,0.09321812,0.03584256,46,0.95338565
rec_3a281e0ee5730d9d7a6a,grp_aa03a288243b44720a4a,1,0,0.02406632,0.027648142,14,0.9794447
rec_3a30857f4a046835a54f,grp_8dda8d60c03fc3311447,3,0,0.24693371,0.24693924,30,0.95313233
rec_3a396a8b02bcef8dd679,grp_8110dfee73b395a123be,4,1,0.09425796,0.07540411,36,1.0005281
rec_3a3c01a8f5544badd2aa,grp_e37ffd11b36c3961fa77,4,0,0.0981182,0.08012443,54,0.96834326
rec_3a424a79c37f110c2c95,grp_657e1d904fa7f59d6426,0,0,0.11797318,0.11234811,55,0.98231053
rec_3a43a43e933b9b2f7396,grp_4f2a8fb27b710484cced,2,0,0.028552728,0.01918552,22,0.9937907
rec_3a4531909ccbc7e0fa0f,grp_014f89c6afae36bb07b2,0,0,-0.036888193,0.010193233,26,0.9862915
rec_3a484bd63ab72d4ecdde,grp_d311dc0d4458b41c008b,0,0,-0.035573907,0.010410309,30,0.95222425
rec_3a53954a99b4f672f80d,grp_974935d19f55b7a62302,2,0,0.07717524,0.03834792,2,0.97488683
rec_3a54b5d3822c8da1bfb2,grp_f1deb69e18a4726d8b8c,2,0,0.041954778,0.023250587,9,0.96245503
rec_3a5b424c27f07ad1b7a2,grp_3178a2fffcfa55dea915,3,0,-0.051126562,0.004789584,47,0.9799173
rec_3a697c7b2c6388ebbef2,grp_29e5c235c1ac6f83ca13,1,0,-0.06832551,0.0056644883,59,0.9885698
rec_3a70f21a619bbc749646,grp_06c2a6e6727e62d652d1,2,1,0.19947179,0.19303319,57,0.9804099
rec_3a744bed0e81e42d64da,grp_32d76c27fb7cab27257a,2,0,-0.06611884,0.004863707,46,0.9650639
rec_3a7ad85a4b687f7e13ff,grp_393a660579ff3d152141,1,1,0.10531394,0.10467007,46,0.99710226
rec_3a9a4673cd59cad7c421,grp_7f994c3450a90785266f,4,0,-0.054992996,0.006355797,56,0.9547307
rec_3aac21ae9323ce8971ba,grp_6a759df197139117e572,1,0,0.06760611,0.0571877,7,0.9617619
rec_3aad3b123683796873cc,grp_2838d692b9f29a128c1e,2,0,0.060540326,0.030305889,9,0.9744185
rec_3aafae568ab9b24b6fdd,grp_007d8d06a79d2e697478,2,0,0.18770692,0.16759552,8,0.95162785
rec_3aba5d4d29d49e027179,grp_d47912d9396aa4668e39,0,0,-0.05459453,0.0076707955,11,1.0072644
rec_3abb7e969f73cbccd73f,grp_3918905086039fd3d426,2,1,0.18714859,0.16645758,57,0.9817899
rec_3abced31af9b62ff8c50,grp_e28111eee26834a4f881,4,0,0.14040436,0.15194134,23,0.9550498
rec_3acd9235469d37134430,grp_b96da988fc7b5ff9f5d9,2,0,0.09161507,0.046957247,4,0.95712924
rec_3acf1823bc70cd212d6d,grp_2850009d1752b15648c9,1,0,-0.009363608,0.015644472,48,0.99107176
rec_3adb7406636def3fe9fd,grp_a9eeec1529a821e26c4a,3,0,0.053272046,0.020676073,63,0.8977727
rec_3adf2d1180157b499733,grp_60952fb70a457cfcf58e,3,0,0.1318029,0.060333822,16,0.97405726
rec_3aedd85148d389c5b2a9,grp_322940efe2fec28153f8,0,0,-0.03328089,0.010800043,23,0.9774758
rec_3af50a290e0853b3986a,grp_566fd990fd3dabe3b5cc,1,0,0.021610074,0.026522016,60,0.96874213
rec_3af80a1119fa6450cd06,grp_94ce94c1f9f7397fa550,0,0,0.08083333,0.06484843,26,0.95316494
rec_3af89f2789240fe3aac5,grp_1d3ce989fbd6e70862ca,3,0,0.13853797,0.06597413,5,0.98847467
rec_3afeef79293ab1a483b5,grp_1b560b7d29fef87ebb41,2,0,0.06266948,0.031236043,18,0.88102305
rec_3b0f778455da93acbad2,grp_0febb7412f01d59402ef,0,0,0.07093682,0.05577794,4,0.96979636
rec_3b174507b66bddd48340,grp_de6fd43e94c9cb150340,3,0,-0.076659255,0.0033410059,12,0.9535855
rec_3b1b20cda1e93ee2f49e,grp_2a98f1883bc9e3cb28ed,0,0,0.035042837,0.031969596,8,0.9605111
rec_3b1eba320be823e1d8b1,grp_53883ff4d5599384dec1,0,0,0.03862188,0.03381352,11,0.97864157
rec_3b1f11343a4ebcc1caf3,grp_8db55a1cc7dde6883f96,0,0,0.062160537,0.04874582,9,0.9653094
rec_3b2e7669a2b4bca6cd19,grp_781e6d3862f26af3486b,3,0,0.053161252,0.02064432,3,0.96261674
rec_3b2f7a1b9d7e0426a8cc,grp_9d942816a2ab9c423ca3,3,0,0.08257138,0.03098097,55,0.95600516
rec_3b36e9954174a77d7657,grp_002f3b484496088bd2e0,3,0,0.11238045,0.046498667,0,0.9690648
rec_3b376cef7fb34039d824,grp_a0389ee4def446a6636f,2,0,0.053793464,0.027532384,47,0.9943308
rec_3b39efe416a3081d0f09,grp_596f639d1c9fb2e1c73e,1,1,0.1687323,0.2606017,46,0.988276
rec_3b406553f35150b615ee,grp_5043b4a2ce4bff5541da,3,0,0.14435332,0.071234636,12,0.92024404
rec_3b421a4f936945d65838,grp_3dd6e2fa1332e7ac2aa6,2,0,0.012029346,0.015123304,43,0.9881953
rec_3b49c46d7f4646d27191,grp_2629b4d94d375c4c841c,4,0,-0.033830997,0.009093249,30,0.9809259
rec_3b4af26a6b98a67a39d1,grp_dddbeceb6ffa8a642d91,0,1,0.08805066,0.07231018,44,0.99968094
rec_3b548d0d11587c7bdee5,grp_11069affa626e8e1abea,0,0,-0.065315776,0.0064556524,61,0.95963544
rec_3b65d5e7d757c53a0c22,grp_a29e0f53ac4536aaa4c6,1,1,0.12813903,0.14814785,46,0.9932946
rec_3b68a57e7e24d97f46ae,grp_f1c523094aa4959e5e44,3,0,0.060888547,0.022977129,46,0.9546146
rec_3b6d2aa45cf079fcce2f,grp_4aca7b7e801d66c02371,4,0,-0.07968243,0.0041806577,15,0.9866994
rec_3b7500c1d82386041d2c,grp_f49685e27f8145fb94f8,2,0,0.0037703398,0.013423069,6,0.94890004
rec_3b75e90de8b8753693ff,grp_26a04a370bd1747f6d30,3,0,0.036670133,0.016414776,31,0.96881866
rec_3b7e2a6c515e19e26311,grp_5307c1bef0e4f737c744,1,0,0.07666617,0.066305555,61,0.9808563
rec_3b8d9c14e37cde7a7b91,grp_1e43bb20b65fbd170693,3,0,0.111753896,0.046106797,9,0.97292024
rec_3b90c0509481aeb068c3,grp_d487fded239aced18d8f,0,0,0.049953252,0.040352058,3,0.98031414
rec_3b946133bf4f300c7c96,grp_1d1a181770a0402e93c7,1,0,0.05798287,0.0488006,47,0.995706
rec_3b979699080002c75a38,grp_958da5dd859c6c049951,3,0,0.06670812,0.024902081,1,0.98601633
rec_3ba861e61567ee1c62ac,grp_c4bcb70facf6d27278e9,1,0,0.042099424,0.037457645,39,0.9884023
rec_3ba9610508e60593b69b,grp_3004c08c7d4cbb3e1928,1,0,-0.07349014,0.0051801503,53,0.99306
rec_3baa6fa82e4a33d55918,grp_e18be549a30ef3f4b7a0,3,0,-0.024557203,0.0069626947,35,0.9878946
rec_3bac83d8f976cc729c7c,grp_32d5fd8474aff5c2bb85,3,0,0.13502721,0.06297542,12,0.9497789
rec_3bb2a919302878170ed7,grp_db042f0fd1b3cdd68275,1,0,0.006236391,0.020423869,31,0.98980266
rec_3bc56a6ddbd406d430cf,grp_90cec3f44301b9831904,4,0,0.072211646,0.053025406,57,0.95755064
rec_3be6f0d83bff8471c29e,grp_f46f133f9b6718a1de51,1,0,0.016841892,0.024461942,48,0.98058057
rec_3c0a5468c2c6e3ca0a97,grp_df34b7d85dd4f8ffd35b,2,0,0.12835026,0.07782407,8,0.98136836
rec_3c16ce5cf84e3870a3c8,grp_f82ab6f95691fdb05e1a,0,0,-0.06872272,0.0061111134,9,0.9767486
rec_3c19572a3135197cfacb,grp_136e55e8a7f4698ddee5,1,0,0.0019425075,0.01898138,11,0.9697491
rec_3c2748a7b5773d43997c,grp_b35ab298957015397b64,4,0,0.045006204,0.034010045,54,0.9861552
rec_3c2ad9e46c6194fdd576,grp_855b522408499f0def4e,0,0,0.13985321,0.15283802,1,0.9605944
rec_3c30ade5a02242af200b,grp_42a4c356bc7b801a96d2,2,0,-0.03042002,0.008177774,12,0.9986019
rec_3c336686efbd70d06734,grp_812312c8587fff81ae80,0,0,0.050831415,0.040906586,32,0.9343015
rec_3c39832dbc95fd672623,grp_84f6520440610f12e40b,2,1,0.049654264,0.025954597,57,1.0064648
rec_3c3caaf321d54eeb5f0b,grp_5ab3433e9c05845a1feb,1,0,0.13461399,0.16293746,48,0.98655295
rec_3c4bf51252e81c4e349e,grp_c2ded21100e15b8d4ccc,1,0,0.11224655,0.11652621,31,0.9772219
rec_3c4e68634288734d8987,grp_c664be27cf0e8bd95af3,3,0,0.07110708,0.026460566,17,0.9571655
rec_3c51b2f5cad32330ee32,grp_485a9a05d1665b59844e,4,0,-0.044226155,0.007627181,50,0.93888766
rec_3c56172654944e0c8180,grp_fc68225af4b465a756c1,4,0,0.04842009,0.035975706,57,0.98886234
rec_3c6e95c1f8a141f03f53,grp_645e40c3d256a9ee134c,2,0,0.07370909,0.036518715,19,0.9912832
rec_3c71d83a12bb12e6ea86,grp_3d3f6f287b8197b3e1ec,4,0,0.038655315,0.03062563,12,0.99041003
rec_3c773c017e6b1d0a94df,grp_6b5823acefdd08604b40,2,0,-0.04314062,0.006796898,32,1.0075293
rec_3c7ef25e7cc9aaf031a3,grp_111617cf3b9a9b3b98a8,4,0,-0.056049753,0.0062429807,25,1.0012712
rec_3c879c9a0023dedc0779,grp_cbaaff4532c360757d7c,1,0,0.02440817,0.027808512,61,0.98334765
rec_3c8a957361a2944d76e8,grp_4f1af7a45b4c5d2ebd63,0,0,0.12782761,0.12928087,9,0.9803117
rec_3c8c5aa14d8edb344578,grp_d78c9896a9e2435788d3,3,0,0.18993178,0.12760119,9,0.9733998
rec_3c952734fd42ec740ff4,grp_da05beba2a8d081ac94f,3,0,0.027171858,0.014378348,9,0.98640734
rec_3ca26616a2151e4d98e5,grp_e8dfe1e6d08d9093c49d,3,0,0.099972814,0.039299544,41,0.97465533
rec_3ca952e8c9e02edc737b,grp_8e5d4628062cda33c654,4,0,0.048647054,0.03611019,57,0.9766371
rec_3cb5c5e80911edddbced,grp_87dd625fe1af4200e701,1,0,-0.0121648535,0.0149112865,53,0.9813618
rec_3cc2ff4f73e47299eb86,grp_53028d093f750c60800d,3,0,-0.05925461,0.0042709876,35,0.9976886
rec_3cc4aa8af6f3c52cae9f,grp_18e80ff6bc1b01fa3f18,2,0,0.11438086,0.06434881,36,0.94265944
rec_3cc5f2bb1423d84e5468,grp_13aa5f21d83c8a9394a0,0,0,0.0020097306,0.018972205,53,0.97300345
rec_3cc82961e73cc45f07a3,grp_6896edbd377ae87e0243,2,0,0.04999426,0.02608081,9,0.9813668
rec_3ccc8a3a5838a94b3d7c,grp_b96fa02d533bd8550ee7,1,0,0.02041598,0.0259908,30,0.95083666
rec_3cd28effff610fd04a11,grp_a0cb695f3cdbc2a43415,4,1,0.040697794,0.031676885,36,1.0052271
rec_3cdba5b82de719b954bf,grp_557b2d7667d0958c219d,1,0,0.09294633,0.08614923,62,0.9940651
rec_3cf678b6921fd877a0cd,grp_40214e92d5dfb1a29dbf,3,0,-0.030104056,0.006440018,47,0.9934281
rec_3cf911e29c06466ccb29,grp_710e95f962e0213c515e,3,0,-0.018222233,0.0076113245,48,0.9933765
rec_3d0fd38f7a0dd196956d,grp_5fd005da3b1b86a23fa1,2,0,0.069818914,0.034565717,12,0.9690328
rec_3d1660935bc4795c95a3,grp_94dd00d260b6c9a7ca2d,2,0,0.13398103,0.08395384,16,0.977086
rec_3d234cdc9b5696bf4a3f,grp_b77f19aa8d9f80c9f74e,4,0,-0.018270845,0.011824281,50,0.93092424
rec_3d2703e845b6155deb1e,grp_adef795931eb0a0650da,0,0,0.094255865,0.07935039,25,0.96852726
rec_3d36f942704cb11a0b73,grp_f829753fb18df20569a1,1,0,0.057531513,0.04843731,16,0.91953534
rec_3d3993ee0f3620a345c9,grp_00e4d9a099be78f9e7a1,1,0,-0.0005695005,0.018184315,32,0.9607535
rec_3d3a47bb2b4c842415de,grp_44e26c588c0590d2a27f,0,0,-0.055620044,0.007545359,31,0.9558943
rec_3d3ffbcc2d9f6eb71939,grp_30e5b977b0bb84cb798d,1,0,-0.055084832,0.007121719,43,0.9823676
rec_3d42a07e5b122e971503,grp_daceacc88f42b9659600,3,0,0.0029103952,0.010239899,30,0.92083687
rec_3d48f48aff2c310926d5,grp_3f2e7a3365fd159a3d08,1,0,-0.11978431,0.0023213397,26,0.99337393
rec_3d5710f0770cbb085ff3,grp_216537cc35a4481ef1ec,2,0,-0.011369623,0.0107818255,58,0.96472573
rec_3d58cc86c7d730aed93d,grp_9d9067b7ae4614cbead4,4,0,0.073318236,0.053981137,13,0.9967804
rec_3d6140478c174e74ab08,grp_2a848c372bda49c35aba,3,0,-0.0013034025,0.009652378,17,0.99201834
rec_3d6d132ad98929caf0c5,grp_19bc0f17a7fd5da9170c,4,0,-0.044320777,0.007614977,27,0.95875067
rec_3d760d2291f5f7eb19bb,grp_fc400d154e6eaffd6381,1,1,0.11243686,0.116867565,46,0.9962339
rec_3d776e41798688adf7d6,grp_874213f75e2cce8b2535,3,0,0.018644018,0.012763357,39,0.9750775
rec_3d902b121d60ff8d9c9a,grp_38f8f0b9ec2ac4133aff,2,0,0.046921104,0.024961375,26,0.9751761
rec_3da39850cfe4c64ea8e8,grp_3333951b93e78f5b2d39,4,0,0.014734169,0.02057688,26,0.9675546
rec_3dadc1668307687c506c,grp_d20cc63642c749c4c415,1,0,0.034877367,0.033180885,7,0.9849691
rec_3dafeca3170af8e12619,grp_7732cbfc9d1d4edc2610,1,0,0.069796845,0.0592781,21,1.0007172
rec_3db7eca463ebbf0ba691,grp_f158b1defc73344a8898,0,0,0.07858113,0.06267059,12,0.9904568
rec_3dcad1913dd1b7fae71e,grp_b47b03029811abc3514c,1,0,-0.028465122,0.01127027,49,0.9436446
rec_3dd2f4a31a653262f300,grp_432e82d13c5b9af7d917,2,0,0.12665363,0.076058954,61,0.9477061
rec_3dd5a4ae05264e4bc47b,grp_9cf1de3968e1db63e543,3,0,-0.0017861761,0.009587232,63,0.95582426
rec_3ddd4d8cdbabfd849412,grp_47b5a70eb2049806fe45,2,0,-0.014948247,0.010236802,6,0.95452344
rec_3de0a7ed298f1c2ab47b,grp_d588f0ae87222cca09e9,4,1,0.0833589,0.06342441,36,0.99872607
rec_3de41010976258065c0a,grp_e4d85d0406d2b21f97c7,0,0,-0.015914755,0.014258954,17,0.962947
rec_3deaf58a5cfba785a8a4,grp_2f19eec4aff55a9c2014,0,0,-0.011822142,0.015221508,16,0.94700223
rec_3debea64dc43927145b8,grp_dd962a0df689675df859,4,0,0.06803535,0.049560566,44,0.97523046
rec_3ded49ab0c65fbda0e6e,grp_454df86efa30bf449266,0,0,0.0003590528,0.01848083,4,0.9896315
rec_3df3e2df406352a42164,grp_f46938d3ab782169ec10,3,0,0.107733496,0.043666173,58,0.9788982
rec_3df8fb1aa5a6e4bdf032,grp_a2de43d71eca8a8fced2,3,0,0.07983427,0.02983808,55,0.93505067
rec_3e0d492040938b640c43,grp_2bd6495868d19ae2ca1d,4,0,0.086512424,0.066695295,1,0.9788262
rec_3e14dcd45983e9b59616,grp_20e2026b2eb114af250d,2,1,0.23536533,0.28810346,57,0.9727111
rec_3e255a6b71ecf4fb6c65,grp_3aa152eb2907fdd88e68,1,0,0.13920476,0.17412803,34,0.9604454
rec_3e277b58300db96a3aef,grp_d2d0822fd1c64fd456a2,1,0,0.050975736,0.04344213,31,0.9831136
rec_3e3027036cd692e78a97,grp_ef01eb2c2324fd4e2045,3,0,0.17242366,0.10244859,5,0.95919377
rec_3e3137078574876a5bb7,grp_e2cb6481f83e215f32d2,1,1,0.11931701,0.12980169,46,0.99505365
rec_3e371522a3b41bc914c5,grp_ecb0a5efd6ca049d7772,4,0,0.05129142,0.037713245,8,0.9410885
rec_3e39a669d48ab1e63a32,grp_94a1f3432ec23a6dee6d,2,0,0.026718179,0.018686296,61,0.98404664
rec_3e4e535dc0ef27b0c866,grp_57af1eada7b7b2db6fb6,4,0,0.019303693,0.022207638,59,1.0066644
rec_3e57974a58c07dcb1a39,grp_76db9c2b60e739cb03a1,1,0,0.04743656,0.040953737,41,0.9788074
rec_3e5989f8c1acc35445c7,grp_792f9c1163f2ee814a82,2,0,-0.04139934,0.0069712815,27,1.0020316
rec_3e5caa5f38f4633b0427,grp_e8affe14ba43a733ceaa,3,0,0.18002279,0.11277732,36,0.9578372
rec_3e60541a2bdc9e631f1b,grp_83742ea1c9820766450d,0,0,-0.04225653,0.00935213,34,0.9613408
rec_3e6aaaffd7fdad974555,grp_6557bd6afdd95bd0dd8f,1,0,0.008659702,0.021284793,17,0.9635153
rec_3e6aeead82748af8feb6,grp_50c7497347ffbc54df26,2,0,0.18246569,0.15715583,61,0.9460932
rec_3e76cefff85b8b0d6310,grp_1ce4fc3e36b6f553e817,4,0,0.03431294,0.028501745,53,0.97314346
rec_3e8fda223e7f86fc00a6,grp_a4177e54980427ecf11c,2,0,-0.09587839,0.0031505318,5,0.9899944
rec_3e91ed888d12ac19cf29,grp_c25b19f34f8057a8aad6,0,0,0.0028359424,0.019222938,35,0.9794798
rec_3e9f893c12cd74d6183f,grp_e35f1e059805fa81acbd,0,0,0.09505136,0.080296986,62,0.97876984
rec_3ea9b1117910e2ce92d5,grp_39bba2571a141464e01d,4,0,0.039787,0.031203857,26,0.96533
rec_3eb5113a823fbf770c05,grp_676be4e87219bf6f6b74,2,0,-0.060829114,0.0052535236,19,1.0042233
rec_3eb9e20c998404f266d9,grp_5b44502b6938efcc25b1,1,0,0.011806017,0.022455698,43,0.990677
rec_3eba69d366a27d2477dc,grp_e47d3e0fd149c34242d5,1,0,0.10937495,0.11147981,9,0.9921271
rec_3ec4d568302df6225719,grp_d92277d60ab221dd691e,2,0,0.03835501,0.02208265,61,0.9754031
rec_3ec7c81bc892aa224697,grp_a7e59d4c499d6ec859d1,0,0,0.08577094,0.06987149,62,0.9526928
rec_3ec870944c7ee1db2300,grp_fe0e53174a0b4ae3de74,1,0,0.088981666,0.080870725,28,0.96765095
rec_3ecf658609eb999e284e,grp_c1ee947cff6fc558a0be,3,0,-0.029584307,0.006487289,11,1.0190233
rec_3ed0e4d18b2aff6be88f,grp_37c41e6bc6123bb3f9d2,4,0,0.060936768,0.044158902,54,0.9864582
rec_3ed2ff0008d800f62e82,grp_3fde51c9443e1d0e20e3,3,1,0.15242572,0.079179674,59,0.9902792
rec_3ed72e515e7e00e2430e,grp_7317bb408b2d2599d06d,2,0,0.11435821,0.064328834,40,0.9759704
rec_3edd1c6a2ce5f7d5ee73,grp_d1a0023b86b13e9719a4,4,0,0.13872164,0.14828013,9,0.97047323
rec_3ee3087169001aa9f409,grp_dea2ea81b794eca72804,0,0,0.015948813,0.023665017,42,0.98638654
rec_3eecb81067ad5f48bd5f,grp_c742482565d687097918,2,0,0.011832032,0.015080311,59,0.9873249
rec_3eee9a8b436b1802ad94,grp_f883ffe40113e4369646,4,0,0.09311978,0.07406184,20,0.9477531
rec_3ef1587c12e977546d6f,grp_45a68db38c8b4200da63,1,0,0.09792966,0.09322554,13,0.9504217
rec_3ef64729821e5526ce0f,grp_6fb550c662d7c2888d35,3,0,0.022519358,0.013473788,17,0.99197936
rec_3ef84c8bd5a79e52b58d,grp_09c1314ea2cbaeb16a3d,4,0,0.00035698497,0.01617466,2,0.9172838
rec_3efd6400aa722dc1d717,grp_57b185dfdb9e0f54a617,3,0,-0.120771706,0.0017914923,35,0.98650384
rec_3f096d8de1e561f5df8b,grp_cd2dd048f03823530321,2,0,0.106113814,0.05743078,18,0.9715119
rec_3f0b1376a1151182ef4c,grp_81406d2a01edae2d973c,2,0,0.06294395,0.031357944,38,0.94133455
rec_3f1049b96c1cca5fb843,grp_4a876998c865c0e3d057,2,0,0.025010908,0.018233165,19,0.96067864
rec_3f150d8bf66bb2072348,grp_c7b43f6d4e72fcc17c33,3,0,0.012988368,0.011792443,17,0.97099453
rec_3f1563e03f3dbba35bcf,grp_9f0f39b5bb625df0d412,3,0,0.116068915,0.048870485,27,0.9709215
rec_3f17ea87f876034d14d5,grp_a281f3800c05e113d26c,1,0,0.08247546,0.07284488,42,0.9613373
rec_3f1e17e3aecd93e57e9a,grp_44559a2550ffd686a511,1,0,0.10224629,0.099772155,16,0.9842422
rec_3f2dc8ea653797210fa2,grp_8fc1a4a10408aa74936b,0,0,0.008188505,0.020927787,31,0.91256547
rec_3f3a5f7c0b77fc72d29f,grp_5e59967181848bc38f7f,0,0,0.008804683,0.021133304,58,0.94257945
rec_3f50a91246645c039489,grp_213bdfb88fbd2b45d45a,3,0,-0.059232313,0.00427233,50,0.9668827
rec_3f589bafa1533d2810c5,grp_a0e08fb8b39171d916e5,2,0,0.16289522,0.122794025,36,0.9644129
rec_3f5df4371e78e1a4ccf8,grp_82213fe0ed13f3386e55,1,0,-0.13971415,0.0016421856,17,0.921704
rec_3f682a3b58f797f835ec,grp_8eecd4f3ab6ec0ce048a,3,0,0.050713852,0.019955019,36,0.8952274
rec_3f6e479b48ba3e1b35e3,grp_8318969e13361979d6c5,4,0,0.0034160789,0.01702621,2,0.94610345
rec_3f7056e3c36154370c86,grp_1f409b4414a22aa78731,1,0,0.027415061,0.029258557,62,0.96481115
rec_3f71173d9240f299a87d,grp_279e024a5047db1b26f1,3,0,0.3042238,0.42468038,52,0.9508139
rec_3f7369ed655e2eaa7357,grp_6714e00a2350e6d367e6,0,0,0.009343899,0.021314768,39,0.97937214
rec_3f82e4cb9ec0fde96e9a,grp_8251ba6b0a8488648f16,2,0,-0.049301565,0.006213977,59,0.99352765
rec_3f96d4c28d97438df297,grp_4a83bf12747764000809,0,0,0.068730555,0.05392513,42,0.9987992
rec_3f96ffec1614f2c740b0,grp_794c4b932dc9b8168730,2,0,0.037670974,0.02186729,17,0.9595467
rec_3fb6f7085e81238d3eab,grp_68e360350c4764430f2a,4,0,-0.03026665,0.00965768,1,1.0022361
rec_3fb9d4a7bb40cf213ce2,grp_d434146ffc7f5ea9b8f8,3,0,0.053367127,0.020703357,47,1.0002583
rec_3fbb92e55b05ee4e0597,grp_0cc15e405b497cc3da65,1,0,-0.0570284,0.0068865228,44,1.0000107
rec_3fc8c7085bf71ff09de7,grp_5073ec9435c3ea140cc1,3,0,0.16947912,0.09867683,15,0.9850269
rec_3fd32ab63568a032e402,grp_d2f60ff08d6ff9152ed5,4,0,0.0844303,0.06451855,52,0.98912436
rec_3fd39717b92e2e326aeb,grp_020b91bedfc85ec1280e,3,0,0.05349211,0.020739278,12,0.9311507
rec_3fde5cbc9297d1d40c64,grp_94b38d7eeb50eaef8453,4,0,0.050018664,0.03693332,20,0.87823874
rec_3fe2ad7909e389b4e871,grp_3a8a43dd6913cec913c2,2,0,0.18441139,0.16096824,1,0.9588106
rec_3fe7b58072bcac843b83,grp_c44dfc2028b70335c276,4,0,0.2189872,0.40631917,54,0.9747552
rec_3ff5ea4a3a950e69e4eb,grp_792257bfd39ba99b0e00,4,0,-0.03260601,0.009283447,52,0.99286866
rec_3ffa493b13973ac768a3,grp_6696e0dffb1f19996c07,1,0,0.0471575,0.04076343,47,0.9772366
rec_3ffb0a6e98e932095ce6,grp_b85f4cc84c1a93443091,3,0,0.18172465,0.115211725,55,0.9368539
rec_4000faa55de2635421ad,grp_0a112eda28610230efd6,4,0,0.05832248,0.042314693,37,0.9909949
rec_40074ec5bbe540e483c5,grp_8d73f50b87cfa4eb5bf7,4,0,-0.0104548335,0.0134876575,12,0.98496455
rec_400ca07fdb429ed98848,grp_ce38272a2549ec6f80ba,0,0,-0.02459693,0.012411248,34,0.94647735
rec_40154e1991e8f03f18ae,grp_ba08ff8ff7eb54c1fbcf,0,1,0.14812733,0.17101236,44,0.9906917
rec_401756009080b259038b,grp_7d1c423e185189964462,4,0,0.06112204,0.044292465,49,0.909588
rec_40193a91a1c2567397d2,grp_f2cbde0eaf9503b53d01,3,0,0.03658154,0.016394526,31,0.9719262
rec_4021d5dd493722e01724,grp_f1ec7a3f86637a726d7d,2,0,0.1383405,0.08899749,18,0.901203
rec_402a1ffa2500a16fbe4c,grp_5c6cdefa3caf15d5f38a,2,0,0.21423535,0.22896796,15,0.9417172
rec_4032df387be8997e7315,grp_9dfe1ab925f33803511a,1,0,0.0022992506,0.019097319,10,0.9756887
rec_4038836989c4600535f9,grp_75189ab22d0789da929a,2,0,0.09270165,0.04767475,21,0.9963323
rec_403af01a26c32d94fbdf,grp_7a839f5343bebe62afe2,3,0,0.07443102,0.027700724,60,0.97557783
rec_403ce8d6a9d833b9e6dc,grp_0119a65c3b5a085241e5,1,0,-0.004837323,0.016904807,61,1.0073135
rec_4056782c7ec9f221d6f5,grp_4bb66b6c91ce8d663a7f,3,1,0.1653712,0.09362164,59,0.9876622
rec_405c8279d2bbb35d3bc8,grp_dbc25f30ec75650a2cba,2,0,-0.03159188,0.008039706,36,0.95650196
rec_4066b65603969ec07141,grp_e3717944af80c0c17be7,2,0,0.049459066,0.0258824,61,0.974315
rec_4067894fbdaa8e13d312,grp_56ddbda6bd499143ea42,4,0,-0.10692092,0.002631261,30,0.9694401
rec_406f3f756c192d3c33af,grp_3695278ee6498a749966,3,0,0.021500291,0.013283278,35,0.98604417
rec_4072d1542432328ff81e,grp_6f31b90d36087641b42b,0,0,0.010874904,0.021838358,9,0.9825967
rec_407778405142a3dfa8f9,grp_8e428bf6b9e850215725,1,0,0.0287397,0.029920384,57,0.9681538
rec_4078fd16c9f7cb07dd59,grp_5d45cd98366d26f79a5b,4,0,0.06856658,0.04998909,9,0.98811966
rec_407c153bb05fe20ee18a,grp_73ac1fafc66dd4d7e705,1,0,-0.088651426,0.0039837207,59,1.0052314
rec_4086af0fd23d5f87639a,grp_c735ef2242dc0424d51c,0,0,-0.011348471,0.015336964,23,0.9915184
rec_408a02a05863486faea6,grp_ae19d89e232eebc9859c,4,0,-0.033089172,0.00920796,2,0.96666324
rec_40a1ab5d81eaf4ba5450,grp_e3381e496827f73a0aef,0,0,-0.023010807,0.012730185,58,0.9279221
rec_40a8dcd7985156ac8059,grp_192233371ce7e6f51190,0,0,-0.0032185456,0.01745833,20,0.9782215
rec_40aa699fa55b1d008aee,grp_9a1e7dc9991fe7e0dc96,3,0,0.1802061,0.11303737,12,0.9141148
rec_40ad9b90f62760c00a1b,grp_7312fc5f270c2e7a00c7,3,0,0.17586316,0.10701558,31,0.9585411
rec_40b17e441d20db4af625,grp_1c46ccdd4d950520fa57,1,0,0.0970982,0.09200967,47,0.9612059
rec_40b1a4f813a27ac86ea4,grp_9b260b0eb2dae183e3bc,4,0,0.048651494,0.03611283,24,0.9544754
rec_40bb551ffec02a9f207f,grp_1c45c217115ed57bbd1c,2,0,-0.023357147,0.009061128,46,0.9690747
rec_40c420f6e38f9b86ec37,grp_dd285839aaea96e9e26f,0,1,0.16679808,0.21823242,44,0.9842332
rec_40c4fb927d79dcdab234,grp_60c4a960d15d7433d0f8,1,0,0.12167143,0.13449988,23,0.9717488
rec_40ca4e7deefa884d21cf,grp_a3a7931d1e743acea0c3,1,0,0.09715752,0.092095956,41,0.9839666
rec_40cce0e9648eea6da28e,grp_f8cad2555d47e256761b,1,0,0.008252451,0.02113767,62,1.0072234
rec_40d4c687cc1b8095ae01,grp_8a4d5a8ae612b912bcb1,4,0,0.08417292,0.06425411,56,0.9751557
rec_40d6a252a81eba980325,grp_eaa59b3519d4f0764c66,4,0,0.060451556,0.043810915,26,0.96142274
rec_40dbc5b87ac6872292cc,grp_80f1c11f2f274935363b,0,0,-0.124299906,0.002492717,27,0.9683268
rec_40dd0e8bc04d0d884605,grp_9f070aa080b54714d73e,0,0,0.119795516,0.11532612,61,0.9587741
rec_40e11ff68709cf3da3f6,grp_97b8e29b977706f43730,1,0,-0.006119803,0.0165379,24,0.9588313
rec_40e6bc25fb038be87acd,grp_555b8a780bbfb5ff4e3a,4,0,-0.051285207,0.0067678946,26,0.97614104
rec_40e6f6b5008a16fa7874,grp_6daedb874dd0fa2a23af,0,0,0.051195107,0.041138366,48,0.9914328
rec_40ebae8c2e1e90b8e0f2,grp_3c89965e29a1a9c19c54,3,0,0.109268345,0.044583023,26,0.96458673
rec_40ec025fa0062a734d3c,grp_80d5e2df0fed55d36874,3,0,0.08024937,0.030008748,47,0.97968906
rec_40f3a25e65a1ac1baabb,grp_dfe7dfaeab6e937fed0d,0,0,-0.036455497,0.010264198,15,0.941208
rec_40f87e1cedd423317f50,grp_889e0e2033cbb61b6ea0,2,0,0.10807524,0.059006102,47,0.9890032
rec_411a507bfb4a867acb83,grp_4fe9bfc02074ea3d8c19,1,0,0.10994751,0.11247053,29,0.9865653
rec_411fead242529375491e,grp_b568a1d58949b7a5a826,3,0,-0.06420586,0.0039828923,56,0.84700984
rec_41249e0ef52cd74801cb,grp_dc41e084d4a3525d6c70,3,0,0.24701905,0.2471641,9,0.9559833
rec_412505c8aec96b026ae2,grp_3481aabef00cf20870d4,1,0,0.02672255,0.02891823,37,0.9378525
rec_41250f2a08997269b9ef,grp_f4fba3ccd7f33f286088,1,0,0.029101068,0.030103436,16,0.9394512
rec_4129e7baab31f53f97c7,grp_f9d9c842eed42ccdf913,4,0,0.029210797,0.02618862,37,0.9997619
rec_412a2571ab4b97e3b2ac,grp_5d02ce7829b7fe100b02,0,1,0.13742618,0.14781627,44,0.9906851
rec_412a76fa2856236feb4d,grp_b112dc926b7f37e41ff2,4,0,0.02165336,0.023094697,12,0.95498437
rec_412c67bdde26b5ca6cec,grp_fcd380f45da6b828a299,2,0,-0.014750097,0.010266252,17,0.9516005
rec_412f50a31fa97389f8d9,grp_926fd05eafca123cb11a,2,0,0.033319477,0.020544592,43,0.97762436
rec_4137967287a351e19ef3,grp_8d05861565addacc8f34,0,0,0.03590644,0.03240543,34,0.9583986
rec_4138bc79e412cc3c9e88,grp_93988c12713a3f075499,3,0,0.0578692,0.022036446,6,0.938317
rec_413fd033ee38c83b6fd8,grp_c5e12363c2ed165baff3,1,0,0.033261202,0.032290462,56,0.9871076
rec_414923f4fd772d1fc5cd,grp_f0a46cc6f3650a984802,0,0,-0.10240789,0.0035500824,42,0.98481494
rec_414ce1b499016eed63f4,grp_e4e069e7c9f217454c66,3,0,0.005572398,0.0106291585,5,0.99750596
rec_414ed1552920c2e953c2,grp_322b627909b99a0ec96f,3,0,0.03911444,0.016983176,5,0.98460495
rec_415a89ba34cf45314eef,grp_ad2dd4db575089436b08,2,0,0.04381125,0.023876276,58,0.9577536
rec_416396b14fd62de665f9,grp_4176dc1ebb89318c59dc,3,0,0.054886978,0.021144325,2,0.980013
rec_41728b992ab375dca548,grp_2d7b7abc27dab6150362,2,0,0.071805224,0.035549987,1,0.98075736
rec_4179ffaa19f19d42277b,grp_782e6ba3920c01dcc374,3,0,0.110898376,0.045576807,12,0.9531299
rec_417a159f75f0058b033c,grp_a9c7f55b02a75a80824e,2,1,0.25414184,0.34761155,57,0.97039664
rec_417df300ca84e648e9a9,grp_a7f6355fe3538671dd49,4,0,0.029120527,0.026149387,26,0.96421957
rec_418c416b78ca0e3eb473,grp_a03363439a126a213ab3,0,0,-0.0012126656,0.018024579,15,0.98440385
rec_419b368a0ffd0ab00d65,grp_a2592b30ba5cb4af83b8,0,0,-0.0105034765,0.015545079,43,0.9788358
rec_41a14afc5cf0cc40103a,grp_20e90acea455cf6f883b,4,1,0.084444515,0.06453319,36,0.99859345
rec_41a8fae4f3ff10fa8e52,grp_fa64d7882b666ed90b64,1,0,-0.073463194,0.0051825684,38,0.94324535
rec_41ad113c21a969621d9a,grp_2fa759332b40995003f5,3,0,-0.06699389,0.0038292715,47,0.98257756
rec_41af17c7b256a32b8c19,grp_9d4cf0e17585b89828b2,4,0,-0.049484424,0.0069775064,26,0.95692456
rec_41b7e073e8eb7cd030ce,grp_8ec3a748ea4f52771f05,0,0,0.010151225,0.02158932,32,0.96774495
rec_41b95d2287ce2a191f5c,grp_8f1fc78bdb726d396c08,4,0,0.10250506,0.08581505,63,0.98934025
rec_41cc2d3c880e46a02b7c,grp_a68b4e5d0dde92bfa36b,4,0,-0.05668365,0.006176264,23,0.97086614
rec_41cc8ca336270174683a,grp_e7b150aec082e13daa7e,0,0,0.058047246,0.045747187,15,0.9231597
rec_41ce29e99d1fb8522639,grp_a092cc996e8d776e19d8,2,0,0.11989464,0.06938646,39,0.95852685
rec_41cf86645c8f38382011,grp_093c816bbb512708142a,1,0,0.046105947,0.040053938,38,0.9245435
rec_41db1fe6f9eeb898883c,grp_cb2fa82ee22ff561602c,1,0,0.021179525,0.026329271,16,0.97429657
rec_41db5b44b90b60c30f0e,grp_7232fe8369ca3ff293fc,2,0,-0.061127923,0.005230697,29,0.9699701
rec_41e0f452eb8f3bc2b5ec,grp_b86f491098d842e4cc80,1,0,0.037957653,0.03494406,4,0.9059305
rec_41e2018ab8955183a692,grp_8de49cdef2309d6867cc,2,0,0.05885706,0.02958958,2,0.98957026
rec_41e89740dc2c3d060ca1,grp_f0bf45da040c9c6b3605,4,0,0.097890526,0.07983871,8,0.9561419
rec_41e9e6821ea61537a81d,grp_1ef1dae1d499ed12aa75,3,0,-0.014565667,0.00801265,36,0.9772216
rec_41ffa5b38e36376285a8,grp_1eec12f98f87940c82e0,4,0,0.0046016616,0.017367948,56,0.9716446
rec_4200095fad40e0d19f7e,grp_9326440844afdc1b0fbf,1,0,0.012065729,0.022555115,61,0.9439737
rec_42067c2960216d52c470,grp_437d711e172bb6d4ceb1,0,0,0.13516913,0.14326936,39,0.9627281
rec_420a73d3c1e89c0d3883,grp_a5fa44598183a0610991,1,0,-0.09308435,0.0036890744,40,0.95776147
rec_42177fd9e1a03053fbc5,grp_b736bce0507aba3a04f5,4,0,-0.047061168,0.0072697843,21,0.96752656
rec_421979ae065358e16dd9,grp_20dfc239035e37af0674,3,0,-0.0075029163,0.008848166,58,0.9956177
rec_42218c7fcdc05208308a,grp_de0fd8d7980fb96d2281,4,0,0.033400334,0.028073918,9,0.9407134
rec_42263d15ee26ed54a6ad,grp_82652e3830a9ea6241c1,2,0,0.06274153,0.031268,6,0.96633387
rec_42299d45aecb30771dc9,grp_d1f759eebdddef408a9e,4,0,0.11915569,0.110872746,57,0.97757775
rec_423239939a66aca0d89b,grp_8b1af00a44595c3d2de0,2,0,0.068083405,0.033727277,9,0.96812445
rec_423586d2875b80bd7e7e,grp_40aa63bdfa3546c37464,0,0,0.025207713,0.02738986,7,0.96401685
rec_4235c1c10f624bc67bb5,grp_710f8bd50baa0e1c8f5d,2,0,-0.121672474,0.002161286,19,0.9900685
rec_423d6ff40d3de1048f97,grp_0821603d2e00d0c7910e,4,0,-0.0039698137,0.015041344,49,0.9500146
rec_424512281796dff1e220,grp_31c58ec03e2865aae484,2,0,0.0013791458,0.012967004,6,0.9730959
rec_424b5cfbb5f76ea0c6b7,grp_1ff686485dacc98e8fd3,2,0,-0.079932705,0.003976222,21,0.9709298
rec_424bc5ecd562849aaac6,grp_abef790fbfd95db660d5,0,0,-0.04132737,0.009492625,3,0.9821632
rec_424c62bb21a8a0ce1d3e,grp_cd5c1c20b9e82264731e,1,0,0.05919273,0.049787164,59,0.9934127
rec_424e5f8266f24a5af149,grp_74c650f05cbdf770eead,4,0,-0.01604281,0.012276628,3,0.98815745
rec_4259fedcbc7ed0e0188e,grp_a68572eef7a9f2274997,2,0,0.10598783,0.05733097,9,0.97170395
rec_425ad008c867362e364e,grp_0328d2c07d613f2779a6,3,0,0.06692142,0.02497554,63,0.9583949
rec_4265460666c0a5690894,grp_60bd88bd2408d5899ec7,2,0,-0.012333948,0.010632196,42,0.99957836
rec_426b0c0abff12e0e85c5,grp_a748331683364d1e8ac2,0,0,-0.01456763,0.014568977,61,0.9616048
rec_426fdb6f7511394c10d4,grp_c4c3df067ed69bb1007c,3,0,0.12561664,0.055553652,31,0.96672255
rec_4273f8700096bb96941e,grp_d69c481e1e5b9712e0af,1,1,0.08521518,0.076130964,46,0.9982841
rec_42875deba12b2118406d,grp_f466acdfff769cc1fef3,4,0,-0.11108272,0.002451409,37,0.9832655
rec_428af7f98f3f91ba12c3,grp_cdba221d9088b76f148d,3,0,0.10883953,0.04432503,47,0.9915217
rec_42902ae61991eaedf76f,grp_93d36029818f54c31530,0,0,0.14658736,0.16750446,3,0.9872865
rec_429623a459509b718f07,grp_6908677c94ea45bac1dc,0,0,-0.0022441205,0.01773119,52,0.98760486
rec_4297daf42dff28142c02,grp_da564fc775037e7369b4,3,0,-0.008221135,0.0087594045,17,0.9744123
rec_42999baeb58cddf9740b,grp_3be2233dbf6a1752f3d7,0,0,-0.07766972,0.0052909064,57,0.99616426
rec_429a6852b9670cb14dbb,grp_ed7a37f82dcd6ff90550,2,0,0.017750127,0.01642361,20,0.9635637
rec_429d9847e1c94c8abe04,grp_3d1e8e5d5497f87faf34,4,0,-0.0021103516,0.01551848,17,0.99176323
rec_42a59472efed8d7c77db,grp_64fc45a865e4a1bbd1f9,3,0,0.06503527,0.024333196,35,1.0014915
rec_42a7c9b4cd2fd27e0c3c,grp_ac579789ec4ddd84281c,3,0,-0.0035084747,0.009358357,63,0.98493356
rec_42acb6a3ee3896cbd398,grp_f25ded7d21c4fb9f4f17,0,0,0.043524027,0.036506344,42,0.99551415
rec_42c69681790610afae7b,grp_3854f922ecf4adf6c86a,3,0,0.08612081,0.03252629,44,0.98198724
rec_42cfa8c79f68052bea5a,grp_d46d81180f5391b06dbe,1,0,-0.07064328,0.005441796,25,0.953218
rec_42dd6ca31139f33625ed,grp_708cfab3aba72d8f71fa,3,0,-0.09091601,0.0027317994,24,0.98984927
rec_42e497431f3afb820b6f,grp_7c7f3c0c1673470d0eb3,0,0,0.021616627,0.025881931,22,0.9776985
rec_42e5f1d40f5c844cc2f0,grp_43d1b07ac7d2d16ba9a7,3,0,0.047460992,0.019073663,47,0.98645234
rec_42e72b7b5cc277793d37,grp_eef2672de4ef1249e1d3,2,0,-0.06850489,0.004697425,8,0.9667614
rec_42ef70b5877aa1c0028e,grp_b33f83fb14bf815ac146,0,0,-0.058006383,0.0072613065,11,0.99606234
rec_42f3d2d28b3d507a38a8,grp_0f723cac3b21fb537d75,0,0,-0.05278593,0.007897071,38,0.93859273
rec_42f51170354c1ca87b34,grp_2eec02d58c2305453237,3,0,0.019681528,0.012949849,47,0.9893461
rec_42fd1702e7ba5fe61a29,grp_545c2a39f46385c4fafa,0,0,0.06215203,0.04873943,33,0.9914691
rec_430a9e375b162684ba79,grp_389deef0068f095c8a31,3,0,0.043155003,0.017965453,26,0.99144834
rec_43202f4db2f78e60a44c,grp_a3145fb6c032a5794cae,4,0,0.028456403,0.025862487,49,0.9871054
rec_432163e9ed775a7f586d,grp_a669553ae67f9f94a335,0,1,0.08839032,0.07268016,44,0.9997754
rec_432f79b222a6173d61d8,grp_096438995034c0a669d8,3,0,-0.039448097,0.0056462274,1,1.0083629
rec_434694e2fde29e76df28,grp_9c91ca707c7a43fa8795,4,0,0.12747158,0.12564486,8,0.955085
rec_434777a2b6db86b7f1b5,grp_f0298c2127ad3017b7d1,2,0,0.09383054,0.04843121,16,0.9730291
rec_4349d95dd3de05f739bf,grp_c5f886ef2aa68b3656b8,0,0,0.11797561,0.11235203,9,0.9842083
rec_43538d3b8e5853e899eb,grp_522799d6d0abbd1673f6,1,0,0.017875113,0.024894675,47,0.98378885
rec_435cf5463937695fd36a,grp_c6d6c4acb899e2659000,1,0,0.07359104,0.0630687,34,0.9789108
rec_436407a9924abbc8f0aa,grp_49eb876362c11a4aa07e,3,0,0.026585625,0.014261153,34,0.97699624
rec_43669fc9bb25d6b8c958,grp_cbca35965fb1ec96f31b,0,0,0.023492282,0.026659174,14,0.9650994
rec_4368416007a6ec9221ee,grp_2b75fd74108d5cf975cd,1,0,-0.061081097,0.006420621,15,0.974245
rec_436b46d2d46943f524cc,grp_4e81966a036464535784,4,0,0.08229322,0.06235328,17,0.98904043
rec_436e44c60a738f575326,grp_3954f8e753ab45e1b351,3,0,0.03698186,0.016486203,62,0.9765657
rec_436e5681b7c16f2da867,grp_0b879d98a96e18eb55de,4,0,0.034533866,0.028606264,53,1.0013129
rec_43706cb4dad3cb85934f,grp_bfd9281a666c693c15bb,0,0,0.06588579,0.051621694,42,0.98968107
rec_437d7b44da7c3b96fd66,grp_75783b49927077f6322f,0,0,0.022687677,0.026323015,26,0.99100006
rec_438137fd2b8e277afe7b,grp_ee7fa01e70cb5defe4c2,3,0,0.14725208,0.07399918,35,0.97502327
rec_43822a139c66c53106c9,grp_e1d84a6a73ac142e9607,3,0,0.19355994,0.13343178,45,0.9381729
rec_43829deb02931d3e58f7,grp_3933ef464aa0d387e9a4,2,0,-0.01247558,0.01061039,24,0.9846646
rec_438d021fa33eb55da024,grp_b3b6fe25cf51b339b962,1,0,-0.042258002,0.00888681,31,0.966678
rec_43937a27c739c0d2e2d7,grp_ebd59f6ce1a2f3e66625,4,0,0.096769564,0.07844543,26,0.9829291
rec_4396e335296649c2cc35,grp_d9d6de4414b02d18f5cc,4,0,0.08057049,0.060657393,37,0.9977262
rec_43989e27706a7363be4e,grp_9a5530dc478fe928bd0c,4,0,0.05842892,0.04238833,3,0.9938269
rec_439fd05632e1b35cb251,grp_6ea7da7bdca2856c8d80,1,0,-0.068960965,0.005602545,60,0.96765333
rec_43a337e77fe310a5e947,grp_869b6e0c33546f7f68d2,2,0,0.042798728,0.023533015,32,0.9761398
rec_43a651c34c14a6aee6e1,grp_32ab60b934df11950dd5,2,0,0.06468097,0.032140132,15,0.93963414
rec_43b42efd3d205d06b686,grp_e3afba7986f700e514a8,1,0,0.007361126,0.02081913,9,1.0015196
rec_43bcdabc2f71f54d7a8b,grp_53267ef4902d197e4fa1,2,0,0.12678601,0.07619535,61,0.98295355
rec_43c687267eda951a2c8b,grp_cbdd8bb9ddee44ac2916,4,0,0.06047203,0.04382554,7,0.98919934
rec_43c7669c78865a9e3f6c,grp_34d9fe706d02ee7bcda4,2,0,0.08621637,0.04354212,8,0.96727175
rec_43c953394d9b30ff2b80,grp_1b80750d01162aefe605,4,0,-0.042394396,0.007867322,42,0.97790295
rec_43cb7b26da931d47e4bd,grp_2f5b912b221099a32513,2,0,0.067656524,0.03352407,62,0.9836916
rec_43cc5c4cde0d302844ea,grp_f4947b954b1801519870,3,0,0.036216244,0.016311305,5,0.98056376
rec_43cefc391e4446802ba1,grp_7ac22125f475d82d2ea2,4,0,0.06931489,0.050598685,34,0.95752794
rec_43d660c0ed534cfaf03f,grp_81cf13d0d1cf14ea7678,1,0,0.011341051,0.022278778,61,0.9764929
rec_43da95cfb571717ad760,grp_33d26a50cdfd6072ae0c,0,0,-0.039758407,0.009734619,38,0.98201054
rec_43dd402820a9c10dc877,grp_071323ce95250f62149f,0,0,-0.04796546,0.008533028,16,0.9797885
rec_43ddec209100c44fc987,grp_b9e142ffbe91352ecc6d,2,0,0.032681324,0.02035732,21,0.96627134
rec_43df3400c4d2e63a8799,grp_f3efced7ced95e3ad3ff,2,0,-0.041713834,0.0069394596,19,0.98033303
rec_43ff94589adfd017d072,grp_77617d23fb84b3a21609,0,0,0.048611645,0.039518774,15,0.97403985
rec_440a3e4afd80f960c221,grp_99daaae62f36c574a310,4,0,0.035810027,0.029217327,57,0.96499604
rec_440c75dae60f64fd2451,grp_86ae4a2fa2e52fcfbb6e,4,0,-0.042441644,0.007861034,54,0.9681598
rec_440d459a5c9c1fa31573,grp_a3c0c70494af98990308,3,0,0.040777434,0.0173809,44,0.9808351
rec_44166c332d1e06aba76c,grp_df0a8abf19b3069c36b6,0,0,0.024623128,0.027138699,31,0.9421612
rec_441fff500d7340953fd6,grp_2117023ca7e064b92012,4,0,0.16250636,0.20709933,26,0.9660453
rec_4420a7c2ff0e36445663,grp_d5572e572bafb03f4165,2,0,-0.05814405,0.0054631312,50,0.9877002
rec_4435c4fe3c4d2ec0ebaf,grp_ae9a98cc7a0cb967a4dc,3,0,0.06723893,0.025085285,41,0.97235864
rec_443918a5f61eae830d88,grp_9d980a75fe4d3ad8bd4e,2,0,0.0601865,0.030153943,18,0.97121507
rec_443a26d87b6392a7da33,grp_7b8fc7ca5a3bc007df2e,1,0,0.00053508114,0.018530674,7,0.9357117
rec_443cdd78aa7d12147b73,grp_6bf36c48882e0b354568,1,0,0.04409028,0.038726885,15,0.9880112
rec_44438e6aee8fc17f4b27,grp_e24919991647f581d0e7,3,0,-0.05544545,0.004506668,35,0.9693701
rec_4443d1194cdb33db1402,grp_da4c9525316107816818,1,0,0.030479975,0.030811952,47,0.9965289
rec_44770268adb9f1a2a04e,grp_4112578640d033016e48,3,0,0.07394085,0.027514357,34,0.96618015
rec_449c8960b3d62de6dbc9,grp_cf510e3790bb5c5e5437,1,1,0.11723753,0.12576896,46,0.9955845
rec_44a5cee1d00f75aa3bc5,grp_24997683d136a26afd71,2,0,0.03037748,0.019695047,39,0.9543588
rec_44b0a009682e13e819e8,grp_7aff12a7e743f872fad3,4,0,0.10532735,0.08966736,30,0.97639716
rec_44b29262f1396c78f39d,grp_decf9107294a4aafdc25,2,0,0.020473765,0.017080722,17,0.95742255
rec_44b3467b43dada3a835b,grp_4dcdc61cd99ca0b7f663,2,0,0.13363059,0.08355986,1,0.96383613
rec_44bd387c1ecd5e0520e7,grp_dedcce3eb2bc429d4e4e,3,0,0.05358627,0.020766383,23,0.9942004
rec_44c1199b0aea30eb185e,grp_3c19d3b49acec5feada6,2,0,0.008904232,0.0144563485,59,0.99881494
rec_44c194dd2760f3e4b2de,grp_3c00fa263de265f0104a,0,1,0.116023965,0.10923729,44,0.99420094
rec_44c9bb6a61ee47f47dae,grp_d99332488d7c79588261,2,0,-0.010580035,0.010905892,10,0.9009111
rec_44d2d7d2e13f1b9ee2c3,grp_343be390f4faa846cf6c,3,0,-0.006329716,0.008995085,47,0.9918687
rec_44d3186b23e58a5c516e,grp_8f7ffc67dfbed7eb9767,0,0,-0.0009883771,0.01808901,53,0.96279866
rec_44d5bcbc6e940d6dacab,grp_241eb73e006c4a0d304c,2,0,0.04149819,0.023099171,15,0.98186624
rec_44d82081e811d3d63ba6,grp_cda038d325d6a138b2f2,3,0,-0.13357976,0.0014947248,2,0.9983155
rec_44d86d3296a4e04e6f04,grp_00b1f642d9634600ef70,1,0,0.024731208,0.027960883,26,0.9572001
rec_44dd83caf3e3d40148f2,grp_1ba1042c2c7b406c5ae3,4,1,0.1293762,0.12925708,36,0.9914335
rec_44decfb1ffcd97c2a79f,grp_7f988021cdf901c0470e,0,0,-0.10150563,0.003602167,50,0.99391866
rec_44e01fe7963f177da0c8,grp_19bbc1907678e9b57279,0,0,0.020693135,0.025507404,62,0.98056775
rec_44e5c83b5e5c3174201d,grp_10091557793aefc0960b,4,0,0.02585899,0.024769554,37,0.98409766
rec_44e955b71f0909c9f6eb,grp_87fa50d105b18ce47fb9,2,0,-0.076310724,0.004191984,19,0.9824367
rec_44eb5228f1ebc2577725,grp_b9b7b692249b3dce2a14,4,0,0.111972526,0.09935892,9,0.95936066
rec_44ec7a01656a18a53f57,grp_41d4bad1897d33fe20c3,0,0,0.15618478,0.19031937,6,0.9835347
rec_44fbb888a33b1e34e7a1,grp_04f695428aee6f85317e,3,0,0.12376712,0.054195162,11,0.98829615
rec_44febab097cf3e4dadc5,grp_917d64e432264435585b,3,0,-0.10436758,0.0022589874,2,0.99166614
rec_45055411364d112fc7be,grp_fe89078146b7e7ccbd7f,4,0,0.0003947374,0.016184913,52,0.98842025
rec_450791949b6ad5c077b5,grp_b8d8c26844beffb2ebe5,3,0,0.10317186,0.041046344,35,0.9987017
rec_450ba15d8c3751e48fb7,grp_2484303ba4a8f3cf0629,4,0,-0.03295725,0.009228512,3,0.9275614
rec_4513dd38ec48d43921df,grp_8e3e3aeded242788a6ad,2,0,0.2171533,0.23660153,36,0.93868774
rec_451916ffdcb4ff4d15e2,grp_4e33ff44472e05d602ce,4,0,0.05583037,0.04062539,52,0.96615887
rec_4524f44058d37d64e150,grp_5b719b61e5c27584f7e4,4,0,0.13309534,0.13656563,1,0.9901406
rec_453660d23e7d31a387e4,grp_13a08d35769d24b45c4b,1,0,0.0032502247,0.01940978,60,0.9837503
rec_45372e12258580a6b721,grp_48dd07f57ee1e4b85831,0,0,-0.06810844,0.0061718547,39,0.9701034
rec_4542315559533a52d581,grp_648c94936b14d8862847,3,0,-0.055464383,0.004505466,16,0.9812308
rec_454611edb9e89c83c913,grp_d413975202141ae94974,4,0,-0.0024305503,0.015435265,2,0.96606153
rec_454e6861bee717e8b5af,grp_aada04540fbe370b1607,3,0,-0.10231647,0.0023254193,35,0.9992369
rec_454efb4f9704f883703f,grp_5d17833719b7deef68bc,1,0,-0.096369706,0.0034848049,48,0.9877446
rec_4556c00be029f8b5ca0b,grp_4e9d2ce57b3a36656849,1,0,0.04380726,0.038543966,63,0.89172244
rec_45630f6fad63b1b719ff,grp_ced1235ad61a23b401a9,3,0,-0.02856005,0.0065814615,0,0.96882004
rec_45680b6bc6e07d954227,grp_f95a1c91f0f1da7bb492,0,1,0.26410118,0.5745274,44,0.969717
rec_456c2616372482a0f73c,grp_3201d003380054c5dbd4,3,0,0.05346951,0.020732777,42,0.9878762
rec_45726cdf26227e124c82,grp_589db689b332a1b0b6d7,3,0,0.011939529,0.011620582,50,0.9653479
rec_457eedb1cac1cc284f3e,grp_99548e4e200c942fae0e,4,0,0.03478804,0.028726976,37,0.98503786
rec_458679993b62cebc78f7,grp_5560b5509c22fed205ab,2,0,-0.068684936,0.00468511,53,0.96244144
rec_4587829fda72827b5884,grp_0349df526177378829be,2,0,0.06350973,0.03161067,53,0.98589504
rec_4589c9165d9bf9323a08,grp_2b5a79c2167b4f1ca55a,2,0,0.05034962,0.02621336,53,0.9641505
rec_4594658d720538907340,grp_9ef027284fa528e160e2,1,0,0.010957735,0.022133952,41,0.978073
rec_45959fea61cbcc48c4fb,grp_b23b99089837cea904b5,1,0,0.042744085,0.037864197,47,0.9883268
rec_4595ff514c41f5755137,grp_2da6d8ef3716486a2566,4,0,-0.028768485,0.009905156,13,1.0130574
rec_4598c2182647960d98a8,grp_14d9183578f3585a9e36,0,0,0.08564065,0.069734424,11,0.99564856
rec_45ab7d98b1569c0d85c9,grp_b887035475ad08a330ee,2,0,0.08118445,0.040573478,51,0.9691838
rec_45aeebd8709dfdaee4da,grp_4f9d7aa98eaf04d88f8c,1,1,0.14062122,0.17770107,46,0.9898359
rec_45ba0911424f7c8aa8a2,grp_d2add34d47f97c11d932,2,0,0.053645715,0.027474493,42,0.97947145
rec_45bf4e0b1518fd0089a8,grp_26baf2a923a71c4168ee,4,0,0.021946784,0.023207871,8,0.93298227
rec_45c1314708f1501f6e2c,grp_015f61546584df5d6061,3,0,0.073503055,0.027348924,25,0.9974738
rec_45cceaaed7b141e38e15,grp_6dac9d3c388792982c82,1,0,0.00449028,0.019824764,9,0.9782817
rec_45d90c71859fc5ff9468,grp_1662a861c1ce19da7c9a,2,0,0.08989066,0.04583961,9,0.97451055
rec_45db758819f505afae64,grp_3c6e93dfd5d015c0a388,4,0,0.01977915,0.022384405,30,0.95254123
rec_45dcf108f27cdf77b2a7,grp_5fa91a31ffa73601524e,1,0,-0.11091801,0.0027075356,34,0.9854525
rec_45dfd9c5c1afa82b610c,grp_97be4ac06b7296ff8934,0,0,0.04746534,0.038819894,56,0.94745445
rec_45e45bbe77d095b4e42c,grp_0e9e1039c49764723e72,0,0,-0.033551086,0.010753378,8,0.9958285
rec_45e9cda1b2cc10533170,grp_038e451d48ee04474f5a,4,0,-0.0302247,0.009664528,13,0.9890539
rec_45ea7aed7dc0bc495940,grp_ee0a7c637eaaf4e79216,2,0,0.0037416753,0.013417507,1,0.9647098
rec_45eec30a7b3feec71675,grp_cad3f8b3faa4df79cae3,4,1,0.13056354,0.13155343,36,0.9923918
rec_4616f49761dd13b28ed2,grp_3a0453557ce5a3ae239d,2,0,0.14256951,0.09414984,10,0.9840123
rec_46196e7dc7e15b95cc14,grp_41959a7116cb22dcfeca,3,0,0.06820611,0.025422482,9,0.9558073
rec_4619876e1086833f8b33,grp_2992b5be0d39c3ac20bb,0,0,0.09259299,0.077404544,31,0.9527156
rec_462049e30170a98dd9f7,grp_f8b964a6e00969e2c09d,3,0,0.0773605,0.028840387,58,0.98444045
rec_4621f3b10f9cb374f4d9,grp_d56957a805eb497f1611,3,0,0.10882438,0.044315945,41,0.9690101
rec_462b5b0c3e1f85bba58a,grp_f1e2ef419504a82dc568,1,0,-0.042597957,0.0088348575,32,0.96723366
rec_462ced6544a8f3fd4880,grp_47df5599dc20788d6c4e,3,0,0.045233477,0.01849226,24,0.9800099
rec_462f43f2e313f6ad56c0,grp_30d87efc31ef2f93364f,1,0,0.108710475,0.11033967,6,0.9868552
rec_463398391462a2af3e28,grp_41e3f9c9e7d2763f273d,3,0,0.029326249,0.01481724,51,0.945128
rec_46353bcc7212a8e4ae10,grp_41ca3b296e3b4d0d83b4,0,0,-0.06907408,0.006076638,55,0.91181433
rec_463812e01157cda751f6,grp_2276a781cbb5214426d2,0,0,0.011691141,0.022122622,34,0.9500766
rec_464df950300084c359d6,grp_c6054e3b96d67340e937,2,1,0.16246505,0.12211685,57,0.98822886
rec_465769e2c230ebd02ac5,grp_a86b30e6ec1b702e1ea4,0,0,-0.0006494238,0.018186796,26,0.9677291
rec_4661fddd20752a44b182,grp_3d0dddda94fe38251296,2,0,0.07166702,0.035480645,16,0.9694049
rec_46675680a4d99a322894,grp_bb9ea2e331e7a15a49a1,3,0,0.121225804,0.052379534,12,0.93558174
rec_466daa2996bf2eeeb2bb,grp_b98d603bc8c735fb3ffc,3,1,0.18640418,0.12214213,59,0.98428583
rec_46784ad4df2670b72307,grp_c7bbf796af34cc4c60d9,4,0,0.05991942,0.043432295,8,0.9669075
rec_467e9a6d998bbeb9292c,grp_12bb6519af57adb7148d,1,0,0.06494509,0.05474169,49,0.97147375
rec_468749eccca04e65d4df,grp_0ef3ad242c9b3c0438cc,4,1,0.11695022,0.10721859,36,0.9936345
rec_468b370477d1a1a82f77,grp_a375694f382eff9fe95f,0,0,0.10910014,0.09879161,23,0.98108447
rec_46948abc88f454dc7f8a,grp_d095ac9c0147d8488cb2,2,0,0.049700484,0.02597172,9,0.9927385
rec_4696661fcf0e3961f2d0,grp_e074c3121280b76b4c49,4,0,0.08491883,0.065023266,57,0.9679407
rec_469f955694f9bddf407e,grp_776b3a156ad6e6592615,3,0,-0.008791588,0.00868953,62,0.9833341
rec_46a5bf2e1a96353962c3,grp_ab39c998d5ea510dfe16,4,0,0.11300895,0.10095198,13,0.989136
rec_46b5b129df8895c69b9a,grp_85e42822d9ea925b5456,4,1,0.06034033,0.04373152,36,1.0010775
rec_46b938d18fee77d9a74c,grp_697ae8401a3ac2e07160,4,0,0.061400518,0.04449395,27,0.94625974
rec_46c7a60878ed7c7b8b91,grp_cef942fd40bd1d3f58d0,2,0,-0.0760487,0.004208036,53,0.9556316
rec_46d3e8badc46d39dd3f9,grp_43f691db55274663ed2a,1,0,0.06244568,0.0525343,47,0.99271125
rec_46e21bc2d13b23e0a1f4,grp_e6663042a3396655200c,4,0,-0.07902194,0.00422782,27,0.9818604
rec_46f32c74540c89fe0d5c,grp_1323abd36b991e839229,0,0,-0.06532996,0.0064541786,42,0.97006416
rec_46f60747dd3fc2e5beb6,grp_0ad83607fddf37792fe7,1,0,0.20037155,0.37935358,9,0.9766091
rec_46fa6ba20e8df91f093f,grp_3c608d2bfd1138d6755b,1,0,-0.019586733,0.013128417,17,0.9861319
rec_470606102e9165df8da5,grp_4ca531865cfafde929e0,3,0,0.08194277,0.030714804,35,0.9840284
rec_4710c727abeaa500cc4a,grp_421e3545608adddfb5ae,0,0,0.08926106,0.07363664,56,0.9568278
rec_471ce72b1f126a544289,grp_d6033e6955f970714b24,3,0,0.05425627,0.020960229,58,0.98606765
rec_472c56fbf8a53b7f1711,grp_109ee4ad9650df4e8afe,0,0,0.08637841,0.070513785,3,0.9707433
rec_472d2313720738b029f4,grp_a02e7b0656d881cfc334,3,0,0.034919493,0.016019216,1,0.99846405
rec_474122e89949c3cd3b9e,grp_d07903e62d0b53f23396,2,0,0.0890947,0.045332313,59,0.9911869
rec_474d69cd29b609d40e23,grp_546bfb2ea2149640b5e6,4,0,0.05751414,0.04175953,8,0.92425054
rec_474ff4d3adf78b4f439d,grp_c2dc6891c89f05237bea,2,0,0.035838142,0.02130032,14,0.9855634
rec_47504fe74de6e40a377f,grp_07625ba6c29ab7c3ecb4,1,0,-0.0009687415,0.018060701,39,0.9865686
rec_4753bc7d7b85f2f0fbcd,grp_66135a4092aaa0cf63a1,1,0,-0.05140352,0.007589278,26,0.94555503
rec_47558b89d00b2b995071,grp_a0346c908f7e14ccd696,3,0,0.0016071014,0.010054499,2,0.9981008
rec_475c34c1b278cc8b0a14,grp_85f017073c371571d0c1,2,0,0.16384873,0.12430654,36,0.96065366
rec_47602dbec9994f2406e2,grp_a0249f0146cb1f7671a7,4,0,0.012513376,0.019827247,17,0.9839141
rec_4762401fc0f47d552a82,grp_42684eac31f48fd0381e,4,0,-0.02539453,0.010485701,56,0.9474468
rec_4763d1d8848ddc0bebeb,grp_63893037eb298d7a69a7,0,0,0.044195913,0.036891136,13,0.97273785
rec_476750efca1cdd00fe23,grp_b9ff96361c5c8da5a4e3,1,1,0.14996512,0.20271534,46,0.9869651
rec_476a2f41364c999408ec,grp_a4e9904341e9479ecff6,1,0,0.03628358,0.033974893,17,0.98772687
rec_476b7ac45f6385bb7259,grp_bd4c10a7679476957b0a,1,0,0.058520764,0.04923691,9,0.98390853
rec_476ec2c1f9e2501665cd,grp_3c7855e5cdb76ec0bfaf,1,0,0.06506148,0.054846592,41,0.96089506
rec_4770149f86cc9f5fb383,grp_2be4e6745aec59e1f7bd,1,0,-0.028102444,0.011340812,38,0.9799543
rec_478024329e6a8b755081,grp_e1aa217af456f015a10a,3,0,0.12865981,0.057858873,24,0.9410906
rec_4783edcddc05812ceba9,grp_ae50038a886dc242210b,2,0,0.014456667,0.015662156,2,0.9768284
rec_478b73efaa70d8f1c3c9,grp_641d96915c399c1dc03f,1,1,0.095645554,0.08991957,46,0.9981915
rec_479c06e57af6dc3b6e98,grp_c7b4a58384ab1b7ed214,2,0,0.012172805,0.015154636,47,0.9721364
rec_479df4ff9327990c0820,grp_1eca67f36d49dcaa2b16,2,0,-0.02724231,0.008564118,18,0.96781796
rec_479fe74ccaff4a5141d2,grp_5ed3524672794e2284b7,0,0,-0.0032501807,0.01744954,61,0.9240738
rec_47a927bb10ee5ef0d9fd,grp_41723b94244d713f7b98,4,0,-0.060832545,0.00575676,0,0.9514831
rec_47bd8e4abf7ee9c468b2,grp_21a039a2b321316ec51b,0,0,0.18665504,0.2780194,23,0.9680493
rec_47c9c1ad688366afd590,grp_4b3042cb9ae1d182a621,1,0,0.0642251,0.05409701,6,0.97555465
rec_47cbca1e2d712283264d,grp_b53cd4b133c1374db344,3,0,-0.0849348,0.0029725868,48,0.9966709
rec_47ddbef2d0d784d9eee1,grp_c200e6e141d559d562a0,4,0,0.066605374,0.0484243,23,0.9614085
rec_47ecc9facf50ef509da2,grp_0950fe7c77c2aa3dfd67,2,0,-0.009783131,0.0110325385,43,0.99742085
rec_4802d632bd1ce3d223fa,grp_ba170e975b2089ba4e60,1,0,0.023300204,0.027292006,55,0.9376052
rec_480829e02279c73b1850,grp_58484ca9b11e771b83f2,0,0,0.052477133,0.04196549,52,0.9928049
rec_480efd6d132f579f56ed,grp_006ea283593927be8ac5,2,0,0.12064826,0.07010272,14,0.9948127
rec_4814bbe7c7eb6e693097,grp_3a9c333b60bf5dbccd23,4,0,0.13188276,0.1341453,56,0.98804426
rec_4817a6264856a389c6dc,grp_7ebc3dd06792bc2d5bcf,1,1,0.08846383,0.08020347,46,0.9956026
rec_481af3e2936f26e3db9b,grp_4230e94c1a5d7497fb70,0,0,-0.0030086713,0.017516753,34,0.9517147
rec_481b3fa4ddd38168e4b4,grp_ea49b3ba5e491576270c,3,0,0.009011015,0.0111537175,40,0.9818548
rec_481dac8f3839b34dbdc7,grp_20618004a982604366dd,2,0,0.06566125,0.03258985,29,0.97226566
rec_48235710c5c5e7371885,grp_37244ec29d5ded880462,1,0,0.032793973,0.03203737,44,0.99789757
rec_4825fe2e34f77d93f160,grp_032215c3312a893cfa79,4,0,0.02056097,0.02267807,5,0.7993637
rec_4831cfb99d297f36a1a9,grp_13095cb3a5f9392d2403,4,0,0.08552065,0.06565007,55,0.97507954
rec_483c74d84d4eb6ff99bd,grp_4abc1a3bf6f6acd25c93,2,0,-0.023051586,0.009101407,53,0.96682936
rec_48417435b441883eee62,grp_1dafa44ac88442db734a,4,0,0.013180026,0.020049423,3,0.91417164
rec_484df044267cdbac8d94,grp_93cb2a28cec654209118,3,1,0.30939785,0.44267625,59,0.95684
rec_484e87e3e83f0c4f5ac7,grp_bd47580584593213a36d,3,0,0.051545113,0.020186579,48,0.9922313
rec_4860e67fe74e2c7bbc18,grp_f259321ff655e7bd41c7,2,0,0.109528214,0.060199074,12,0.9373462
rec_4867d8186c7a611ba928,grp_8b2862e99f79fde33725,2,0,-0.03146979,0.008053984,47,0.98373747
rec_486bd290eda9ecc829b5,grp_9614c8a9b42fa59fb9ff,0,0,-0.10124139,0.003617565,3,0.9467365
rec_48856978aa77b83befb7,grp_417e0c970b018f73683c,2,0,0.011151187,0.014932882,13,0.90949816
rec_488fec52801aa5ae9f9d,grp_44d37d832b5b9e078da5,1,0,-0.01951387,0.013144854,28,0.9528583
rec_4890c4a4ca277dbdebdb,grp_9df3f19d324b18a03296,4,0,0.08671613,0.06691189,37,0.98843104
rec_4891ea73e48a9f5376bc,grp_62cc96fb1415c813ad8f,0,1,0.13368084,0.14033529,44,0.9917235
rec_48a5c966a6aeafbd9295,grp_b76af1612d21ff16a74c,4,0,0.009814535,0.018952198,10,0.9811419
rec_48a802285055da91fb31,grp_3c20f37232cc65852156,1,0,0.009337445,0.021531861,58,0.9531336
rec_48acee3e86ca3b347f3e,grp_b765c2e2d550ecb46a3b,1,0,-0.053877946,0.007271764,26,0.9565654
rec_48b3714c5e6a3dd4f868,grp_c137a9fdb3bce9661b42,0,0,0.053403202,0.042572815,4,0.96920997
rec_48b51818d3838139159a,grp_1abe5803904e0e1d7568,1,0,0.048495047,0.0416833,17,0.94744307
rec_48c13f412b73148196b0,grp_7d4110fc956e7cb04f9e,4,0,0.015063729,0.020690463,49,0.9461935
rec_48c9d71c89e7b8036eed,grp_cc3c085daf97310d3e5e,4,0,0.15106335,0.17687526,26,0.9795165
rec_48d1143f0ec83af59395,grp_c4172ddacea9b98b2cd7,1,0,-0.014376439,0.014356431,63,0.9455194
rec_48e34109a4d492b3e224,grp_9537481668319f6d8eda,3,0,0.15384336,0.080656,26,0.9638192
rec_48e4cfd869338cf685f9,grp_f77e5cf75e9b56474ab8,1,0,0.12868945,0.14936064,59,0.98566544
rec_48e77738e02aab3f0df8,grp_069702b29bc6722333ed,2,0,-0.013260357,0.010490383,9,1.0109143
rec_48ea27ce6fb1de559efd,grp_37d0003262c85985d5f8,2,0,0.16374013,0.12413347,34,0.9645984
rec_48ee5e1ab4ac76d7f7a3,grp_b1164d307b93f21383c9,3,0,0.12157379,0.052624706,34,0.9803418
rec_48f6f901bb629c0699ea,grp_5bc0ed8f2d3e8c4ebfe3,3,0,0.085489444,0.032246068,63,0.971317
rec_48ffc4db10d3c1e55ea7,grp_73338118f6711f2529c4,3,0,0.062010616,0.023336615,1,0.9868576
rec_4904bf5287a7288c2322,grp_2f6a5deffd68090f3799,0,0,0.0046793437,0.019794133,7,0.95603156
rec_490552dd68de259a7467,grp_33fb02fb82cb00dce084,4,0,-0.02779077,0.0100700315,30,0.9469299
rec_490596627f2aea678f1b,grp_acb8d4f788e98b2a96f0,0,0,-0.003479713,0.017385902,15,0.94193053
rec_4906f4824c2b5b2e3f2c,grp_e276bcb48966a83bfdfe,0,0,0.06426104,0.050348185,35,1.0008239
rec_490d2220079cca8f5cc8,grp_8681310d77726d1c6c56,3,0,0.02189085,0.013355978,55,0.98314905
rec_4929def8059f3ac6afee,grp_d57c8818bc4fb948e85a,1,0,0.056533884,0.047643423,16,0.92347455
rec_49340e9239012ac9dc63,grp_3d49d949fc6f0d61f9f2,1,0,-0.053172015,0.0073609776,49,0.9604661
rec_49414e388f2c3d0261bc,grp_37dcc777ef9e7ac564e0,4,0,0.07046831,0.05155208,17,0.9959315
rec_49420f4b0888ae355432,grp_eb819526b201e8f15c69,3,1,0.19059941,0.12865749,59,0.98594034
rec_494485584f4aed710ee5,grp_787291129a731694f8db,4,0,0.029067537,0.026126381,37,0.989818
rec_4954b6d22700db78e5ad,grp_aac1d7a47721f3c090e8,1,0,0.08374994,0.07435694,15,0.9916815
rec_4955b789ab4e8eb0e098,grp_c3150a378238f68990e8,2,0,0.11083121,0.061288077,49,0.9550654
rec_495b108db1bb0ae2fbfa,grp_2d15741963db132e4e12,0,0,0.14007628,0.15330651,42,0.9859886
rec_4964133b68d240e8dcc8,grp_fb16fda09fcea44f2df6,3,0,0.0018824525,0.010093393,17,0.98027164
rec_496450cd1aac0737c5b3,grp_9125bc8e51c816d5b38c,2,0,-0.016692365,0.009981143,14,0.98315
rec_4964ab0a02fb11113f1a,grp_43e35fffcba745d3099c,3,0,0.088110864,0.033425033,30,0.92416584
rec_496aaf551d005ea4c1bf,grp_3ce196f3d43f0c2fb259,3,0,-0.022379026,0.0071792747,48,1.0014915
rec_49769d4603ef84318d4e,grp_ff63632c0b674783cb5d,3,0,0.034412123,0.01590634,35,0.9989453
rec_497d023b81f51b8c0642,grp_994f151ec74bfc0959f0,0,0,0.061165817,0.048003998,63,0.9734171
rec_497eb262eae0fd403f64,grp_139e380e73e20f201d74,2,0,0.09198723,0.047201835,13,0.95855784
rec_4980f0711ca4d643fd40,grp_a4f0ac25d45704906ef3,4,0,0.098784596,0.08096614,52,0.9866214
rec_498cf23de9e3b8b9816b,grp_cceb4f2f7a1ce666b7bf,3,0,0.0038599176,0.0103771,24,0.9553125
rec_4991e0cfa360a3477930,grp_d976e47a12cc322f22a1,0,0,-0.0023907607,0.017689863,3,0.9541425
rec_49b361f467a34f2e7649,grp_4c41be907e4807697fda,1,0,-0.043883193,0.0086411545,61,0.9956056
rec_49bad81556e2940195d7,grp_59a840ec84961e7cb950,0,0,-0.02655314,0.012028746,50,0.99378926
rec_49c6dc999828f16bf9ce,grp_0a3153cf12c09aa2a2ca,3,0,0.03736476,0.016574373,47,0.9795215
rec_49d0382d2260a1208794,grp_4614fcfe77b95a9efec6,1,1,0.121119246,0.13338529,46,0.98975086
rec_49d5f5460de67e0c7517,grp_c4bc88616a59f2c7b480,2,1,0.13062626,0.080250815,57,0.99241966
rec_49db44044738cafc4ecb,grp_d8d9563766f8ebbe2021,1,0,0.0045250533,0.019836525,60,0.96100336
rec_49e84f4586330ce89ece,grp_2be1769dd8768893a4d2,2,0,0.051811278,0.026765505,12,0.98448
rec_49ef274e167dbfb316ee,grp_7919b9feb935618f3326,1,0,0.06346394,0.05342327,44,0.95792013
rec_49f59ec6d60b11f94601,grp_3460cc4be530d72a1cd1,2,0,-0.050421514,0.0061134766,10,0.96359366
rec_4a03cd6ea8ade8f86ab7,grp_bb5a71ed5f0a85556118,2,0,0.0185185,0.016606426,46,0.96076185
rec_4a05f18f9be95cde28dd,grp_5a6455cc1345a2b62651,1,1,0.053132325,0.04502854,46,1.0059204
rec_4a082ac6a220d9d77ebb,grp_f8a30aa752a4d6fe1983,0,0,0.10141655,0.0882493,33,0.98957825
rec_4a0c176ce5e77d514ee7,grp_3a6566399fbfa73a737a,4,0,-0.13915291,0.0015202139,21,0.97423244
rec_4a11930b7fe96568cbb3,grp_a11546e50598b688fd37,4,0,0.1096911,0.09593082,56,0.97091466
rec_4a11fa432f8437a663ec,grp_105bd37936c348904f0a,4,0,0.023249328,0.023716843,49,0.9321727
rec_4a13f7bbeb73b3e1514a,grp_48ddf390d81acdfca2e4,4,0,0.059626274,0.043225054,57,0.9805339
rec_4a182db54fd1a5352adf,grp_a235bfa201ffc33bcf00,4,0,-0.00095552806,0.015822275,3,0.9656865
rec_4a29d0c8eb3fbd86a896,grp_37b0235687b79bd893f0,3,1,0.10458905,0.04184374,59,0.9993025
rec_4a2a6a351d4106f83da0,grp_24ad33c085ebfd6c5e86,3,0,0.1195639,0.05122343,55,0.9638914
rec_4a321f271175ba560f16,grp_7f7f2d55f89646d892ab,3,0,0.097918056,0.038215395,62,0.9764955
rec_4a3910916d7b5bfec9d3,grp_3fd8a06d44bb148d5fa6,0,0,0.021694498,0.025913762,16,0.96558845
rec_4a3ff05ad345792e3e83,grp_a14f605e47e0bb7b504d,3,0,0.12260232,0.053355716,2,0.9950045
rec_4a44d742642934ed23e5,grp_98acb2c4f9bed6fe7adb,4,0,0.07742325,0.05767015,37,0.97919136
rec_4a493e7500451bee497d,grp_12e107593ab81d4c1930,3,0,-0.01463909,0.008004388,1,0.98659605
rec_4a4c56696903d61ab1e6,grp_ca94a214f8119195fc1e,3,0,0.078510106,0.02929994,47,0.97945
rec_4a4f2aa12fddd1fb8a5d,grp_fdc90bafd6d276281927,1,0,0.010525277,0.021971662,9,1.003354
rec_4a52bc9cd309d8ebf1c4,grp_5f1611edfb96fe7625b0,4,0,-0.09382313,0.003287711,52,0.9947655
rec_4a52f2523838d11be0ed,grp_4c75c3a44a80b2f8fb29,4,0,0.019585988,0.022312425,52,0.99050283
rec_4a5ba8ed5b29d8c52cb1,grp_933fc1522f517b222d65,2,0,-0.00629226,0.011604678,21,0.9643588
rec_4a6aefc91ed0ec5e0d18,grp_82cae443a980c10dfd91,1,0,-0.044029668,0.008619345,49,0.94549054
rec_4a6b39d624c74609dcdf,grp_2eef8108b4912f0452a2,2,0,0.07427154,0.036809724,19,0.98376375
rec_4a7445beb06621ca7ca7,grp_e927f2343b7ae1a49ab9,2,0,-0.06927989,0.004644645,53,0.99189657
rec_4a8723bc526a21971b0c,grp_6a090d90e56b528ceced,4,0,0.049568985,0.03666149,3,0.9616254
rec_4a9719a4ab5f294abb2a,grp_102bc4b01141ff630f90,3,0,0.24854623,0.2512108,26,0.96041465
rec_4a9e02e9645a7b1c4076,grp_91ed920dce20064acf1f,3,0,6.4450316e-05,0.009839337,11,1.0017681
rec_4aa0fadda0ff155ff2bc,grp_160f3086b236cacdb220,0,0,0.0379667,0.03346846,7,0.9924476
rec_4aaad5150f36350ea540,grp_96d1db4444ff6092fc10,3,1,0.2468551,0.24673223,59,0.9714441
rec_4ab8678a6cb588b2ce29,grp_fae6c7a72bd7adfcc9ed,3,0,0.11154091,0.04597431,44,0.96730983
rec_4abd06f3832586d8dd0a,grp_784cedc1abe34862a7c6,3,0,0.08376143,0.031491004,30,0.9274367
rec_4ac21ff062c4e36bc2d9,grp_39131a30475f2e0535e1,4,0,-0.16548307,0.00097076886,21,0.9836013
rec_4ac4b1ba24d996ea94f2,grp_06922113a97c45895754,0,0,0.005140068,0.019939464,26,0.93506765
rec_4ac8ed243ca8c5a788e9,grp_0910c95297132a19a9af,0,0,0.037087016,0.033010513,11,1.0007228
rec_4aea157361af173d1cc5,grp_32779e74c74f31065e72,2,0,0.112718426,0.06289803,5,0.9468347
rec_4aec8b3867a5589f942f,grp_d05c23aa2665bca4ffe2,1,0,-0.074705884,0.0050722654,17,0.94411683
rec_4af4b2bc238f65214fd0,grp_c987b5146e7cf7a57077,1,0,-0.06493447,0.006006721,55,0.97719306
rec_4af7cebf1794508dc71d,grp_84b74a6d1ce28aa5b85f,0,0,0.0036851666,0.01948404,6,0.98060125
rec_4af7d23b12acd6e296c2,grp_ee47265483a5e62ac7c5,1,0,-0.073586,0.0051715616,56,0.9586198
rec_4afe9a6f6f2facd93320,grp_1bd41ced6186cecf1dbd,3,0,0.051159292,0.020078778,37,0.99142414
rec_4b055e01d7cd28497ea4,grp_2cd3ad6695dabca910c0,4,0,-0.021938445,0.011115276,7,0.96090925
rec_4b0a1d82486902fe10c4,grp_8e2e2cd79ab02d0d8db1,1,0,0.14390297,0.18619962,62,0.9845625
rec_4b121a004595599e2444,grp_1e2e0466d891ef6db852,1,1,0.14495595,0.18899204,46,0.9915015
rec_4b1394c4e74dcb4d1061,grp_fa2759d5ea8857ef57c6,2,0,0.024982434,0.018225698,18,0.9635011
rec_4b1909cc6e35d988537f,grp_64237633c5584102b143,0,0,0.120072365,0.11578451,42,0.9805611
rec_4b2fd563f80268568dd3,grp_7fb1059f7f8c1e346d09,1,0,0.058886975,0.049536083,49,0.9325894
rec_4b36f5b04c94e273cd7d,grp_369d3397dfa965ee4fa2,0,0,0.057220988,0.045166377,31,1.0018678
rec_4b3d987eb0047733ab3c,grp_e5049e1d0dba0dce8fbd,0,0,0.12736933,0.12844743,38,0.95188916
rec_4b489bd99276602b2f6b,grp_e8e7330ae2aec4ea330e,1,0,0.06934575,0.058841884,38,0.9840636
rec_4b6000ba9d28e4e3e41c,grp_570da32eb25360dc4c70,2,1,0.14197421,0.093408726,57,0.9889054
rec_4b640b944ab922ac35a4,grp_653a755ef6136cd17a3b,1,0,-0.02013178,0.013006103,8,0.9346521
rec_4b67bbc5e412dce8f916,grp_b9ba05584def5caacf8a,2,0,0.04633515,0.024753308,32,0.9882639
rec_4b7a783bbdd29eee8a88,grp_ed0307243dfe5fa0d183,2,0,0.0727036,0.03600398,13,0.9637928
rec_4b86d6d5bebc93336896,grp_80c7bec322755333a293,4,0,0.050684746,0.037339527,12,0.96714437
rec_4b91c844939642dc6163,grp_5d3bdc391c38919ec30e,1,0,0.07451883,0.06402944,34,0.98101366
rec_4b91cff2a48525afd5a9,grp_71bd83faab0aa6627320,1,0,0.056575894,0.0476766,59,0.9815757
rec_4b9d5cbf5c19501bc0da,grp_2a6ed4374436c02f8eaa,1,0,0.06339,0.05335824,18,1.0005156
rec_4b9dd874d5e5875f9af5,grp_7f380d39f2ab16aaf2d1,4,0,-0.046364486,0.007356042,55,0.9416137
rec_4bab92f875add39c3a84,grp_39117fc1ba898e81a9b7,0,0,0.03016388,0.029611928,42,0.9903962
rec_4bad6bd223f811cb6546,grp_ad8cf79ebb32eb389ccd,2,1,0.14232397,0.09384351,57,0.9873176
rec_4bbc3d2407c7d98463cd,grp_b4a0545cfa7f4e5e04c9,2,0,0.16631098,0.12828638,58,0.9407166
rec_4bbc9be1839c2a0c1dab,grp_dcd18ea72281cf23ce6a,1,0,0.06597941,0.05568051,48,0.96770656
rec_4bc0a90cf5b1e046b15a,grp_dc15f0825710b4898e1d,2,0,0.12305111,0.07243234,2,0.98354995
rec_4bcd77f2f6dc474eaa40,grp_4490c2b4ee6d72cabbc1,4,0,0.011830505,0.019602168,24,0.9764178
rec_4bcf2c2c3030772d8eff,grp_abd451bd784a4034634a,3,0,0.06223548,0.023409307,60,0.99784803
rec_4bd3523e9c945c1cac25,grp_a611805732919c721000,3,0,0.22303116,0.18945709,8,0.9063663
rec_4bd40683968c42c4e755,grp_fcc8f8004e4c3e1961f4,4,1,0.14649469,0.16581494,36,0.98813385
rec_4be0f38d55629bfd938d,grp_7b8ae004ff0d589d9317,2,0,0.0026036534,0.013198609,14,0.9877484
rec_4be53cab78c30ff30060,grp_036a79de2d87fba8dd3b,0,0,-0.079846,0.0051085525,15,0.9060099
rec_4be90001186e121a62db,grp_b7427322684ecd3620be,3,0,0.153863,0.08067664,32,0.9681429
rec_4befaf20cb83ad22cf60,grp_37dcf32d26d966f23d8d,3,0,-0.0022756862,0.009521622,44,0.9686954
rec_4c0b1b701e4aff9818b5,grp_c3ffda5c21ee7817d9a5,0,0,-0.031860523,0.011048663,6,0.97622836
rec_4c1588f0a25b78e769a8,grp_c050f54b73e27532924b,3,0,0.04976336,0.019693438,1,0.9667937
rec_4c35a62ea962e6591463,grp_b7176c7774fca1165396,1,0,0.004550228,0.019845042,1,0.9587693
rec_4c3cea4ab98a5e4e9d9b,grp_ae1d37761bddf7b5295e,3,0,-0.05355868,0.004628158,5,0.9711579
rec_4c4518693d44d78c9c88,grp_2e586c9aafafbff178d1,0,0,0.04831375,0.039336,61,0.88339573
rec_4c49ae1e626871ee4acf,grp_20b606820562b25abfe1,2,0,-0.04028309,0.0070853964,46,0.9838965
rec_4c4d4638bff10c9168ee,grp_5fb69ce4da5ddd1ad58b,4,0,-0.00061512704,0.015912931,26,0.9665302
rec_4c58f0dd57ffd2349927,grp_00e8351a3517ad81c631,0,0,-0.045039717,0.008943511,39,0.95804393
rec_4c624b3190a414b351f4,grp_c58a8be6a36c9b055bfb,0,0,0.015326541,0.023433208,50,0.9950378
rec_4c68d11ba251678b4002,grp_fcb53dc787f3ee1cd404,4,0,0.031049497,0.027000373,34,0.9663592
rec_4c70894d7ec16f953fcc,grp_feb5156f355f31f74388,1,0,0.07608763,0.065685034,17,0.94264174
rec_4c803b0a1d6cf9dc5522,grp_c05465df7f87b794c7c5,2,0,-0.10058315,0.002941326,22,0.97046286
rec_4c8632eab6287ece9837,grp_9736a916829b7412b9a7,3,0,0.12508188,0.055157594,22,0.9461287
rec_4c8de9a1028471854896,grp_59d5432bd61bad34aff9,2,0,0.106529735,0.057761505,17,0.95894766
rec_4c9a37183c897e986b6d,grp_f95e7af136c18ae487b6,3,0,0.08079131,0.030232979,26,0.9419128
rec_4ca6e491ebb4ff2428f2,grp_69589afd1f9b42557b50,3,0,0.14882745,0.0755427,5,0.9685201
rec_4cc6e646f5e077b2237e,grp_8243b0619f528695693c,1,0,0.1016589,0.09885786,24,0.9417157
rec_4cca37d5ba1ab2cd52a3,grp_f6bc6364e0fd71532332,1,0,0.08327176,0.07378626,31,0.99742913
rec_4cd0cec9dee2dca1f266,grp_a3f176dac23d1813840a,4,0,0.1579862,0.19472554,10,0.97024196
rec_4cd1c39bcc70568f2a13,grp_f541feeb5fbe0df7eda9,2,0,0.096023306,0.04993323,16,0.9896398
rec_4cd694ee54b9b6ab5f0d,grp_b4a4e828af873f554226,1,0,0.05453705,0.046091396,8,0.98512965
rec_4cd6e56cfe4e7d0312be,grp_d7358175faa7879ad434,2,0,0.116929196,0.06663331,9,0.97231436
rec_4cdc0119cec3c16d86c4,grp_bf72dea1a082943555d1,0,0,0.06890254,0.054067448,43,0.951737
rec_4ce04339620613285a82,grp_0bf821d24734160aa91c,4,0,0.11513539,0.104291566,47,0.9900115
rec_4ce1030ea0ff70457445,grp_2ce5458b440205ecc0d7,4,0,-0.01569257,0.012349272,21,0.9627512
rec_4ce4dc31848be3215951,grp_f186b265e80c444613ba,0,0,0.027725307,0.02849758,9,0.96577984
rec_4d0078a60f6d48f34708,grp_caf1f55f98fc07dea5de,3,0,0.04121145,0.017486194,47,0.98953396
rec_4d05ff2241948a3789d8,grp_9a25ba759a9842205ea0,0,0,0.04252702,0.03594246,23,0.9763997
rec_4d0c8fcf57b58ec42992,grp_74e51425f6cba700d064,2,0,0.019727306,0.016898096,32,0.98935443
rec_4d0d30f9903b07926377,grp_fb96c8cb2812472f67e5,3,0,-0.020698166,0.0073509677,15,1.0035818
rec_4d1598ed686b9f5bcdd4,grp_d02f33993cd7cfe017df,3,0,0.003950426,0.010390275,11,0.99252397
rec_4d1a40302adf6f6fdd86,grp_910d5b1e47f514a40446,1,0,0.02827297,0.029685553,33,0.9763423
rec_4d1d9e1b2f8b8bed2a79,grp_28980bc9e823ae7c1050,0,0,0.008893369,0.021163046,27,0.9629429
rec_4d2515f79798f2359fd6,grp_8561c4c12d0b6c9595cd,3,0,0.03433833,0.015889985,55,0.99354506
rec_4d2d2e344cde633a885a,grp_9ba3636394e1a992b79f,1,0,-0.0392235,0.009364159,26,0.9702419
rec_4d3507f173ab98923a60,grp_8408b43e4fb932ba8d64,2,0,0.07557548,0.03749299,59,0.9813062
rec_4d3dad39b7e825b9147f,grp_bbac17466099575b656c,2,0,0.12557045,0.07495134,53,0.94941527
rec_4d3df621ffa9188df11f,grp_e6e681690b230c415ac0,0,0,0.075789474,0.06006586,29,0.95601654
rec_4d46bdce00015819531e,grp_d0653a6b99dfd27344ee,0,0,0.037096918,0.033015635,24,1.0045666
rec_4d56c505fc50744ce46d,grp_8b9092b78bcbe7e1608e,3,0,0.03688266,0.016463442,56,0.9285321
rec_4d5a61be594ce15dbbc1,grp_dcae148b2dec3b74a451,0,0,0.01992283,0.02519904,10,0.9869609
rec_4d5e426e2cb30945e7a8,grp_c6b07af501d889e7603b,4,0,-0.11148997,0.0024344828,13,0.96436936
rec_4d5f7b2453ca2569902d,grp_728efab8d7117458978b,0,0,0.02414497,0.026934922,38,0.94007003
rec_4d6467cecfad7313e306,grp_47c796f7c1ef1e91cf20,0,1,0.14087926,0.1550027,44,0.98783684
rec_4d68e55f38ae2182fa64,grp_755be025a8451cc443e7,3,0,0.05316792,0.020646235,47,0.98276055
rec_4d6bcce2b6a1fea7ea15,grp_84be2bf01fba9cf0538d,4,0,-0.06634029,0.0052433186,20,0.95894474
rec_4d7627a7bc16a18ff117,grp_e5a69ed725524ea18664,0,0,-0.0018645488,0.01783861,42,0.9871166
rec_4d7b2ac601a0c1de0d46,grp_bcc5b1507460d9d5fa44,1,1,0.11060613,0.11361959,46,0.99460727
rec_4d8b26f9eb72ea7a7030,grp_323d7a62af8097764ccc,1,0,0.11508893,0.121715374,10,0.9877696
rec_4d8cecdd13a7e7c035df,grp_3296805d6ba66932f9ab,4,0,-0.0114115495,0.0132722575,40,0.98934966
rec_4d973ff927b3dd246a02,grp_780857cd7b9386aff35f,4,0,0.020601884,0.022693537,35,0.9719469
rec_4d9e781e417736420053,grp_1c712dc4be92d1472967,0,0,0.032264788,0.03060575,31,0.9215069
rec_4daa2f6ad396f99835c0,grp_d559c0d2da8a370c35bd,4,0,0.070891574,0.0519062,54,0.9747755
rec_4daf1edae67c3ea3dde3,grp_dde36ecec84d2f13daf1,4,0,-0.024370601,0.010668454,17,0.9649928
rec_4daf78bdc84251e3c893,grp_4fa0f620d7bd51ffb784,4,0,0.10739988,0.09259483,27,0.9212132
rec_4db33e27f8905d1961cf,grp_257baead9ab3fedf3bd7,0,0,-0.0023334017,0.01770602,53,0.9643968
rec_4db498314832471a537f,grp_10848938976834dd7466,4,0,-0.029058905,0.009856694,27,0.97617584
rec_4dc4d9124ffc522032e0,grp_71d2a4b1f06dfe5cd831,4,0,-0.08776778,0.0036440992,17,0.99061143
rec_4dd39aee00ff10f8f197,grp_b33bcf15334655c677a9,1,0,-0.027578294,0.011443536,35,0.9519692
rec_4dd99b7db88ebd33aa10,grp_aa9ded71a5e16a162b75,0,0,-0.012420763,0.015076826,52,0.961962
rec_4def4b71e1d24670fa54,grp_7db5190b24e2858e648c,1,0,0.059532233,0.050067395,63,0.95050913
rec_4dfb774b6f4d77e66550,grp_91fb6b9569c355b76eaf,0,0,-0.082977705,0.0048570647,6,0.97305274
rec_4e0146dcbc6b24f9d7c1,grp_20c457554fb08386df22,3,0,0.10961688,0.044793766,26,0.98683184
rec_4e0491ade7129e0483a6,grp_7519bccb7d4b57525fac,1,0,0.12372072,0.13870534,9,0.984905
rec_4e056c0dba308e369333,grp_d2ed88acbd132df25314,1,0,0.013656443,0.02317349,57,0.9937906
rec_4e1212144bd00638392b,grp_f5ab837be78332e1d66e,0,0,0.014474004,0.023119222,20,0.9795223
rec_4e30434d693c055c5c5a,grp_2dfaee76de0560aeef96,0,0,0.08260642,0.06661231,3,0.98768693
rec_4e3135c38cf72ece5a2f,grp_cc2ea1f5105d13728f1c,0,0,-0.021529436,0.013035358,22,0.9856381
rec_4e3cd7423c4c49e3ef41,grp_a79bfff71f569cd1d00b,3,0,0.12872301,0.057907682,1,0.97754717
rec_4e3e03b17a7672961171,grp_7574ecda6dd554cf2f35,1,0,-0.036353443,0.009838976,14,0.9586439
rec_4e3e338d8b04d2d36f33,grp_b77082261ab045694265,1,0,0.108467564,0.10992541,39,0.9508508
rec_4e490d6ef701b7985d2d,grp_da583266ddd4b16794f1,1,0,-0.014901311,0.014227761,41,0.9162656
rec_4e4b682a6203a2db916f,grp_5ba1ff27409e23524961,4,0,0.08526851,0.065386795,24,0.98279804
rec_4e548f1ccbf2881be983,grp_0bdd45edac7fe83afc5e,3,0,0.028297758,0.014606093,35,0.989424
rec_4e55909eb3bab963a03d,grp_4528ac411fe777ac4738,2,1,0.14179017,0.093180664,57,0.99308985
rec_4e60e9bbb5452b4fbcbc,grp_0d6f3ab10d68f28d86eb,3,1,0.19478194,0.13544574,59,0.98138815
rec_4e69fdae30a0b47cf058,grp_1e57ceeaf398c2f100ff,0,0,-0.02333304,0.012664741,9,0.9863611
rec_4e6efa12a0160272a0c2,grp_bd62b1a37b4fa60242b6,3,0,-0.04419543,0.0052810083,55,0.9742995
rec_4e7769f776ca59b780da,grp_bd3350740c4274751c7f,3,0,0.10173975,0.04025535,15,0.9924557
rec_4e8288ce9b1859b058e2,grp_45414decce6d954a7a14,1,0,0.18446067,0.31666166,11,0.9757293
rec_4e82abd2eb5851192acd,grp_f532dedcfc485dc11c6e,0,0,-0.006231494,0.016640482,3,0.9505114
rec_4e872aac625ac1fa5115,grp_edf4275caec1c92f337b,2,0,0.13253386,0.08233778,61,0.9823192
rec_4e8d9c0a5e7acfd00e6f,grp_0156e3c6df2293a5ca7f,1,0,0.003116454,0.019365527,55,0.9501164
rec_4e8ddf5c82e54ad7c8f3,grp_c7ca5501008ab254795d,4,0,-0.07385701,0.0046153427,59,0.99402326
rec_4e9360dcb909575ede70,grp_7a94f8cb99112ca3d5ae,2,0,0.038493913,0.022126636,62,0.9716884
rec_4e961c6bcfa4fb71f0cc,grp_178370b2643b3c79012d,3,0,-0.035577394,0.0059625097,48,0.9991848
rec_4ea3cc5e6d88df34b382,grp_049c7082d64b5559fa87,4,0,0.03301289,0.027894173,3,0.98883295
rec_4eb4f4daac7fa575ac91,grp_62070848e483596dfa1a,1,0,0.022826858,0.027074195,17,0.9597654
rec_4eb940a2eca6007be562,grp_d03a6c1694250bc43dff,2,0,0.04359071,0.023801092,6,0.9609302
rec_4eba713b7954c07ca5ab,grp_6b5d9ca68e73f620f252,0,0,0.0387204,0.033865698,1,0.9942796
rec_4ec2452f689d75697ad0,grp_a43571d7b71b01843dc3,1,0,-0.05078692,0.007670515,53,0.9644817
rec_4ec3acfdcadccb3d5d19,grp_6193c4f98e5dd9152fe8,2,0,-0.018344406,0.0097448155,20,0.99280035
rec_4ec45dd851df6bcc9803,grp_ccae7c266a77931fc996,2,0,-0.02366391,0.009020868,19,1.0015293
rec_4ed5d99d4d64dfb93e84,grp_1c675cd33561e3922dc7,1,0,0.053045873,0.044963893,5,0.9724101
rec_4ed718d66a6b78325a8b,grp_6eba21b04703a739d524,3,0,-0.022534598,0.007163589,42,0.9618042
rec_4eef6095db52eaa57222,grp_51bc781be49015799e9b,1,0,0.024398675,0.027804043,9,0.9933441
rec_4efbb47fbcdfc0ad074d,grp_490ae4b1b2c39c50d688,1,0,-0.0157963,0.014010983,62,0.9473309
rec_4efd7511eabd910eb60e,grp_896f348d3aaf833d8420,4,0,0.020004902,0.022468816,22,0.98539966
rec_4f0115a08d560b4a25c8,grp_bd6149ca9adcad2a843a,4,0,0.037506808,0.03004942,57,0.9624534
rec_4f02a194170fd6731e7c,grp_2984078fb4992f1d50ba,3,0,-0.015265385,0.007934262,24,0.9454344
rec_4f173927a1cdbb7516f9,grp_457dc89f16ef88f2ba70,1,0,0.051100112,0.04353215,9,0.97072685
rec_4f18dc2554e0cab30161,grp_600370ef4d7e32cc5fd9,2,0,0.069755696,0.034534827,21,0.9869407
rec_4f249def075590fee5fd,grp_485ae838072e260d073f,3,0,-0.0011292445,0.009675985,40,0.96950465
rec_4f27d36c9e8b25f07b06,grp_6a8c418a0ad17d7e0bcd,4,0,-0.045466445,0.0074687265,10,0.976694
rec_4f3472634c969ec5e4ec,grp_daaabe07afcbb8d64146,4,0,0.009903027,0.018980278,8,0.9469106
rec_4f352040a709d264d9a4,grp_da2e973921f5ac8b4652,1,0,-0.0065099956,0.01642783,59,0.98034936
rec_4f36f75d866a922af2a5,grp_e9983bb1f00dd9fbe2e7,0,0,0.033632647,0.031270094,50,0.98361546
rec_4f37407b3b6ad52c80f6,grp_cc0f3226f37ef5b9f385,2,0,0.089939296,0.04587078,12,0.9648375
rec_4f429e106a45f5c45ba3,grp_f66943bf0eb6b629b598,2,0,0.116841026,0.06655303,5,0.9239867
rec_4f4a2b4529e372f6a403,grp_6447ea0e7c87fded8426,1,0,0.09856886,0.09417005,15,0.9598434
rec_4f6b21b4efe9905c3d8c,grp_14aafc02881d2b912aaf,1,0,0.045450494,0.039617687,60,0.9647608
rec_4f70f34bd7d780d61349,grp_561d92ff162e489d6252,2,0,0.07158553,0.035439815,19,0.9987067
rec_4f77dfff68c57dbbc86a,grp_9027b28911cc7ef23495,0,0,-0.017822385,0.0138310315,61,0.9691568
rec_4f88ade0355f304e4d0d,grp_851a61b8e2bf22879cb6,2,0,0.08297339,0.041605987,24,0.9711823
rec_4f90ddadb5280963b098,grp_d95caff766884aedb031,0,0,0.1038758,0.09150797,23,0.97644746
rec_4f9f896eb9984bc48d5b,grp_7c297fd059d17411f8ab,4,0,0.034812685,0.028738698,49,0.9301318
rec_4fa05c977957525e79cc,grp_2d6919dcdf2e02042c6b,3,1,0.18783604,0.12433329,59,0.983119
rec_4fbca6e0e1effeebf051,grp_9e4a89f7d05220e6c32a,4,0,0.046590436,0.03490899,35,0.97323304
rec_4fbffa410586a97bfb2e,grp_91e7554e72da10dfafe0,0,0,0.07850227,0.06259559,3,0.9691048
rec_4fd15e46172774855c6d,grp_a41fcb5842c4abdd69cc,1,0,0.09369463,0.0871799,21,0.9838145
rec_4fdd2aca9edd45d62459,grp_3f87c412a15a40b1d935,2,0,0.022000609,0.017460316,58,0.957667
rec_4fddf935732a5edd9de4,grp_ac32e52f702426f2696c,3,1,0.22513397,0.19407295,59,0.9713672
rec_4fe019bc7200490f0ff2,grp_4117614fb1f235a7ce19,2,0,0.17642307,0.14578341,26,0.9736818
rec_4fed91d5bc2260e48dfd,grp_3becd42520d13407acc5,4,0,-0.07022752,0.0049086236,17,0.99967265
rec_5001ae7f6c0d0e18c790,grp_1e0173911c08a6bae4a6,2,0,-0.0080719935,0.011309412,22,0.97408915
rec_500364e22ded8743845e,grp_dcbab9da4bc2a136a79a,4,1,0.050397392,0.03716376,36,1.005697
rec_50066d1efb1a5ea777b2,grp_3b64166e232e2bcafc80,3,0,-0.039219424,0.00566444,48,1.0015382
rec_50145c4f5ebc57bd9c49,grp_9ade941a525ab04310c3,0,0,-0.07515586,0.0055096163,34,0.9692409
rec_501907faa39805a07b76,grp_7c70db19ad417876f947,2,0,0.040015344,0.02261404,39,0.9556283
rec_501b5ce1342a232e7754,grp_0588a887ad1e61c24ee2,4,0,-0.0590587,0.005932534,20,0.9356593
rec_503ac64c514ecc99c0f3,grp_2999b82949a4457b327e,3,0,0.2746259,0.32677853,3,0.9494487
rec_504a038ea442c49db8a1,grp_201c0fd1d75feeb27d0f,4,0,0.031153405,0.027046971,53,0.9949611
rec_504fea417746c9ded2a3,grp_ed2e9750e567a5d8eae6,1,0,0.09460856,0.088453785,9,0.9813468
rec_505546d477f67b3e7a09,grp_8b5463608a0d4fa1e301,1,0,0.04121972,0.036909625,61,0.9941292
rec_506789e550cf594bf15a,grp_5409598b5d3c6e9028b3,4,0,-0.035952162,0.008772995,54,0.9892731
rec_5070961ffe48abb9e7da,grp_64d077c2449c568fb05b,3,0,0.034097098,0.015836649,44,0.9984075
rec_50737c541cbd9e8e76a2,grp_4a6e2d8b4bd85228613d,4,0,0.06210149,0.045004997,40,0.97956437
rec_50753a33c57b91c96db8,grp_31635dc63c77c79e928d,1,0,0.09190332,0.08473108,57,0.97686243
rec_50754e7b0b8cb00e1a0f,grp_63499d46489cf08e1add,0,0,0.0909106,0.07548044,3,0.9737334
rec_5076844ca0adfc9cb043,grp_1ada1c2a7c1cdc32e92d,2,0,0.017386168,0.016337706,48,0.9844973
rec_507eb0d2e21cfd41fb35,grp_090ed0035606959532f3,1,0,-0.09904401,0.003326882,18,0.99391
rec_508cacffcb2e82aaa35d,grp_6bd600e9880133429e85,3,0,0.17908348,0.11145301,52,0.91552037
rec_5092241238b88ccae56d,grp_f7e18132caf7df981b22,2,0,-0.0133136045,0.010482288,38,0.8880412
rec_509c82dac9a14158024d,grp_db369683e1beac854cbc,3,0,0.07153992,0.02661894,30,0.9887051
rec_509d3ca22ab1dceca676,grp_68738dc143406fdf363b,3,0,0.14817618,0.074901044,42,0.9778248
rec_50b1290e90b0a8e5bd32,grp_6e14bb68b7cfdeeb349f,4,0,0.06413681,0.046520736,13,0.99625456
rec_50b3f4af06bb4cfa75e0,grp_c68c57175a7c529633e7,1,0,0.055042986,0.046480026,60,0.9610875
rec_50b61a55731548a0ed8d,grp_38362b7fcf1eab7eb44a,3,0,0.19160576,0.13026384,52,0.96410596
rec_50d920f5e9387844974d,grp_8305560a812c9457db1c,2,0,0.011382678,0.014982849,19,0.9757435
rec_50e10734c5b7597bd172,grp_558c1f9dcec26276a173,3,0,0.078343146,0.02923276,31,0.9779579
rec_50f219114cfa067d715d,grp_188dcd55ee6212ddd45d,3,0,-0.059023958,0.004284903,36,0.9091113
rec_50f32fa04f7ce726f05a,grp_3cb643840ac25b46a014,1,0,0.041915715,0.03734256,55,0.8922718
rec_510ad0d6f51740107ff7,grp_eb53ccf600f645e157b8,4,0,-0.0064685405,0.014422846,27,0.9461685
rec_51147d5137b4f403ea46,grp_3b07352c75ef4253b43f,4,0,-0.061079603,0.0057326923,47,0.9972068
rec_511959d0c51665a7fed0,grp_b594b1b427bb61ebfa1c,0,0,-0.08849142,0.004443869,29,0.97295314
rec_511a173a0ee28dbb2a9f,grp_0bb7a0a8dcafb67f9848,4,0,0.07166619,0.05256021,3,0.9744679
rec_511f99c0a0a6a6e6ec36,grp_42c1c57c29819031c11a,2,0,0.0038414658,0.013436873,5,0.9274493
rec_5123b5a87c5dfaee8c12,grp_ffcb4214141207cdf442,2,0,-6.992929e-05,0.012698109,32,0.9648757
rec_512993e2d897b896fb86,grp_5da4869031547e63b3ac,2,0,0.024818478,0.01818277,61,0.98602563
rec_512b2707f4403ea8677e,grp_33944d550d1eeb732ba2,2,0,-0.01046551,0.010924001,6,0.9895639
rec_5130ec4e508be2497d4a,grp_22d3909d99f31fd41245,3,0,0.2063805,0.15585878,31,0.9740059
rec_513b10c8af71e159dd12,grp_9804ca5bfa78ed981a12,2,0,0.06089225,0.030457763,20,0.9818909
rec_51403c2e3b4ae88f3eb0,grp_b4a017812841155e2445,3,0,0.15820764,0.08535988,31,0.93864167
rec_5143bfecb8f67e9bd850,grp_60233f09947e5e7a7903,3,0,0.07559577,0.028148513,48,0.9971849
rec_514a724b1f26fb0f52f8,grp_79d95d5ce8735a579d05,3,0,0.05760006,0.021954447,63,0.99214476
rec_514a80d9edb2c099b7ea,grp_1d22197469ecd95bb571,0,0,0.033662017,0.031284515,3,0.9842772
rec_514edd619b6cfd573cbc,grp_5216fe725524eecbc912,2,0,-0.005675359,0.011708791,48,1.0004537
rec_5150c4cb5c7d69e5c5ee,grp_31ed87b2a6d763c832e2,1,0,0.023529919,0.027398316,50,0.97137517
rec_515851402e7d9f3f7be4,grp_793e1105ee795f4803c7,4,0,-0.032246076,0.009340077,2,0.9568933
rec_5159e17ee9543afaf550,grp_75908f540c8d8dbbb5d2,3,0,0.02886597,0.014722374,58,0.96612436
rec_515fa0aac90603315055,grp_304a2d741d5042f1a78a,4,0,-0.039122466,0.008315074,37,1.0028353
rec_51654b8dceeb1956ab4d,grp_a18e70c0e5cd508e9025,4,0,-0.014103049,0.012684331,12,0.9825695
rec_517f632ca11ea7ed29ad,grp_a47f14a1d028285d29c1,3,0,-0.13923186,0.0013798914,5,0.97633934
rec_51879374ca1160e2c9ba,grp_0683b56c760a7ae6d5fd,2,0,0.021863626,0.017425928,8,0.9830942
rec_51883c661481019ba944,grp_81733bba5afc77af2dc4,3,0,-0.012735124,0.008221377,1,0.96853894
rec_518b5e88fff5a3980c71,grp_576194c12012ca269efc,1,0,0.016293433,0.024235228,47,0.9818239
rec_5194c44e10f6b60b83f9,grp_1e3e6340679f544f88ad,0,0,0.05014533,0.040472735,3,0.96878964
rec_519cf17a701f08faad0e,grp_c1350d8bdb2f98067966,1,0,0.024694547,0.02794355,9,0.97876066
rec_51acd8ae808b7218bd33,grp_c50f72637a20e60b970b,3,0,-0.014619093,0.008006637,48,0.99592996
rec_51add261d687565b9c7d,grp_77e603f7d1f0967ec7ce,0,0,0.14772211,0.17008367,14,0.96993047
rec_51b2a1529c072ea83efc,grp_e69eda497f969ec42992,1,0,0.037020355,0.03439819,37,0.9840272
rec_51b75ebf71eaa3be626c,grp_ee415aa8e18d06bd1a6e,2,1,0.17906505,0.15066943,57,0.98164344
rec_51b7991bb274a2ce4df8,grp_39f0852fed5369709214,0,0,0.20968574,0.3586561,14,0.9745905
rec_51b8133e72a577d48add,grp_e9cbead206eedd145603,1,1,0.046670943,0.040433668,46,1.004308
rec_51c2c7544c52e1a56625,grp_04177a8b3d8dcba1633a,4,0,0.039320458,0.03096421,37,0.99986064
rec_51d430e2f13b8c911f40,grp_18ec5fdbf99ff779633f,1,0,0.07566823,0.06523857,32,0.9727827
rec_51db0eed872f2bc8d090,grp_18101deff28c56a03f51,3,0,0.101846665,0.0403139,62,0.96821564
rec_51dd6e8b8812110182d3,grp_7edfd66b05181d6245a3,2,0,-0.0443941,0.006674053,9,0.98213583
rec_51e15b8b5a590019fe9d,grp_89fd5038cb5f1561eefa,0,0,-0.06792798,0.0061898124,3,0.96902627
rec_51e48a22b040b4b437cd,grp_26216b9d3cf3c5562980,2,0,0.1272284,0.076652765,28,0.9689796
rec_51f253b9f9a4db7fa04e,grp_6ca49078b40deba2ae24,3,0,0.01838821,0.012717785,48,0.9909133
rec_520699575c2596b37261,grp_ba122c391734fa3968ad,2,0,0.095473625,0.04955261,24,0.9628191
rec_5208515ed14bf8dd5fe9,grp_dc7509b0bae146e14b6c,2,1,0.09542986,0.049522433,57,1.0000887
rec_522411fe83db501b633b,grp_5d315197e2596bf36296,0,1,0.100975394,0.087675944,44,0.99823266
rec_5231be4d4c4b43136ff2,grp_5269411611132b3e5b35,0,0,0.07227703,0.056932528,14,0.9628262
rec_523387fe9249e9e87197,grp_167efd9a4856d7550cb9,3,0,0.125624,0.055559136,50,0.95451444
rec_52343a2b5d61c88dd7fc,grp_815123a2e0d1acb1b066,0,1,0.0831387,0.067150466,44,0.99984884
rec_52356e2d5905925d5bd3,grp_f9f063e4a9e0fa7467b6,1,1,0.17708184,0.28955334,46,0.98585606
rec_5235cede0bd555810b47,grp_3d7c953aa12e74a1870c,4,0,-0.058340773,0.006005184,2,0.9226273
rec_523654e7ac62ad492bbd,grp_fba8383fefc891ff799c,4,0,0.111953296,0.09932956,1,0.97779495
rec_52446cd771e35ba9072a,grp_b6fd939c8f85e57457af,2,0,0.14809512,0.10128375,21,0.9887142
rec_525a7358fc59e0c37ccd,grp_b380ebced2f47ec0995f,4,0,0.0072124996,0.018144444,26,0.9957887
rec_525eb8950a758ca6d084,grp_5884d7fc1d20e59966f0,3,0,-0.13035719,0.0015644194,36,0.94244623
rec_5267122a01e3b06382e8,grp_5c1c6b6825265b3b4180,3,0,-0.02184746,0.0072331373,37,0.99415696
rec_526795bf2aeef009a47f,grp_05d6d7401857fc4706b1,4,0,-0.07026037,0.0049058874,54,0.9814604
rec_5270880cc7fe6d7b6e17,grp_d663dcfff7abfa3dc3ee,0,0,-0.039614215,0.009757165,50,0.9813822
rec_5271622a29954286a725,grp_2cee9d510cbb1b579ba6,1,0,0.094846964,0.088788845,32,0.9737621
rec_52775c0239a9abb113e8,grp_c132846cb5ee669c1224,2,0,0.003832662,0.013435167,14,0.9898552
rec_52789fdd234365cc77d1,grp_d2b60775ace7c984f641,4,0,0.008360441,0.018496549,7,0.96378964
rec_5284d237456377e11e2f,grp_c490c58f79fabd45d015,4,0,0.046018753,0.03458199,8,0.94887114
rec_528892ee51f910480d77,grp_5e67bf75896c9e80265a,4,0,-0.048180178,0.007133337,21,0.9987558
rec_528b48b33501ef532a9f,grp_c349f6374c08aff8b150,1,0,0.016434086,0.024293175,11,0.9792689
rec_529955c80870004a68ad,grp_9d697f6b15f5d93879a0,3,0,0.1219635,0.052900568,12,0.94174
rec_529973ddfe94dc1cb9a3,grp_28966dfb46819269b3a0,1,0,0.01850544,0.02516232,17,0.9861641
rec_52afe4c0234c12f1b80a,grp_45307c64809e63e7a036,0,0,0.03976871,0.034425784,39,1.0014346
rec_52b1470d1ae6e2aae200,grp_9613613321a61b36c47f,1,1,0.19538048,0.35913008,46,0.98320955
rec_52b28254c5fe9f6f25ee,grp_47eea657870535556a07,1,0,-0.007411561,0.01617626,55,0.9570832
rec_52c5eb43bca3767ca345,grp_301837269b2577c80b10,3,0,0.06499694,0.02432031,47,1.0015895
rec_52d0d1f9196eff0e036f,grp_ee1164d3ea6bd9d7df64,0,0,0.0724223,0.05705902,62,0.97472054
rec_52d946d37175137f5b43,grp_47e2fc8d109ffcc47e19,2,0,0.034077596,0.020769263,59,0.9443972
rec_52d9a842bfba17c74b5b,grp_720759792c267d50ebe0,3,0,0.19139226,0.1299216,31,0.9500559
rec_52ddea6a8b7550e957d8,grp_354c951fd1b8d50054fc,0,0,0.064620815,0.050627593,9,0.9936534
rec_52de67e4c759713a18ad,grp_262879009857e12027fa,0,0,0.02811243,0.028671728,15,0.91089904
rec_52dfcf310d49a71a53aa,grp_5696d7cccd723401d7d3,1,0,-0.03436592,0.010181678,18,0.9588039
rec_52e047b83170c249c694,grp_7cfcae85a4b1aaf1e377,1,0,0.0083644055,0.021178015,55,0.9509273
rec_52e2d4fb6f41885d20ff,grp_ad211e3f821b3d22d745,4,0,-0.042000968,0.00791987,27,0.9416863
rec_52efa771d6f98e307f28,grp_4dd91f9566ff6366432a,3,0,0.10732224,0.04342358,12,0.91545147
rec_52f4e8461b7a07053956,grp_f118e807f0707510ac1d,3,0,0.13194981,0.06045189,40,0.9792104
rec_52fa766e133cec3af108,grp_27be0ed438db8ae14a25,1,0,0.020490244,0.026023531,38,0.9314246
rec_52ff93074265bd8a2704,grp_085b6b09073095d6dc17,2,0,0.12784885,0.07729855,15,0.96151775
rec_53039960134ead7d7eb3,grp_e3d0e49e45d411d79623,4,0,-0.037413478,0.008558897,17,0.9827119
rec_53066c7c352163e1d344,grp_9780fc4c3bf56c4341fa,0,0,0.013818397,0.022880558,33,0.94973737
rec_530835a1f7ae3f51409e,grp_5e3b80e74872c7f7f607,2,0,-0.06968194,0.0046174945,47,0.98890126
rec_531005e6583de1c23dc4,grp_66097e97a98e55352092,2,0,0.15173003,0.106234625,61,0.9169214
rec_531068acaa27769e019b,grp_d4d27d219a1acc46932b,4,1,0.15411316,0.18457589,36,0.9868386
rec_5323e943fe40f4f19e62,grp_825a7a136fc5fc018e63,4,0,0.13197602,0.13433018,26,0.97505015
rec_5324dd40935855e7e038,grp_177333b7385145eb93ba,1,0,0.12514535,0.14169349,63,0.9484995
rec_53286281af7c35bb38cc,grp_5ee7b7fc97a705e6254b,2,0,0.09746764,0.050946586,51,0.9869391
rec_5328fbf1dca05afc9dbd,grp_bab76268490be588635f,2,0,0.045155793,0.024339655,32,0.9665311
rec_532adcaf5c7881b5669e,grp_aeff1ffb918128422587,2,0,0.16218185,0.12167281,16,0.9761055
rec_532fe57dd2ecb06181c8,grp_dc4a5948f3b0ceb56611,4,0,0.08757584,0.06783317,1,0.9751836
rec_53308a8ea5eb27bd7315,grp_cee6bbb022bdaa46f808,4,0,0.020171506,0.022531312,19,0.93274415
rec_53364c42481803d9a926,grp_d571f7d1d6490560879b,2,0,0.07904157,0.039368976,20,0.9604966
rec_533b0af15a57d2ce5220,grp_9f1793c9da66d4752ae8,2,0,0.16340083,0.12359407,34,0.909083
rec_53436ce8a8628f2c1002,grp_c97180df2afc813f073d,1,0,0.13268165,0.15840329,15,0.97970563
rec_5346821a4c18925ecb60,grp_7532cb6aae79a5005aee,3,0,0.125084,0.055159163,30,0.93871886
rec_5348749caf0f5ae24c72,grp_18de5015d2ab95c5c732,4,0,-0.0886477,0.0035900155,13,0.98633736
rec_534ab592fbb507c8354d,grp_bc5b6b38dd1af2d345fa,3,0,-0.009882018,0.0085574975,36,0.9287885
rec_5362851abf34547f3ba0,grp_92b5cc1a9a87d606c348,4,0,0.06351723,0.04605425,31,0.95739543
rec_536d677202b2c7941f14,grp_be584c25ab8269784747,1,1,0.25465497,0.61118275,46,0.9700944
rec_537180dffbb58d6587fc,grp_dbfe909bab598fb2d28e,1,0,0.017956827,0.024929216,32,0.9756225
rec_53727a2783a4300ab2e5,grp_9622c2deec5fb2be324d,2,0,0.088810086,0.04515222,36,0.9759266
rec_537757a76ae17bfa2b70,grp_8002a8ee5ddc0ecc0d3d,1,0,0.09774184,0.092949644,43,0.9615776
rec_5377e134574205959757,grp_2611e5fea1b2be327a3f,1,0,0.02085961,0.026186936,53,0.9797704
rec_5377fe8d5b5285e15d40,grp_45116e773564b44ffe35,4,0,-0.0018001492,0.015599514,59,0.9923702
rec_537d1edb49f5c521925e,grp_e7cbd46324a393fcccd2,0,0,0.07004842,0.055024777,41,0.4778066
rec_53853a49a7b068fc2f75,grp_f00e44dbb73a1a650bda,1,0,0.07456243,0.064074926,49,0.9227081
rec_538ad403007faa93549e,grp_dff790bc4d7411cca9d1,0,0,-0.030215692,0.011343647,36,0.98628056
rec_53b236e0127ee65f0bb5,grp_47d207680e6cb4838d18,3,0,0.036373086,0.016346982,52,1.0023551
rec_53b588d6cf80afb0a8da,grp_28871a0fd85fd295f600,2,0,0.043547343,0.023786338,2,0.98095864
rec_53c143532df9146921c1,grp_389f724f28dac74f3ade,2,0,0.0884067,0.044898137,61,0.9640113
rec_53c8797b4b1573dfb6f5,grp_d2992373f48646967b5e,2,0,-0.094108604,0.0032330113,1,0.9719182
rec_53cceebc32aefb7537a1,grp_75a2d51b90b1b810d364,4,0,-0.006781669,0.014347135,60,0.8047633
rec_53d13285aeb16505a7f6,grp_e53cc5a0150532d7299d,2,0,0.07768455,0.038624015,34,0.9600596
rec_53d6c1538dbdf8b04909,grp_dbb744aa2a233fa4e5b5,4,0,-0.028463064,0.00995637,26,0.94845563
rec_53db8b61c606833d8aaf,grp_e262453a923981d63a65,1,0,0.059209563,0.049801037,63,0.9626471
rec_53e407078c2d1ab8af29,grp_beb298cfe953c836e98f,4,0,-0.048879765,0.007049325,21,0.9571494
rec_53f356eab693ebf1ff78,grp_a4760734c330afc7d45f,0,0,0.015116169,0.023355348,32,0.9575793
rec_53f4639641fef91072fa,grp_a2cbec197407695b5f74,1,0,0.10611094,0.10597689,6,0.9563789
rec_53fef23b7a4195e15cfb,grp_0a5d5d50731986a41ed3,3,0,0.12556523,0.055515464,60,0.9823925
rec_53ff4fa0b592a2e83d08,grp_c297d25192000ccb8372,1,0,-0.009331882,0.015652977,47,0.96614766
rec_5409122994b500c242ce,grp_1bc4f2094cfa0b89d5ea,3,0,-0.023640811,0.007053011,55,0.98269683
rec_540f32bec721d3be0391,grp_cff27589fd9c7375a573,3,0,-0.01346928,0.008137022,35,0.9870265
rec_54119a482d426abd8a4a,grp_481ec3a77dca65292ce8,0,0,0.06931999,0.05441438,20,0.9931844
rec_54134b801a9107f68624,grp_aafb8f98a6c818e771ad,1,0,0.05444006,0.04601725,31,0.99423575
rec_54187ba66af811545083,grp_9e871d8487feb7b7a8d4,0,0,0.035983235,0.03244446,34,0.9703982
rec_5425f83f5d8967efc39f,grp_a1efcf7efb7e2cbae139,0,0,0.009810307,0.02147296,61,0.9698133
rec_54330ae3e6bfff7db91a,grp_18c7086993ca523ed4ce,1,0,0.011465229,0.022325894,17,0.98467714
rec_54358a980aabbd62cb5e,grp_84e2b38da70b816dfc8b,2,0,0.114894316,0.06480317,59,0.971602
rec_543c09816aad12bc870e,grp_fd5b888a8a3763101020,2,0,0.030048564,0.019602237,42,0.96470016
rec_543f87dfe629dd7aa4d7,grp_e8a035e22998fd54f576,1,0,-0.032340623,0.010543045,9,0.9796651
rec_54412e08ced1ad9ee21c,grp_4c065d8c15d595926ec4,0,0,0.04013636,0.034624312,53,0.9780201
rec_5444ec9ce388892ee7aa,grp_687a7c77a5b69e42a0d5,2,0,0.053862195,0.027559355,32,0.9812365
rec_544a7e3721ef5cfc7768,grp_d0162936e98ff9b984c1,1,0,0.030433249,0.030787682,61,1.0017445
rec_544bf51447816586f8fa,grp_732057ccaf140328c9e5,1,0,-0.05602247,0.007007275,32,0.9702686
rec_544c497f9f36fcb01f6a,grp_c0e361e35422cfe8ed5d,2,0,-0.02095434,0.0093827015,2,0.9775191
rec_5451bf228364095b56c3,grp_b308910cea8910c1f7fa,0,0,-0.06321742,0.0066773896,43,0.9920383
rec_54547302d9cc8ec4535e,grp_1b2258fc083f3f5bdc92,3,0,0.092281915,0.035387147,60,0.96617204
rec_546382535bdeab3f6723,grp_9d4e63a21e0734363c97,0,0,-0.02115465,0.013113703,45,0.9857706
rec_5466bcac7ffa00fb7b7d,grp_6b52b876c918a1f5401e,3,0,0.059092477,0.022412937,0,0.97982275
rec_5468d6fa7ea5cd4cbf87,grp_823be6878c7facc5f4c5,3,0,-0.08510932,0.0029652694,23,0.9895691
rec_546d9bb61370c87d12d8,grp_189627864e13c558360d,0,0,0.055710014,0.044122387,3,0.9581846
rec_547b76afa5d71daa4e7c,grp_0a3b88bf115c87bf456a,2,0,0.066353865,0.032911256,19,0.98829526
rec_547c90e5f71d31fb38c8,grp_26c94adf00bb0317a7a9,1,0,-0.054112453,0.007242367,44,0.9953074
rec_547cdb06fd528608b9a2,grp_e218b714a22176ec1487,4,0,0.06388493,0.046330545,24,0.97271687
rec_547d68926ad3739d7150,grp_f54c6a6d9e7d547b9e3a,1,0,-0.05358713,0.0073083867,17,0.94400823
rec_54824252aa731cbdf619,grp_d7d5ba9ebfdc94b98152,2,0,0.18622643,0.16459168,1,0.9585806
rec_5489e930b59751bc63b7,grp_c261b0bbaec85572d160,3,0,0.07624095,0.028399572,56,0.94695014
rec_548d676fbd7680f648de,grp_6ac3a2a70f6402f8bdd9,0,0,0.05148154,0.0413218,17,0.9851886
rec_54a8056f699814ae4032,grp_5fdfbfaa32f3791f55f6,2,0,0.030106373,0.019618519,19,0.98105353
rec_54ab263f50bd5459a5a6,grp_bfd3a44646c527cd1c3c,2,0,0.09282256,0.047755234,12,0.94716287
rec_54acd11bf614b7daeec6,grp_f6e9f0f4144e93eaca1c,2,0,0.1319581,0.0817027,2,0.9783964
rec_54ad7e3a8e5e5ed9a51f,grp_44fb74b09414966aebd6,3,0,0.0566934,0.021680402,56,0.9636085
rec_54b1af2ee23f93f3ccb7,grp_7d9f583eff3b04169795,4,0,0.118673995,0.11006546,52,0.98217124
rec_54cdd0328065f3309aee,grp_32fa5470057463dab1ac,4,0,0.054001804,0.039427157,2,0.9028142
rec_54d3072e6eef510ece27,grp_4b96e60c9e23fba03c25,2,0,-0.009527894,0.011073408,40,1.0036758
rec_54d6002fc373011e47a8,grp_ac79fa02b3346e48028b,3,0,-0.014318006,0.008040578,32,0.9943395
rec_54d7f29092432a09238b,grp_2b79523b7611c0f0cf4b,4,0,0.044753753,0.033868875,7,0.97899663
rec_54ee672ad1c008586b00,grp_fdcd48e049627a5d1bb0,3,0,0.05380712,0.020830082,5,0.99868834
rec_54f0d323115c6a86abce,grp_64980ac7154a7f3439f0,1,0,-0.13452898,0.0017969658,7,0.95777935
rec_54fa3d0482079219b5d1,grp_b83191c18f8620f25f74,4,0,0.0010484222,0.01636339,51,0.98556584
rec_54fb87d34068c753dbf5,grp_df7c4ed78e4883b55f44,2,0,0.056811485,0.028741162,13,0.95104
rec_5514e178109b7943668b,grp_b55128fa131a6ad945e6,0,0,0.105889514,0.094256446,50,0.9860421
rec_551bc17b7c6902b76591,grp_6607f4e2d92cdd9a8c46,3,0,0.07374278,0.027439388,5,0.99059397
rec_551d8ac63f2874c061a1,grp_aab2398e6b9cbd69f079,2,0,-0.010566542,0.010908026,50,0.9977877
rec_552190f1dcbdc3002a03,grp_598b34b5ee4889807260,1,0,0.16704224,0.254975,21,0.96145767
rec_5523bb78eabdc902d50f,grp_c24526d508a100545dad,1,0,0.041273076,0.036942642,7,0.9362091
rec_5526d037972a44b14e4c,grp_00845a7866d8b2e5a6fd,1,0,0.09770408,0.092894256,60,0.9644299
rec_55289f4ff9c5fd33ca84,grp_f287050e7e64ef0eaa93,2,0,0.00012907479,0.012734705,59,0.9735448
rec_552ca81600a912ef3182,grp_7ae1633c121b78ee7266,0,0,0.060866226,0.04778268,17,0.96791035
rec_552f46357c89d7ca3cd2,grp_b269237a5009372c3e31,1,0,-0.048068844,0.008039038,4,0.9543894
rec_55320c5f1a6549a78d7c,grp_ecbea50871d42cf3d7d7,3,0,-0.031429015,0.0063210493,30,0.9629307
rec_5537e747dc2af86eae45,grp_99e609965c45b04674f6,1,0,0.014918213,0.023675734,53,0.93964946
rec_553ffaed3762565d93d7,grp_3d58ae55a060f73f89e2,4,0,0.089069195,0.0694615,59,0.99405366
rec_554e81c008a1010c8f76,grp_53543e635ff0f7a6e652,0,0,0.033053596,0.030987175,17,0.9910783
rec_55580f50e1e08b65f7b9,grp_acad0f3a954b1dee70f9,1,0,0.09188311,0.08470379,24,0.96913093
rec_555eb6ebab2aa7eb55ef,grp_2f5c6ef5511447a0c069,1,0,0.04134502,0.036987208,37,0.9128871
rec_5560915d1a6cbcfd3a47,grp_b82f77d6b6a89e5bf4ad,0,0,0.09997035,0.08638228,42,0.99574184
rec_55734409e3d7f9052451,grp_8d91ffbb1edd2dc51e7d,1,0,0.01206763,0.022555847,9,1.0080394
rec_557aad21497de9f84d89,grp_e137072adae9c2ad503f,4,0,0.07507078,0.055528052,53,0.9908807
rec_557e590f809ed0965f7a,grp_824b7c3704d9421ae8c8,4,0,0.022604946,0.023463706,54,0.9932397
rec_558a5315522d14939a2e,grp_5fbeb3760fede89b26c7,2,0,0.14537877,0.0977187,7,0.9780636
rec_558b40122d9985731373,grp_0cfe08e32c101dea9aa8,0,0,0.07357978,0.058076322,14,0.9828377
rec_558ef6c133c13038b87c,grp_7649f8b4f13fd8147286,1,0,-0.012368663,0.014859279,23,0.9714826
rec_559a89da6afc44ea752b,grp_e0c6fbafd68782a76a73,0,0,0.06904626,0.054186657,23,0.97569853
rec_55a5950360dd4944094c,grp_eb7acda23dae55754ffd,1,0,-0.037030853,0.009724797,6,0.9649674
rec_55aa7a8de36e8d6eabf1,grp_11f83ed9998f5f6cba8c,4,0,0.10285358,0.08628253,26,0.9652746
rec_55c795f54776b137b6de,grp_24fd764a8fd86b267939,3,0,0.11367465,0.04731815,60,0.981018
rec_55cbe2bd96a94b161c97,grp_c156115629202c731b91,0,0,-0.03562434,0.010401892,31,0.9107465
rec_55cbf69b91d47c0e982c,grp_cf4650eb19f40deb979a,4,0,-0.064519234,0.005407831,8,0.96298444
rec_55d4005039d1759f4668,grp_9da9628c6e2e0820d9f4,1,0,0.11735888,0.12600133,15,0.96911216
rec_55d9b53dab0c5552b92a,grp_3687084326f4493a3fc7,2,0,0.06284184,0.03131254,61,0.9893472
rec_55e960cbff821b6bf320,grp_1ff1c56aff86f720a495,4,0,-0.032303922,0.0093309535,52,0.9904123
rec_55ed9e86ce53d82859d2,grp_3e071207ae6449851111,1,0,-0.03142229,0.01071106,9,0.9781858
rec_55f01379d2c7978a9f00,grp_40e0bc9e8dc544d10fc2,4,0,-0.043899518,0.0076694633,2,0.9380001
rec_55f8306aa7d1f2ff3f62,grp_eeb50f0bd2de0d6e886d,2,1,0.1372338,0.08769178,57,0.9926101
rec_55fd8d43503839b64512,grp_f647911910f1353ec339,3,0,0.1074038,0.043471593,26,0.9494817
rec_56024c6ceec151909aeb,grp_1f81dd566f30695378f0,4,0,0.15887891,0.19712414,8,0.9665472
rec_560e1fb0d9e3a1ee2035,grp_7387ea3aae66830a5b4e,2,0,0.07887528,0.039276954,10,0.9433692
rec_561a39eb1dedeb2a1add,grp_e3d138b83a360b10a2ca,3,0,0.2189,0.1806348,30,0.92582494
rec_561e2363487813bbb284,grp_e11c85c6bbdc80a4429f,3,0,0.15438381,0.081225425,0,0.94580096
rec_56207d0f4f13444dc4be,grp_d5f92fc79f92cf20b765,4,0,-0.08097935,0.0040895743,22,0.96848476
rec_562be40c5ddc04684311,grp_92ff505e21884216ecd0,2,0,0.06381098,0.031746037,19,0.9795553
rec_5631785921c7b27464e8,grp_b8bbf743afe02d5be06e,0,1,0.16260062,0.20685348,44,0.9861875
rec_56336868a9f9930ebe7e,grp_2d45a98515e4e29ffaf3,2,0,0.065147124,0.032353237,22,0.9998201
rec_5638c9881aba27da5c41,grp_28c23c2c58487af9c50c,3,0,-0.015616383,0.007895226,35,0.9956691
rec_563c383b4a82d5fb03f9,grp_1c18a92a365b93c3e022,4,0,0.090954214,0.07156851,57,0.95238715
rec_563cee332c459234009d,grp_ac31a45d2f6aa9c2875d,4,0,0.09754558,0.07940757,52,0.9799455
rec_563e8ede457324e6844c,grp_f3998c2c641e65d432dd,0,0,-0.06754291,0.006228307,17,0.9988485
rec_564bf2ddc39b3584f58a,grp_8b56a008a5d164a35264,4,0,0.040041324,0.031335253,4,0.93886626
rec_564d27cd66414cb745ac,grp_af38e0b9de23cbc5ee28,2,0,-0.08370991,0.003762989,59,0.9977405
rec_5655ab2b9e3c38b2b583,grp_e01caee16ffa6d349fb6,0,0,0.063995264,0.05014271,32,0.9573824
rec_5655efbc0bbf7f73791e,grp_0bda3a070433489ed48c,4,0,-0.2565602,0.00020551261,7,0.95282024
rec_565b78ce2d40ad0ac806,grp_39dd8afc77798a200fa2,4,0,-0.017273448,0.012024707,9,0.9711848
rec_56769c20eb06a9cf9ee2,grp_ce4de3b7d34a5bce3584,3,0,0.087742,0.033256657,9,0.98188305
rec_5677c263bd7af942fe92,grp_e7a75733bd5b3c17c07d,0,0,0.002483989,0.019115735,20,0.9856663
rec_5678de9ffadaa739aa6e,grp_85ab7294844b369ad9a5,3,0,0.072568804,0.026999135,9,0.9679597
rec_567cde59b78e55394294,grp_051bd090a6177d5d8632,1,0,-0.001911948,0.017771922,62,0.973599
rec_568014ebf239994b9971,grp_e67f93fd0e6eed35ccc9,1,0,0.06548723,0.055231895,57,0.9941909
rec_5684ebb4bd4184cca2d6,grp_b000aa475ef4b5ee8a43,2,0,0.10198864,0.054245718,13,0.95243174
rec_568878ec4287fcd8885b,grp_1a875d5567195828db8b,3,0,-0.040965497,0.0055268398,44,0.99106586
rec_5688d898b3d4903e8861,grp_15115ddfca53439600e1,3,0,0.021761877,0.013331927,19,1.0017648
rec_5699651b859fc14c1064,grp_534427af44f5e0655492,3,0,0.083137125,0.031222427,63,0.9766715
rec_569cd9184c0eb2900b89,grp_287335baee52bc40b6ef,4,0,0.018466165,0.021899574,13,0.9739038
rec_56a50085ef1d4be2794e,grp_002a406676bf59c45643,0,0,0.09514584,0.08041006,13,0.98033434
rec_56aa424e57552a3056f0,grp_d92f372a4b893a25bf1a,0,0,-0.015121685,0.014440671,3,0.9719941
rec_56af8781857cf3e7ddc2,grp_0779a0cd2318aadaa278,3,0,0.16053098,0.087964274,21,0.95908934
rec_56b155b5babf3eadfbf7,grp_d3f972c4930db6afa392,3,0,0.015576189,0.012227296,44,0.9651349
rec_56b29b68e8c16c5323a8,grp_e9f38fdb64bf69e3544d,1,0,0.040693127,0.03658528,31,0.99043477
rec_56b53fd19bcd85e883b1,grp_c0bb24d5878b065224e6,4,0,-0.063437365,0.005507986,47,0.9871153
rec_56b9332476149816f6f6,grp_013f2eede7049a1506c9,4,0,-0.039045632,0.008325887,24,0.9919881
rec_56c390acd8da47ce92c2,grp_d3a74bc23e3fc8bf35f4,0,0,-0.056182586,0.0074774204,58,0.9485801
rec_56c72623c6958334a150,grp_f0f5b083aee802932f64,1,0,0.025945054,0.02854072,6,0.98802185
rec_56cf88ca2ebef23411c4,grp_4fd8a806d161101d0737,0,1,0.12301854,0.12076128,44,0.9937857
rec_56defd571724d6febb37,grp_20f56d694b2698e37aea,2,0,0.085091025,0.042860717,14,0.9863812
rec_56df40266a1bdb9f20ed,grp_84775694a1585ef8899d,1,1,0.08093493,0.071055,46,0.99934286
rec_56e8d63e5c3791a9c604,grp_9c7a48099f81e3fd1267,3,0,0.08924568,0.033948217,32,0.9793849
rec_56e95e0b2d753f72dcf0,grp_eaafc15b51a008ce0ec9,2,0,0.038635686,0.022171613,59,0.9651593
rec_56eeaad2aa61e5bf3a6b,grp_2b4f06126e890c823ad3,0,0,-0.018937321,0.0135868145,8,1.0052301
rec_57043224c3cbad94f8a6,grp_921a2eee7fc401a623b6,2,0,0.061924364,0.03090743,4,0.96605116
rec_570abf5eeb7c74d4f2ee,grp_b465871b5011b2ecaffb,3,0,0.06897925,0.025695197,22,0.94903344
rec_570c7eb0dd4330bad4c6,grp_f8494880f413566cdc98,4,0,0.032403313,0.027613642,4,0.98159117
rec_570caf0c5f87e7515e64,grp_86416c7c3d574aca733c,0,0,-0.058052003,0.0072559803,10,0.979166
rec_57102e66cf767be24ad7,grp_596dfbc36fa8f51c5a08,2,0,-0.0042900345,0.011945966,3,0.98387444
rec_57129189f98d6649414a,grp_cf771e6b043e76c82586,1,0,0.017190576,0.024607154,39,0.98617655
rec_5712b9edee04e7da594e,grp_89dc1af5d47867bc4f35,0,0,-0.030083703,0.011367651,10,1.0098469
rec_5712f2f8883e00be2706,grp_f95aa092d6c390a11718,4,0,0.12268745,0.116951376,42,0.9717435
rec_571312a09589a1ba63be,grp_29dcfb618fecceed29d1,3,0,0.10838168,0.044051148,36,0.9311063
rec_571691bf8dc48dab6b0e,grp_f94157b463bffddb2190,1,0,0.0014656833,0.018827492,50,0.95122534
rec_5719ad54bdaff30acb2c,grp_b50426812322d2adab60,4,0,0.007542852,0.018245094,49,0.9373234
rec_571ffa01316aac53ce10,grp_4307b61a35ab46c94116,3,0,0.0116669005,0.011576314,27,0.98958385
rec_5720b6652089dbd16906,grp_e1ed75ebdaa9b5f4f119,3,0,0.12995219,0.05886478,30,0.9910124
rec_5722ff350f9afa722bf0,grp_a4382782cc000147b8e0,0,0,0.113123044,0.104747675,14,0.9768277
rec_5724569a55aa4231c0c0,grp_06102f9488a8a7b855c1,4,1,0.097039826,0.07877929,36,0.9975192
rec_572721e06949ec465513,grp_1d2ca23d74dac12a0430,1,1,0.013694372,0.023188435,46,1.0113344
rec_572b7afd371dc14629ac,grp_c9c9d2faf6a106daff98,3,0,0.0017517321,0.010074909,9,0.9688588
rec_57324e82c2596632a932,grp_dbc512bb7ef4eba4cfa5,0,0,-0.014183615,0.014658557,50,0.99769056
rec_573aad7d0e21cd993336,grp_10a226b2e3d5187d4754,4,0,0.10034686,0.082971066,25,0.9812094
rec_575281d128d54b5b908f,grp_dccde3790b45f9c3f3a5,2,0,0.020695716,0.01713539,62,0.9673994
rec_5759678cdb50ae1d44ab,grp_50e213aae55fadbba179,0,0,0.06791434,0.053254485,4,0.9906852
rec_575a7213925b4d2752aa,grp_117263c5ebe90bf72ad8,4,0,-0.01937573,0.011606111,56,0.94410396
rec_5770bffa09dc292f9c5a,grp_2302a70c0673396f3b6c,1,0,0.09678296,0.091552414,32,0.94078887
rec_57918f8d24e6e6a04314,grp_c1ec21d6d73d6ee600a8,0,0,0.1152828,0.10807443,3,0.98891366
rec_579795116e17463bdcc1,grp_e8afaba2fc9bf02ca664,4,0,0.16844499,0.22422469,26,0.95486903
rec_57a0a69f706f376c013e,grp_75805c618ee730d80383,3,0,0.097732335,0.03811884,30,0.96199816
rec_57a140887e1cc58dff2b,grp_2d52d80f918df7e913c4,4,0,0.042181306,0.03246224,25,0.972356
rec_57a15cd116f11e8decc9,grp_b8cf03c3af3fa805cb6f,2,0,0.06888866,0.034113824,51,0.97078574
rec_57ab1340f7ba1d2ebf4d,grp_3f6fb14dfc5135289b2f,0,0,0.031088728,0.03004551,35,0.9855639
rec_57abfa88a26445dba53e,grp_7c486e1d0f2db1dff953,4,0,0.013564653,0.020178713,7,0.9399694
rec_57b11be5d9637a37a24c,grp_2131dd6d13987caab73f,2,0,0.11512638,0.06500948,43,0.9914472
rec_57ba131406e7699c13a4,grp_bdf9885ed18d54d76d73,0,0,0.077723786,0.061859626,15,0.8989533
rec_57bfb8380e27a9d821e1,grp_381f01baffd4a5636879,2,0,-0.113969356,0.002418842,19,0.9719393
rec_57c8d98fb0bf385f494a,grp_ad2fd82b35ce5b278b1d,1,0,0.067041755,0.056660507,16,0.9862323
rec_57cb51c801c3689e6b6a,grp_f032d273075347e600b7,4,0,0.0069606616,0.018068084,26,0.99684405
rec_57d136d9c6d3cfbfa91d,grp_3be59aa047bd774ceb75,2,0,0.11196375,0.062249538,9,0.9743676
rec_57de497f0e06e6ad8829,grp_5756e7c00f6a22929d43,3,0,0.14948364,0.076194316,12,0.9642064
rec_57e33c95241733d59c88,grp_e24a4d9d5dc88ab3aed9,2,0,0.048699785,0.025603443,2,0.99233
rec_57e72bee98f54a969381,grp_9ad3e9adf510e53efd8b,2,0,-0.016967967,0.009941326,62,0.98357797
rec_57e79e490ebd280efbe0,grp_6f4f2b26fab00b8795a9,4,0,0.03268434,0.027742634,56,0.97509164
rec_57f1de9d8d8fb16d0458,grp_1568d46926cc02c1a8fb,4,0,-0.064357445,0.005422693,2,0.95691514
rec_57f39d0d26d16b9471c2,grp_c3998e8c6b2ff3f0edab,2,0,0.06369387,0.03169335,43,0.9937606
rec_57f6af493440f0c9d191,grp_3915dc70675106a97e93,3,0,0.0860842,0.03250998,9,0.9900193
rec_57f99692ea7d5fc649f7,grp_33cd0ef36812e2fe07dc,1,0,-0.017960414,0.013500162,16,0.93356854
rec_580169cc4cdc4fa2efb5,grp_f38e2a8c90cded725a92,0,0,-0.02258455,0.012817268,32,0.93949
rec_5802834ed08ee269adad,grp_e1dd7a2579267e5480d8,2,0,-0.064214624,0.005000602,22,0.98024267
rec_580b4e91a9fc51e71660,grp_1ff89ee97906c1647d46,1,0,0.14597507,0.19172513,1,0.97844356
rec_5813175c25f99b9bf26f,grp_891f4069117cb974dfb2,2,0,0.033122968,0.020486746,60,0.9360731
rec_581560036746d0806bd8,grp_7705e44324c00d36861d,3,0,0.036444977,0.016363367,51,0.9627091
rec_5816cec64d5db54dfcfa,grp_5a2bde2e1c25364a89ca,1,0,-0.05156368,0.007568314,24,0.9660162
rec_5816dde0574d6f6efb47,grp_2ea8a087c8faf94e7aaf,1,0,-0.072485894,0.005270988,43,0.9676013
rec_5817e9d036a26cb09419,grp_ff4aec8d621f9df0e182,1,0,-0.08693329,0.0041041253,7,0.9581567
rec_581b86797d481dfa5c56,grp_7bdcb389c2e3cd1beb10,1,0,-0.08346587,0.0043582628,48,0.98707646
rec_581c92209e37a0811235,grp_40612369a1b47801af4f,4,0,0.027647395,0.025517132,55,0.9836966
rec_581e82f25cd1bde3e8ea,grp_baaa8940653eb12cc605,4,0,0.029615123,0.026365064,9,0.97541934
rec_582375a332cfa48cf93d,grp_52f4da25025c31bfeb8a,1,0,0.01909081,0.025413385,17,0.9235335
rec_582d55210e3df6ca3e23,grp_d05680b3bc75fb0415cc,3,0,0.19080058,0.12897725,31,0.9487459
rec_5837bcd909a8876b1acf,grp_71dc17d5bfadaeb175d5,2,0,0.06941515,0.03436888,59,0.95854163
rec_583a6aa5b44ab3fdd1c2,grp_52575ff5d2259926a9ca,3,0,0.041284557,0.017503997,46,0.96595126
rec_583c735fec0a0f67798c,grp_9f2a7cfe2f9acf9c2060,4,0,-0.1159702,0.0022557932,27,0.97652626
rec_583d6f6b4e832c6691de,grp_7fe69367178c2094a084,0,0,-0.07905756,0.005173883,12,0.9560497
rec_5842f9e1d79c3266cf69,grp_c41deba0086b48dbf6e9,0,0,-0.0464416,0.008744437,17,0.9943937
rec_58431f125777f6cae9f9,grp_c60aa1da5dfe43a489ac,3,0,0.04774036,0.019147836,5,0.982854
rec_5846fa3731417fe783bf,grp_9019fbf29d4c149363be,2,0,0.15851636,0.11604996,58,0.9371547
rec_5850aabfcc99ff562b51,grp_2626ebf8117e2eb4b43a,1,0,0.016343147,0.024255697,37,0.9500265
rec_5851d3128356a2e1b7c8,grp_350cc2f5fb494f2b1e7c,1,0,0.1264841,0.14455031,3,0.9836313
rec_5855c8ed1d132c61e9d5,grp_b39bd3cf9e886d1ebd92,2,1,0.1699838,0.13442448,57,0.98416424
rec_58565e17b228f34f78a6,grp_a61d6bef10b9dae4916d,0,0,0.109432854,0.099272534,33,0.9685263
rec_5856ec932e1ad4984166,grp_afd320d1edc98cd31caa,0,0,0.09541328,0.08073105,35,0.9952465
rec_5859daf08423bed71fe1,grp_a6ff8c52950b72c5bdc0,4,0,0.060884032,0.04412095,27,0.97164583
rec_585acfdeb452e9634825,grp_d409a84c9df968ad1cf7,0,0,0.1083617,0.09773163,42,0.97959024
rec_5862f7d02bc7e3a31245,grp_b50b9dd99aff0270718c,1,0,0.06255504,0.052629106,20,0.9931232
rec_58675ed9c7d6a1b30d49,grp_5d9d778bea8b3bfc2392,0,0,0.030293165,0.029672172,11,0.9862925
rec_586c562728c15b725a17,grp_c4ca66c0058ffaebb170,1,1,0.16951299,0.2632278,46,0.98511136
rec_587402df431f4981d4f5,grp_aa031f1e620bef9a44c6,2,0,0.041120637,0.022974698,59,0.9885393
rec_5874cee6b1e590de210a,grp_dac6bc853700bfa8fde0,0,0,0.017982583,0.02443834,8,0.9912055
rec_5874dd4da85b13130296,grp_0957df47685a346ae3bf,1,0,-0.028410133,0.01128094,4,0.9596125
rec_5876314598182d933d52,grp_da4c618bca0362f8a320,2,0,-0.0039847502,0.011998869,14,0.9959801
rec_587be89da1c757153c83,grp_fe0d24ae7b56a2f8d1a6,2,0,-0.09082465,0.003391804,17,0.9511329
rec_587c4169e0e65645f460,grp_89972462ba1d44a90c14,3,0,0.20532162,0.15389581,42,0.97666675
rec_587d3ee04486719ccc4b,grp_0ec9d48865c3049256fa,4,0,0.05336702,0.039019175,57,0.95637625
rec_588780962c7b6a66fe8f,grp_22d3c9660a8ae8b3f4e0,2,0,0.051180534,0.02652587,59,0.9456293
rec_588d57f8c745b035cd15,grp_f683549d5464de385297,1,0,-0.079445936,0.0046725655,48,0.97423065
rec_5892d71b030c61c8f8a6,grp_cd18657b386070ca48da,0,0,0.008839392,0.021144941,9,0.991995
rec_589c87989176456db09f,grp_a78115191525006987bf,3,0,0.03390052,0.015793312,36,0.9705358
rec_589d886736ff3189bad3,grp_3d91b87c86f24afc379e,1,0,0.03380121,0.03258538,16,0.8978468
rec_58a076c8ebb920df4dd4,grp_f01a62727ed54ebbbc69,3,0,0.046644762,0.018858567,44,0.99548703
rec_58a354194108f7077779,grp_ba5a757adca50cc3b442,0,0,0.09921659,0.085423425,34,0.9270941
rec_58a58262b1b7fe03482f,grp_d83dc8279376e9350db1,1,0,-0.088140845,0.004019129,26,0.9480167
rec_58a6fc710721017ecc0b,grp_e148db332eb2cd7e7467,3,0,0.10444434,0.04176163,15,0.97316325
rec_58ac3f3bd0076992704d,grp_ec3155b678fe52e66b62,1,0,-0.006267907,0.016496042,20,0.95881456
rec_58ae7bfafcf93a456be4,grp_d73c5ec67b4df6541420,4,0,0.022672988,0.023490308,52,0.9957795
rec_58b1a4d97126aebc3274,grp_6015bb4a61a380b0dddb,3,0,-0.04670161,0.005097782,2,0.9875373
rec_58b5494f1e4107dbc1b3,grp_ce717b05a0fb12f26aa0,4,0,0.04892256,0.0362741,56,0.95992947
rec_58ca89e39ddcef4c919c,grp_e07f395a81274a52aec9,2,0,0.097053036,0.050653726,16,0.97634363
rec_58ddbd2156070309f01a,grp_c7bf7d8e62ed3a125a53,1,0,-0.025148207,0.011931909,6,0.9866705
rec_58ed251fe4280eb7a009,grp_a0134f26dabd95701079,2,0,0.0877242,0.044471342,33,0.97501194
rec_58ef678e96f0df16667c,grp_5580209f1659abc2ef7b,0,0,0.018402396,0.024601014,43,0.9625877
rec_58fa50549803782b104e,grp_8aac30e2dc73fd6a7874,4,0,-0.06200492,0.0056434385,12,0.9985497
rec_58fe8e1f9e43c6712710,grp_a95727b33e367c7baf66,1,0,0.07840509,0.06820362,9,0.98825973
rec_58ff3f05939aefbb8cfa,grp_88665091bf4ca45910b2,1,0,0.11522803,0.12197436,43,0.98959637
rec_59036b1b9b082545f4e4,grp_0b55541412e79264420a,0,0,0.07039812,0.055320095,26,0.9579634
rec_5926f3ad213587a8b015,grp_f515be39d21e0cd6e58d,3,0,0.061159167,0.02306333,26,0.9911419
rec_592794707ab1e4f67ded,grp_c9aaf4af279f249137e8,3,0,0.17307734,0.10330305,55,0.96976817
rec_592d8c7b453865f3893d,grp_3a63d94197b62d90e3e3,0,0,0.12328172,0.1212147,14,0.9807523
rec_593e23bffea01ddda0da,grp_411cd6fcda09c1105a1e,0,0,-0.02667784,0.01200476,1,0.98589075
rec_594241b5cd5af98029f5,grp_bba1480b6fcb12698209,1,0,0.058848407,0.04950448,61,0.99253833
rec_5942d9b20cf552ca44b7,grp_7155a4f4014396d3a82d,4,0,-0.09515193,0.003214276,24,1.0108417
rec_5950a5927d6873a255fc,grp_8b2f69c32f19b1a9acde,1,0,0.023968717,0.027602522,37,0.96883726
rec_59579fc383c659a4fd63,grp_534d337696bf5c6def77,1,1,0.13175671,0.15626945,46,0.99192953
rec_5960370215a639094bea,grp_67e3c565f52945ba9d0e,3,0,-0.046598654,0.0051051825,17,0.985597
rec_59642de07fb4ed2e976c,grp_728473823b08900a22e9,2,0,0.077421814,0.038481344,51,0.9952486
rec_596cc582ad24d8f93922,grp_100c1bc56fe85cae8db7,2,0,0.025688112,0.018411597,19,0.98728865
rec_59773504eab3135b28c0,grp_2abc18df22d94db0aaac,0,0,0.14531311,0.1646456,11,0.98581177
rec_597759659f9d69f9bb6a,grp_b81620233239870f1cb9,3,0,0.022875313,0.013540962,5,1.0017066
rec_599115207f82dd5b2240,grp_20fdb4c77e5332814c42,0,0,0.026311431,0.027870238,7,0.97046083
rec_599368e78f6fb6230daf,grp_f76a46d7fb0220fb96cc,1,0,-0.06019026,0.006520272,17,0.94657344
rec_5995a53a983859533167,grp_4aad1f7a9be6f66abd8c,4,0,0.028398024,0.025837416,47,0.985312
rec_59a2aee42789e4659edd,grp_46e8ba4d0ce29a5aa6d8,3,0,0.03437627,0.015898393,47,0.99652994
rec_59a61aa9b9fb011b75b7,grp_637be700c14c730f8067,3,0,0.19527835,0.13627115,22,0.97378415
rec_59a71e34e641003c22f2,grp_710aac771454f001c464,4,1,0.12036993,0.11293078,36,0.9934647
rec_59cf12e0eeb87e8ee412,grp_ed26b8783daea96ca364,2,0,-0.03497622,0.0076538124,46,0.98027384
rec_59d6803ad8896a5698f5,grp_43586bfcb81e118436cd,0,0,0.10361111,0.09115213,39,0.9815261
rec_59e0cac106612a5b73e3,grp_1d7962d4a090c6c5b3c0,1,1,0.07378455,0.06326797,46,1.0021166
rec_59e5604a3aada84fde4a,grp_c30a967d79d72b5f2f1a,0,0,-0.013077365,0.01491968,16,0.9664401
rec_59edce6cb614ed77cb9a,grp_0299ea5f488b7b2ea40f,1,0,0.070969544,0.06042629,62,0.97089
rec_59f0fe7312ef2f16a31c,grp_7d693ad58da27f0c6cdd,2,0,-0.08645109,0.003615412,1,0.9748989
rec_59f40de5e39aa816c902,grp_27c5bdd05e39ced6b234,3,1,0.20303543,0.14972666,59,0.9748439
rec_59f815962241dbbbecec,grp_108c0e575e5badad7ec0,2,0,0.06286033,0.031320754,40,0.989612
rec_5a0c9d9de1b1dccf20dc,grp_8b2061b323ea78b60cf6,0,0,0.12928626,0.13196428,5,0.9443914
rec_5a1e5c57dc5bd738dd95,grp_10e6b5984464e4183603,0,0,0.08659976,0.07074918,16,0.98479646
rec_5a240f2744af8fa05b9a,grp_9713088e657f3ea7ddfa,2,0,-0.07737418,0.004127452,41,0.964444
rec_5a24b282ae9e54543c0e,grp_7865a33732224c945f6a,0,0,-0.00808281,0.016156754,14,0.97381
rec_5a25fd898c12565eefff,grp_319fc3cd8790586e4686,1,0,0.10264232,0.10039282,61,0.9843372
rec_5a31eede7d37706b0c75,grp_f12e3d5c2ee97649a306,0,0,0.15142372,0.17871661,42,0.99031055
rec_5a322e0e70c5e67d45c4,grp_702321c1b03ff4247314,3,0,0.028717866,0.014691978,17,0.9845645
rec_5a55fd5e4e91b4bce8f5,grp_02d0c210969c8458ed89,2,0,0.071219146,0.035256796,12,0.93140924
rec_5a5a5dce7afafcdb9ea9,grp_637f38ebff938265407a,2,0,0.07633342,0.03789573,13,0.9864208
rec_5a5ff228658b724e9532,grp_21fb674d03ccf454d454,0,0,0.09621035,0.08169455,15,0.9698194
rec_5a672935cf3f077d966e,grp_566d00396274cd837ff9,3,1,0.21632251,0.1752946,59,0.97599334
rec_5a6c0e556c0c64af3abe,grp_76a0cf4197f2d2777446,2,0,-0.01688903,0.009952714,29,0.9721779
rec_5a6dedf99620ef7715d3,grp_3e5bb665d7e9200116fa,2,0,0.092028156,0.04722881,61,0.96863407
rec_5a7556397e721f07ff2a,grp_769b68430702879c1770,4,0,0.0010141507,0.01635399,25,0.99895644
rec_5a773682553fae4f7294,grp_a6972f03459160403601,2,0,0.06778464,0.033584923,2,0.98253965
rec_5a7abfd13bc70aa2e187,grp_ea9958b92636debe129b,1,0,-0.07462247,0.005079596,9,0.98674834
rec_5a87051574cddeb9e2ac,grp_99af8026f2e75640f39c,0,0,-0.027171142,0.011910341,12,1.0017791
rec_5a993005a8d9e50921aa,grp_3690e26c9d371fb284d6,1,0,0.095822,0.09017112,21,0.9747295
rec_5a9e1062d7b9a28cc9cd,grp_6c02a13060f8a1d4ab29,4,0,0.08869189,0.06904671,26,0.96487975
rec_5a9fa5a53dfb8a917703,grp_e7472f6ff7e87b8c1574,1,0,-0.027795114,0.011400934,6,0.9924797
rec_5aa082f9e955f3263476,grp_1f303367d69699bcec70,4,0,-0.008697573,0.013892302,7,0.9543653
rec_5aae9a24fe5d1007baa9,grp_a426f7d1ed37abdf039f,4,0,0.07633577,0.056670446,50,0.98772293
rec_5ab125b7902ddd5c768e,grp_443a6f25c9cac0485b40,0,0,-0.002502067,0.017658552,15,0.91932625
rec_5ac1fff67c78cac63f83,grp_79a0e7dc7b4fcdb02c10,0,0,0.09018209,0.07466096,63,0.98958427
rec_5ac50b873b04594a990a,grp_da5f8788a9355721b2c7,4,0,-0.03423536,0.009031317,9,0.97726524
rec_5ae4bfb42c90addcb4ef,grp_2a2c8a5dff5086da3d75,0,0,-0.086833574,0.004564287,31,0.9252104
rec_5af47d10635823622ac7,grp_ff30478917650a7be2ef,2,0,0.10628984,0.057570532,3,0.9596944
rec_5af7d661d184bf1602d7,grp_e2883811d8acc7cbc64a,3,0,0.026994595,0.014342813,58,0.9896547
rec_5af7f49c2d94d54fa71f,grp_37287efcaa96681732f7,3,0,0.12269307,0.053420678,56,0.9448139
rec_5b2c39fb39703c43ab41,grp_b7b8f697c81de86c6a89,1,0,0.0920573,0.0849391,62,0.9576918
rec_5b2eb4e46f2956f78f39,grp_69e72f07884da18dae83,1,0,0.02259029,0.026965972,16,0.94664294
rec_5b33464a99f6b50cff13,grp_2d11a48cb4636c9ccb19,2,0,0.03371027,0.020660108,9,0.97392714
rec_5b39901b8c9b6520918d,grp_5c793c128ee0c0e7ae77,3,0,0.20784494,0.15860716,40,0.9544957
rec_5b3a76ef580a99c80544,grp_27f3a9118a1483187a01,0,0,0.017253816,0.024158442,20,0.9787403
rec_5b3cce152940dd9293a5,grp_60310c3e0a3788b54be0,1,0,0.11798665,0.12720925,6,0.9771893
rec_5b5c3cf797812ca940db,grp_b4e73651f589aab55570,0,0,0.12808111,0.12974386,12,0.95687705
rec_5b6012f420098ede9a71,grp_2d6229efed64e59fc6c6,4,0,0.12657912,0.12398217,20,0.9845119
rec_5b6eed7e2444917ab009,grp_20ec3f8ea2bc3969ce33,3,0,0.113998875,0.04752558,17,0.9680275
rec_5b730e07e0cd2fbd1b05,grp_b0af4ddbede243f8d321,2,0,0.04207755,0.023291467,46,0.96980685
rec_5b75f1226b109d7efb31,grp_bb3cc007ca726fe26c0f,0,0,-0.01880037,0.013616582,2,0.9349117
rec_5b76a0e00660f622318a,grp_08f5a8db0b920a2cd00d,1,0,-0.06330531,0.0061783744,61,0.9745222
rec_5b78677c27a1e2d96dbd,grp_05ad466201359e51d81f,3,0,0.114076324,0.04757526,12,0.93387127
rec_5b7ead4049279fcf9ea6,grp_d516840fdf5b23713892,0,0,-0.017008029,0.014012136,35,0.9796564
rec_5b85b2dbf1f0528af48f,grp_e3764c8c35f33d9400ec,1,0,0.12546869,0.14237913,44,0.9848245
rec_5b9c7151c3efcb7e0bcf,grp_a2fd63225f3a5d0fd9b6,3,0,0.17194037,0.101820886,55,0.97878736
rec_5ba55f92de088fd12eaf,grp_5c53fe572f31acce5cb6,1,0,0.015157961,0.023772359,26,0.95594907
rec_5bac88eac7ded73bd6f0,grp_41c5890e2e658760e05a,1,0,0.006263123,0.020433178,4,0.95777
rec_5bb2d498ee87a2140ff5,grp_f12ab7880c34ce16df07,1,0,0.027106158,0.029106278,4,0.9528979
rec_5bbe78c80a4680823420,grp_5c6a56b4d73a1040e694,3,0,0.09953359,0.03906534,26,0.99043626
rec_5bc79b8cd956b4af131f,grp_8fe082559010d00a33df,0,0,-0.061205953,0.0068970416,50,0.9981557
rec_5bcc9c65e84ad116d561,grp_9cf5fd075ab5f350e5c2,2,0,-0.007894997,0.0113384435,59,0.99267256
rec_5bd18013b4e15b87205f,grp_9b399beacd3fcaa250b6,2,0,0.026416276,0.01860537,3,0.97461116
rec_5bdecd793f3e1c9e0682,grp_859708dcb1d652dde825,2,0,0.030335784,0.019683259,6,0.9734878
rec_5bec37339f1f917a9bf5,grp_9d6748e0ac5dff833a5d,4,0,0.03350508,0.028122703,26,0.93918175
rec_5beca549dd2d2a53ad52,grp_ef65e2cc06ae6de82d67,3,0,0.117457904,0.049793072,22,0.9548029
rec_5bed709e9f4ffcca31e3,grp_925412ef14edfac76867,2,0,0.12796044,0.07741522,51,0.96027976
rec_5bf7d7e87f663d929521,grp_2ea8ae32443e6f2eebcc,0,0,-0.06521499,0.006466133,31,0.9514394
rec_5bfadb1c94f2741aff02,grp_57c3e74ce1e154939b58,0,0,-0.018609788,0.013658114,27,0.94960004
rec_5c04056ce5122c0eb777,grp_3b9cad5352f2b2beae1e,0,0,0.107363336,0.09631466,38,0.9520209
rec_5c051f5866fdd2de3c90,grp_94f7bc7b4a153cfcf3d9,4,1,0.16995136,0.22872531,36,0.98422635
rec_5c05d2dcacd433ab5f61,grp_b400827f6daf4490b6a9,2,0,0.029222548,0.019371038,19,0.9884475
rec_5c17bdc9d6ee9eab9c93,grp_3c8b79f3d83036295a4b,2,0,0.01485331,0.015751993,14,0.98430395
rec_5c1e4ff45484a472f183,grp_ccb7f712d69f0b359afb,0,0,0.048578292,0.039498273,31,0.91927296
rec_5c1ec07037f38c385e8c,grp_f138be526f481059f1a0,2,0,0.032808293,0.02039445,19,0.99579823
rec_5c1fc8a13815dfdff19e,grp_7711feddcdf886338d92,1,0,0.07687487,0.06653074,49,0.96501267
rec_5c230f306a94463c2050,grp_35e92bedcb1f029f45f8,1,0,0.055982176,0.047209717,16,0.89625037
rec_5c2588d92e40bbaf13c0,grp_48b657c1bb2c02f4043d,0,0,0.030530065,0.029782867,63,0.9767968
rec_5c29256faf91883dd5e6,grp_ab5fe5b2d8eef73a8b65,0,0,-0.032734692,0.010894987,10,0.9643022
rec_5c2c3b85a497a3905658,grp_fbf8a3bcab7ba2943856,2,0,-0.02963483,0.008271598,18,0.9790219
rec_5c44fec086b55490381d,grp_a4d4a460cbfe6d722574,0,0,-0.07649143,0.0053923237,38,0.9605365
rec_5c570ac2aa0a4aa2adc7,grp_3fe0c24f3dbce6ebb571,4,0,-0.027411224,0.010134769,42,1.003542
rec_5c5b7bc3adf731e4609c,grp_2fed88f4500a0864f127,3,0,0.15437132,0.08121222,3,0.96340895
rec_5c5df72930098b0c2449,grp_619e3aec4d32812eb705,4,0,-0.07657098,0.004407499,52,0.98768914
rec_5c5fa894f4e66575c652,grp_7043ff0783cf873d6ccc,3,0,0.04361488,0.01808073,5,0.9878195
rec_5c6c72dce94acb4a4b7f,grp_2a10aa81aafa65d3d2c6,4,0,0.06488637,0.047091078,3,0.93912387
rec_5c787ba8adef10bd554b,grp_a426daec9121f48538ab,1,0,-0.030357746,0.010909132,24,0.9052012
rec_5c7955205cb5aab1a5de,grp_129c86cdd2562c94040c,4,0,-0.030706909,0.0095861275,6,0.99481416
rec_5c7b40c9b5918d084e3f,grp_1ec15421d0fc85385d53,3,0,0.022967974,0.013558507,32,0.99892724
rec_5c8762446134d1d17cb0,grp_72e10236f7f8d42655fc,0,0,-0.08009174,0.005088358,12,0.98821324
rec_5c8de0ec102148d5ef1c,grp_3a78e1983cf651105cc9,2,0,0.044473235,0.024103332,20,0.9730752
rec_5cb2812c3cf53df3c92d,grp_206c7e6a06ef53f3807e,0,0,-0.16662006,0.0012573543,42,1.0009277
rec_5cb599920db7c774b949,grp_b7d84073afb0e7bd1242,4,0,-0.058145244,0.006025121,2,0.94728017
rec_5cb759d6a9c0242801af,grp_b88f1ff4942babc3021a,1,0,0.055888887,0.047136746,21,0.967225
rec_5cccd0683d5ec4f8099c,grp_577dd02a7863a939db6c,2,0,0.0023442535,0.013149209,59,0.9581187
rec_5cd59745eb413ebdcc81,grp_adabd415d18d320e8345,3,0,0.1212962,0.052429043,40,0.9785425
rec_5cec26aeb48e616b806a,grp_f2a73d349b7b2d0313ae,3,0,0.028605565,0.0146689685,36,0.95745987
rec_5cec5cf0405467d4a8aa,grp_80d2e0b9ec3189bcd731,0,0,-0.004194298,0.01718923,27,0.96809065
rec_5cf08b3bdc563a3ea177,grp_e9f56fc9c59217cb27f0,2,0,0.0911464,0.046650954,6,0.94727105
rec_5cf8cf242bc5ce8b8f72,grp_9ee166faa0180e5d6db2,0,0,0.07092335,0.055766445,27,0.99585676
rec_5d0ce2cf8ea31f392d82,grp_cd6f612cccf611d881cc,1,0,-0.03466551,0.010129274,39,0.97126746
rec_5d0f91cda22579207ea7,grp_9cc9358e0fe33af58f3c,2,0,-0.039433207,0.007173526,9,0.9693723
rec_5d10cbd6a17dc6797e10,grp_9a1f144c6cce3adce9de,2,0,0.022766653,0.01765388,10,0.9898181
rec_5d1d036e9b69a48abf15,grp_b9206ec9ab4adf183e59,3,0,0.053857416,0.020844618,11,0.9985526
rec_5d43b51bd7a6d2533b21,grp_49aea16c43b03b53d9ff,3,0,0.28046334,0.34522066,34,0.9462462
rec_5d43d88efe2ba57a56ba,grp_97841489f89b2a05eb0d,4,0,0.13978253,0.15057984,56,0.97723365
rec_5d4e56342ba2ff5249af,grp_3f04d52d86f89737669e,1,0,0.07361431,0.063092634,44,0.95216286
rec_5d4f88c160272450e5be,grp_6240a2191ddb0f7f14df,0,0,-0.012662262,0.015018838,10,0.9634472
rec_5d52417214612891179a,grp_f2e28cc178de111e3c09,2,0,0.0500359,0.026096303,48,0.9920368
rec_5d54db10fe19fdbfb461,grp_386eb818390db4f03525,0,0,0.00080585456,0.01861259,34,0.94430673
rec_5d55f1a3e59e8bdbcd37,grp_c0de333c8e2892f0cd90,0,0,0.028766599,0.02896835,56,0.98819524
rec_5d5faeb5461ebf896f76,grp_f641fc61afe81797031d,1,0,0.07184884,0.061300863,49,0.88930744
rec_5d6869067e334f8a62bb,grp_04c9dd3db9c7890c25ed,0,0,-0.016385123,0.014152241,5,0.977294
rec_5d698b44fc0c5207ac0c,grp_8ef703c4e11328c7bbae,0,0,0.10018807,0.08666105,45,0.9639371
rec_5d70357b7f5abb9b4bef,grp_347b08c76fd9163fae6d,4,0,-0.037146714,0.008597589,47,0.9856807
rec_5d739f9894f2df2aaaaa,grp_c0a74cab2e8e0721a259,3,0,-0.1151014,0.0019410112,37,1.0007399
rec_5d77afef7678ec89132e,grp_d30615b4e0ac669f22a6,2,0,0.046170842,0.024695273,5,0.95636463
rec_5d81829bafd52e9e635a,grp_9456f00ee1b3ee2bd975,3,0,0.08947897,0.03405674,51,0.9480457
rec_5d855d234b2955983e6d,grp_af3ede053c0cf1362e1c,1,0,0.104128025,0.102751896,32,0.9942302
rec_5d9320c81debbcc97256,grp_724ccec0eb7588b0b12a,0,0,-0.018808518,0.013614807,10,0.96293056
rec_5d946c79020d0a047af8,grp_75d008137ab5842dc3ba,4,0,-0.0728708,0.004693262,27,0.9592333
rec_5d9cca3240fad7f8656c,grp_f5cf746987b5d7216fd5,2,0,0.059139352,0.029708553,39,0.9614833
rec_5da2d388b68dc6ba2c63,grp_5dd53848cf7cab3daca6,1,1,0.14345783,0.18502875,46,0.98958766
rec_5da43f67fda0296ee346,grp_481c19f24f4694a871b1,2,0,0.020024018,0.01697046,14,0.99276036
rec_5da5a771c30fbd619b64,grp_cb87878ec973bd3818f8,1,1,0.2236918,0.4783885,46,0.97916245
rec_5da80518c60e749ceb19,grp_c40410cbc71c65056828,3,0,0.1865333,0.12233834,26,0.9603418
rec_5db3dbb81277e22dd2c4,grp_54791e0c67ecb63c6ecb,1,0,-0.009518998,0.01560289,22,0.9441415
rec_5dbbd45f9bb2ffd0697a,grp_1af39338e9df18d256bf,0,0,0.06806331,0.053376306,11,0.9855035
rec_5dc150fe925bdaf53247,grp_5f835b0bbeb06f6b43f1,0,0,-0.030146845,0.011356162,15,0.955948
rec_5dc1a03804635a0cfdd4,grp_f1f4e1bcf30f3d5d5dd8,4,0,0.061951898,0.04489547,34,0.96849334
rec_5dc5c40c3c3b9a53f225,grp_6c228bef0cd59620c2a7,2,0,0.07324253,0.036278997,34,0.94228846
rec_5dc88c710cb74e955c50,grp_8ef2a5475736c0c95b3c,2,0,-0.10961638,0.0025776974,16,0.97979367
rec_5dce07480eb476893dae,grp_d935976908984f5a0bcb,4,1,0.10818674,0.09372858,36,0.9935863
rec_5de0454b7ec6b8756014,grp_ca0abaab35909eec0c80,0,0,0.15694739,0.1922305,2,0.9710628
rec_5de4a332a85d26066d7a,grp_a49030e4a69bae49f4fe,3,0,-0.026525564,0.006772563,11,0.9964971
rec_5dea53536e58e3205ecd,grp_8ca507be4544d9c09a24,3,0,0.1211098,0.05229804,11,0.9732541
rec_5deba3b0a8782d73b558,grp_be912c293410a70c1cd1,2,0,0.040525768,0.022779897,13,0.9828328
rec_5df0cb9c2c2696ad049f,grp_f1f721a4797d52030608,3,0,0.08512541,0.032085553,23,0.98707473
rec_5df1d654086490294914,grp_3b578c245512e00f4975,0,0,0.10209227,0.08913411,11,0.98888
rec_5df81335bbb2ba52a96d,grp_118948e3077240634113,1,0,-0.00650214,0.016430043,55,0.9781721
rec_5dfd1374fbdda6541150,grp_34921a8f95a2675c6320,3,0,-0.045597423,0.0051777177,51,0.9853514
rec_5e012538fa4cd72f4b3f,grp_412d76b9b5eec31d2eb4,1,0,-0.023503779,0.012274016,49,0.8920346
rec_5e0208506fe63fec467b,grp_00dfc52e2d635625ba7a,2,0,-0.005733448,0.011698952,53,0.98356855
rec_5e061e03ffb828b0b8e8,grp_be689b1f66408a02a3e2,0,0,0.008186461,0.020927107,50,0.9891009
rec_5e128f8f2752f19dc064,grp_db3fe9c5fdffb993f11c,1,0,0.039894428,0.03609856,61,0.9912842
rec_5e1925581caf976c2614,grp_5d38abea4b0f2ee84b25,3,0,-0.013729338,0.00810735,2,0.973235
rec_5e24060d9fb70b397dbb,grp_adc7fe709bbf6312ac75,1,0,0.044625256,0.039074924,47,0.99939555
rec_5e2e4b037a5ffb62ea58,grp_8481962119102cc164ad,3,0,0.10457815,0.041837547,8,0.9623222
rec_5e321827742182844d3d,grp_8644b92455ff3ad81016,4,0,-0.08116533,0.004076676,25,0.98435557
rec_5e347bf7816d127bcc38,grp_ff9a99a92bbd4085ddcf,0,0,0.026744042,0.028060753,13,0.9860086
rec_5e34da2f4dfc77202334,grp_908cffcf9e7338568aec,1,0,-0.028148115,0.011331908,61,0.97889173
rec_5e38e0128338168645e2,grp_b14806db378478b6152d,2,0,-0.041739427,0.006936877,39,0.93734443
rec_5e3d64236b9211575352,grp_6a79b4c4c22221782452,0,0,0.07572393,0.060005944,50,0.9885179
rec_5e3fb73fecd43895e99a,grp_23136e9bcab141052540,4,0,-0.08415025,0.0038751168,3,0.96800774
rec_5e403a4b9ea123bfc2ac,grp_dcc61a25c41d1759cc2d,3,0,0.15782505,0.084937766,34,0.9735387
rec_5e41c26067585cb9fa21,grp_ca4b47bef2ce23dd3437,0,0,-0.002378383,0.017693345,42,0.9838801
rec_5e5d5bf5429c957d7f1c,grp_fde3a139f1e06f0d0e79,0,0,-0.020956684,0.013155275,9,0.9673365
rec_5e6df23e92b4758b00b8,grp_d76007aa2bb001d58d7f,4,0,0.19328935,0.3062974,10,0.96448046
rec_5e7348d2a072524c10ad,grp_c9fe0564fc9378d80254,3,0,0.08044254,0.030088479,2,0.9893031
rec_5e74010eb762cc7b1be7,grp_6bef89939e82722e6c2d,2,1,0.15151438,0.10593504,57,0.98841256
rec_5e7e563753e9f54b4728,grp_362f11c2b77345bdeda3,0,0,0.1951315,0.30640388,28,0.9785644
rec_5e81a2e3cd67be8a6491,grp_33cca44b73f48ff4f4b8,2,0,0.17150056,0.1370308,18,0.9439326
rec_5e89eea85c06b2680c8a,grp_9ea952d54516840df7cb,4,0,0.08344257,0.06350923,57,0.9949774
rec_5ea061db09ab9d64b021,grp_8286ed21d186b722a7ec,0,0,0.02525497,0.027410263,8,0.98754483
rec_5eaf6404584261f59c67,grp_a3b37be7dc4bc00d74e5,4,0,0.072824284,0.053552542,37,0.9783154
rec_5eb0756223217d6fdcd3,grp_916f88a825b358aebef2,0,0,-0.018167773,0.013754916,26,1.0031137
rec_5ebede202c3597ac39e8,grp_cd3c9bf319de71b1de05,4,0,0.04531667,0.03418444,4,0.9943665
rec_5ec1c20dae124fd85db7,grp_c4d8ab9b958eb1c96f12,4,0,0.014785557,0.02059455,7,0.97397715
rec_5ec47a523913ff42d6c2,grp_3ed5a3318522d9b2e9be,2,0,0.041486755,0.023095395,8,0.9535394
rec_5ecb24a45eefe03aa493,grp_2583bc1da4e67a2372d8,3,0,-0.0043473546,0.009248851,12,0.9292472
rec_5ecca2bbd182529e4b05,grp_9c98b6c135d55c49cb2e,2,0,0.01106831,0.014915035,34,0.9525344
rec_5ed0310592f2d140334c,grp_4b4e1af40c4efd2613b9,3,0,0.097542234,0.03802023,30,0.93431276
rec_5ed458b895abf94aa7a9,grp_87f1d9ae2c16830a5266,0,0,0.067744344,0.053115815,6,0.9399939
rec_5ed5abce8fb43ed5a4ee,grp_26a156dd6785cf2b76f4,2,0,0.0223651,0.017552158,36,0.9482632
rec_5ed7ce20fc1782adff39,grp_e3a03ce2dd8fb4e61eef,1,0,-0.03318816,0.010390305,30,1.0027629
rec_5edd826fc5e0a3627dd9,grp_8e627350f4d2b7fdb971,2,0,0.008215032,0.01431321,46,0.9796586
rec_5edd8376a9f6b73ad6f8,grp_82f9bb1f9842494fe77f,1,0,0.09129602,0.08391513,50,0.9442612
rec_5eebc41e106944b9fe30,grp_cc2e982bf3e0f9ac87ca,1,0,0.009682203,0.021658616,63,0.885361
rec_5ef08e62f6e6a631cc6f,grp_aa317bfe99516817d0c9,3,0,0.08718227,0.03300271,46,0.97448933
rec_5ef39e2f9809ff6abb26,grp_66972b04ba23b58adbec,0,0,0.025011422,0.027305273,14,0.9890686
rec_5efcf7be68bdded08f08,grp_a2902eadf4a48a7c40e6,3,0,0.08031145,0.030034345,40,0.9809251
rec_5f013a9f8412c0f48789,grp_86b0a482279e200226f4,3,0,0.06681788,0.024939854,33,0.99491686
rec_5f05e6cbf993df498cc5,grp_464016b66f42071d73aa,4,0,0.12616159,0.123210825,9,0.96348524
rec_5f139a1caf6b2107cfc6,grp_2281b26ea72908247c68,4,0,0.06169062,0.044704773,49,0.97439444
rec_5f16a8a95e7721c82993,grp_d532bffbde2f2a6c90a0,1,0,0.040057734,0.036197565,33,0.96730185
rec_5f35396f40ead6600e20,grp_49872f0897a72485094e,0,0,0.09542898,0.08074991,30,0.9256599
rec_5f356fa58558ab6fbe03,grp_096ec8264239e9cdbba8,1,0,0.02439913,0.02780426,26,0.9209226
rec_5f3a703a2a10e7d9db4f,grp_ec1d50b267c4c3f4edb5,1,0,0.09546028,0.08965609,58,0.96756583
rec_5f405eb4152688cdf5e7,grp_7fa99a725db4ae1b752c,2,0,0.013396732,0.015424574,5,0.9316178
rec_5f439e92184a63b0fbc2,grp_e348b081e1501a26e162,2,0,-0.049381897,0.0062067136,14,1.008029
rec_5f4c02b97855d4241123,grp_21345c103699ebc33e91,1,0,-0.10631879,0.0029324663,60,0.99312025
rec_5f4d6e312fef2290bf68,grp_372602d5e34b672e71be,0,0,-0.04605923,0.008798296,3,0.9752404
rec_5f5872093b25606aea8f,grp_b70672ddd471dc67fae7,0,0,0.0025431192,0.019133704,7,0.9754185
rec_5f5b4270c0e66924c48b,grp_c4c13340944d4a68923b,0,0,-0.02766519,0.0118165165,43,0.9564728
rec_5f62563483834d506b45,grp_b83c6b95adc9b3810f0e,1,0,0.096348934,0.090926215,15,0.98962647
rec_5f63f3c053a99a09a970,grp_89533455683b2edcfce8,2,0,-0.055087082,0.005711911,4,0.96914953
rec_5f6410970dce98d04c99,grp_20e597d53b3c3762da18,1,0,-0.024478177,0.012070149,57,0.99437296
rec_5f67b36a382d0ba27db9,grp_831f4312799c0f205aee,1,0,-0.02990105,0.010995215,23,0.9379645
rec_5f68bee32f0cf1101317,grp_bac55f4f55d5cac7c63d,0,0,-0.057100352,0.007367883,17,0.9911046
rec_5f6a150d7d5351377d7f,grp_ca19f033e02f4546f225,0,0,0.05920232,0.046571046,4,0.99203354
rec_5f6fb26a8cf392177985,grp_da5167a99f7a89cc2573,0,0,0.07075785,0.05562544,23,0.98817265
rec_5f767a2b21c55f05ccd0,grp_8175e8db03b2b6ef1548,2,1,0.20815054,0.21361269,57,0.9781698
rec_5f778a49b1adc100ac5c,grp_93b435a4686c14c91ca8,2,0,-0.00053845835,0.012612348,22,0.9836545
rec_5f78da5caed0d0eba3be,grp_8ee82fda93c6959ea9e9,4,0,0.10298249,0.08645603,1,0.97857714
rec_5f93673bc3dcbc1ce8ca,grp_f077a4a87c278705127c,2,0,0.09240693,0.04747911,58,0.9630506
rec_5f93a44a65e23cf5dae4,grp_4b661a2b47d42aa8306e,2,0,-0.0071445415,0.011462344,17,0.9456789
rec_5f9486bc4d4273570e41,grp_b160d0ccd6289a7b91fa,3,0,0.12305239,0.0536786,55,0.95596564
rec_5f991d634f90543a8dd5,grp_c6db85c5eb23b5c13e3b,0,0,-0.039110295,0.009836356,61,0.9639569
rec_5fa4f090097c598b3ff1,grp_84c026f36d671f23df47,3,1,0.27750942,0.33582583,59,0.9638718
rec_5fab0f5a5d595dc00e84,grp_ed92445a2c4c7e40296b,0,0,0.09927689,0.08549978,1,0.9643044
rec_5face4beab58ddade8ba,grp_7c72ee64a3ab3e06927f,1,0,0.042223677,0.037535682,47,1.0033973
rec_5fb54759ab5df0605c22,grp_78a0cde67259555f6f20,4,0,0.020944849,0.02282363,12,0.9563378
rec_5fb72bfca34178e9f16f,grp_164439ec1cd33711f847,2,0,0.108244434,0.05914388,43,0.99117076
rec_5fc1d6277086b5f72910,grp_16bf95e843ab334c8f71,4,0,-0.040139403,0.008173266,37,0.9768076
rec_5fc85547865437c1374a,grp_5e944f9129dc8e3d3311,0,0,0.13995813,0.15305823,22,0.9741541
rec_5fcdd97e48a8cf147b9c,grp_72cbafca49bc958ccd47,0,0,-0.023450768,0.01264092,62,0.955149
rec_5fcf9526a113a7c4cf58,grp_727021b2145b81a90a64,2,0,0.041075397,0.022959827,20,1.0029414
rec_5fd96693cfa5d135f5d8,grp_b173dea3db02355ff6ac,0,0,0.061428886,0.048199132,62,0.966161
rec_5fe40c1904fea8cec7bb,grp_ccefa97b9219a0fa6c22,0,0,0.021312468,0.02575799,27,0.9942467
rec_5fe4dfd45452dc2dc93b,grp_fc42dcfcce3ddf586b25,0,0,0.06829172,0.053563576,24,0.99373674
rec_5fe7005880bbd4cf9ecf,grp_ed65158fab8a4ca33e69,1,0,-0.010864841,0.01524724,1,0.9877526
rec_5fffeb7607e22af42bd5,grp_14888ab93f5245185419,4,0,0.12817861,0.12697558,52,0.9801211
rec_6006842b5102b147cf80,grp_fd1efe2e9b47c4dd7bc1,1,0,0.028306346,0.029702285,22,0.96902543
rec_6010d1aaee30f79d6913,grp_b6552b50dd15be151b16,3,0,0.18257992,0.1164523,9,0.96604574
rec_6019ef51c97a0fe22780,grp_6168c84a1bf309d0d1d8,1,0,-0.0072304686,0.01622649,38,0.9352855
rec_6023136b4bfa02591099,grp_ff68d98810fa964e7af3,1,0,0.028707122,0.029903932,22,0.96602315
rec_6026e271dd7577b98afc,grp_e5d742d0263b7235bb33,2,0,0.21045174,0.2193301,31,0.9740077
rec_6029316b210bc0e468ac,grp_440c9d464deb738e8707,0,0,-0.04505352,0.008941528,53,0.9815003
rec_6048167451d570b6329b,grp_8da46f8fe50e325d3e17,3,0,0.006174184,0.010719167,2,0.9845542
rec_604849d650da3b7599f5,grp_727b45adc7d12e8a180f,3,0,0.07871606,0.02938302,44,0.9790884
rec_604a39b4495912e52b80,grp_3f34ff706078a52f2420,4,0,-0.01531769,0.012427496,12,0.9975023
rec_605135b5d68064ee93a0,grp_99651be68144f484f04f,2,0,-0.03665857,0.0074688825,19,0.98615533
rec_605bdc1bb82e50906e5a,grp_302003a3d427ae048ca8,4,0,0.015976168,0.02100815,40,0.9996577
rec_605e216bb0c82257dc1c,grp_09f91cb71b2d9188203f,4,0,-0.030271793,0.009656842,52,0.99427
rec_60635b6906c03be31fe4,grp_a8b580c150a9eb1acba8,1,0,0.012523102,0.022731245,61,0.9837713
rec_6069bbd1b015c0711d35,grp_811bbcda572b5c12e681,1,1,0.119906686,0.13096511,46,0.991919
rec_606a5841b0769c7ee0ee,grp_326cc2db59b03a7de334,4,0,-0.085913755,0.0037607304,2,0.9543083
rec_606f8c26526434c5b16e,grp_6eb232f7f679d2c6fc0a,0,0,0.1187072,0.113539465,26,0.9936997
rec_606f8e97bf67b126d848,grp_3b36265f7b24e4710286,2,0,0.13943876,0.09031055,61,0.9356595
rec_607338c43b8d13663644,grp_da1d72742fa2be5cdbb5,0,0,-0.12757051,0.0023643824,47,0.98648834
rec_60754be58ebba56e98e5,grp_642a7d1c9b4e04034149,2,0,-0.016082443,0.010069822,36,0.97747
rec_607bbcdfebc5e34d5548,grp_2413c128172b63ddd0ab,3,0,0.09064937,0.0346063,24,0.9681424
rec_607bfdfa5000490086ce,grp_3dfab6877866524c0277,3,0,0.12003004,0.051545247,3,0.957004
rec_60832aeda3b0b2947162,grp_226a166c803f03e3ebd6,1,0,-0.01600808,0.01396016,4,0.9900988
rec_60997c2b2c154e93cc83,grp_7b3459d0f7faf780a872,3,0,0.15496694,0.08184392,12,0.93362194
rec_60a7762df7a3f2360412,grp_692258d4174507c51654,0,0,-0.025573622,0.0122187985,15,0.92980546
rec_60bbd49cab23ed1715c5,grp_08e7a989c55b8950cd66,0,0,0.083181165,0.06719357,42,0.9840485
rec_60c2f29747895e68823e,grp_a89656901b63d8b52a20,0,0,0.06151387,0.048262335,29,0.8665672
rec_60c5a14921e37bd3fd61,grp_d43022d3e251b4690c73,4,0,-0.016207794,0.012242555,50,0.96228045
rec_60cdfb1b759ddf2b45d4,grp_fb95817fa4576dd66c32,0,0,-0.012161898,0.015139223,53,0.97353774
rec_60d0df800ff87b7a8f98,grp_269d34ae34e1c1f42f16,4,0,-0.09020445,0.0034962809,24,0.97708404
rec_60d1193ee4ed4baba686,grp_3bdfbe608a3aca000e85,1,0,-0.049177833,0.007886603,52,0.9528052
rec_60d96d197d04ed5b0ed2,grp_814ffb23d14eccf58f46,1,0,0.04009259,0.036218733,62,0.9567088
rec_60df599adcd744dad21c,grp_5f0c8e60729de5f7f141,1,0,0.056353394,0.047501124,6,0.9946214
rec_60e33f0de5551b79363e,grp_65e9a30a5a1645e23e25,3,0,0.083264984,0.031277254,23,0.9968881
rec_60e5f0173d97b793183e,grp_e3b4f420751a6aa875a3,4,0,0.06585242,0.047835972,57,0.9797964
rec_60f1ba0e441db02119ee,grp_84ed80d246b211ead2d2,3,0,0.121549554,0.052607592,51,0.9201303
rec_60faf7d7d4d9993d98e5,grp_2e304e3e627d892d7d74,0,0,0.096556775,0.08211657,8,0.9759409
rec_60fcda7c55225787c3bd,grp_52bea031f1ba5b643f38,0,0,-0.116456844,0.0028294886,1,0.97394824
rec_60fdc5794de915efa91d,grp_02bf5831d13d5030f10d,1,0,0.014448125,0.023487383,63,0.95770246
rec_60fe06cb214dd295a7d5,grp_f649547386c444e44196,1,0,0.052425873,0.04450287,39,0.9897939
rec_6101bbc284ec8ca218c8,grp_d429c5b5876d128d3d4b,0,0,-0.009532923,0.015787538,26,0.9857473
rec_6101caf1e9bdfaecba6a,grp_a27644751a3d0f1fb771,4,0,0.11353174,0.10176409,2,0.9880739
rec_610810f8896be61cc3cc,grp_caa1170352c363d11292,0,0,0.0091309,0.021242905,14,0.95954615
rec_610ebbd4f996647312f5,grp_d8cbd8ca665411dcc19d,2,0,-0.0012710781,0.012479394,42,0.98236036
rec_61159fe3ee3c035d0609,grp_cdc81cd1152f28f93151,2,0,-0.0337244,0.00779436,8,0.97445476
rec_611ce927bd02984a6581,grp_4426a39f4152c04dced5,4,0,0.024552261,0.024236862,17,0.9923125
rec_6123654bc6b8c8ac3cbb,grp_998249de7e0e5b9dc9a4,3,0,0.2185251,0.17985025,49,0.9666265
rec_6136c9157754a7d4f30c,grp_c5febd0a510bb0e28c2c,4,0,0.11118859,0.098168865,53,0.9942937
rec_6139e554428e0451dd78,grp_841d380e0f0016c7517c,2,0,0.09255273,0.0475758,5,0.9265047
rec_613e060ec26293bd08f2,grp_3fd3e25eba9cea86ecb0,1,0,-0.08608478,0.004164917,6,1.0015657
rec_614beef8b25358091ddf,grp_810f9bb6d45c6a962580,0,0,0.092969246,0.077840954,53,0.9819796
rec_614d149d4cd617529f5f,grp_aaef69cc51144c7df208,2,0,0.10917611,0.05990792,56,0.8753966
rec_614d355ebafd2a0d45df,grp_485721b76a34243b663d,0,0,0.07332885,0.05785435,50,0.9724457
rec_615b48cb426dfbb9bbb1,grp_f0b9ececb6d54da2f491,2,0,0.12379537,0.07316824,15,0.9737675
rec_615d66084a7e61354829,grp_f7a9fc5a5388b960fff4,4,0,-0.07509698,0.0045192004,49,0.941807
rec_616586411a5678cfad47,grp_9a8df13c925fc05f0521,2,0,-0.003029998,0.012165808,4,0.9563916
rec_61733b6553c7501cd3b6,grp_cb3676cf80ad38914d40,4,0,-0.036118317,0.00874839,33,0.94331825
rec_6178c3c8a8c7f665e9d1,grp_844d1512c915457d7209,2,0,0.06404328,0.03185081,61,0.97908145
rec_617a84d4391fad320c97,grp_7ea52b8b878ffda9680a,0,0,0.06319091,0.049525697,27,0.9453975
rec_6180ba2dea7c3bef8962,grp_4d0398c7af65bb93b9e7,1,0,0.08500352,0.075872324,17,0.9797744
rec_618efbb8c82f94a75229,grp_88a990b8c4f65547dfc0,1,0,0.06749822,0.05708657,28,0.96644694
rec_619224a9742a8d032fca,grp_dbe10597c53f726c391d,1,0,0.018538382,0.025176385,35,0.8844913
rec_61962b79f458d6ecf982,grp_af8d960dbda74e4be6cb,3,0,-0.031090494,0.006351236,50,0.9686044
rec_619a595cba10de6271dd,grp_de6e27e272ed48282b4b,0,0,0.008804647,0.021133294,16,0.9698603
rec_619ba87f752d7fac65ff,grp_b940acb699e4105c6550,0,1,0.12923099,0.13186173,44,0.994702
rec_61a3fa07db969d091261,grp_32001a96200b1e36047f,4,0,0.10553678,0.08995934,0,0.91469795
rec_61a9aa07f8e7e19b723b,grp_951fda4eb032bd7a1b44,0,0,0.030920606,0.029966235,16,0.9581822
rec_61b24bf546b1129fa50d,grp_98e7f4c37cde042f8401,3,1,0.22568154,0.19528884,59,0.9766761
rec_61c379a7526bc3b23a87,grp_37cc3b18642b7d09c9ef,3,0,-0.034381524,0.0060637407,56,0.98407084
rec_61c6df40e3d463da5975,grp_22b2e98ee24379389a0a,3,0,0.19357614,0.13345832,11,0.978818
rec_61d04c19978c26f331fa,grp_f148854e0856d5fac2a9,3,0,0.08212138,0.030790202,3,0.9655455
rec_61d141c92f3bc65cf67a,grp_e47d1aa2f2cc11f98767,2,0,0.12106024,0.070497155,5,0.933502
rec_61d1cc04ba45dd0984fc,grp_80979da6b52e84c0b1c0,0,0,0.16484559,0.21288402,35,0.98340726
rec_61e6e6d6d689a5a881e7,grp_2b66c6685da72f5978dd,3,0,0.087820075,0.03329223,35,0.9954727
rec_61e823a207ec15fb6005,grp_3ad749c1db90d67688de,1,0,0.0047218567,0.01990322,6,0.98775804
rec_61efb2004c81dfc9cd4f,grp_48cf1d5d591b7feaea57,3,0,0.19856134,0.14183713,52,0.98105025
rec_61f016693b0ce86fcd48,grp_4fbe875088f042e7d79e,3,0,0.06206663,0.023354702,26,0.97868425
rec_61f9bb78fa365e6054c2,grp_3cef34bae19860467727,4,0,0.04582708,0.034473017,22,0.96801245
rec_6207ce4b2a3a17f6e9a9,grp_8a90307d0ffc8ebf8f2b,4,0,0.039213985,0.030909775,49,0.9709005
rec_620a1e93cd7438dfaac8,grp_70b9f6e7415a489576fc,4,0,-0.038860064,0.008352057,3,0.941886
rec_621384c316ffb293da2c,grp_4bf5781dd05a09d67321,3,0,-0.077793226,0.00328795,17,0.9726352
rec_62142f6a62c0d1b2d70e,grp_e8a2076eb1387810d9ea,0,0,0.015434707,0.023473345,38,0.94062656
rec_62225b9c169d20c9cd19,grp_4d0e19ab088b44f26c7a,0,0,0.0017663335,0.018898953,12,0.9922881
rec_623a90709401b138f235,grp_d659d8639b0760313608,2,0,0.093475685,0.048192207,39,0.9198592
rec_623e1492fdd875ab6b01,grp_4225300e30043c9320f2,3,0,0.101743676,0.040257502,5,0.9978615
rec_624580665217fdf08f46,grp_1f1d26cf6414aa6f8510,3,0,-0.04661981,0.0051036617,37,0.99026984
rec_625d8a77f4a2b7e26ce5,grp_754222394f060151648b,0,0,0.07230466,0.056956563,11,0.98428464
rec_6263f23befa15c5547fc,grp_4fa14862227d3f328acd,3,0,0.09922582,0.038902033,34,0.9696086
rec_62653f02e578d970ef4a,grp_075d7a39ce45aa057823,2,0,0.09061487,0.04630588,42,0.98629695
rec_626975d8402cd830d0a6,grp_032eaca07ddc35714578,2,0,0.086512655,0.04372323,36,0.9542146
rec_626db142326f0992bb3f,grp_4f2d6e84b689170ac652,1,0,0.003711698,0.01956321,60,0.99011
rec_62701be06089dafbdc6c,grp_394c1ccec18fdcd97760,0,0,0.09663691,0.08221447,8,0.98171514
rec_6271a414248c19f5797d,grp_52610a90b0f5a50ce0e0,1,0,0.022812631,0.02706767,14,0.9860235
rec_627a954bffeac7592fa0,grp_52dd4cb83602e312a3fa,4,0,0.075192764,0.055637263,2,0.9396136
rec_627b78ca1f8471d9b9e3,grp_99a852600f0e90c66b3d,3,0,0.12303439,0.053665653,55,0.95758325
rec_628311c8a00ae3b47be3,grp_e39f551fa4ebf3e98455,2,0,0.049288362,0.025819432,1,0.9243344
rec_628587626890a9c0dd66,grp_38429d2d34b491d837e9,0,0,0.10599729,0.09440561,11,0.9695698
rec_6287d8162337c1cc9593,grp_db38a88da838f3f2c49c,2,0,0.15140522,0.10578367,40,0.9545845
rec_628e4895cd93eeb440aa,grp_9a7b3930fc89faa13088,3,0,0.15459208,0.08144583,5,0.981275
rec_62908f35edc23e07e623,grp_93cc4d0b09a927745ced,2,0,0.10155319,0.053919375,12,0.9666467
rec_62970c3e1e3cb91c76ca,grp_087f7403d92eb88c84d9,2,0,0.09495609,0.04919677,14,0.96851116
rec_629bf78c8be60e769477,grp_2a9c46254abd3411f349,4,0,0.10916769,0.095159404,1,0.95557785
rec_629cbaea8c1c433f5111,grp_5c74bc3e6aad0adc9ca0,0,0,-0.08067039,0.005041122,33,0.98843735
rec_629fead0f5a6f52767f9,grp_9afbc2bb5e5ac64b044e,4,0,0.06543932,0.04751609,54,0.9732014
rec_62a6a59926afda910320,grp_3da21b9e105dcf3542e9,3,0,0.15336159,0.0801515,30,0.9314721
rec_62aaa42ef4eacb4640d7,grp_06ee53d937cb1592ede6,4,0,0.10449712,0.088518225,53,0.9845155
rec_62b2c0929b5384143f8b,grp_528db55fc57f926580ff,1,0,0.04534233,0.039546143,59,1.0001762
rec_62bb9ab6e5eac537a685,grp_1da36be05606a12ceef7,1,0,-0.029605681,0.011051248,23,0.99421334
rec_62c4640f75404c8b3829,grp_3f5eec5b20e15d0bc266,0,0,0.03612493,0.032516595,0,0.9529947
rec_62c5c40c06ded7c68c77,grp_84cfd1effaab5568c9df,0,1,0.12768918,0.12902863,44,0.9929468
rec_62c6af034c9e7a8636b2,grp_1150c8de0344017b9e26,3,0,0.10233469,0.04058217,17,0.97914505
rec_62c6c235414afdf06d67,grp_a245088f37d8cac3110e,3,0,0.08066851,0.030182019,24,0.98101187
rec_62d7fa36d956d1a01f5f,grp_f7208259950d88d5f0bf,3,0,0.008765116,0.01111537,5,0.9930009
rec_62deb4e41ec40849c9d1,grp_ceaa88e236a42c40af47,1,0,0.0034647696,0.019480966,26,0.9377064
rec_62e0f864af7a90838fc0,grp_faa7834e6b66876e4f02,1,0,0.038779438,0.035429507,59,0.9831106
rec_630999514338a12585f7,grp_1de36ce83a07ae003e76,2,0,-0.03455776,0.0077005136,4,0.97047704
rec_630cf3e7d2608cd74921,grp_d4979031d7c25436e12d,1,0,0.02819933,0.029648663,63,0.93869615
rec_630e02f455c78ca36b1f,grp_04177a8b3d8dcba1633a,4,0,0.039320458,0.03096421,37,0.99986064
rec_6316deca17d1d834dd88,grp_fb90933889931872aee8,2,0,0.080416515,0.04013782,40,0.95874846
rec_632ee3ae11ee66eed1a5,grp_cabff916f7d1fc606ee8,1,0,0.101701245,0.09892353,31,0.97208273
rec_632f4365674acb22ecda,grp_d3f070b7d9b451a7ec0f,0,0,0.0936262,0.07860836,27,0.9534966
rec_6330345c49cfc2c1ce74,grp_913be7c6c4f7825cf535,2,0,-0.031141428,0.008092501,2,0.9973835
rec_6330baef6a57a751d40b,grp_13dd8d56917d88a9d376,0,0,0.060480155,0.04749891,34,0.91815066
rec_6341be0b8c0ccaa34488,grp_e0474d4495013c51c8f7,4,0,0.007841074,0.018336426,21,0.94698584
rec_634426678c060f726588,grp_b7165c57797e63bbb2a7,2,1,0.1684571,0.13184342,57,0.98601437
rec_634b31262405ff675f8f,grp_3c221ab981d8ac632457,0,0,0.06818149,0.05347313,12,0.9933847
rec_6353ca43fd8cce689b1e,grp_3be906af2311b3816190,1,0,0.059279226,0.04985843,24,0.96953
rec_6355e1eae6b28f38ec00,grp_223bf04154873a81ce85,1,0,0.06098368,0.051282346,62,0.97323537
rec_63568f61c3902ea1b417,grp_c390560e98f72f0f0bf6,1,0,0.019116784,0.025424577,56,0.9348655
rec_6357a215549d4bd221ee,grp_52ab0f78ce7e82a66bb7,4,0,0.037191227,0.029892942,49,0.9365195
rec_635a61f5af72afa3b3d6,grp_bb6cc4302136e71cedf9,4,0,-0.08942322,0.0035430116,2,0.957102
rec_63639fbf7af62222c6bc,grp_fd98890af88ec44d48fa,2,0,0.25289395,0.34347758,6,0.9220311
rec_636d84afdd879847d0d4,grp_07e0f175c376ca2400d9,2,0,-0.049973145,0.006153517,35,0.95288306
rec_637233de4ef9536fe58b,grp_c53ad70f3de0f12fa899,0,1,0.17549373,0.24321663,44,0.9875969
rec_63913771035a2cd5a1f6,grp_8cff971c12ece39b0878,2,0,-0.045786332,0.006540197,3,0.96592635
rec_639826866bd326b351b6,grp_392b70c2ea09d8f393a7,3,0,0.14217284,0.06921829,0,0.98058647
rec_639b7744396c93b470fa,grp_0ee820bb87cdb45af8b2,0,0,0.13436766,0.14168303,32,0.9614176
rec_63a9ac58e3dae9b5c51e,grp_f38954779cfec2b0f8d3,2,0,0.11870501,0.06826958,14,0.9902208
rec_63a9be47686a4b3a1fe5,grp_7ab45f4273adfcced0ba,1,0,0.16885018,0.26099712,60,0.9737403
rec_63b1f2cb960217eb5605,grp_2defcfa9f1017728cea1,1,1,0.22532818,0.4854977,46,0.9785092
rec_63ba3336ee6a4131bea8,grp_3ff0842df53161ad4774,2,0,0.08722452,0.04416134,22,0.99488807
rec_63bb76f37eaf7d576158,grp_10510e19cef725b40c80,3,0,-0.0642328,0.0039813793,0,0.98324
rec_63bf4f86ca5b8e3fcd1b,grp_0f5930c08174249c7917,0,0,0.09317587,0.0780816,12,0.9671211
rec_63bf9c688c7bd13ac32c,grp_2de59a6e979ccbd8d1e9,2,0,0.061646566,0.03078577,14,0.997038
rec_63cebe53bf0f106df2fb,grp_c3b2fa4684cb395fa29f,4,0,-0.04879091,0.00705994,37,0.9981532
rec_63d1e5b06f97737d611c,grp_7da89748401ab7f30c28,3,0,0.10328417,0.041109003,11,0.9799341
rec_63d94fad8a1a290d57cf,grp_728ec0b7d58d11e70ddf,1,0,0.012593176,0.02275835,30,0.99279445
rec_63e73b2b72202080c720,grp_0c029f132ac74db524b9,2,0,-0.05922493,0.0053777713,50,1.0075573
rec_6400a74800a60aa97bd6,grp_63abb8e0b7ccbc1e7d92,3,0,0.03163464,0.015302151,39,0.99366033
rec_640d89de46785079d843,grp_d16cdeb06260ff436c72,2,0,0.013319995,0.015407507,58,0.96588063
rec_64264c8b835dd13bc7fa,grp_aa42131931f687e92560,1,0,0.031335022,0.031259388,17,0.91755843
rec_642d82bdc0001624c5a2,grp_596b8be62b7ca9996522,4,0,0.004596238,0.01736637,37,0.98171586
rec_6437eb370b5f7f1ac3bc,grp_e6bfe0422971a8cc4b80,0,0,0.07887785,0.06295356,38,0.9999185
rec_643ae296bd5d6db4403a,grp_dc43bb4884441e5cea52,2,0,0.08008215,0.03994954,3,0.99565494
rec_643e91adee5b1e92d880,grp_8ffc1480236be8a434a0,1,0,-0.009172116,0.015695868,49,0.8634702
rec_643ea25c4a0bde6a1394,grp_8f8d23c5fc5bf7c9f616,2,0,0.02790372,0.019007435,3,0.9484971
rec_643f64d939fff82219d6,grp_3f3abd3f1dbc5248cedb,3,0,0.06947326,0.025870947,0,0.9593676
rec_6443f0fce23ebd9ed2f4,grp_c20ef636e9bfeae0be07,4,0,0.04078771,0.031723958,24,0.9882551
rec_644c6593f61e57e18606,grp_a6a6a5d2dd65783e1302,2,0,0.05929578,0.029774677,61,0.97685724
rec_644eda51d7ad5d740676,grp_305c4edf6924d34e40bb,2,0,0.01696955,0.016239908,10,0.9616479
rec_64531cd004452113c182,grp_c860ce5953cdfb79a707,3,1,0.22854032,0.20173043,59,0.9745232
rec_645558c397ec8bdbca4c,grp_c148fad71f2e4b3a333e,2,0,0.11624561,0.066013224,43,0.9951424
rec_645feb9326cb25d3d086,grp_3a1b44e0630ed1d1608a,4,0,0.08257581,0.06263567,42,0.988433
rec_64662de5acf492b56f08,grp_ce922bf2b8126eaacf96,0,0,0.13175155,0.13660687,31,0.93177867
rec_646f807e694e0c0cc715,grp_51b125580177a091db13,3,0,0.019937616,0.012996295,42,0.9357099
rec_646fd67e1e542d85096b,grp_4b2320b4d72235d9a1bf,3,0,0.038846206,0.01691986,56,0.9551147
rec_6475a5e1eb132b1c5da2,grp_1ca32fc2c06de5e50083,0,0,0.10536659,0.09353568,17,0.99217385
rec_6479d1f8dff47398e3e1,grp_0e78835b4482f0c1a6a0,2,0,0.10416434,0.055904273,5,0.9580104
rec_647bd48a96dee060cb89,grp_9544002b91189699ba7e,1,0,-0.07014555,0.005488871,26,0.9839644
rec_647c04281ed249f92bc5,grp_2039b48648013ffc2167,2,0,0.04287047,0.023557179,15,0.9582286
rec_6493d53acfa223c33841,grp_860a74564668658ae545,2,0,0.019450633,0.016830903,18,0.9635865
rec_64a9d12f06cb53433620,grp_ff5d95fedc47d4fc0111,4,0,0.10265015,0.0860094,7,0.9891488
rec_64bb8fccd1f3fbf413fa,grp_ccce312df484eb3bd1b1,3,0,0.03429402,0.015880177,46,0.90597665
rec_64c01fb194075df221ca,grp_45108f0c54ed3d227b54,0,0,-0.007824449,0.016223414,11,0.97698694
rec_64c2270b7f50a73f8462,grp_d80d1607422eee21968a,0,0,-0.03312966,0.010826249,27,0.9708477
rec_64c87d129eba2445bb04,grp_c15bc11a4c2f8bb24b06,3,0,-0.0352649,0.0059888,37,0.9970882
rec_64ca382d0697173dfaaa,grp_a3897894c9026555f330,3,0,-0.019730305,0.0074516735,36,0.9401473
rec_64cca9f8add665358adf,grp_48c813c20d7e15298ceb,2,0,0.13647328,0.086804576,22,0.9894614
rec_64e26fe4b968d9b374f1,grp_2351e494205116e70d51,4,0,0.115590535,0.10501892,42,0.9822337
rec_64e37496cc703e83d78b,grp_b94584bf49000d821540,3,0,-0.016779147,0.0077672703,17,0.9794809
rec_64e5de1c3aa73dc34d7b,grp_4f34bb76b5323a3e9a8e,4,0,-0.039840102,0.008214749,0,0.97675365
rec_64e64493ce8431d989d1,grp_9291bc948d7570598f67,1,0,-0.066050544,0.005891873,26,0.9664083
rec_64ea2f5736e538244ef0,grp_f40412636a575742a895,4,0,0.027929286,0.025636952,54,1.0001271
rec_64f84b1a1945323e5b4c,grp_52b41f88f31a61f9e247,1,0,-0.06565584,0.005932239,4,0.9583935
rec_64fd580f8ddacd6df006,grp_e858f702c66dc7b27aa3,1,0,0.06623536,0.055915147,6,0.97646326
rec_65002464e2efa3f092ba,grp_3a7be28d52806bd4e36a,1,0,-0.040149845,0.009215803,9,0.98391527
rec_651f1280cce18dccb3f2,grp_e9d935c7389640440199,4,0,0.04899738,0.036318734,17,1.0006963
rec_652a9f0debe81c5bebd3,grp_497c8128784463eff641,2,0,0.034699343,0.020955313,6,0.97231597
rec_653714e9b8cc253640b6,grp_350edb6201cea1e2fd01,4,0,0.05114902,0.0376252,35,0.9748477
rec_653782880dbcea8b3788,grp_e6df0eea214eac972395,1,0,-0.019420253,0.013166001,50,0.96140045
rec_6545f0170209807f30fe,grp_c4ce0a8d699c5e56b2bd,0,0,-0.00236929,0.017695904,1,0.9541495
rec_656041fcabec596ce1e5,grp_7c86f5ca1f33fb77267c,3,0,0.124630675,0.054825496,22,0.97781724
rec_6566a0d30b1525b9bc41,grp_9e3657fd9619a3ad55c3,3,0,0.052530754,0.020464549,23,0.99639416
rec_6569b05426d069c3a66c,grp_49e6567db6623ca1529d,4,0,-0.033873174,0.009086772,49,0.9743488
rec_6570aeb3ca04176b6526,grp_543744f7218fae702a66,3,0,0.09119209,0.03486402,11,0.959717
rec_6575a1b1d54216639aa8,grp_8c1bb954d4ea9ba3ae7d,3,0,0.14296003,0.06994005,24,0.9617726
rec_65921d4fe571f14ae052,grp_259a0833c33cc95b4e26,0,0,0.04419243,0.03688914,63,0.99577445
rec_659fe947c28ac1a58eac,grp_32194531b994873982db,3,0,0.17463796,0.10536856,30,0.98199046
rec_65ab8c1d0c5a06253da2,grp_0ea83f6eec55549d3ba3,1,0,-0.027185393,0.011521137,34,0.9433645
rec_65b53cd97836887bdea6,grp_a67c982d46e64750ec18,4,0,0.07182869,0.052698404,28,0.9510354
rec_65bff0ef6a785a79763c,grp_0cf3cea675c863c48ef3,2,0,-0.04611171,0.0065093003,15,0.97729206
rec_65c72ebe03d03a81de2f,grp_1832cfccf0f5c6f60878,0,0,0.06017583,0.047276348,56,0.9435366
rec_65cbe8bc128e20fc6b11,grp_70e5f6f777c1c1e3c1a5,0,0,-0.04491099,0.008962012,50,0.9875513
rec_65ced77bd12e9aa647a7,grp_848297a23508ea5d21bc,1,0,0.11542587,0.12234351,40,0.96458715
rec_65d0f872b620d97e0a34,grp_6745445cd0e1501c1b98,1,0,-0.005293158,0.016773494,55,0.9934902
rec_65d333f4d489daef815e,grp_f8eb2fcb22c7734ebcfa,4,0,0.008474892,0.018532023,20,0.92835146
rec_65d6824fcea9f54fbe00,grp_8cfa6716014ce2931aa3,4,0,-0.06174485,0.005668384,57,0.97349596
rec_65d998d3d3877db8aaed,grp_ca3f4f333f0658f10a59,3,0,0.038484573,0.01683488,2,0.9903345
rec_65db5e8cfd57d8c1ca27,grp_887b8a0c43d976ab9274,4,0,-0.029112417,0.009847792,59,0.96884406
rec_65e6fdc7cd6176d66475,grp_f7a3d81405c7e866f6fe,2,1,0.075165994,0.037277117,57,1.0019153
rec_65e8c429e35aa5be491f,grp_2f8003ea44748f944f4e,2,0,0.154543,0.11021117,51,0.95123214
rec_65ed2397b0f0a39d236b,grp_ccd8c938d5946b02ee40,1,0,-0.031642955,0.010670447,40,0.9979073
rec_65ed3fcf9dc6558fa3c9,grp_dfb30b54f9695de2f52d,0,0,0.058744334,0.046242706,31,0.9515696
rec_65f0cce887c1bf87ff26,grp_d85e4a4d8e74ecefe9d9,4,0,-0.07516315,0.004514125,21,0.98122174
rec_65f38d80982e23e6b378,grp_caa839ef1318035e5202,4,0,0.039488442,0.031050295,52,0.9834688
rec_65f406c7f760cf5d02ed,grp_6790471e778ed4aebd95,2,0,0.020867836,0.017177908,5,0.93880534
rec_66011d0c3c17ee9f4bee,grp_221598740ebf6948b34d,2,0,0.08499862,0.042805213,20,0.9956546
rec_6612009088dd7d30f898,grp_04ff474198f86c1137fd,2,0,0.10172958,0.05405134,23,0.9763926
rec_661cd679450aa6d3c2f0,grp_062e18055b2cb7763362,0,0,-0.025090005,0.012313718,14,0.97304046
rec_6626d756a2a45c82c193,grp_7e8dda31ce0a89f54fd4,4,0,-0.036098715,0.008751289,8,0.95879024
rec_6629744e80d6afd17294,grp_56d27761d5c18a21945d,3,0,-0.03600913,0.005926376,26,0.9693701
rec_66371dabba282c65c4bb,grp_9fc6436a071d3946e322,4,0,0.080208614,0.060306694,8,0.93817425
rec_663872dabe1bebfb450c,grp_e672034538bf1b1862ad,3,0,-0.09135998,0.0027147222,60,0.9999564
rec_6645ab728b2b09db7d3e,grp_d733ab8bb96d7046bfee,3,0,0.011333092,0.011522342,24,0.95471233
rec_6653dd4e5bdacba8bfa9,grp_e20344b5d61f369c7adc,2,0,0.0067295656,0.014009421,8,0.9571443
rec_665fb09e0ffbc42b6765,grp_ec2b7c7602be6f7fbba2,4,0,-0.08562235,0.003779397,55,0.9659217
rec_66769715163633ad2d42,grp_792fa64cb9025177a534,1,0,0.04894333,0.04199601,59,0.995967
rec_667a33d28b6ef6809857,grp_85e4a2b533731634f549,3,0,0.09520732,0.036829017,5,0.9906705
rec_6684b38c36e66e446ed9,grp_1a5406e306e6fbae3d7e,2,0,0.048100814,0.025385452,59,0.9738198
rec_66886a5f31b56b4d8c85,grp_f083fcdc9e675ebca66c,0,0,-0.046473153,0.008740008,57,0.94440496
rec_668d8cbf9cb0199088bc,grp_4ac7bb9bee6d064ed391,0,0,-0.013865537,0.014733176,15,0.97417736
rec_669439efe6a2e233e4b4,grp_09993c50afbc49f8f332,4,0,0.065568626,0.047615997,13,0.97346973
rec_66ac98a2d72ac7b26bea,grp_170f6e6d7dada3aad7e9,0,0,-0.051550753,0.008055401,28,0.97470814
rec_66bb1ef01e40eef0143f,grp_7a1389664f3a85a28e3f,3,0,-0.026940051,0.006733186,39,1.0122188
rec_66c540eb6ecb47b42976,grp_2548d12d98b40c07b6d2,3,0,0.023938742,0.013743632,17,0.9748684
rec_66c74db997e1e67d3f66,grp_4aff37bfeec0829d65a2,4,0,0.06394167,0.046373334,9,0.98150384
rec_66ce8491ede7ee43891a,grp_1407114a751fac6e90a9,1,0,0.120012835,0.13117549,10,0.9791812
rec_66f033571122d605f54f,grp_0902177992b4926cf120,3,0,0.020216163,0.013046995,60,0.995174
rec_670ac409f11de5ea0394,grp_b76b65096b2889802a9e,3,0,0.2201634,0.18329838,31,0.9662111
rec_670cfec46801dbd6f414,grp_e065a39cd1e996c1af2b,4,0,0.0027070597,0.016825002,8,0.90381557
rec_670d01be22e03221f0ed,grp_37b0965b8df476b3a0e6,2,0,-0.041280575,0.0069833333,19,0.990133
rec_6713b21b9db5fa9be507,grp_72e269900428a8c67575,4,0,0.07622154,0.056566376,59,0.96816176
rec_671f7d18b2f0a9e70710,grp_dbe4d7a2d68874ea2923,0,0,0.06989166,0.054892868,60,0.9805463
rec_672117a5e3c8a24a6d7d,grp_c6ad9a80f2974a0bb363,1,0,-0.004350154,0.017046267,18,0.9789169
rec_672131963579a91a4510,grp_1a22146936850fd0769b,1,0,0.09015979,0.08240767,4,0.98015326
rec_672176cc153a0c1e9a39,grp_c2d7883592ffefccfd61,3,0,0.0676105,0.025214313,24,0.95774734
rec_674a4df52d8decb78760,grp_fd62470c978c11fa07d2,0,0,-0.050357893,0.008211293,35,1.002456
rec_674ba412f850bb3a0d27,grp_4cc358279950b51ca61c,3,0,0.15651815,0.0835101,36,0.90877706
rec_674ce7f5ba99ed8f3c41,grp_14aa31898d3df6a2a497,2,0,0.11529637,0.065161034,18,0.96151567
rec_675d67b04e4e94fb8e1c,grp_04aed2666d3a7ef0cdac,1,0,-0.07730387,0.0048491545,12,0.9312233
rec_67623e9dbb23d771a828,grp_722d014aa76588593dd6,0,0,0.10933565,0.099131845,2,0.9886802
rec_678591fe38daf4b643c4,grp_11b8c4ef44d293d2376e,3,0,0.036850028,0.016455961,32,0.9803643
rec_67893e344f20a6c537ef,grp_7d223424423168f9f75d,0,0,0.0020669335,0.018989457,4,0.98163986
rec_678b69706498090f57d7,grp_62d7d6a8cf6ff17a4f33,3,0,0.078266926,0.02920214,0,0.9707747
rec_67956bb008b8d6e76276,grp_531329793ae0a3f09dd4,4,0,0.06983149,0.05102362,52,0.984539
rec_6797592c305b3ecf9cd0,grp_fcce95deb03af08ac5a2,3,0,0.09870128,0.038625218,51,0.9415314
rec_67a05da12ea066aae896,grp_7f8a31506c59a4bb8b35,2,0,0.060907867,0.030464517,3,0.9968566
rec_67a7689a9927e5ec1037,grp_848edfb35cc296c032bc,3,0,0.07650852,0.028504327,24,0.93413633
rec_67ba7922552b04b2d67c,grp_0f0a8a2f41d8069c8d6e,3,0,0.082941286,0.031138644,3,0.9375724
rec_67bde0ad4c563ce98a59,grp_3e1d9c7f126a7d5b64a3,3,0,0.05331163,0.020687431,11,0.9900597
rec_67bff92b0fb58e64d913,grp_d8b243180b72304b678e,1,0,-0.10559991,0.002969269,49,0.9723246
rec_67c9b50934bc53079275,grp_9e37e062c94b8ba447e6,2,0,0.16991456,0.13430648,10,0.974516
rec_67ce6f1af338c2dbd81f,grp_a7db0fdddcabbcd857dc,4,0,0.037046064,0.029821223,4,0.9731997
rec_67e13aa1625e39cdd4a2,grp_9503361c56b4d20c0af9,1,0,-0.044026636,0.0086197965,63,0.9387046
rec_67e2d09f7f47eedc398c,grp_21821821ffd73a028cf9,4,0,0.031813093,0.027344624,8,0.9047595
rec_67ecd5364930b97cc379,grp_25214325c4bcbe59df1e,4,0,-0.10428351,0.0027519895,20,0.9748634
rec_67ef3938714c86da2caa,grp_52f85ae85fddc45ce78e,0,0,-0.042426296,0.009326687,8,0.9350419
rec_67f0038406964ebab967,grp_2c3c1a070574525c741f,1,0,0.090384826,0.08270427,48,0.9877298
rec_67f42c6707416815ff4f,grp_86b15196d79ac798c1e5,2,0,0.050990447,0.026454056,48,0.9918987
rec_67f94090d8e67c9386ce,grp_dd380a44f9131fee02eb,4,0,0.047935665,0.03569026,3,0.9694886
rec_67f9ac0bbe0dd69924a4,grp_5443db75d59fd1792b17,1,0,0.069799915,0.059281077,33,0.96991074
rec_6805c2e9ca6cb8d5a8cd,grp_6d7c2980546418805efd,0,0,0.02813571,0.028682234,17,0.9818602
rec_680789fd2927a033780b,grp_25d7dd8d9d89161ad360,1,0,-0.09373786,0.0036475116,43,1.0027783
rec_680b4f7c170577fbc15f,grp_f35d1d9c89e68ecfd1c2,1,0,0.17193668,0.2714883,31,0.9780055
rec_68219c037ef9edb9f1fd,grp_4f53b4cc1df9841e135e,0,0,0.012732577,0.022490563,63,0.98648345
rec_682464e113642e7ecb52,grp_20ac23ed250547c15ed9,0,0,-0.0007920925,0.018145574,61,0.8986906
rec_6825aacb375e614be735,grp_eafa136fef707b2510dc,4,0,0.05131609,0.03772851,13,0.9863345
rec_682e2531514af9455543,grp_e64d36171945baa836bc,4,0,-0.031222709,0.009502964,20,0.92406034
rec_6839e7afa0c6fb0afca5,grp_8ab13bcfc2b93ada831a,1,0,0.09120879,0.08379852,15,0.98416126
rec_6847dba3c7fecfc2308a,grp_f0a2ac3e5a0e8f198d3c,1,0,0.09508358,0.089122534,48,0.9872992
rec_684c2f684c469a5e768e,grp_c6802342253413e3d406,4,0,-0.18405557,0.0007073976,19,0.9282994
rec_684e9ca24a83259e8b18,grp_3690ffec82fcd6878758,0,0,0.012390669,0.022369113,62,0.97054625
rec_6850f30be9cb8a20f2f3,grp_d9652a7d9cfb25593f1f,2,0,0.08484577,0.04271356,19,0.99218684
rec_6852a528743c92ae295d,grp_e53ff54a6dbcd85e9671,0,0,0.080171935,0.06420167,63,0.97436166
rec_68549d0e8e7706c4abff,grp_6d3a84e27a9fbcfecd23,3,0,-0.036397897,0.0058940267,37,0.98763454
rec_6861294e03659a945b23,grp_5aa9989c45c36f3d2b5c,0,0,0.031215083,0.030105224,53,0.9712529
rec_686826e57aac340a1160,grp_3ed3fa9c5a87d6ed9849,3,0,0.04370777,0.018104102,1,0.94858754
rec_686b152ebdb5161caf91,grp_67b1e226808a97285c15,3,0,0.16078342,0.08825153,51,0.9832267
rec_688fcb01073b6375e34c,grp_9539dcd6db4e5c0a9215,2,1,0.14718124,0.100071646,57,0.9895516
rec_6892c84f359c87ba08a3,grp_d5220cdfa2c6d67a1eb0,2,0,0.030880256,0.019837754,43,0.9693719
rec_6898ef60ca433546d348,grp_9c90366c87de4aeff494,0,0,-0.0810953,0.005006713,38,0.96234256
rec_6899131ad4acf60b7857,grp_cda142d7fe9012052143,2,0,-0.022579834,0.009163945,39,0.9430412
rec_689f747903954cc33492,grp_b7162ac58409ca794758,3,0,0.032118246,0.0154057,11,0.99308
rec_68afeeebd6da40a76c36,grp_e2a5066fb1a179ae5a46,3,0,0.012910567,0.011779607,37,0.97665036
rec_68aff1f093977fe2d4c2,grp_d9b7db8e718a77f14017,0,0,-0.013134168,0.0149061605,61,0.9149327
rec_68bca2e33bc8ca3e1ff8,grp_9130e9f413cbbe0f9aa1,4,0,0.017357584,0.02149822,30,0.96624005
rec_68c016e02f64842d0281,grp_ea0776ca7d97833c8712,1,0,0.0083529875,0.021173893,50,0.9736508
rec_68cee44da0d918725e41,grp_66aa377bd923c7be2cdb,2,1,0.09099503,0.04655244,57,1.0007789
rec_68e546cc9294f99006c4,grp_6b977b4cf41b53a99d9f,1,0,0.037863333,0.034888756,24,0.9828045
rec_68eb409e66fba4f283ef,grp_524a34cdacaa9464fc5a,0,0,0.0074941935,0.020698553,61,0.9357602
rec_68ebc597992e42fae928,grp_444ad099d7c010a12cd9,4,0,0.08490767,0.0650117,27,0.9778155
rec_68f0b5c776e27f9d3a79,grp_8728dba514c1f7edbdc7,4,0,-0.03096623,0.009544228,13,1.0032583
rec_68f2addcf4d0b67a82f7,grp_b5908b1037545f1170d5,1,0,-0.0032639424,0.017365873,63,0.97482777
rec_690c2c63d70a5d0f41e8,grp_a8472aa035f3bf7d33d7,1,0,0.08366655,0.07425713,38,0.97387713
rec_690f74422e3ddd1a70a3,grp_11c901393f94e98bcaf5,4,0,-0.05866788,0.0059719738,0,0.94040257
rec_6913b67c9fab8956ce7c,grp_58a2af93a64fa901da2c,1,0,0.02297701,0.027143104,62,0.97932595
rec_691614187590c4d97786,grp_4046be95f2bb66e89a0d,1,0,0.007766895,0.020963555,32,0.9471349
rec_691cdbc26b44ecba119e,grp_0c944e84c960ebb2943d,2,0,0.018411176,0.016580772,17,0.94773126
rec_691df2851a98de955500,grp_f76c8816c9ef42f2fed8,0,0,-0.07055125,0.0059338,13,0.98602587
rec_6920deb879ee57439965,grp_300aa77bb12cef94663a,0,0,0.011033295,0.021893235,3,0.9823317
rec_6923edee6e05eab38be3,grp_bfbe62d128e292e9d593,0,0,-0.0006030244,0.018200226,39,0.98489654
rec_692eb34b5011128c0d69,grp_86723970a2ed6edcffd8,4,0,-0.0086737005,0.013897883,8,0.9256852
rec_6935212bb00b7b9d0b8e,grp_c156e16a64e1e391ba44,4,0,-0.0049018003,0.014807658,3,0.92387766
rec_693bd78742ae8aae0c69,grp_4c9d4db234c6fb341731,0,0,0.031167682,0.030082809,17,0.9590721
rec_694577ecd2efa35b86c0,grp_8722bed8883f4a12ae7d,1,0,-0.11501246,0.002521813,57,0.9782959
rec_694a9e3e25ab8dce4c47,grp_84c46c77126345256193,1,0,0.05580297,0.04706965,1,0.95759434
rec_694cc4f26a90a7fdd912,grp_c0f747da8d08650313a7,4,0,-0.07108892,0.0048373826,13,0.95323277
rec_694ffa6ff56c81482b56,grp_4bec3186c6e3cb2f5892,0,0,0.061662894,0.048373353,17,0.95428705
rec_695682914933d8fe8d18,grp_da69f01baa3fc6aff224,2,0,0.11311411,0.06324055,46,0.9852046
rec_695f215924b441110630,grp_fae2e2144175315d4bbe,4,0,-0.061725486,0.005670247,25,0.99188304
rec_695f7809f2ef46f82700,grp_5f99e195c887c747b28e,4,0,0.05141113,0.037787404,8,0.9638559
rec_69640b3e3082a63a268f,grp_0b8679c7fdc93daf6d0a,0,0,-0.05571676,0.0075336383,42,1.0033048
rec_696c9fa2eda17d9dbb93,grp_b2eb73ee1cee3aca68fd,4,0,-0.098237365,0.0030500076,4,0.9888542
rec_696ccf2c7e6bedfdfd57,grp_6809d902496acaa711be,1,1,0.14208111,0.18144356,46,0.98743093
rec_69759ae60d98d466c5f7,grp_21a7cd6741eb12f4440e,3,0,0.039289653,0.017024653,5,0.99782956
rec_698cf01013aa051f285e,grp_251e5b429b7759434b0c,0,0,0.06750946,0.052924752,34,0.9269664
rec_699a38e833073e3cfb57,grp_66267065de6842f3187c,4,0,0.016188398,0.021082725,35,0.9960143
rec_69a5c67c556d6e7b0e4a,grp_322fedc26b2bddec13ea,2,0,0.04085339,0.022886982,8,1.0059875
rec_69a6912e344764d96841,grp_5ad3b161f8260d071a60,3,0,0.0032609536,0.010290345,50,0.9595223
rec_69a787bbb0c73e523e46,grp_a61fe127a4febf3dcd73,4,1,0.13071634,0.13185142,36,0.99617034
rec_69aa0c8a988ff50f1000,grp_36314454913ab0e7df99,4,0,-0.030020975,0.009697837,26,0.9779146
rec_69b02037792f95b1d089,grp_000f0951b9e651bb6c24,0,0,0.17029124,0.22804093,28,0.97056043
rec_69b1e87c8050e5ffb51d,grp_44a79493e1254410e0f2,1,0,0.0388236,0.035455775,9,0.9678514
rec_69bad5b84bf1222f5d16,grp_e32c52243aed77f3cbc9,1,0,0.03492175,0.033205677,31,0.99286455
rec_69d166d1b10e92c4d156,grp_0ad4b9348e0a2cf526ff,2,0,-0.14160444,0.0016148885,22,1.0051217
rec_69da70a4a5869f12fbd2,grp_e7e18280d5588e3fae36,0,0,-0.026700797,0.012000349,15,0.9401114
rec_69e99b5107854a3267dc,grp_051b5010ba7d58bbf660,2,0,0.0053546904,0.013733922,5,0.94561756
rec_69eb2b4502d0ff0d68d8,grp_17608641c8c167745356,0,0,0.055135272,0.043731354,61,0.91298735
rec_69ed4ab946a445a76f77,grp_a5635e2796bc9774b511,3,0,-0.026501589,0.0067748474,39,0.98427546
rec_6a037de911ef894c7d1f,grp_6251ee6fdd6650973d9a,3,0,-0.024059044,0.007011649,0,0.9843751
rec_6a041329ee112da2c67c,grp_23aabb8d23cfd214c635,3,0,0.12824303,0.057537932,5,0.9834229
rec_6a0597a5d822b618348c,grp_74f323398017172d9e9a,1,0,-0.057030547,0.006886268,5,0.9695006
rec_6a0d3140cd27674424fd,grp_7f2e4feac64d8f7da237,0,1,0.24231383,0.4868492,44,0.9754984
rec_6a14bb12ca5e15cc0016,grp_aa73c9a0bcfe83060b1c,0,0,0.030436587,0.029739145,58,0.9768685
rec_6a1d4ee4974819a588bb,grp_dbe6aad2e63dca5f936e,4,0,0.03215756,0.027501319,56,0.96896476
rec_6a1e3f1c81daad74f5b4,grp_760a4b0b35bc9ed81f7a,2,0,0.013830955,0.015521475,42,0.94395673
rec_6a23be33303102b03b55,grp_8ab0cf5ab1ff3bbc4923,2,0,0.0371516,0.021705143,50,0.9793526
rec_6a26680a23f7a48a388c,grp_571a59495334d85348b8,3,0,0.2071424,0.15728377,52,0.9393347
rec_6a2775296397838ae622,grp_95b54e57d1eeb90e6e7d,1,0,-0.05053398,0.0077040885,62,0.97718984
rec_6a2cf37512fa14455365,grp_139d5ac3d42b3f28554c,3,0,0.077677734,0.028966496,1,0.97305804
rec_6a2f348ea7fa2facfddf,grp_81edfcb9d8ddf0765767,3,0,0.023816414,0.013720171,34,0.95802563
rec_6a36e2a98592d40728cc,grp_cdab4132ebb6ca400989,0,0,-0.031814966,0.011056727,27,0.9819976
rec_6a400288acae4ee6722f,grp_30db990906464dc6fc9d,3,0,-0.027950212,0.006638175,2,0.9982187
rec_6a43fc2cbc742807782e,grp_b4bd68f7aac3c48beaa9,4,0,0.17893782,0.25687855,3,0.960778
rec_6a450c1f02691f70dc16,grp_fb66a5065187e77c0fb6,0,0,-0.052563168,0.007925398,24,0.986173
rec_6a4f9a88f75740e07328,grp_3fc32030a3ec656e03e9,0,0,-0.04314045,0.009220393,56,0.9799577
rec_6a569cf636b7f0456f60,grp_af2715e8fb2625d15e42,4,0,-0.036264054,0.00872686,57,0.97003305
rec_6a584b1638ea24dbb255,grp_1b4cd35c14715d20b379,1,0,-0.08288045,0.004402689,26,0.9426741
rec_6a60176a0df5234c9228,grp_7aa466b5c98e2d0cd365,0,0,0.01234995,0.02235469,58,0.97607
rec_6a6142335caef651f272,grp_82b8919ade9c6b2e53b6,3,0,0.058497917,0.022229169,48,0.989546
rec_6a6e57b3fee2653168ad,grp_64fcf533e494568f9ced,2,0,0.010003611,0.014687602,48,0.99590904
rec_6a6fd446288af9e43899,grp_80f978c033fe65fcae91,4,0,0.08867274,0.06902573,13,0.97599757
rec_6a71d2c1ddc66c699d71,grp_465c5ebe71d0db578687,1,0,0.012255121,0.022627886,26,0.93866014
rec_6a7280884383a859cbb5,grp_b15f54a41de25988121c,4,0,0.046019316,0.03458231,42,0.98740035
rec_6a76bd5b5e59d3cf30d0,grp_9687ce2b1872f08cb61e,0,0,0.039775778,0.034429587,8,0.9682017
rec_6a797d2e0e118326f3bb,grp_e045b99496f96f2f852b,0,0,-0.021994518,0.012938779,15,0.9771959
rec_6a93d44b05ebe713457e,grp_ff938022e877ad2a3f6b,1,0,-0.019719457,0.013098531,53,0.99622464
rec_6aa2e994545d24f39bbc,grp_a44f0f6d866c14435941,1,0,0.11170332,0.11555659,6,0.9927681
rec_6aa3cc3a6ec9735b761a,grp_bd15791f5050a9e9cb51,4,0,0.00919338,0.018756226,26,0.9662266
rec_6aba6e39de2283c1a851,grp_aa1cf89f915c0299ca85,2,0,0.088977985,0.04525838,59,0.96325374
rec_6abb8e06d122593babfd,grp_457be80e36b6c1b62803,2,0,-0.025905741,0.008731972,3,0.98125666
rec_6acdc90e80c36aefe21f,grp_1d32e521b51c13daf40f,4,0,0.013115092,0.020027675,37,0.9726229
rec_6acfc01eee8af82bb795,grp_b1c231fb2d891accff32,2,1,0.123646975,0.07302098,57,0.9959401
rec_6ad567d94c799a5a2785,grp_1a4cc1985119344887e0,4,0,0.030926583,0.026945353,20,0.9205313
rec_6ad9d8b9a86984436be6,grp_ca133bb5e50b830ca81b,2,0,-0.06044066,0.005283346,31,0.9952936
rec_6addcf5c7012be3034db,grp_8ec0e0f52d41e25b20e4,1,0,-0.15182847,0.0013304809,21,0.9913578
rec_6adf4cc6ab99e0b26f20,grp_159d061c23019037b3f1,1,0,0.13198453,0.15679283,26,0.95751786
rec_6aebe8c94beba8a4423a,grp_a44cee195420c31b8a82,3,0,0.055777255,0.021406883,2,0.97796106
rec_6af370f2bb7148d670b7,grp_2012d40d77b36980e4eb,1,0,-0.09909803,0.003323767,62,0.9868384
rec_6af6216b850b37f407e1,grp_ad53d83ebb20ff83f80a,2,0,-0.024685267,0.008888092,2,0.9897342
rec_6af6c9047c864b94fadb,grp_d3dff6a1485671705abe,2,0,0.044121448,0.023982408,5,0.95268583
rec_6af9aa63f09962781a4c,grp_8020cd3788160a20949f,1,0,-0.0037650273,0.017217714,8,0.9953449
rec_6afcf9b0426b5ac82df7,grp_8224de47dcf95d70fa78,0,0,0.10398109,0.09164988,16,0.96905136
rec_6affd3c26796504e01a9,grp_b7df80628640748e18fe,2,1,0.13279738,0.082629904,57,0.9915934
rec_6b00feffd25d2c871a6e,grp_19fed3649e0895f45902,4,0,0.06070861,0.04399494,25,0.9719005
rec_6b0ed1537e516259f9c5,grp_e10af3701697e767919e,0,0,0.015620079,0.023542283,13,0.99100196
rec_6b12c03196f0408792a6,grp_a67781a9b1395f0412aa,1,0,-0.0052671246,0.016780965,59,0.9792479
rec_6b13c55659fbfdaf3793,grp_a49ea97712113f809bb3,0,0,0.0468796,0.038467366,23,0.94388556
rec_6b1426ad22319e064774,grp_e570edb1f3c2c59c1366,2,0,0.016185058,0.01605733,20,0.9726462
rec_6b16112d085d3fb08af7,grp_e86d1b03b41ab3d8fcb5,4,0,0.11599996,0.105677076,26,0.95837986
rec_6b315192eb531bd70b46,grp_6c4c59e1ab181b07c92d,1,0,-0.012642475,0.014789693,16,0.9545377
rec_6b3cf662828e78f99886,grp_442ce683073b5efb72e7,3,0,0.12218724,0.053059563,26,0.9559695
rec_6b3d6137601ac45b4efa,grp_28a8ef49722d8d91f1bc,4,0,-0.02494009,0.010566425,0,0.9236188
rec_6b3ffb296c0baca05316,grp_7852e2555e78c318cbbb,1,0,0.01836777,0.025103625,31,0.9919302
rec_6b409ac918bdbe4fbe23,grp_a264cc122c4c8d895bfd,3,0,0.006098413,0.010707791,24,0.9321089
rec_6b4f993e0410ed76c352,grp_e624aea2570c52426fed,4,0,-0.09339021,0.0033119943,24,0.99928254
rec_6b6c31ae9a86e8f10c6c,grp_83d0829d265511c38edc,2,0,0.08414441,0.042295434,2,0.9858927
rec_6b6d0d5fde33a61c3ee6,grp_3521b9854aa79bde2796,4,0,0.01235021,0.019773237,37,0.98992723
rec_6b81046d71927cdd2442,grp_e0a3b5f7b95194fb6eac,3,0,0.034220047,0.015863813,36,0.91315234
rec_6b8d34f7297691bf4eef,grp_b5ad97d3f565681e9718,1,1,0.06643726,0.0561009,46,1.0033833
rec_6b8ebd277e68da900412,grp_825c836e630d2f2e2b3f,2,0,0.15217575,0.106856175,15,0.91957086
rec_6b9146dc04aebaee84b9,grp_fe87fa4ff878fce835b9,0,0,0.069873124,0.05487729,14,0.9937271
rec_6ba4ed9f80d17696d81e,grp_410c243360d9cada8b32,4,0,0.025516119,0.024628684,4,0.9912745
rec_6ba96e99ad78b4d6f25e,grp_ad1178ea8f023fd45251,2,0,-0.07562579,0.004234078,17,0.9694716
rec_6baab326c634954fa2b5,grp_7090deec3314cf243e5c,2,0,0.07490782,0.037141625,59,0.9622611
rec_6bb3fad191c267b42fbf,grp_b9e22148e21d435151f9,1,0,0.04460852,0.039063986,47,0.9937274
rec_6bba847eefe86f901ef7,grp_c9670d005da0b5fb6eb3,4,0,0.1284538,0.12749678,1,0.98447555
rec_6bbab46b1b14f03adae8,grp_bf5c959ac25106c92aa3,4,0,-0.06752018,0.005139399,55,0.97909886
rec_6bbe95bf4ef5d5c5a574,grp_196fce7c5b77f0fbcd79,1,0,0.030846912,0.031003201,16,0.93142855
rec_6bc12b4f4b8db2870756,grp_deee5eed05926a61a84b,2,0,0.10796155,0.058913697,43,0.9797945
rec_6bc50f0794f9869e8c14,grp_ad04cf448c65e92320b4,0,0,0.05334413,0.042533826,27,0.94507027
rec_6bcb8c421789f8bca46f,grp_98fecab80384c5ee9a67,0,0,-0.07420189,0.0055949474,8,0.9326213
rec_6bd4a8e7614f5aef465e,grp_fae9013061771ad539ae,2,0,0.13142653,0.08112039,53,0.98195624
rec_6bd535f4fc0a9e412ae0,grp_0708765e22bb358b3e10,2,0,0.07345237,0.03638662,7,0.96128374
rec_6be37357e954fb5d3519,grp_d4bc5f448d8b12cbce34,0,0,-0.021393985,0.013063621,42,1.002051
rec_6bf946fb4bc409c4212f,grp_fefad4fa949a082bc2d6,0,0,0.0072629964,0.020622771,16,0.9944224
rec_6c06d1f4076f04af4320,grp_9d85c4bc35968e84c6b6,0,0,0.13475403,0.14244594,28,0.9781769
rec_6c077da64fa75f05851f,grp_14305c14e5e98147d631,3,0,0.08551943,0.03225933,0,0.98435587
rec_6c0a6d0bea338d805d60,grp_4890408ec7a67d04f255,4,0,-0.060060482,0.0058326204,21,0.9561863
rec_6c11d335076cdbd6f4aa,grp_327fef2642fc3f222296,4,0,-0.07576324,0.004468365,4,0.9918417
rec_6c195203070030da07fe,grp_3a005504cda90371d499,3,0,0.11272946,0.046718314,24,0.99354035
rec_6c21bbb10c2d3c5bf0b6,grp_53f6f113c76f663bf9b0,0,0,0.0384998,0.03374896,23,0.97656995
rec_6c29774603563a5af56a,grp_aa6e3a859d24321d17a5,1,0,0.086083494,0.077200525,9,0.9863306
rec_6c2d2ef4c87219d05fa1,grp_36314e69dd598bb3f691,3,1,0.24789679,0.24948455,59,0.9714225
rec_6c3bbec1fd6e242b00d6,grp_6823588385b3f155fb61,3,1,0.20298955,0.14964393,59,0.98081243
rec_6c3bd29ee3d322fe53b3,grp_aad5b142d5e0d576420d,4,0,0.042911258,0.03285554,37,0.9769719
rec_6c4335180789fa907a9d,grp_7b277138b777cb8da516,2,0,0.047658745,0.025225723,59,0.95451325
rec_6c438f3dcaff17457950,grp_1ef5b0cde45f850ef4c0,2,0,0.11715776,0.066841856,39,0.96339816
rec_6c4650c704966978b9f4,grp_e3b0da50336ba3b993cc,0,1,0.1093695,0.099180825,44,0.9959604
rec_6c613a6771c9eee61bfd,grp_69d76b8f2dc808c067b6,4,0,-0.09743556,0.0030918724,59,0.9810499
rec_6c62f30fb01b65e47c2d,grp_ae164612e41302e58f8d,0,0,0.066726826,0.052292828,9,0.9923104
rec_6c6a44eca7ffe0d512fa,grp_0d7e9d54f75b0e59e2d6,1,0,0.046340868,0.040211406,63,0.96482927
rec_6c87c5450c9801a692b1,grp_090b363f0143daf21771,3,1,0.3496783,0.58423805,59,0.94559073
rec_6c8df31586b9e507636b,grp_9655a80faf9922261207,2,0,0.091689624,0.04700616,8,0.95700264
rec_6c952c3ba7a0018ecc38,grp_5b518dce386e4e47ec8d,3,0,-0.015247753,0.007936226,48,0.9954265
rec_6c971c7da989d1784cfd,grp_ef5e69be4ceb899d83ae,4,0,0.021339543,0.022974249,54,0.96166193
rec_6c99d2e9b8190ebae832,grp_92a78df2cbb6964bf521,1,0,0.06825189,0.0577966,7,0.9624103
rec_6cb8912627e1d2c64b02,grp_c55e3a8f19e12223142c,0,0,0.009288708,0.021296125,43,0.99159646
rec_6cbcd76c5a03e8f1412a,grp_f8ffb7253caa07ea1736,0,0,-0.0706895,0.005920603,34,0.94183534
rec_6cc9de5e0af2cc81e663,grp_7cc6f156b1e67df80144,1,1,0.018688453,0.025240554,46,1.0097269
rec_6ccf63f2969c05240a48,grp_929236280399fe4cbe32,4,0,0.008168884,0.018437332,30,0.9732262
rec_6cd3839b738b7d6ee22e,grp_f7bd3d443b91370af247,1,0,0.067875326,0.057440795,31,0.9616876
rec_6ce248c1ede2c62ab743,grp_5154ae796019c76be56a,4,1,0.14532278,0.16306874,36,0.9899142
rec_6ce7e5453249408b363c,grp_9f2b03d82dcf5bc358cb,3,0,0.08973994,0.034178548,5,0.9773836
rec_6ceb7be337acfbb72100,grp_f74fd64f25ef9e2e3f14,4,0,0.010371659,0.019129677,37,0.9988799
rec_6d0043b67ece8222a77b,grp_cb1b5492e0ab892c5108,3,0,0.02900757,0.014751495,9,0.9512695
rec_6d058629b28fc810ce90,grp_b7b0c8d5ac584050d6ad,3,0,0.032564085,0.015501771,2,0.9927613
rec_6d066e184c395a475c34,grp_0732b1f03a7dca7dcb8b,3,0,0.13527536,0.06318313,35,0.9866695
rec_6d11739f1931086aff57,grp_4ba99005649f8d1fb611,0,0,0.1174192,0.11145622,10,0.982757
rec_6d13971218d3c92fb8f9,grp_9417c8418d80b133b773,4,0,0.07882997,0.058987893,49,0.9719226
rec_6d143df8002280484030,grp_f9eefc797e463882664e,2,0,-0.024352446,0.008931144,39,0.8994396
rec_6d1f9a1882eb65adb860,grp_dedb702f4489e460aabd,4,0,0.02731051,0.02537465,13,0.9931241
rec_6d21ece3de3fa6ccc609,grp_1fc272dd16a9cb381125,0,0,-0.0046724733,0.017058857,8,0.9926225
rec_6d226a1e941f18177386,grp_eeccf36d66bcc2402b3b,4,0,0.020898057,0.02280584,57,0.9858928
rec_6d38b9c3dbbc56d2e1e8,grp_3fb6b9dfd30683aee592,0,0,0.09378586,0.07879592,3,0.96633625
rec_6d410a24a2f5ca7b859c,grp_0dc455f6e39e7827e603,4,0,0.10811178,0.09362005,50,0.97751844
rec_6d4806d3820c5f01d870,grp_63ac7a9beb7244adcf30,2,0,0.16138315,0.12042793,4,0.9716367
rec_6d4f3bf3c100163e0fb1,grp_129af30009ee42b84a60,0,0,0.031369533,0.030178364,42,1.0006484
rec_6d5274ed2a572dca6435,grp_f0421e32c14ae7dd3c9a,3,0,0.13422579,0.06230891,16,0.9797855
rec_6d5923fbcf412169ff53,grp_a4d2c2abc6a8fc41c511,1,0,0.07823967,0.06802092,61,0.9755389
rec_6d6633191b99802a54f1,grp_2eff360e4059675c9378,1,0,0.17162566,0.2704192,48,0.9782523
rec_6d6c2b3285b12a1a14c6,grp_ff782dae28b8caa8fd16,4,0,-0.13942339,0.0015132279,56,0.98496646
rec_6d73c8422f7848f22dc4,grp_6834ac61d0ab06b9d65d,4,0,0.029427188,0.026282908,2,0.94402224
rec_6d8008419524ca95f682,grp_ad52e94d9b286f882c2a,3,0,0.15095441,0.07767358,34,0.97299963
rec_6d85230ee8636c6e8bf6,grp_4f97493ec2d567d81d6e,4,0,0.07351761,0.05415505,12,0.9858184
rec_6d875b9521883161750d,grp_f16d3f89ab22e073cf45,3,0,0.010389622,0.011371139,23,0.9756152
rec_6d875bcd926ecc4db5b2,grp_b9c6a8ae904f22668b6b,4,1,0.1460222,0.16470331,36,0.9898574
rec_6d8ef88fe8342cef4c6b,grp_05ffebc004a383202963,0,0,0.07276763,0.057360765,56,0.9605837
rec_6d95fb0b5e2abf6a7562,grp_a1a9e935b13353bda73e,4,0,0.1358061,0.14210936,46,0.98484975
rec_6db0d525c675a7f885d1,grp_ac5ff8925453866a5f71,1,0,0.14152901,0.18002105,6,0.98581284
rec_6db253fa93a600813c20,grp_d4013fa9b387fae17e90,2,0,0.09824793,0.051502116,61,0.99137896
rec_6db2566ee86a2fa2f748,grp_0000364953bda283c3a3,1,0,0.0042925673,0.019758021,55,0.9715555
rec_6db3284b1dcf463c81b2,grp_1ab04ed89ee7aafb0d12,3,0,0.14235115,0.06938116,10,0.97951907
rec_6db8424c310c49cf35eb,grp_42c70f34dc1b75d2c6e2,1,0,-0.08124093,0.004529526,48,0.97814006
rec_6dbcd52134b2e84bdd78,grp_fe5cd86e1939b87ebdc7,0,1,0.113415115,0.10519223,44,0.9930596
rec_6dc371e636e9e8b25a03,grp_ce72d4213a13d2b32cc5,3,0,0.124688596,0.054868035,22,0.95549124
rec_6dc412b835f76dfef8a5,grp_67854d7585a98c349e5e,3,0,0.1412836,0.06841125,30,0.9605626
rec_6dc5e9a016b61405ecb6,grp_1aa100ce4048a417a4ad,0,0,-0.036346454,0.010282161,3,0.95848495
rec_6dc95249a23d18dd7afc,grp_6f97df9b5a461f8a3ecd,1,0,-0.09747665,0.0034185522,34,0.97502863
rec_6dcc126b52f25fa890b5,grp_fc6caf73e43367dca184,3,0,0.12086081,0.05212354,0,0.9807521
rec_6ddca8fe80a845bb0ab8,grp_c1d5b892587ff57f7474,4,0,-0.10171856,0.0028746964,54,0.9828141
rec_6ddf4681a99245d38937,grp_40d31c297b9f97c5436a,2,0,0.081260756,0.04061702,39,0.85498494
rec_6debb63a54a5f923c164,grp_2b2b12876ca01e214180,1,0,-0.021289386,0.012750049,17,0.9633765
rec_6df0158afaf6d3c6e18d,grp_42e5238cce078da2761d,1,0,0.037579045,0.034722567,32,0.94958025
rec_6df494739f80d7376796,grp_090306ad65ec9ee54c1a,2,0,0.16507374,0.12627317,34,0.94049007
rec_6dfc522aa6aef28e31f7,grp_19955c9abc5c9abe4434,1,0,-0.029635107,0.011045652,36,0.9242241
rec_6dfca2ce328e36d33fcc,grp_3cfacf8cabeeda27f8e1,1,0,-0.007789231,0.016072005,62,0.9678938
rec_6e09aa5b70f58bbf4503,grp_9884b61040975da7b95f,2,0,-0.072450414,0.0044347905,22,1.0099031
rec_6e0c6d9fef9891adbc83,grp_d4153cfe2b0bfd6b75b9,3,0,-0.043147743,0.005359533,2,0.99284965
rec_6e0cc408137ef0d2784f,grp_9eb8e45605f3053f11f6,2,0,0.10417139,0.055909712,6,0.96955687
rec_6e125a81053d67786141,grp_0b7c631115c9572bd95b,0,0,0.026293406,0.02786233,10,0.9664844
rec_6e17ee60f3fa1fdc37cf,grp_7a5d5a39cd13b668f9b4,1,0,0.111598104,0.115369596,18,0.97949183
rec_6e19289f3686fb7ef4c8,grp_7268afb33df4ea506b48,3,0,0.24276325,0.23611996,12,0.9027472
rec_6e22710dfbfe96ca175e,grp_31735d2ba8d4215b7ffe,4,0,0.11857754,0.10990442,59,0.9802275
rec_6e2465633a264a92acbc,grp_f7b44f01782d92029010,3,0,0.05345945,0.020729888,26,0.9403083
rec_6e271890ec287082974f,grp_b5d66655c3c442367411,3,0,0.05761447,0.02195883,2,0.9850472
rec_6e27d844fdf7df7e329a,grp_16d50cf4b67db95f54f8,1,0,0.14011255,0.17641138,1,0.97157395
rec_6e39407f39a4e8a141e6,grp_1fdb55a2ac21b2cf8647,3,0,0.069861956,0.026010048,35,0.9938264
rec_6e40adabf90129f4b4f0,grp_81cfca8ab86846d1f777,0,0,0.0656684,0.051449545,61,0.9759569
rec_6e4db46b5e0938f9b111,grp_16ce77ff75f8e68298a2,2,0,-0.009259528,0.011116544,5,0.9471026
rec_6e4dfb33cb7f19ad90a5,grp_bbec607a06bfad94a192,1,1,0.12074314,0.13263059,46,0.9947967
rec_6e4fdbf4fd92e3c2b882,grp_a90dce3b2855a2733177,1,0,0.124125876,0.13954972,59,0.970868
rec_6e5260bb6656c44a244b,grp_9c6076abbee9f3294957,2,0,0.14787619,0.10099219,16,0.9784713
rec_6e5361c85ef3291f67c5,grp_194998625ee636ddf6cb,4,0,0.0010596826,0.016366484,22,0.9358996
rec_6e5e9bf5edc16ed1885b,grp_c4c1c09c4cd680ae9d59,4,0,-0.10741134,0.0026094015,30,0.9649339
rec_6e61dd3f1ca925412909,grp_64ec1569c9497c6f4d18,0,0,-0.006826893,0.016483374,21,0.95427996
rec_6e665f10fb30dab400de,grp_35817a6045f838bc8f50,0,0,-0.0070627136,0.016421553,30,0.9583793
rec_6e683b71a92831382ed6,grp_182843612fc67e609b1c,1,0,-0.025789345,0.011801097,28,0.9408268
rec_6e75b1cbb1c26ed392cd,grp_b8d2f70f36bf6371f6b0,0,0,0.07916622,0.0632297,22,0.9558734
rec_6e7bb8bfa36516f0610e,grp_422e6ec5b808c4bce58d,2,0,0.16524085,0.1265435,58,0.9619054
rec_6e821c3ec116b1892764,grp_4f9a4f0d8075f7b8d59b,3,0,-0.0013663452,0.009643857,48,0.9761697
rec_6e871e26e71e6e044868,grp_0ce2681a54fd53f35475,3,0,0.069537945,0.025894046,1,0.98204523
rec_6e8d97f185953128a5bc,grp_fdc799e007cb64f169d2,1,0,0.21416268,0.43725374,33,0.9740695
rec_6e8f11c19060d56e66eb,grp_fb69923b2de6767e1c4d,4,0,0.052389476,0.0383988,37,0.9936669
rec_6e8f4055eefb17211c7d,grp_e751004c28a3f9a7e1a4,0,0,-0.030592714,0.011275351,50,0.9961818
rec_6e95a8a1b0bed9820547,grp_bbb45b7d2a4b697a55ac,1,0,-0.13691868,0.0017239017,38,0.98029107
rec_6e95e42bdaee9fd27568,grp_150bbf93100e40e3037b,4,0,0.04527622,0.03416167,0,0.97792864
rec_6e9b79508dc2300308e0,grp_8e80c56f96c394a6f125,4,0,0.09588674,0.07736383,1,0.99187446
rec_6e9f8b7237cbe473811a,grp_7fd9b56fabfd726d4b09,2,0,0.022070061,0.017477782,59,0.9579772
rec_6ea6ff1aae4dedaa8484,grp_bb77300cf86aca8ff841,2,0,0.012416065,0.015207912,12,0.9485592
rec_6eb5c8c5747bc787b707,grp_b79701572d924433a19d,4,0,0.04535122,0.0342039,7,0.9654171
rec_6ec4da53d63efe4d84bd,grp_8b16fb5529c2648ee659,3,0,-0.019006062,0.007527925,17,0.987732
rec_6ec9751d01d90084f23e,grp_8261263af0fdccb3e034,4,0,-0.06619143,0.0052565793,25,0.9690177
rec_6ecc8a8d8eb938c0f201,grp_70d233f6ca2baebd7eb6,2,0,0.19246797,0.17755225,15,0.9711084
rec_6ecdfc5cbf8bf5b748e0,grp_480a2f4ef6cc0061593f,4,0,0.100887164,0.08367491,35,0.982669
rec_6ed6bc074e5f31e6db4b,grp_5ffa49ea229338cb5471,3,1,0.15657939,0.08357653,59,0.989053
rec_6ed83207aee4775faede,grp_b46d0732bda282283b5d,0,0,-0.09525578,0.0039844587,53,0.96811634
rec_6ede6d0a98742c677ec1,grp_495be80cdbb8ea020cd5,4,0,0.017269518,0.021466648,35,0.9776638
rec_6ee2fddefc7b094be5e7,grp_2e1766de9dd72aeaae5f,3,0,-0.010043357,0.0085381325,48,0.98815775
rec_6eec708999b5c7c79ead,grp_6ff4b3611c8b77bf0863,2,0,0.12749933,0.07693415,31,0.9455285
rec_6eed9aeb10ac2ef17dfc,grp_8be9d45e9cff832cda9f,0,0,0.10187464,0.08884828,34,0.9499009
rec_6ef2faf2ea0dbaf3ce10,grp_ed52b36fa4631b8c9b26,2,0,0.047107838,0.025028033,9,0.95158535
rec_6ef50a22d654222dfe4f,grp_ae34326d4c325036d3df,3,0,0.08254975,0.03097178,32,1.0041968
rec_6f01848618dfb15fb4bb,grp_e2e5c6f8809e49dee700,0,0,0.025125053,0.027354209,14,0.98075724
rec_6f032253c7bcdc36e30c,grp_f2f5572e7b74d2390cd0,4,0,0.05369317,0.039228287,17,0.9514022
rec_6f11b02c111e603961e4,grp_32143c845206b4a0f67e,0,0,-0.012031879,0.015170665,29,0.97090083
rec_6f15ac01e8b85274bc6e,grp_4a74fd021cf8b4f03281,3,0,0.011008605,0.011470116,52,0.9614087
rec_6f1ae8ceff38f8440c24,grp_80e1e80675e4e43439be,1,0,-0.024982998,0.011965849,26,0.9687066
rec_6f200f6d7dd54b2c778c,grp_fb778e6f0409f1bcee0b,3,0,0.08819188,0.03346212,12,0.914123
rec_6f27cef9bc3af7cc44a9,grp_6e541bb3378ce088e1c8,2,0,0.005596529,0.013781994,3,0.95027936
rec_6f2883edede3dc02d45a,grp_c2f57c86904ba6d4dc86,2,0,0.061235983,0.030606814,13,0.91913736
rec_6f2cf3ace8c169b2f226,grp_c1e9890d3bc976e6acbd,1,0,0.02053674,0.026044043,7,0.9556752
rec_6f38506997f1bf527bc8,grp_e9bc19262e95e1a2993d,4,0,0.08306991,0.06313226,8,0.94968796
rec_6f3949b715b1a57d995b,grp_8a8e95ea9e40251f6ec3,0,1,0.07453683,0.058930323,44,0.999876
rec_6f3996b709fd75e76e02,grp_6f9e2de3bb9f3f04b6f3,2,0,0.039586656,0.022475658,22,0.99011344
rec_6f3d550355d84275c791,grp_be152891d9f254ba5955,3,0,-0.006481055,0.008975999,11,0.9797708
rec_6f3f0e526a8a5c272f04,grp_351986125e2c48f388d8,2,0,0.0728664,0.036086846,14,0.99367714
rec_6f4033d3eca1c97564f2,grp_44542d619e4b782dbb5a,2,0,0.22556353,0.25957078,6,0.95122534
rec_6f4087bcfffd05088065,grp_17f2508a3071c3b195d0,3,0,0.041535787,0.017565293,46,0.98638856
rec_6f4a1f0343a4f74261bc,grp_50bbdda5197ba0214417,4,0,0.06629087,0.04817773,17,1.0015239
rec_6f5c873c399048ca67a6,grp_1f91e49eb9ecc7c11b36,1,0,-0.081569046,0.0045038536,16,0.94911677
rec_6f62b9c0531084797327,grp_ae48c19b05fcc5b09fc8,3,0,0.084298715,0.03172392,35,0.98533803
rec_6f638dd71ecd46d9e70f,grp_8a2c8708064afdb2bc0f,4,0,0.13481991,0.14007111,27,0.9331921
rec_6f6fc70fe6bec304a963,grp_5123eec455dd5dbc7094,4,1,0.16460265,0.21303178,36,0.9873187
rec_6f741339403d1fa4d34c,grp_d1b2a3b55fb34a6c3a59,2,0,0.09298025,0.04786039,8,0.9602709
rec_6f9c78368b2972d4f3a7,grp_e0e96ab9710f1065d822,2,1,0.17608036,0.14515929,57,0.9862495
rec_6fa3545bd6c07260af96,grp_43dfa2a933d361ff9dbd,4,0,0.10588799,0.090450905,22,0.9846872
rec_6fa4e16d914129f785ba,grp_5426bf7fdb28edc3481f,3,0,0.118032254,0.050179373,0,0.9541244
rec_6faec61480f5af32859d,grp_72aceafc4744baab5423,3,0,0.095023766,0.036736913,3,0.9781417
rec_6fc619ca52453586e096,grp_1b2d06bd9d0ad59199f0,3,0,0.11772496,0.04997233,12,0.9465024
rec_6fd63e9fe634612f0f1f,grp_e999fdd36f4a37127851,4,0,0.03977444,0.031197384,22,0.95476025
rec_6fd8e7c9bfef8cd15d83,grp_2932483659ec92d0c5b4,4,0,-0.06304773,0.005544506,2,0.93098354
rec_6fd90af5be6c45eae2dd,grp_6d7cb91d27e43b26de81,4,0,-0.015639735,0.012360269,51,0.97429395
rec_6fda3151cdd98435b162,grp_5844ae5c3000b1fb87e3,1,0,0.11121035,0.11468279,31,0.97962457
rec_6fea2b3ee4332b9300e1,grp_85a4fdf5be9459060857,4,0,-0.023418924,0.010841134,54,0.9813009
rec_6feacca15443698d40ca,grp_dcf40dc521ff06f2bd0d,0,0,0.0050235214,0.019902602,62,0.9703017
rec_6feaf3ca8a07d7e83d7f,grp_14a3291b05c958153507,4,0,0.01884662,0.022038996,26,0.9902209
rec_6ff40a394178834a0e2f,grp_0c765a15b141bff530e3,4,0,0.08693943,0.067150064,27,0.97605467
rec_6ff9583f2901c2654691,grp_57076e1022b0db6ba90e,4,0,0.0073875557,0.018197712,2,0.93058985
rec_6ffd2ac02e53b948e552,grp_c8916f0472cb5251ed20,0,0,-0.094968446,0.004002975,34,0.9668495
rec_700381c9119f4892a531,grp_a62102e3bbf30b71fca8,3,0,0.039559,0.017088609,31,0.9974177
rec_7004787ad767516f05d1,grp_a1fa71877869ed28e7fd,3,0,-0.033112116,0.0061730687,63,0.98674476
rec_7008ac9836eb4a3edb1b,grp_ce70bb6b7b9a3ffbf7f1,0,0,-0.011850234,0.01521469,63,1.0029086
rec_701410cd12ee7a1439be,grp_f27399eb490859ed4cf0,2,0,0.2597663,0.36652324,10,0.9506141
rec_702cf180e75cc059de58,grp_6dbecc1482aa9aa7327f,1,0,0.016704405,0.024404919,41,0.9546204
rec_70322fef94b0d8fa430a,grp_30fcc3b050b88dcbfb3e,3,0,-0.017018517,0.0077411844,22,0.92101616
rec_7035c454d5e10e9c0156,grp_920922f7d4e964d9d83b,4,0,0.049412597,0.03656741,49,0.9410303
rec_7037200509b48148cfc2,grp_4a6de2a32bd8bb0b555b,0,0,-0.011573862,0.015281923,25,0.95620215
rec_703c6af03f17eef3ef85,grp_573b36c4bb822f19f59a,2,0,0.17300162,0.13965191,9,0.9469357
rec_703d16e85a1f8f168ccb,grp_9145e40601d07f1dac30,4,0,-0.09970863,0.0029746508,13,0.96191263
rec_7042a595cfe5c8173163,grp_e2a68993eb1f7aed7614,2,1,0.15956219,0.117630824,57,0.98672813
rec_70442b3c15134c9ae2ef,grp_351bfbde1c651b165d63,1,0,-0.045137923,0.008456111,43,0.9908483
rec_704b44a3158e247488f2,grp_280ee854c3ff96ec2734,2,0,0.12947261,0.079012245,38,0.98064643
rec_706a995ab568e6e3774d,grp_edfc38fa202e4321d9d9,4,0,0.0336408,0.028186038,59,0.9922565
rec_70746428682f88fa1d8d,grp_8965195933b1c8931570,2,0,0.089855574,0.045817137,58,0.95339304
rec_707b52bf326eda0ba32d,grp_9bea03c488abe8f79c72,4,0,-0.22101367,0.00037675406,13,0.98372316
rec_707b8e821cc9a82d9c8c,grp_97105e199699d7e68592,3,0,0.1388983,0.06628932,31,0.97470605
rec_708af6b4288616b38e07,grp_d6833d122a5f0fe20f95,4,0,0.09701545,0.07874912,51,0.9888864
rec_7098aef7ea1074168d44,grp_5b1ecc4f5831a0795d50,3,0,-0.022640042,0.007152975,11,0.9971673
rec_709a4c8e9f97ba04ab2c,grp_2a5631284ad0cdfae544,3,0,0.15298906,0.07976335,30,0.94073856
rec_709a90aabe903c9c08a7,grp_05706b13b1a6e3b3f14e,3,0,-0.024929129,0.0069263675,33,0.97091585
rec_70acfb5af69abb32a9a9,grp_5b19461198366f4931e3,4,0,0.077250585,0.05751032,13,0.96571916
rec_70b3e0934a9e0a2c9d63,grp_e928b15bd5ed72b7bf7e,1,0,0.06846433,0.057998225,33,0.96675026
rec_70b49cb63fdb17565ce5,grp_41900a64a32fda1b6edf,4,0,-0.08925874,0.0035529295,7,0.9164168
rec_70b718d8499ba57ad8d6,grp_aab1a2f2e9ae677f840e,3,0,0.00996332,0.011303464,2,0.97137535
rec_70c0b28487c8d0e66c86,grp_a0506d3c5fe56c21910d,0,1,0.05481352,0.043513887,44,1.0039904
rec_70c0ec6991433c4cbf9b,grp_4ac47b1aa12d3770e1be,1,0,0.16694233,0.25464487,40,0.9802582
rec_70c2e03cd91c097552b0,grp_68d2a95447a1d525a106,1,0,0.070375614,0.059842203,34,0.9635531
rec_70c2fdb63d650fe57104,grp_c7129f02f2c2f9b83290,2,0,0.17241378,0.13862048,51,0.96025187
rec_70cf326887dfd0d8b75d,grp_56ca9a3d7b63a95a253c,0,0,0.07355949,0.05805835,53,0.97160584
rec_70d3cd5dc000169f5c84,grp_15f4f41bc3c527a8c6bf,4,0,0.049540415,0.036644284,0,0.9723128
rec_70d417d9f48f1b0d7780,grp_8ff31a5400163f5f8f96,3,0,0.05947951,0.022533359,24,0.93813014
rec_70d5656b95ae0f5f9e9b,grp_f2284c88c30bf6816bba,0,0,0.07381069,0.0582813,14,0.98743975
rec_70d7395b74bf808c5ec8,grp_1662422dd42aba067b88,3,0,0.016458506,0.012379149,47,0.9937483
rec_70e3150e2306c557006b,grp_98828b2f238b14c0227e,3,0,0.12961328,0.058599405,5,0.9664605
rec_70efa533f190958eb8d8,grp_2bb382ee38d51259a260,0,0,-0.004623182,0.017072245,1,0.9519301
rec_70f7453a9f444bb2cb77,grp_65da1ae58ff4da18be82,1,0,0.016457522,0.02430284,37,0.9256957
rec_710fdc12e05ee3e15503,grp_08dc8fd3a237ee0bf91b,4,0,0.07374521,0.054354228,14,0.9842562
rec_71222c58e8b0435f5e01,grp_bbf42164e1b10ca74774,4,0,-0.08948722,0.003539159,21,0.9625379
rec_712d7c5d1e11520e740c,grp_87a20e1eb3889506b634,0,0,0.11291651,0.10443433,1,0.9758272
rec_712e69955b2f4a091fed,grp_47280c16dd71bbffafe0,2,0,0.044729833,0.024191909,29,0.99630666
rec_712fd62706bae372104a,grp_946a87f49d7271e855b8,4,0,-0.0003743861,0.015977358,25,0.9895628
rec_714045b557e471c86d2f,grp_66ff414172c7db1c6bd8,4,0,-0.03363516,0.009123395,9,0.966406
rec_714bf1a9c2a1f6d7404a,grp_24f348cdf33ecd312065,0,1,0.0395162,0.034290064,44,1.0059096
rec_7152e96f05d4b49f967c,grp_3cfa338542b69b24c872,2,0,0.0894426,0.045553382,17,0.94139344
rec_71575acada6a97721b4e,grp_65665700f5f7ce1dcb4c,4,0,-0.014784415,0.012539617,35,0.9952476
rec_715862608c83146d1210,grp_099a320df6cc61a56ff8,3,0,0.077811964,0.029020017,2,0.97965956
rec_715ee1f711794c94e322,grp_70927bb5443a42d2b37f,1,0,-0.09328083,0.0036765295,43,0.97314733
rec_7160e397db67b71a5ed9,grp_2999dd4b35bc3cd441b7,2,0,-0.012501049,0.010606476,48,0.9974037
rec_7169a02ab5c26a13e70e,grp_a2cbc37425f2e4d68159,3,0,0.12282123,0.053512536,31,0.95949996
rec_717b33ff7d40d0931e12,grp_d7536420ca84a6213aa3,1,0,0.04769344,0.041129656,7,0.94196475
rec_71951304799d319673fa,grp_49432fd1d4f54232d6cb,2,0,0.108744375,0.05955272,6,0.9728871
rec_7196f144781c0b6e7e1b,grp_360654b4264d1a0345b6,1,1,0.1850127,0.31874388,46,0.9824882
rec_7199f9f71a7a8742811d,grp_68b7a6b1415221784707,4,1,0.06290698,0.04559915,36,1.0027423
rec_71a1c3b71b8b7aaa8cd1,grp_d8824b0a45f7e235a0ae,2,0,0.016977118,0.016241683,19,0.9999409
rec_71a5d84c1a0d70a57c71,grp_bd0951f6083e7382644e,1,0,0.07958182,0.06951648,39,0.98831475
rec_71aaf16d7262d006b1a0,grp_3f544d328267e2d69b07,1,0,0.0042555346,0.019745544,16,0.9399454
rec_71ada0b3a3c252b5d69e,grp_7022fd1efd75f3e91283,4,0,-0.07619414,0.0044357926,26,0.9656752
rec_71b20f11fd09afaae9e4,grp_f4339497d6aedd0bb509,0,0,0.13862441,0.15027827,20,0.99123925
rec_71b52d38e7fbf1193eb0,grp_97b0dd83b2b691a8caef,3,0,0.047001235,0.018952211,40,0.98762274
rec_71ba42ab9754ed0ea59b,grp_df5c3773ea37665369d6,3,0,0.12127595,0.052414794,36,0.9606799
rec_71baebed811a5661c2b6,grp_f9e553ee080e165d9550,3,0,0.1472988,0.07404454,23,0.9890963
rec_71bdc06f654336552f93,grp_b50db14d76c38bb62bc7,1,0,0.11163822,0.115440875,15,0.9642934
rec_71cc661164593804b6aa,grp_ff2658986d43769fb0a5,0,1,0.123618,0.12179621,44,0.99172056
rec_71d10d2b046547f5d327,grp_40dece24021ecf73589e,0,0,0.060582563,0.047574017,63,0.97722983
rec_71d95e7a4e34dfc4e77d,grp_34f6c2a08bb9d979f50a,4,0,0.08013965,0.06024007,56,0.9721967
rec_71e593e77796bad1e4ec,grp_d05b105993b50b0d6894,2,0,-0.053611483,0.005835995,17,0.91747063
rec_71f7b737dde3b8419d15,grp_bb316312ebfdd482d4f0,2,0,-0.05139079,0.006027806,43,0.99015224
rec_71f9ddadf54e5430c74e,grp_84c0eb23676f02a7ba86,2,0,-0.024840891,0.008868031,53,0.9662876
rec_720adb25168c383ff084,grp_4f380ac502c4ba3fa97a,3,0,0.058859505,0.022340756,58,0.98543537
rec_72132c3f84c22f56c489,grp_0b268de5ca01f7fb6917,3,0,0.030899309,0.015146005,3,0.97390825
rec_7217df12594865f36d15,grp_53b80d93ff3d58bbfb27,0,0,-0.09120477,0.0042535733,12,0.9930992
rec_72191241f325410252e1,grp_04cbe4241241c09acbbc,4,0,0.049376283,0.036545593,34,0.99454993
rec_72289d457038efcd506e,grp_5f55e5f369d641b04998,3,0,0.107290104,0.043404687,2,0.98201156
rec_722a57e11515a996f5ef,grp_433039dfb624dde8afed,1,0,0.1080676,0.10924632,55,0.97221285
rec_72308df5ad1078f307f0,grp_fde5f579cc7f01a6309a,3,0,-0.06390877,0.003999619,4,0.9806575
rec_72375f62652901c66614,grp_d41efed14c5fcde6875b,1,0,-0.09992571,0.0032763956,62,0.96331084
rec_723b6a566e188ad8f1c6,grp_6240a3294d5f656297f4,4,0,-0.0052423524,0.014723163,47,1.0039911
rec_72411c1dce257a8785b4,grp_c60e8b7c8549ebcba74e,1,0,0.12419832,0.13970119,43,0.9592595
rec_72471b1e98da7095bfd1,grp_f08ff400eeb15a1da75e,4,0,-0.041688714,0.007961822,22,0.9856956
rec_724addeaacdfc22642c5,grp_60de4ec8517ba289a373,0,0,0.038108077,0.03354263,23,0.97128564
rec_72513b47161fdc2a41c6,grp_b1912c897c37953efa6c,2,0,0.1371453,0.08758812,58,0.9753901
rec_725a1fb08d42a15087fa,grp_4d809cadac770e9c9f06,2,0,0.08682899,0.0439174,47,0.9963921
rec_725e3cd8614c18d54e59,grp_39c27cc13eab8b6100b2,2,0,0.12074119,0.07019151,6,0.97406536
rec_726f2848e9f376c80358,grp_8e9bf7dc1b564c20f158,1,0,-0.012987367,0.014702501,61,0.97669953
rec_726f648a628fc48ffbff,grp_3717e5811cf00ea953d0,2,0,-0.030625386,0.00815341,19,0.9726664
rec_727144e66677aefb8692,grp_b839c7211d9abe69411c,2,0,0.19660749,0.18658115,39,0.92400825
rec_727ac1d660acb3677c36,grp_b8c54e4328794736e5f8,4,0,0.060173683,0.04361281,1,0.96949047
rec_7284d14937e036cd886c,grp_6d3f86d4a16e493287e3,1,0,0.02148876,0.026467567,22,0.95987034
rec_728bc7c23a9f31956991,grp_0ffa49906903f9809d88,3,0,0.0030517422,0.010260207,1,0.9793114
rec_728d6b94dd2597a6c04c,grp_c26e5bcf8c50fea5ae8a,0,0,-0.0013020895,0.017998958,24,0.9370539
rec_7293007311daf576d297,grp_cddd9b75d438cb540040,1,0,0.030545853,0.030846205,55,0.92021346
rec_729419ed206d9af0de72,grp_7c8259c96c4e1cbbf231,4,0,-0.026755616,0.010247557,20,0.9505461
rec_729584694c86b04e5184,grp_70419caba5169f359683,4,0,-0.0060200016,0.014532,16,0.9409352
rec_7295e88d6d0bc522944e,grp_780144324ac2db0dd5de,1,1,0.20243903,0.3878599,46,0.98260397
rec_7296c4fba877fa9fba57,grp_33dd76919136bd7bc0d6,3,0,0.117311984,0.049695384,40,0.99062526
rec_72989c1b7c8aedef5c50,grp_49bdcad9a9421d20a756,1,1,0.15867046,0.22830118,46,0.9863059
rec_72a89559a3323c1cca6f,grp_626fa0727ab34dfab72a,2,0,-0.03177154,0.008018742,19,0.98755085
rec_72a945e5f3c7bf6e0d90,grp_e43847937a177360ee6a,3,1,0.026116848,0.014168117,59,1.0153571
rec_72aa7a2d7b7c28489a0d,grp_94ba6dcc0a9e206a8c8f,2,0,0.028313473,0.019119682,23,0.9946642
rec_72bdf4e458dd3fadfcb1,grp_552b37e4afc4d240f148,2,0,-0.03881044,0.0072387923,59,0.98829716
rec_72ce0731f7c2281e18ce,grp_74f9ffa6db4302aa97d1,0,0,0.08806851,0.072329566,6,0.977747
rec_72d817a8106e54af65dd,grp_6c5b59da5fee13d3a77a,4,0,-0.004880625,0.014812925,22,0.98301446
rec_72dfb4f8f1c5f013c8c7,grp_dc73287ff701487f8125,3,0,0.0016854426,0.01006555,1,0.9968428
rec_72e2f00daedd1080cfab,grp_f6b5a3528f18fad2ec60,4,0,-0.03652337,0.008688684,14,0.982117
rec_72ea7768ec86c984f3f9,grp_a56380e152c06a997d34,2,0,-0.07394421,0.0043392144,47,0.98747534
rec_72ee938412d512dee540,grp_9a4e82aeb9b949a895c8,0,0,-0.060152665,0.0070149037,35,0.9890625
rec_72f426038a56b83dd09f,grp_190e75b5e4f6d2c3755d,4,0,-0.06251255,0.0055950643,13,0.97015256
rec_72f562311009a930e012,grp_6fb31ce46460174b7582,4,0,0.023191223,0.02369391,17,0.9939151
rec_72fcdbabd77a9743e21b,grp_e3cd9b46831754210a42,1,0,-0.023474414,0.012280214,24,0.98785573
rec_7313a6641a1e0642d004,grp_5eb80eb6d6133d8b36ec,4,0,0.017268756,0.021466373,40,0.9728701
rec_73168d41a707738a1c2c,grp_494f9e3e7415a7436781,4,0,0.10707158,0.09212544,17,0.9828479
rec_731c4fb4c81f98aaf7e1,grp_4db3a6bc9ad278dc46e8,3,0,-0.09896889,0.0024380533,50,0.9589563
rec_73214f51bcbad44dc667,grp_0032ffec7fcd6f9b8f8c,1,0,0.106035665,0.10585286,7,0.98868835
rec_7326def552407013cb4f,grp_8d4deab6db6a8682b058,4,0,0.00043514057,0.016195888,28,1.0076953
rec_73310709bf50ba4d8d2b,grp_be12f24ccd43630a11b9,4,0,-0.024038605,0.010728383,50,0.9963068
rec_7332d2bc4c538331b7c5,grp_617ad1414f43c6e599e8,2,0,-0.015052502,0.010221339,17,0.9460387
rec_7334140741bd7c8ef0df,grp_f5849ae14e66e1edf4e6,2,0,0.042463027,0.023420276,15,0.9831818
rec_7334f8c9fe1ebb4abde6,grp_c4c8a4be3cb63114b4ff,2,0,0.07467995,0.037022434,12,0.993403
rec_73350d51c21a262d19d2,grp_9feb6e03b9bc3723b6e6,0,0,-0.012486222,0.015061087,52,0.9993824
rec_7335852702adb52dae47,grp_2977aed377d3e5196b82,4,0,-0.1146817,0.0023057987,7,0.98880005
rec_7338ea98f1ef05576f6f,grp_4c38f57bc5ec1357c629,2,0,0.08506886,0.042847395,38,0.9400907
rec_734112581ee191d0706e,grp_8ef7ab80dcda8ec57344,4,0,-0.018863073,0.011706844,20,0.8857029
rec_734614156852bebcd1d3,grp_a9a9a24f9f432a95339f,4,0,-0.055747304,0.0062750624,33,0.9810071
rec_734727d35ab56128e00a,grp_16e6b7e5fe3b51ed558d,2,0,0.021426832,0.017316705,18,0.96973366
rec_7349df40ab85f603e0bb,grp_791a72c4c6260d1a5e26,0,0,0.037409924,0.033177905,10,0.9445423
rec_734d6766a068d498cf95,grp_57e1200283953e3f9d71,0,0,-0.03066732,0.011261883,9,0.9944303
rec_7355ad72f870a8a7dfd2,grp_66fdf84fb5c833dd4ad5,1,0,-0.06644753,0.0058515496,6,0.9776599
rec_735a6d16384c969f011a,grp_9f482e53adb1cf9f4d4f,2,0,0.08231258,0.041221697,17,0.9638592
rec_736623790f477950c193,grp_349a6618afacf0d137ec,1,0,0.06356407,0.053511433,23,0.9879852
rec_737379c1d26d7df4593c,grp_395167de950a134def02,4,0,0.028212225,0.025757771,24,0.9859831
rec_73756a68c98c3a013c2f,grp_2a4aaa8ee035bbba7077,0,0,0.05649569,0.044662334,7,0.9703545
rec_737936337bf224f1176c,grp_c4e8f67921f688131037,0,0,0.04539405,0.037587024,50,0.98789346
rec_737b535b06307f2b4b66,grp_1e5343da00c8f8b8d791,2,0,-0.017219022,0.009905198,19,0.9836557
rec_73840f9a00cf50679d0f,grp_5551774737cd435424da,2,0,-0.005498351,0.011738835,27,0.9844875
rec_739175662420e5fc1852,grp_b9a2ed86bf29cfd62495,0,0,0.09146929,0.07611447,53,0.9586869
rec_73b29309893d5569eee0,grp_ad6b8d44803faeed0c3a,0,0,0.034328118,0.031613205,61,0.92895114
rec_73b97c3d6caa834ebf49,grp_42b903c986edd253eaa8,3,0,0.016409338,0.012370641,44,1.0050595
rec_73bd2a4ca1bfea119c91,grp_108f0fd201d81b0722b2,1,0,0.041514676,0.037092503,26,0.9638068
rec_73bf7da4f744a37821e3,grp_9988e273d99de7829a65,1,0,0.09561733,0.08987938,32,0.97954094
rec_73c15342eeaf0c2002d0,grp_43244539da6bff72eb17,4,0,-0.016341396,0.0122150285,55,0.9731296
rec_73c2772f1dd7244bf493,grp_e05d235b35253ee9eadb,1,0,0.011311219,0.022267476,47,0.9959077
rec_73c5579171952f0d9afa,grp_4e8fd78bcf17a6b1a47a,3,0,0.060518228,0.022859678,51,0.94663453
rec_73c87e8c9f4f15b1efc1,grp_3b069a295529b72efcdf,0,0,-0.024353892,0.012459599,11,0.9762989
rec_73d9f01c4850f09eaee5,grp_32a49b71cd80f584af34,3,0,0.01870359,0.012773995,12,0.9341541
rec_73db0c76ab97a36808be,grp_860c8c2028c11a40514e,1,0,0.013110564,0.022959441,33,0.99053526
rec_73f71e1afc00d3aa00de,grp_67152bf77477b212b70c,4,0,-0.0992481,0.0029980366,8,0.9339367
rec_73f82ad43f8778742b48,grp_19bba61217533e6ec22b,1,0,-0.038341954,0.009507529,47,0.99678314
rec_73fd44830bd80a66d035,grp_c33eae08e9e5508cd0ff,4,0,-0.02962898,0.009762256,20,0.9777739
rec_740e654d62fa36990a78,grp_1b176058fe27ed0f1718,0,0,0.05736851,0.045269556,10,0.9926534
rec_740f91e258ebd8ea36ec,grp_f81b5b78b157b5cabcb2,2,0,0.1306436,0.080269575,5,0.9543882
rec_7413b239e29ab1fb2558,grp_3be341994b07efe5d961,4,0,0.033070844,0.02792099,42,0.976146
rec_7417cb26ad3953dbea1a,grp_2eff3cb1a7911f6ab432,0,0,-0.007816079,0.016225584,9,0.98877925
rec_7419e48576cb4a47bd2c,grp_4edf042562d036babb3b,1,1,0.13659745,0.16769971,46,0.9879853
rec_741b12564c9b00b1a9b0,grp_1d027e60cadfa57ee9cb,4,0,-0.055715594,0.006278438,12,0.97686577
rec_741e9148c82781285cde,grp_81827b9bdad89af8acff,0,0,-0.009071219,0.015904183,8,0.97028214
rec_7429cf5daa35b7906d9d,grp_6722abebbb1e80e158a5,3,0,-0.014286173,0.008044176,50,0.9472173
rec_742c6c2f3433b66ec7a5,grp_5fef492a094d82fcd0a1,1,0,-0.108897954,0.0028041278,55,0.98000157
rec_7438d8bfea0c076458e5,grp_84e806ef77b27cc656d4,0,0,0.028123403,0.028676674,8,0.9682795
rec_743c0eeae9abb28882ae,grp_99df665a812ce9723572,2,0,0.10620728,0.05750496,6,0.9763227
rec_743c462c96570aa120d8,grp_1e1598390d25e31390cb,0,0,-0.04307137,0.009230623,39,0.9837339
rec_743fb4dd05fcd908e7c1,grp_e2ff9bfee2d288f45605,2,0,0.034147974,0.020790244,34,0.96401477
rec_7440baee53624defb424,grp_2f0b1445aa479007ea97,3,0,0.19863112,0.14195749,52,0.95075613
rec_744854523ca78f90ae7d,grp_b445ddc9e4e4adef2534,1,0,0.037307307,0.034564424,26,0.9542867
rec_7451b8ba598434aa2270,grp_4b83d43d862a0e113b4a,0,0,-0.03153883,0.011105752,38,0.9503739
rec_745a44ab9381992a4c67,grp_4e4bbb54db0438decaae,1,0,0.0801344,0.07014102,33,0.98044443
rec_746197e4d0825e487952,grp_cb6d8b66a8165bceff0f,1,0,0.0818849,0.072153874,4,0.9515179
rec_7468e03de8bb61eaf9ea,grp_3fca5a4feb7a8fc26aa9,4,0,0.11394074,0.1024035,2,0.9814417
rec_7475dc2b6ddd47a028a0,grp_1b0d62de97f2767e5b46,2,0,0.08455248,0.042538233,5,0.91503763
rec_74914ce082e262173e4b,grp_37638c81e8ea9fac4be4,3,0,0.112514906,0.046583172,26,0.9724204
rec_749321ac95029613ee6d,grp_cdcf5463b717a31b3e7f,0,0,0.0471755,0.038645063,34,0.94094366
rec_7498acbd0aee0060699f,grp_c03fc20b71919e08088d,1,0,-0.0042946436,0.017062463,41,0.9578591
rec_74a177cdfca3bcfb8140,grp_09c38bc2bd261519b9f9,3,0,0.107934326,0.043785114,11,0.9823059
rec_74a3000835bf2f835a53,grp_0ffeee0dc28fc1f9b1ac,0,1,0.16430457,0.21141909,44,0.98790675
rec_74abc861a655bf790282,grp_6546c51a9a72479b7278,4,1,0.0748626,0.05534213,36,1.0010158
rec_74aec89579a9e977f435,grp_1b27806c80477a3f9ad2,0,0,0.124644145,0.12358556,15,0.97718894
rec_74b588ee32a6bc040bf3,grp_5300434c691566937777,4,0,0.20914938,0.3665631,56,0.9594568
rec_74b92fc239c5eb67d80b,grp_a6c93edf1cb499d92422,1,0,0.2089232,0.41496283,60,0.9727711
rec_74c34a12121caafab863,grp_bd6134306b2d3f6dd4aa,0,0,0.107522145,0.09653883,42,0.9899211
rec_74c58cc993a890e649d8,grp_77c3eb5417c4f983ffc8,4,0,0.06765213,0.049253598,2,0.95786
rec_74cc464c9292bf19407a,grp_34e606e253aa45256d6f,1,0,-0.018465525,0.013383609,3,0.9665911
rec_74d24b488670749ce47f,grp_f348c4b4c0ed240840b2,2,0,0.025423344,0.018341633,59,0.9618603
rec_74d98c9fb951abd2b4a8,grp_a6aee039cb2612bd2b6a,0,0,-0.059404578,0.0070998296,9,0.982645
rec_74e27599d4aeee77195b,grp_d04dabbac5b4a3386ba9,4,0,0.025955297,0.02480926,8,0.95094174
rec_74e51a9d43ca12a55a5d,grp_43b1a08d00812a59cee1,0,0,0.05089482,0.0409469,3,0.9808779
rec_74e66e08b539000d5e78,grp_2388a04913ac3ef946bb,2,0,-0.021893835,0.009255644,13,0.9719821
rec_74f5233a21f161de2550,grp_07469621e840390d66ae,4,0,0.14262511,0.15688641,37,0.9688847
rec_74f538d6ff9ca2f89bb1,grp_102de1c4d9048455064f,2,0,-0.061900068,0.0051721702,59,0.97893125
rec_74f5854722ce62c64516,grp_5f50eeb709c4ef72fe21,4,0,0.12578645,0.12252131,54,0.96876097
rec_75061e759b6df95c6697,grp_83ec0291e96eb8a20ed7,0,0,0.037910648,0.0334391,27,0.94285345
rec_75092bbf836b7da9ae3e,grp_03dd9c6f01e1d719872e,4,0,-0.026325757,0.010322184,53,0.9903397
rec_75100bae0d01a6931a9e,grp_24001097ef554c7477e6,3,0,0.050585113,0.019919394,2,0.9884821
rec_751fcd3be1ff6bd4d86b,grp_c83e93bd13aac866e457,1,0,-0.0011407081,0.018007707,43,0.94807214
rec_7520a488904db96de732,grp_09c789ece4e79efcafcd,2,0,0.05005696,0.026104147,40,0.9494359
rec_7525e9af81528af09c6c,grp_5dc5a9d3f8cb331bd084,3,0,0.0454559,0.018549524,58,0.9870419
rec_752a7682fa7e2c848ff0,grp_86f657781ae4c4ae7034,3,0,-0.019538369,0.007471806,51,0.9513159
rec_752d31e5fa9e2d98a65c,grp_7ec241566c6c9511eb41,3,0,0.03135531,0.015242651,50,0.9613575
rec_753212bc42c5820d33c1,grp_152f97e2c78150efcd26,1,0,0.0076916236,0.020936688,39,0.990474
rec_7533979d209cfedc4edd,grp_86e9137fa85e0f09ac8a,1,0,0.044545308,0.03902272,32,0.9993153
rec_7540ec1b7c20614a75ca,grp_8092b60bee1cf43a19b6,2,0,-0.00084009796,0.012557438,2,0.9998772
rec_754d56e9d48093c31b46,grp_4bcc16af7dc93cacbbbc,3,0,-0.021057282,0.0073139486,50,0.95805657
rec_75500c4252d20970cb23,grp_fe088736c09f35d48117,4,0,-0.0090826405,0.013802619,9,0.9575971
rec_756189d5d03ccb25de2d,grp_32c8a5d985aa56f1b5f1,1,0,0.14799814,0.19723973,59,0.98128784
rec_7564a8a3ded0b7d02734,grp_a14cc741b6c5f097158e,0,0,0.0004040061,0.018494047,7,0.9334625
rec_7568326f021eb69e1b7c,grp_2e1e02dd88775f011a64,2,0,0.11876835,0.06832861,8,0.959244
rec_756bc3230ded480037fa,grp_3c51ea7a3bf67af993bb,3,0,0.031554874,0.015285131,16,0.96272457
rec_7570f727977c8f27af7c,grp_93910ba3e3d6fd38c687,0,1,0.20083618,0.32638788,44,0.98096097
rec_75789babad279f7c88f5,grp_ba0cd59c34321eb161a9,4,0,0.03135707,0.027138526,57,0.9688521
rec_757dde8fbc50c998d0c4,grp_bfa1f4aedb7417f6bea5,0,0,0.0074058017,0.020669546,32,0.9465529
rec_7581d7dfba91e805b144,grp_5ff0db5779d54d177b2b,0,0,0.073084965,0.057639364,30,0.94459635
rec_758ba5ba9e116d9d2f68,grp_5b852df35151a426989b,0,0,0.061202426,0.048031103,50,0.98097295
rec_758cce4e5b1ce1842efc,grp_fc90f69e2f5db9937640,2,1,0.10505464,0.056596614,57,0.99849606
rec_75b90d16e04bf4888ee3,grp_67ecc5c14a73a998cb92,4,0,0.07444019,0.05496671,26,0.9922149
rec_75c2c7ee795739976b19,grp_503d6bdc7686cc565538,4,0,0.03460498,0.028639987,30,0.9661911
rec_75d0d23b1647ddbe2528,grp_2f81dac897580584b248,1,0,-0.021893434,0.012618412,6,0.9854877
rec_75d40c7f7371b73ef80f,grp_2ce27f11540a1f86e347,2,0,0.07048204,0.034891356,48,1.0003005
rec_75d6e57e3c52d274da33,grp_9954b69430709316e7f6,3,0,0.10898494,0.044412356,47,0.96602136
rec_75e21bb5dcb46f36dd6d,grp_6ebff377740d1fd61c99,2,0,0.12036123,0.069829114,12,0.97373
rec_76010bb58b647673941e,grp_ed72b648507bc996092c,0,0,-0.045698863,0.008849358,17,1.0049636
rec_76016d0ff563a81539bb,grp_213726e75554277b11e7,0,0,0.055151682,0.043742474,32,0.9575446
rec_760a43aea3d5b2c9cf6c,grp_3070f2b27c78dd051364,1,0,0.09150569,0.08419603,16,0.9227097
rec_760bd3524adb8932ac55,grp_b712da9cc67ff27159cd,4,0,0.048982717,0.036309984,26,0.98474425
rec_760bfc9e7409c583e92c,grp_5b6a90f02a5f848d9f85,1,0,0.0771818,0.06686322,23,0.97258645
rec_761c4a917c0abb9e3493,grp_ce045d3d3d89299ccc29,0,0,-0.06481936,0.0065074414,63,0.9862527
rec_762525f32c434dedb28f,grp_02fecd1af9892210ddd2,0,0,0.116727725,0.11035163,61,0.96581036
rec_76297677fbb9685717f3,grp_549fb49fc0a2b3e35952,3,0,0.08815457,0.033445034,11,0.9799493
rec_762984e9212444261031,grp_1a713a9bcd3f55ac2718,1,0,0.00044306729,0.018501574,60,0.99816906
rec_7633f95b1b3804a759e5,grp_5304e81aae9441b0e0ac,2,0,0.001603035,0.013009048,59,0.971687
rec_76389a4416698705552c,grp_adc1c28629bd24a46a4c,2,0,0.0712388,0.035266593,18,0.91460925
rec_76398b2e19d750fa20fb,grp_cb63cb619337fa8056af,0,0,-0.056308266,0.0074623246,33,1.0045794
rec_76482825beb2c3e5307c,grp_190eb9978c064ea760b2,3,0,0.17569245,0.106784746,21,0.97032505
rec_764af3395a946c39da92,grp_8afe50ceac1942620a91,4,0,-0.054181304,0.006443824,50,0.9702087
rec_765bce7b344274d86159,grp_71a085e5ce6494ee1de3,2,0,0.051627807,0.026695589,39,0.93698174
rec_766511fd28f71340584a,grp_23d7028c012da3c19b2f,1,0,-0.068705626,0.005627353,38,0.9633056
rec_766762feaceb3f325c1a,grp_0347a9e552cb0a2edbf7,3,0,-0.049906973,0.0048726285,35,0.98370427
rec_7671974c9c74dc0dfbcb,grp_4007d77972d0305383af,4,0,-0.038464945,0.008408055,20,0.9187033
rec_767234f8c940c57ddef9,grp_93cab37e3206bdabc17a,4,0,-0.015885767,0.012309149,2,0.9340718
rec_7676e32cc2a376230f5b,grp_3c881fd697d8bea12fdc,4,0,0.0075894175,0.018259324,44,0.9830762
rec_7683e48825578886e3da,grp_346008e0e0ea62677686,3,0,0.0841217,0.031646993,44,0.9655757
rec_768fdbf3f7e60eedcf4e,grp_5d01ea597b5f4f3130ca,1,0,0.07339088,0.0628632,40,0.95448136
rec_769058c05c4a3326180d,grp_3f7b24847febed4a12e3,4,0,0.049851693,0.036832158,35,0.9886625
rec_769649c9a10c6c3a661a,grp_03bcda94f30e2bde516c,3,0,0.027155865,0.014375139,62,0.9885578
rec_76a586dabb8920b5c618,grp_5c3480e6b75b1b5d3ca2,4,1,0.16240741,0.20682234,36,0.9862835
rec_76a83da42783319c46f2,grp_15238b816e514c5470aa,2,0,0.065949254,0.03272313,58,0.98051614
rec_76b4aaa98107166a58ee,grp_20f840ab53a4c0cbc35c,1,0,-0.09631215,0.0034882857,32,0.9818299
rec_76b5403f7cf1f6880ef4,grp_9aa815eee4a69d3d54a1,1,1,0.063578,0.05352372,46,1.0034243
rec_76bc79b4e07bc3adc560,grp_99932f9f92e2303cc0dd,0,0,0.11881666,0.11371807,9,0.976195
rec_76beaa8d65e84b09c8e5,grp_924f06cab141cc36f31d,3,0,0.15848218,0.085663944,52,0.94520897
rec_76c1b35af309f35fbaaa,grp_864f5a2399f1cb9fe010,0,0,0.05777217,0.04555303,55,0.9923588
rec_76c3bfd8614e3f25282c,grp_ed33ff1520eb89516f38,0,0,0.064044565,0.050180763,14,0.9719865
rec_76cb2780e4dc5d8b07b2,grp_c0d18e051701cc17d080,3,0,0.03372267,0.015754202,11,0.9661237
rec_76cedbc73ea3f45add95,grp_db6b3cf41095788e7b4a,3,0,0.19355997,0.13343184,41,0.9735645
rec_76d3b2a55006a86a2918,grp_a86c17a3b656ae41a98e,4,0,-0.038402833,0.008416893,39,0.99440396
rec_76e85953951f64b806af,grp_c2a2e38b80a176749fe9,4,0,-0.01547908,0.0123937605,13,0.9534126
rec_76ec2959a6178d220aa2,grp_79f0b4bf947628eb8dcc,4,0,0.14044215,0.15202443,59,0.984799
rec_76eed3e8fefa894d142a,grp_6199b087293e583ace9f,1,0,-0.004928449,0.016878476,31,0.969498
rec_76f1739e357c3931962e,grp_98a9e86ddac6e86fcd7f,0,0,0.05942274,0.046729855,9,0.97113353
rec_76fa4223566d3ec98319,grp_75e95ec331955e59f6b8,2,0,-0.039434038,0.007173437,48,0.99672127
rec_7710279b6ce479174443,grp_d5b70766d940e49bd79d,1,1,0.12563503,0.14273293,46,0.9954267
rec_77107cbf2789f4c3bd15,grp_b4768fc6c6adf375f282,4,0,0.019067913,0.022120489,20,0.9309415
rec_7715dca20f40d06e97bc,grp_f1e5279c1069cb840186,0,0,-0.017454231,0.01391262,34,0.9393618
rec_7727af5964a2d131904c,grp_0ed920627057ded0bb39,2,0,0.12570128,0.075084336,4,0.97724843
rec_772cdc83944e5e6d8205,grp_7b2f4c0eb676fb9176ad,0,0,-0.04222232,0.00935727,35,1.0068862
rec_7734372ca84cc50045f4,grp_482397737116e6e4e26b,4,0,0.02193261,0.023202393,0,0.9834554
rec_773f8465dca3eaa5aab9,grp_74bdf4b87d6ad0206e72,0,0,0.07620599,0.06044796,14,0.95993274
rec_7740708106dce445bee7,grp_52958dac9f8c11aa5bea,0,0,0.038517993,0.033758573,61,0.8647872
rec_7743c881a641ced81268,grp_e7993436fd864c71497a,1,0,0.060784053,0.051113617,21,0.99109095
rec_774890abeacc0a42df3d,grp_a9e587f9cda67fc982c2,0,0,-0.0006103772,0.018198095,32,0.89314014
rec_774af296d6ea242c255c,grp_75b76125e56531bf3523,3,0,-0.07726112,0.0033127405,5,0.9876842
rec_774dccec67477c0999c7,grp_c8220bff060ab7bd1422,2,0,-0.012153369,0.010660056,29,0.9877148
rec_77505437903d185bbf36,grp_042ec56d3e18fdd1fd70,3,0,-0.03150682,0.0063141314,5,1.0008991
rec_77569a47ab15acdbf585,grp_9038a55e77b8b38609ff,2,0,0.11934283,0.06886629,10,0.91489404
rec_775d8345c7681cc34814,grp_a8bf645c187c180b5ee9,4,0,-0.018757856,0.011727621,24,1.0143896
rec_7766d25aa130fd82eaf0,grp_512f5ed25da08bfb599e,2,0,0.0570735,0.028848508,43,1.0043784
rec_776b557445c34efc4852,grp_3c6fe9c357c19e3ae59a,3,0,0.03958137,0.017093929,47,0.9955771
rec_776d69e4296210da2227,grp_74c8189f915757a3c3eb,3,0,0.16880712,0.09783356,19,0.9753099
rec_77731da7b544db131723,grp_dd4d1267b5aa5a1651c4,0,0,0.013703127,0.022838842,8,0.9685214
rec_777cf536a749d700ba8b,grp_2971761b73a2b66b2fb6,0,0,0.07153295,0.056288756,9,0.94898254
rec_7780481d046332460a4a,grp_358ef7f37b3029993205,2,0,0.110250816,0.060800746,53,0.9667921
rec_778b760977a91bc46210,grp_448b1792141a430eab34,2,0,0.026180623,0.018542442,7,0.97525895
rec_7792045aee9f0f3412e7,grp_ecd6e693fb4e69631d5c,4,0,-0.03914082,0.008312492,3,0.96702176
rec_7794338673ecd20dfa9e,grp_bff7fafe2a19c6f530a4,0,0,0.05924882,0.04660451,32,0.96359485
rec_77963e67939585f70e04,grp_4895fa729a8705a92c9e,2,0,-0.063645445,0.00504226,21,0.98686713
rec_77a28d7ae41f0cb4c998,grp_746ab7b9c763f0833079,1,0,0.123874545,0.13902543,11,0.9818134
rec_77a9656c5d9022dbbae7,grp_3bb804934494279680b0,4,0,0.108021334,0.09348924,1,0.9935446
rec_77b49727dcea84b69479,grp_3cfbca6ac4d4aa3a8255,0,0,-0.0060667037,0.01668422,1,0.974746
rec_77bb4ce6a686585bd646,grp_fe2dd4f1985c4c9e47dc,2,0,0.10688582,0.058046043,6,0.96298647
rec_77bf1b2a8a08dcc3a557,grp_95ad42433b5d34dd8fa6,2,0,0.17206436,0.13801043,59,0.95545125
rec_77c432b0b18dc7338d8e,grp_e96c8054a6df720d7421,1,0,0.009012188,0.021412943,7,0.9731159
rec_77c7fadb3cc18d1ba146,grp_a4b4a3da9e19be88b857,3,1,0.23699813,0.22171086,59,0.97535187
rec_77ca6559f84258759b01,grp_189d14cf9616ac0cc710,4,0,-0.073084325,0.004676282,55,0.93861395
rec_77d6633b036d5e418934,grp_a369647bbcb61a413f2f,3,0,-0.06081017,0.0041783056,5,1.0059919
rec_77d776d291d643da7e7d,grp_7ad22fba4514e3261e7c,0,0,0.030132147,0.02959716,33,0.9542486
rec_77e253931f46fed00de0,grp_0139fe71db3b98deee00,2,0,-0.09228098,0.0033204467,19,0.98940265
rec_77e5229721266d4408a4,grp_8f3662dd99f14f9b0602,3,0,-0.047031496,0.0050741406,45,0.9591856
rec_77eabf920d02a3322455,grp_722d4e3f4cb513ce956e,3,0,-0.03288683,0.006192673,11,0.988459
rec_77ebe0077d4b0943f11b,grp_5fdcce867a48a9d73bb3,0,0,0.084206015,0.06824171,53,0.9959258
rec_78007508a304b777a230,grp_1c790210d755cba53c87,4,0,-0.055131037,0.006340946,0,0.94883245
rec_7814aedb442b9c27ad8b,grp_e4daadb24cc5feff4cc8,4,0,0.046777427,0.035016596,8,0.9099821
rec_781a4c673524f4e34796,grp_769e5d9e799e3921d101,3,0,0.10577574,0.042522795,30,0.96695924
rec_78203cb147481ecf8846,grp_84826a2143e97ff72351,2,0,-0.024968315,0.008851642,46,0.9484247
rec_782b4020b1e3500d0d5f,grp_a1ee34c879364ff2c8b9,1,0,0.057407286,0.048337772,24,0.9864497
rec_782e98a1238a9d23e1ff,grp_c47a10e2375eee6a9e4c,1,0,0.08577052,0.076813444,23,0.9915582
rec_7834f1eb98657ca66f2c,grp_f561372ed64619be1656,3,0,-0.10459396,0.0022517722,48,0.9780741
rec_7834fd9774388f37359a,grp_c960b0a1fd762000fa6b,0,0,-0.021825317,0.012973836,1,0.9968051
rec_78355e42d957ba1a5b10,grp_b768c1f4090f8a96b72a,0,0,0.0032380386,0.019346135,14,0.9697069
rec_783f62f2424cbb11ede8,grp_d47f5b2ba8d7adfd6110,2,0,0.10070926,0.053292196,61,0.9650415
rec_78427c9c7aee5e471c20,grp_39e735f5eaa5ee92c308,1,0,0.12589146,0.1432798,11,0.98786646
rec_784b00ac92d00d299d7c,grp_3f9f9a0d1258960fe8ad,3,0,-0.14957322,0.0011921108,35,0.9836819
rec_78536aecac9edb1a986d,grp_f3b380ae447b447e9247,1,0,0.014104192,0.023350513,37,0.93454355
rec_7858ed0499a69c70ea96,grp_e418c48eb0a79112260c,0,0,0.09387635,0.078902386,15,0.9069771
rec_78662bb73d5d75d2ed4b,grp_dc981d98f8e1c79a49e4,0,0,0.026905974,0.028132387,17,0.95532703
rec_786d093db69cb32f719a,grp_9a20c2c21f637d2f73c9,1,0,0.08466601,0.075461574,22,0.9573293
rec_787280a80b7584de3a9b,grp_ec3c80bddd70270628ac,0,0,0.082320385,0.06632478,9,0.9576956
rec_787bf3bb0e310b472b12,grp_b0e54757e52dfdd6e477,0,0,-0.02934938,0.01150213,11,1.0062609
rec_787f75fe10920ffd601d,grp_7ec432789119a4b7bb94,2,0,0.031636365,0.020054271,39,0.91305524
rec_78826a5e6247736bc982,grp_d952168aaae5524c06b2,0,0,0.13589291,0.14471464,17,0.9424784
rec_78837bb6d22eafb3b7ad,grp_b3532e627e9590e2d4c6,1,0,0.017423453,0.024704605,57,0.95221835
rec_788492b018f4f7a9f0eb,grp_10d3fddf82ba2a5ba213,0,0,0.024729466,0.027184216,34,0.9573454
rec_7893d7145f296d8ac39c,grp_a2afcbb0bf9251accc61,1,0,0.036195785,0.033924785,53,0.95124227
rec_789992ae08cbcb5b9717,grp_9bb94fe7050541bf0e2b,2,0,0.04937986,0.025853166,5,0.93043923
rec_7899f4bfed12cb985544,grp_3ddc9ae00dc9e559a3a2,0,0,0.018218039,0.024529448,10,0.96979594
rec_78a3145bdfcc5f0c0210,grp_cef5d971863283fcd604,4,0,-0.008954378,0.01383243,26,0.96059144
rec_78a3642e1647c5988d6e,grp_8cbcbbb98281f3ec5a26,1,0,0.12652063,0.14462896,58,0.9691057
rec_78aabb05c511e97796f1,grp_a5f1e606a3462a612366,2,0,0.022280388,0.017530765,48,0.98619854
rec_78ac5a8a3ce3dc2758b3,grp_b9eb8cb2282f7358903b,4,0,-0.0695739,0.004963375,3,0.9553904
rec_78af83b5cc900a318660,grp_c5470343b70872e99dca,2,0,0.012900415,0.015314544,19,0.9987757
rec_78b1983d02c5080c181b,grp_4127847fa0610a21c90f,2,0,-0.0048049954,0.011857254,59,0.9639213
rec_78b511889c4b3825a324,grp_1f41f08bf52c64d17b8c,0,0,-0.016164888,0.0142021105,61,0.9179479
rec_78b611c8b64395cbd395,grp_3b09fca7b4a5ca9ac7bd,2,0,-0.04787842,0.006344051,46,0.9832655
rec_78bcf3fa0096028833d3,grp_d12a62d3b6bec040bb1a,1,0,-0.09927926,0.0033133358,63,0.9809945
rec_78ca31107d032c323064,grp_ef6921baee5b0a4a23a0,2,0,0.031280342,0.019952033,58,0.9864023
rec_78e29dd3f4de4f61b7d9,grp_d59d539a189692e68c4d,0,0,-0.050592452,0.008180405,11,1.0047059
rec_78e42cb1cb3b8edfa954,grp_1964daca8cc533b2f5ee,2,0,0.09486642,0.049135357,5,0.9373226
rec_78e5d39d00fdd1936822,grp_b0539c8ca2a293dd0741,4,0,-0.03565621,0.008816999,8,0.96899647
rec_78ecb486af14fdb7bf81,grp_54e370d0339caf57c01e,0,0,0.0030407058,0.01928558,33,0.98285675
rec_78f04c17dfcaea0a640e,grp_f7fca3fc64e5734bac34,0,0,0.00842341,0.021005906,14,0.99593097
rec_78fbb9325b89803cb22e,grp_606b487f18683ec10005,2,0,0.057646215,0.029084489,43,0.99849635
rec_79057e9454cf28d5ea9f,grp_88169971f82c420b470b,4,0,-0.10539119,0.0027006264,51,1.0009836
rec_79113ec30a627bd96f72,grp_f2a77644a1d777cf51ab,2,0,0.07846338,0.039049905,14,0.9870626
rec_79199c58a0b02741210e,grp_ce950918b65ab1471ffb,4,0,-0.1475645,0.0013173104,27,0.9348139
rec_791c478a4e38161078b9,grp_85810ee268efc4777fc4,0,0,0.16872604,0.22360794,9,0.9748354
rec_79207c82d208acefd04d,grp_22bcc060e560672b59c6,0,0,0.038233597,0.03360861,32,0.9568241
rec_7924de800344865482b4,grp_e36148cfc645725c4c8b,4,0,0.02497111,0.024406377,27,0.9543142
rec_7928e2c509f51879d7dd,grp_7af650f5130c27185e66,0,0,0.047040902,0.038564134,26,0.9656421
rec_792ec307d3445e2f1338,grp_a688f46711c56c28640b,1,0,0.085376814,0.076329045,50,0.9814558
rec_79329845242a4fd6cd2f,grp_f6bb250e0d76713564f8,2,0,-0.012741601,0.010569561,40,0.94946015
rec_7934933ce60bf6dfc982,grp_fc3b6bcc4fa7d26b465a,2,0,0.0975748,0.051022537,59,0.95111835
rec_7937fdb9d4c135a25e4b,grp_cdd036850c1a7ea74af7,4,0,0.014587361,0.02052648,57,0.9802879
rec_794c7074e53ee5dff86d,grp_2956a4eeaecc564a3ead,0,0,0.0077976203,0.020798428,31,0.96748406
rec_7959eae579e554b45d0e,grp_6eb9bd5413bf5b758696,4,0,0.11370845,0.10203994,20,0.94589454
rec_795a80b21d0a42d9cc5b,grp_478be58cd7338cbd552b,1,0,-0.026822355,0.011593302,28,0.96027374
rec_796404a74923e8a198dc,grp_7f7ee32f970ea33ace58,4,0,-0.047560416,0.00720859,22,0.93894166
rec_7969b827c750d4a403a1,grp_82bedad6913ea7f4671d,2,0,0.1248195,0.07419219,34,0.95170736
rec_796c2f48659f9167c52d,grp_1b22f912d280ddd5b5f3,2,1,0.10798064,0.058929197,57,0.99701136
rec_798092841306facec7be,grp_68f0aa5e7c18cf5011da,2,0,0.002483102,0.013175626,22,0.98602086
rec_79836e71b7e162edd3be,grp_0309fefc7b28d8ec0e0a,4,0,0.011433873,0.019472582,37,0.9777215
rec_7991217792828805b0ac,grp_cc3c84ab5c1461d0a071,3,0,0.15582536,0.08276219,51,0.92862916
rec_79927842a9d5771095b2,grp_a5151975e7e3723ad527,4,0,0.059462585,0.043109737,57,0.98971665
rec_799527cde13d64f7a524,grp_f4ce0f0039346f6c1f8c,2,0,0.023245173,0.01777586,9,0.98985934
rec_7996186dc9ad96a22fc4,grp_95b81bb10111fc4a96fb,0,1,0.21118873,0.36427596,44,0.97790205
rec_7996bcd3c449c433a9e6,grp_627089810d6964d22dc6,1,0,0.042808175,0.037904847,49,0.8773927
rec_799aa7304597cbf4235f,grp_3d437dc7b51d579a04e0,3,1,0.1803444,0.113233894,59,0.98228693
rec_799cad8002045f75595e,grp_593e61b517cb29122967,1,0,-0.028795453,0.011206401,62,0.96407485
rec_79a3bf238e529a0a3f65,grp_7d43600e1bc5ebcaf99c,2,0,0.15220866,0.10690219,15,0.9404691
rec_79a3e47c509b9fdfab21,grp_45827388f6ef02903887,0,0,0.03721413,0.03307631,11,0.9895282
rec_79a7dcee4c8280ab26ad,grp_4fe83a15375ac4a8a2ba,2,0,-0.06768895,0.004753641,14,0.9913747
rec_79b311160476c377b043,grp_36c2b1f72d13cde5f5a3,3,0,0.037342045,0.016569128,44,0.9904004
rec_79be55530c2bd72d711d,grp_8cc4e8cf41df78b16de1,0,0,0.10102945,0.08774604,57,0.97148573
rec_79c08ce74042e4982968,grp_3b583d9fd26d209bd1f7,4,0,0.043832324,0.0333584,0,0.95396113
rec_79c6008ef7f101a64c28,grp_52b2dcde6c0d78060d67,2,0,0.01247729,0.015221352,29,0.96658796
rec_79cc3af4d69dcafd0441,grp_d7610a248e67f8b2ac18,3,0,0.09355305,0.03600686,42,0.91719025
rec_79d042c4c741ddac23d7,grp_c1696c9f957468b28f7f,3,0,0.15404373,0.0808667,12,0.9439257
rec_79d5dab7a91cc996672c,grp_a08d848bf521a5a99a95,1,0,0.010155375,0.02183377,61,0.98041755
rec_79e7884e79822e32fe9b,grp_81aab73e4c580d174b56,0,1,0.1073982,0.09636381,44,0.99492735
rec_79ea193ab93577ca9fc5,grp_652eabf750583b80588d,2,0,0.032790363,0.020389201,51,0.9915074
rec_79f12c6f8080ab881758,grp_89d41f2dd4140de95fdf,3,0,0.19239385,0.13153364,41,0.9583021
rec_79f1facd169147b7b691,grp_fb04d65887419033dcc2,0,0,-0.03383429,0.010704684,15,0.93632555
rec_79fcf540965f03097f10,grp_9a179e518e65e49a86f2,4,0,-0.034930713,0.008925794,3,0.9270926
rec_7a18ce5742641eb346ab,grp_851b7e035b5e3a61a84d,1,0,0.012840735,0.022854352,43,0.99636084
rec_7a2404ff3d963edf57fb,grp_9dd5d16cd695c71a697e,4,0,0.08142284,0.061491013,49,0.9796931
rec_7a3055dbb0c202284f29,grp_eaec39647b347e930fa9,0,0,0.0070023388,0.020537652,20,0.9579767
rec_7a332c72fa2afbed1357,grp_fbf5689fee094cddd962,0,0,-0.01581579,0.014281504,26,0.9636238
rec_7a3acbc638fdef7dfe0c,grp_44479e4598d91c3399c9,0,0,0.1791514,0.25428858,35,0.9776791
rec_7a3e46901bb847c5ce1c,grp_f1098694c1ad28ddca65,0,0,-0.008024106,0.016171873,32,0.96700364
rec_7a3e645e0209dc40c3f1,grp_5cdf7858cde14a17d5ad,4,0,0.017667843,0.021609817,0,0.90285295
rec_7a42460cda378dfdf4c1,grp_b1346e865d5c73733f65,4,1,0.11118413,0.09816211,36,0.9963552
rec_7a4444c4b79c8e159a50,grp_bb7a40622c8d4dbde502,1,0,0.10516619,0.10442938,35,0.93106794
rec_7a4584c126441bbbcd2f,grp_612ff8a33a5cec01fd26,1,0,-0.062068593,0.0063119265,16,0.95305884
rec_7a46041fdde29f9bae39,grp_e87bcd4b858ccbbb12c2,1,0,0.037471283,0.03465977,62,0.9943322
rec_7a465ecc9fcbef3c0809,grp_7221a43cd6d0530e85ad,1,0,-0.030796666,0.01082703,39,0.9521834
rec_7a4a22baecea249528d1,grp_ae6a48125912daaf7588,3,0,-0.06305721,0.0040479545,17,0.9736748
rec_7a51f56bb7283b3c00fc,grp_e5fc42b10d7461e39571,0,0,-0.064851664,0.0065040574,54,0.73314697
rec_7a5cdb2d2c490a59d671,grp_c93575da350a52359fb6,0,0,0.045345966,0.037558857,26,0.95914274
rec_7a5d8c0d2eaccb5f8e38,grp_c723134a766552b1e09e,0,0,-0.049718127,0.008296132,28,0.9677863
rec_7a61a373de4873c72612,grp_34a5502fc4510d7c6ab0,4,0,0.035400916,0.029020065,31,0.98553246
rec_7a67f34d98b926496d9e,grp_c596e6d13c1cd57dfeeb,3,0,0.11175837,0.046109587,40,0.97275525
rec_7a703fc83d7daa10bee3,grp_b4968ea018fbe0fbf8bd,4,0,-0.078999236,0.00422945,17,0.98027575
rec_7a84ba2fd3f1d971c6fe,grp_686f6587ad6b1b5584f5,4,0,0.032995857,0.027886301,27,0.9708548
rec_7a86b1586b113c2c6e6c,grp_1ba0b2e150cd1e17f2dd,0,0,0.085514724,0.069602214,9,0.95688665
rec_7a8b4da2f7cce0e132d5,grp_5975676d35885474a10d,4,0,-0.024165705,0.010705402,10,0.99602365
rec_7a92603282f48de830a8,grp_47a75f4ded8da83e288c,4,0,-0.053493682,0.0065193456,57,0.97900945
rec_7a941f33d9208cf51744,grp_1c0769af79226a5bd651,1,0,0.08198102,0.07226592,16,0.9432707
rec_7a99822f8e8ebf342e5c,grp_e06cfff1e7217f6a8c52,1,0,0.028644266,0.02987222,4,0.9431092
rec_7a9a0c8b9fad68fa4a42,grp_a54f2de3296275029537,1,0,0.07759896,0.06731754,55,0.9376539
rec_7a9d0712013286952a3c,grp_3694dd19ec7d2b478961,4,1,0.17799146,0.25380957,36,0.9859966
rec_7a9f0d74fac5025fdc44,grp_62b235e707b0cc7064d0,2,0,-0.006700935,0.011536211,8,0.98242676
rec_7aa23f1bce6bb4da16c3,grp_29f7a68ba9ef198b92f2,2,0,0.05273993,0.027122166,1,0.9914803
rec_7aa828b6a6bb78e799c8,grp_df55d1bea2dbc349d928,1,0,0.06284842,0.052884217,44,0.9737718
rec_7aabc8397b7a58f80517,grp_91c000a087fd9072623f,4,0,0.056955416,0.041379876,2,0.9670557
rec_7ab5aeb86b83fade71f8,grp_9722c5cb7cbe4e402aa6,0,0,-0.011922695,0.015197111,33,1.0077037
rec_7ac23d9a250d43109cb3,grp_f1866f1e1d6392058e17,1,0,0.06248635,0.052569535,41,0.9933872
rec_7ac54d96a544452db499,grp_506b265dd41fc44d3dca,0,0,0.104607865,0.09249872,11,0.98704
rec_7ac5bee3cd5d88f73f10,grp_4785d20391b333f92a96,2,0,0.13070245,0.08033323,2,0.990388
rec_7ac6e31210299f69210a,grp_c0b37a98491b6882e6b2,2,0,-0.023169361,0.009085861,2,0.94144785
rec_7ad222e7bc5c5ae2ec14,grp_ae5bba6392f9ed870ba0,0,0,0.053865917,0.04287942,31,0.9298991
rec_7ae21d5fe7ba4e873d50,grp_486b5a9c8c6a62d65b6e,1,0,0.08433493,0.07506062,7,0.9513462
rec_7aee9d52a888978e8f4b,grp_0ffb872e9a82807ccdbd,2,0,-0.012047463,0.010676433,16,0.98172766
rec_7af50c00dc30da008362,grp_a53c353b63c968ba8832,4,0,0.030339373,0.026684007,26,0.95110154
rec_7af5bffaaff03d2029ea,grp_453ee67e8c45188f15d4,2,0,0.028177762,0.019082434,13,0.9429273
rec_7afead651ed8bf8913b8,grp_13cffbeea4dc243f36c8,4,0,-0.016741445,0.012132976,13,0.9946484
rec_7b002a16bc5e43b91c3f,grp_18553e3ad62f52a42be5,3,0,0.009196557,0.011182739,56,0.89850795
rec_7b0c1a62dba9412bdbef,grp_aa27249e97851cfb2505,0,0,0.055500172,0.043979235,47,0.98424053
rec_7b0dad125ad03a6e4819,grp_581b1d057c0f14e9e93e,4,0,0.082569525,0.06262937,57,0.9924574
rec_7b0f3d64776790d3692c,grp_88677723ce44c8b71405,0,0,0.06928557,0.054385684,12,0.9731381
rec_7b114e722637ae9f5286,grp_8f291b42ed9757c4ef7f,1,0,0.09533007,0.08947135,50,0.9669088
rec_7b13e0cd75cf8e2b3de3,grp_3ce47eed1d1dff5f72e9,1,0,0.06187977,0.052046306,9,0.9890007
rec_7b24ac6dac8269e6b45a,grp_66e7c95c3554e5462d67,1,0,-0.014883582,0.014232089,39,0.9835638
rec_7b2d27e721e6689d12b9,grp_065b8ecedad2b4eeeda5,4,0,0.03902648,0.030814115,24,1.0017626
rec_7b3aabcd0b0300388b44,grp_837bca80226a5dbffc2f,3,0,0.05866673,0.022281198,15,0.9976944
rec_7b4d372d3583462bf5db,grp_5fc217ea7b4f41a78c91,1,0,0.058015525,0.048826974,13,0.98020154
rec_7b4ec2df90dac45c956b,grp_ca48783f9f1a894cb355,1,0,-0.11763055,0.0024097748,15,0.9827248
rec_7b4ed128b5a3df1f4cec,grp_46df5afb7c839b57cbc4,4,0,0.04958349,0.036670223,22,0.9643236
rec_7b57362866ac48b39aad,grp_d7ac0a93968dc3e3879b,0,0,0.057501268,0.045362603,26,0.9570811
rec_7b5b914efd5689b868d9,grp_f17c18294a6209ba89c6,4,0,-0.035099015,0.008900437,13,0.99739754
rec_7b5c6c6052a51b348c43,grp_5f915c7e9d70150583d1,0,0,-0.14397316,0.0018136479,34,0.9412103
rec_7b5d6e9b8e84a86cd351,grp_f87051a55b5f931b8390,3,0,0.1833182,0.11753252,31,0.9612063
rec_7b5f17b8789147d293b3,grp_63c3a7f0f6015a545b9f,0,1,0.015585068,0.023529246,44,1.0076411
rec_7b5f78ec38e7ec2c6a69,grp_e7ad97d75fae484af9e5,4,0,-0.10967856,0.0025106752,3,0.95683664
rec_7b6c22551f83d8d74769,grp_4dac9c4853188bb95ca1,4,0,-0.028868668,0.009888409,8,0.920842
rec_7b6c4afbe9d552da8c3e,grp_bd29d3053d7c37d53ebd,4,0,0.07708218,0.057354834,13,0.9952542
rec_7b743c6eada365f10be7,grp_20558cc1fcd48d52f117,0,1,0.014303836,0.02305704,44,1.009783
rec_7b9c02abe14f1767ddba,grp_53af33eb31de764a38ec,1,0,0.052817885,0.044793833,6,0.9826843
rec_7b9c4ae1e822e3a49986,grp_878199d111c05f8e81ea,0,0,0.0010640938,0.01868916,53,0.9671102
rec_7b9dba012961513fa091,grp_1174cfa1abafcb92a4f6,3,0,0.031833407,0.015344623,0,0.9804224
rec_7b9f2f0368306e557171,grp_f38cd14ccef7bb3862ef,1,0,0.0517821,0.044028956,17,0.95332223
rec_7ba59b5057ef5b640720,grp_5cf5bf1d2d250b5c2dee,3,0,0.095121644,0.036786005,48,0.98674804
rec_7ba8c73b54209de69bf1,grp_4733166eb7a7d8988b5d,1,0,-0.0036294684,0.017257668,21,0.97814286
rec_7bb07303dfb51db5099d,grp_bd38ba80fbd03e48a093,2,0,0.10014511,0.052876778,32,0.98235685
rec_7bb3d14e2c3a46c08839,grp_1164639f6cc6e2e75f4e,0,0,0.032205917,0.030577468,32,0.9668432
rec_7bb54452ccd58e71863c,grp_ea102749cb38cb5449e4,0,0,0.091904975,0.07661231,52,0.9900447
rec_7bb70bf27fc8b6929f48,grp_6b1742a3dd095cfe6b16,4,0,-0.052338965,0.0066481475,52,0.9826812
rec_7bbe8e6082b9524e1fbc,grp_e261f0de23ac77e6c8e8,2,0,-0.038561895,0.007265006,40,0.99031085
rec_7bbefebd72290fa62aa2,grp_8846808010cdedb0086e,4,0,0.081016816,0.061092578,30,0.96570855
rec_7bcb53e93051703a841d,grp_f3b60ca15ae67fcbd755,0,0,0.08686135,0.071028285,4,0.9850084
rec_7bd2b0f255b92b4a6159,grp_0a1ebf91df1e0b1eadc7,3,0,-0.022281779,0.0071890997,2,0.9799125
rec_7bd79060265beb530d34,grp_a6a0c8aef5d2b2e35bb8,0,0,0.029234778,0.029182468,12,0.9925381
rec_7bd8a02a09254ea65f03,grp_1e8fcc05f2c0244a93e2,2,0,0.09369815,0.048341908,59,0.98492056
rec_7bd8bd49501836a24528,grp_502cfaaf4de424f571bc,2,0,-0.09780774,0.0030630033,20,1.0029064
rec_7bdf0cbc5a36dd00f563,grp_77a4957bd8b373b76cc0,3,0,0.032554805,0.015499769,35,1.0046097
rec_7be9c0b40b1d961880dd,grp_f988666b752ff517f2c0,3,0,0.11223785,0.046409197,24,0.9130273
rec_7befd32c60f27d4b0956,grp_8d16d36bc5e8af8d7f7a,3,0,0.0101193935,0.011328196,63,0.95370275
rec_7bfadc778a730d3e0517,grp_1a52c6d9499099b054dc,3,0,0.040265404,0.017257474,11,0.96854997
rec_7c0091ab0e6a707ba272,grp_1235a88f2a2bef41b311,3,0,0.16281065,0.09058929,34,0.9638409
rec_7c00f49897ba767495f0,grp_908e22f637c3a8b024e6,0,0,0.13704397,0.147038,55,0.9849854
rec_7c07dcc8d117aa037a19,grp_0b84efb9dcbb92f0dd99,1,0,0.08894987,0.080829605,20,0.9895002
rec_7c0b6c4b6fa379fd2925,grp_7fe7c39e66492e59ac2b,3,0,0.14832674,0.07504893,17,0.96539104
rec_7c1c5ddb0dacdd91b97b,grp_df5f592d0babe67e9638,2,0,0.05236741,0.026978549,16,0.9946401
rec_7c2661f9f8775338e5e3,grp_dab05f1092d3ed16014a,3,0,0.029270498,0.014805718,9,0.9758074
rec_7c2a25367aeb2f22f40f,grp_b784d794ed13f353fe0f,2,0,-0.0466125,0.006462029,28,0.9720844
rec_7c3b47a1005e2a53493c,grp_923502c16310a7fb7d41,1,0,0.123678066,0.1386167,21,0.97825235
rec_7c494eca65f97d6758c8,grp_9d04854fce3d01863b59,0,0,-0.03802142,0.010009662,13,0.9822871
rec_7c5356b01092c1158b97,grp_a9ea81093645ca30bb30,4,0,-0.021092966,0.011274899,17,0.99743825
rec_7c5f0f06040a1ee00339,grp_515e2049d556ab1505b8,2,0,0.08338441,0.041846737,59,0.9800745
rec_7c65009708f543ef6c90,grp_160386080cc1af7e6281,2,0,0.007885819,0.014245328,59,0.9931535
rec_7c6ada3785a9812eec4c,grp_79db5c420700c0c433b0,2,0,0.013658211,0.015482853,21,0.97833896
rec_7c6b2bba10366023054c,grp_04cc7ab5dc82a0c88e49,3,0,-0.055199463,0.004522327,36,0.9458083
rec_7c6f1bb4997da3907ec2,grp_9a5bf97e194acc8f7cf3,3,0,0.112936825,0.046849288,63,0.9243347
rec_7c76f1d9b14fffa4d0af,grp_11940ede268dcc958f3a,0,0,-0.063931145,0.0066011315,15,0.94225216
rec_7c7e97508ed97ca92a7e,grp_247290cbbc43dfef2533,2,1,0.20523146,0.20651744,57,0.9807427
rec_7c7f15c5808f8668eb0d,grp_22a95876a4c7719fc856,0,0,0.07326896,0.05780148,11,0.9805181
rec_7c89663408c1f7637785,grp_0f2dd575dc85db6d185c,0,0,0.07662579,0.06083535,11,0.98395705
rec_7c8a0329b14824f2a8de,grp_b0b9637089eecf290099,1,0,-0.02242667,0.012503328,63,0.9164039
rec_7c98314935ce3cff8623,grp_8b9ca47fdec7bf6fde38,0,0,-0.054482542,0.0076846182,22,0.9770546
rec_7c9f2adfb3c66bcddcf7,grp_308ae8361f261f3884ed,2,0,0.04797328,0.02533927,59,0.9867699
rec_7ca45af42710300e0249,grp_1492c197c0030d8c5a3e,2,0,0.10192488,0.05419781,23,0.9810655
rec_7caf063d0d3b1d1a86ec,grp_630db629557a13ba0bef,3,0,-0.037055396,0.0058397115,48,1.0068817
rec_7cb50680fbd02629c511,grp_b13b938ecd4270bc1638,3,0,0.14096075,0.06812041,34,0.97772
rec_7cc06b34400c0ea7dbf3,grp_f249af563f1a573d1c3a,4,0,-0.026100527,0.0103615,21,0.976346
rec_7cc4c0781073f8cbfa03,grp_00789992ce717685ace5,3,0,0.13951436,0.06683142,31,0.9860034
rec_7ccec1a51b953d5c8d94,grp_6cd26fe00de9d9c59dc0,2,0,-0.027326327,0.008553671,23,0.9664636
rec_7cd904bda1c5b45a15f5,grp_fcdbb9ed48802ea7c379,1,0,0.06535257,0.055109758,25,0.987742
rec_7cdaea0c49739e40969c,grp_205d8acccd07caeb9d45,3,0,-0.00437611,0.009245116,11,0.9701539
rec_7ce3a6a299f8fd8e725e,grp_a2f9d37ade994f4d0aed,1,0,0.13332692,0.1599059,55,0.94974697
rec_7ce87a39bbbccb39cbf5,grp_14a25e84431c956da4de,0,0,-0.07158073,0.0058362274,55,1.0020514
rec_7cefc00ab135d0810e62,grp_ee27f1aa84f553d533dc,2,0,0.08621128,0.04353901,19,0.97970015
rec_7cf0a6955db14eb6f12f,grp_90cc46f10da1ca77410d,1,0,0.029787663,0.030454231,50,0.9751328
rec_7cf71d846744d348f05d,grp_a8f5df556cf5ab75a782,0,0,-0.030408537,0.011308662,9,0.9817314
rec_7cfbf723afd59ea47b0e,grp_0ac3577d788807ea5040,0,0,-0.024932768,0.012344738,32,0.9140084
rec_7d05c620f3f52ced6f3c,grp_f26292411953f7271772,3,0,0.064556904,0.024172863,12,0.9869987
rec_7d10cc48ca63e2bdf601,grp_72e2b6e953826ef09f47,3,0,0.07905315,0.029519487,62,0.9939497
rec_7d14987b662d3aa267c6,grp_05ead5d795f1172da3d1,2,1,0.16016449,0.1185497,57,0.98746914
rec_7d1b9ae4499b4656dcb3,grp_dff3f36310a541fa3f1f,1,0,0.014154485,0.023370476,34,0.98062414
rec_7d1c0ca5b0a2c9726985,grp_d977b58776ef71d29051,4,0,0.029003453,0.026098587,21,1.0034142
rec_7d21401f2f66fbea4fb2,grp_eb4243bea0c9e199c8d1,2,0,0.06927479,0.034300707,4,0.9567602
rec_7d28f7640413e7fb3854,grp_8505c9c3120bc0438397,1,0,0.026928894,0.029019233,7,0.96663237
rec_7d3fa9e869d4f9648134,grp_21288b8c71701b586151,1,0,-0.012705765,0.01477366,21,0.9806884
rec_7d4e1d444c6ebdd90029,grp_a6fc75f5c2fa1a29414e,0,1,0.07908015,0.063147165,44,0.99907184
rec_7d4e56075a5513ed8535,grp_084d4c173910c95ec16a,3,0,0.20234656,0.14848876,12,0.9104778
rec_7d5163af15a2deb28f14,grp_66fa81fc11e2ab18432d,2,0,0.088776484,0.045131,12,0.97940814
rec_7d55a093b7f1dc6912a2,grp_acba72697141a9134922,4,0,0.100703344,0.08343484,20,0.93155944
rec_7d58d7a01736309a6e1c,grp_d63c27913e3859f22e7b,2,0,0.08794733,0.04461045,1,0.9356125
rec_7d728ca80c1f06adab3c,grp_e930d5b7747f9911c6fe,4,0,0.006254209,0.01785556,40,1.002369
rec_7d72e3eba6bd9763ca9a,grp_fdc90bafd6d276281927,1,0,0.010525277,0.021971662,9,1.003354
rec_7d8474081e5616bac333,grp_0103268cf979e719a782,4,0,-0.028646164,0.009925635,16,0.9999382
rec_7dad4c2ba521bc1943c1,grp_854805b556fdd0969ba5,4,0,0.047792863,0.035606533,8,0.9547508
rec_7dc48e6d084bc89171fe,grp_852cfc764d211e593dbe,3,0,0.042794198,0.017875524,58,1.0000725
rec_7dce8669f000f6690aff,grp_d58133731c5e6c5aad6d,0,0,-0.031234324,0.011160063,61,0.9726632
rec_7dd41e09fc7ec367b417,grp_5c0f3872ac46bcd5d9c0,4,0,-0.14537224,0.001367428,47,1.005872
rec_7ddcebf42eb5a4da73d4,grp_7ea518b72f13201c2a4e,1,0,0.046501983,0.04031975,6,1.0024283
rec_7ddfa7aad1b24e571719,grp_0cbea3a2342c62beda6f,2,0,-0.029760027,0.008256568,19,0.98659575
rec_7de876b8e03fd9237166,grp_ae8efb27ede6ebecf62f,0,0,-0.044902846,0.008963185,22,0.98887044
rec_7defe23599f3a43c3e3b,grp_1fe3592b86319867d17e,0,0,0.041069172,0.035133004,25,0.97930396
rec_7e0955419fa6dc2f07b7,grp_ea102749cb38cb5449e4,0,0,0.091904975,0.07661231,52,0.9900447
rec_7e2b077ac7e39153ce4f,grp_1fc75a9e2cbaf75d50b5,0,0,-0.05339828,0.007819728,53,0.95684904
rec_7e2e54c349560a59170e,grp_3af7342d9712dfc80689,2,0,0.04965921,0.02595643,40,0.9580477
rec_7e36e5c95ae0367b7859,grp_cbcb8549275929dcb58c,4,0,0.11401826,0.1025251,52,0.9852201
rec_7e374b6f399d7711ccbc,grp_674b08dc94ff0d7d1e5b,0,0,0.099708065,0.08604752,56,0.96331877
rec_7e37a57c6fbfaf9239dd,grp_8bc6dcf971058f76f64e,3,0,0.13666351,0.064356916,48,0.9823844
rec_7e3dedff4d88b1ec1e98,grp_e5a42f91cd23800368fc,1,0,0.02196957,0.026684007,63,0.93967
rec_7e3e66f776ce71e5e184,grp_f09166e13433f83247f0,3,0,0.11090443,0.04558053,22,0.95113397
rec_7e3f6b796486c50b6171,grp_0e639a995b68ce77903e,0,0,0.040624738,0.034889746,39,0.9813407
rec_7e4b3467cd15ebdf60c1,grp_8df98187f569b50fa4b9,4,0,0.034501027,0.028590705,45,0.9942828
rec_7e5325f72c096939fc26,grp_8112d908a9a6523afaa8,3,0,0.046738025,0.018883022,11,1.0049108
rec_7e54f0fc6e720c7fba69,grp_702a7d44c3625ae85ce5,2,0,0.09003707,0.045933515,43,0.99564624
rec_7e5514369ae76847c50f,grp_de3ed998d3f6c94b94a7,4,0,-0.024016613,0.010732362,20,0.9338239
rec_7e61436ccf4fe72e3554,grp_5b6c7b9788b91f682af6,0,0,0.094664656,0.079835534,14,0.9618762
rec_7e659a50ea298394ee6c,grp_df64bfdd554c053412cf,0,0,0.10555298,0.09379203,23,0.9854901
rec_7e71ea599413547c3f38,grp_e17cbd9c3f4c57ecedc0,2,0,0.02868356,0.01922162,16,0.98138905
rec_7e75f594779b9a4e758e,grp_1dfd8d512dfde416ec1c,3,0,0.006054027,0.010701136,1,0.98807436
rec_7e7e3936f3c71c06fbd3,grp_4f8dd888bf52a814f56b,0,0,-0.017295524,0.013947937,4,1.0033902
rec_7e81283d550e04b6eb74,grp_5f44457fb8cceec6704f,3,0,-0.07518481,0.003411269,37,0.9913168
rec_7e87380b4114fa7bf466,grp_74cecd8c4aa16ba4d95f,1,0,-0.09971579,0.0032883454,49,0.90231425
rec_7e88f863d1a06965004c,grp_1b5230ed23af3a8a8983,3,0,0.07356453,0.027372098,1,0.97760385
rec_7e8d61df2de9fbc54024,grp_9ba509f50183c8db4519,0,0,-0.042462125,0.009321327,1,0.9427638
rec_7e9caa3df42fe48d76a3,grp_59dc7ea16205a5b0c750,0,0,0.08641799,0.07055581,3,0.9706688
rec_7ea6b922ef7cc2fe21b5,grp_dd08570e0103ca144743,3,0,0.03100272,0.015167872,2,0.9742846
rec_7eb9f24dfcbcee8565e5,grp_81a0ca3aa7005a1681a2,3,0,0.03538293,0.016123004,58,0.9770496
rec_7ebbbbd89da2b03b176e,grp_3b0c6c39917e63735ede,1,0,0.14070444,0.17791277,14,0.9332465
rec_7ebc7ffe4b2d01a49d4b,grp_3cd0b95f83d8a21c706f,2,0,-0.02442012,0.008922374,8,0.9536497
rec_7edd47f7da3990f4aa65,grp_25c4aba7f8b4d85a236b,4,1,0.16940102,0.22707371,36,0.98692334
rec_7ee7110ce19cc6a0136c,grp_de80e13a4c968529ff70,0,1,0.068726175,0.053921502,44,1.0039248
rec_7ee776f0adf7ac31110e,grp_79d0f7973cc029a04e68,4,0,0.13954799,0.15006891,26,0.9852049
rec_7ef86dea3af67b9963a4,grp_8626682b4b2bd1abb44a,3,0,0.16552243,0.09380356,51,0.9155015
rec_7ef9e0e4f51be3fb1ef4,grp_9bef753c4dbe5661c4e0,3,0,0.07878369,0.029410345,17,0.9625677
rec_7f081b1ba2d4bd2fe31c,grp_9705bf59a0f38f7eea82,1,0,0.026147945,0.028638773,48,0.97428757
rec_7f28899b472f7a610038,grp_d3d2694f415353f7230b,4,0,-0.022364182,0.01103575,45,0.98545945
rec_7f2d252678db675a918f,grp_c9b5f50afde3efc81149,1,0,-0.027819073,0.011396232,11,0.94697565
rec_7f3472f622e87d8fe107,grp_8b692015d916a8d9b6a2,1,0,0.002175107,0.019056894,60,0.97520506
rec_7f38a6fb8f2eff2e5568,grp_69fd35c8c550f1137bdc,1,0,0.13898627,0.17358197,4,0.96209145
rec_7f3a296aaa3bada1e249,grp_06abcf31474f61b706a3,2,0,-0.016845698,0.00995897,39,0.95840794
rec_7f3fa996f503d58e0c43,grp_00254a391a93f80b74d0,1,0,0.0196958,0.025675429,59,1.0090739
rec_7f708034d4325a47a7d5,grp_739d3685bfc5c7a7aff3,1,0,0.03846815,0.03524486,40,0.9899486
rec_7f71f8d21054898471c1,grp_c1f4ea8eddbcce27888d,2,0,0.18055184,0.15347782,34,0.9719593
rec_7f745a8dc5f6c2cc7da7,grp_ddb7e2bdb2276b4a5530,0,0,0.058703672,0.046213664,23,0.9801067
rec_7f76cbbb0979d24d2402,grp_fc9e3cb776727a9b49cc,1,0,0.0077679986,0.020963948,22,0.928586
rec_7f7f026fd700038f56aa,grp_11801de260923049b0d1,1,0,0.18979062,0.33706298,4,0.9683672
rec_7f8b61304fa4d26500fb,grp_89d735f183b7662aaa93,1,0,0.012586245,0.022755666,48,0.95003563
rec_7fa10ddc7a393ee261c1,grp_0816739710f7002f5306,1,0,-0.09427306,0.0036138233,1,0.9563327
rec_7fa21ac7c31d7f244983,grp_e3f7b77275a8954a8777,2,0,0.0516279,0.02669562,38,0.98867077
rec_7fa91c3d899fb92e8a9a,grp_412ff1e37027a373440c,0,0,0.059266556,0.046617266,50,0.9995855
rec_7fa9d208e6ac402a5f80,grp_8d5d4c8e96f181c25607,0,0,-0.104343235,0.003440881,28,0.99477905
rec_7faca5805ea6b40b1cb6,grp_c9803b6acb7bc0d43900,3,0,0.052908063,0.020571947,48,0.9923045
rec_7fbf68d5aeec0eef45b3,grp_dd5c2a12eb7b4e41bb1e,3,0,-0.014704752,0.007997008,2,0.95828754
rec_7fcb21625ebd1ab745f1,grp_44063bd71097868da725,3,0,0.1311289,0.059794884,34,0.9769118
rec_7fce0057c825ff1f0bb7,grp_6db7a6eeea3bef155725,2,0,0.11319827,0.06331361,53,0.9878734
rec_7fd722707b11325bc673,grp_47798672a97b62f8cb76,0,0,0.0688672,0.054038163,13,0.9914577
rec_7fdcf1b820594520f84e,grp_9d4d7b32a4d9f1f5ba31,3,0,0.030199634,0.014998897,8,0.93369466
rec_7fe241f28c9278481f34,grp_65999edec2ce454d93b3,3,0,0.18874946,0.12574868,32,0.9478501
rec_7fecfa8e201dec39e406,grp_8c00858e2646f6569556,2,0,0.023482466,0.017836655,32,0.94896746
rec_7ffaf1a92281549175c8,grp_c1406e1bb0d32a8d9377,3,0,-0.022643048,0.0071526705,17,0.9792537
rec_8004d61ee04d8b903c8f,grp_5914bab67d97b23da141,1,1,0.065682136,0.055409152,46,1.0018209
rec_8006926d6705ffdd0c46,grp_212e2bba3c217c98a4da,4,0,0.090189286,0.070706494,3,0.9626632
rec_8015ee647dc934db760e,grp_a092fbd795bec06aadf1,1,0,0.1240537,0.139399,11,0.9585609
rec_801dce9e854d87c03474,grp_29adee446a3bd894cb01,0,0,0.031970013,0.030464383,32,0.9575399
rec_801e654d93d5fb017359,grp_dc4585bbd57404bf3ed9,0,0,0.061323803,0.048121095,42,0.9971517
rec_8024d5d998f95c4637a0,grp_1152cc08cd671ff1d304,1,0,-0.00027231342,0.018276872,6,0.99131685
rec_8029a257580628d3252c,grp_76062595917a764beb83,3,0,0.08429367,0.031721722,3,0.9762581
rec_802cdebbb2df352bf896,grp_693b69266d036118395d,1,0,0.03496104,0.033227626,26,0.9269553
rec_802d85afc2021e540e6c,grp_9f9749805d853b208453,3,0,0.1444893,0.07136216,1,0.9658297
rec_80319d1f102cac91a82d,grp_42c7367b226fb110b513,0,0,0.0022790446,0.019053578,10,0.9723555
rec_80395d34819476db54c7,grp_87958d2f0aa3b00efa52,1,0,0.08718155,0.078572795,31,0.9840564
rec_803d7d0c51c26eba3323,grp_5700b0ffb57bc1aa6a74,0,0,0.03377725,0.03134114,8,0.97883254
rec_80431d6841fb9ed921ac,grp_5e9295c728b06dd5bf98,1,0,-0.09345079,0.0036657106,4,0.94317704
rec_8046c43bed19903756dc,grp_0223190b11ea0862ce15,1,0,0.009368367,0.021543197,31,0.9912049
rec_80483c6b734b635ea81a,grp_1187957da72aad19f011,2,0,0.08406559,0.04224868,10,0.9517718
rec_804975cb1528a84c413f,grp_e1bb326a32b1f8fa3bb0,1,0,0.055222705,0.046618816,38,0.9145409
rec_804f10418fbcade59116,grp_b2a9da7ec2177b5e0238,2,0,-0.011025595,0.01083571,61,0.9645718
rec_805068baad0909914169,grp_44c09712f40ec43d46ba,3,0,-0.027104983,0.006717584,36,0.99597186
rec_8061d484b7310a3d0469,grp_ce9c4beacdec45c91bda,2,0,0.021283373,0.017280983,51,0.9909623
rec_80660d5b17bba1d43b42,grp_2b76a6bdf8b70f1eda0b,0,0,-0.018147742,0.0137593215,9,0.9842871
rec_806db1f6123f748679ec,grp_e38a43132c2ad412e3a6,1,1,0.13342762,0.16014142,46,0.9923616
rec_80764dea9f0aab6df6af,grp_692f8e6e97ab32427c2f,3,0,0.04303455,0.017935386,35,1.0075471
rec_8077af1d7418a451fe4f,grp_8612384f553a77e19d5a,2,0,0.020308351,0.017040085,59,0.96363604
rec_80800f2c8cba2f3eacb1,grp_ae361490f93184ee46a3,2,0,0.11686464,0.06657452,16,0.9751207
rec_809d6299f42f7e9c767a,grp_4f2bf69ef7319c904d39,1,0,0.041739594,0.037232548,55,0.9570055
rec_80ab00fee2cd0e30342e,grp_dcab241b7d1f69c19fd1,2,0,-0.039600477,0.0071560945,48,0.9736788
rec_80b4d4cb453401d00a5e,grp_16df2113d387eb849c86,0,0,0.002457017,0.019107541,42,0.98350674
rec_80cef9ca2dda55285533,grp_9165ca18f90ee7616063,2,0,0.022659555,0.017626693,13,0.95165604
rec_80d6b45d2331d4e9ce84,grp_9a3a178e49c9cbe8d588,1,0,0.035508633,0.033535086,15,0.9658748
rec_80e36b9a25377783fd77,grp_a56ec00205f4f698f022,0,0,-0.06934968,0.006049732,11,0.97102636
rec_80e5eac23e20689a06b5,grp_cb5d4e26027dd678cd41,2,0,0.06788342,0.03363193,1,0.9929771
rec_80f42a0b854bf841aadf,grp_7aeb3de06d7c70365c4d,3,1,0.18366115,0.11803724,59,0.9831138
rec_80f572c4c9159a57928a,grp_93e45ee40f5bdcc6318b,3,0,0.108556,0.04415524,63,0.96923304
rec_8103f1188e35590dfaaa,grp_06ad5ff4623f7ee06244,1,0,0.06715691,0.05676771,47,0.99968296
rec_810529db8de521bc3705,grp_1405f3e615fe133b97af,2,1,0.13406229,0.084045425,57,0.99173
rec_8119cd2159569588fdf4,grp_ac0f8e60f4c95107bc0d,4,0,-0.04681748,0.00729984,28,0.9884722
rec_811abafe020e6d53e2f6,grp_6462b3ae0a5189c2f731,4,0,0.096778266,0.07845615,49,0.9518308
rec_811c3f552ec169182716,grp_2595b9f9913f75a51183,1,0,-0.044305954,0.008578361,48,0.9870667
rec_81214eabb899565e2a38,grp_36e72db69c2ca9de07e6,3,0,0.026916754,0.01432723,48,0.97945386
rec_812730e0effba99268fa,grp_96dc84fe61a480d6a01f,4,0,0.0662558,0.04815031,26,0.9611658
rec_8137830b987940b2ce4d,grp_eaa780da07a8b6cbd17c,3,0,0.1557396,0.08267004,19,0.9508164
rec_813a3b9f64c33d22a6c1,grp_cd21b82b51a4b5c84983,4,1,0.015585577,0.020871578,36,1.0099821
rec_814841d764df0a8ccfef,grp_717657d31e3b96546101,1,0,0.08796887,0.079570405,4,0.9514986
rec_8156fc88e9121d24a86b,grp_5abf82773874623b0f8c,4,0,-0.0027970194,0.015340572,13,1.0099313
rec_8157e40590258ac1ee30,grp_6dda82766c0317daeac0,2,0,-0.081680804,0.0038760814,21,0.9941388
rec_815b89b0917ae95ee819,grp_4c46b9067ac17b9b1731,0,0,-0.07176801,0.005818652,26,0.99652314
rec_8164cff451e2d651ddce,grp_5d2aefe7169b0865f58c,3,0,-0.09084189,0.0027346616,37,0.98231804
rec_816591cb84d47c2390c8,grp_fc202f3b35beca83f8ca,2,0,0.03549608,0.021196106,28,0.978092
rec_8168fd3a65b430a55e62,grp_be823e542b9e1ba6c773,2,0,0.09465264,0.04898925,18,0.9299251
rec_816acd324a42d503da59,grp_07114cffc83529785847,1,0,-0.011309887,0.015131396,60,0.9972412
rec_8179202c0706353e884a,grp_559010494aa025be248d,2,0,-0.05560824,0.0056687146,3,0.9648635
rec_817bf0f1f19e64bb0f08,grp_7514e33720be6210b77f,3,0,0.16290437,0.09069869,5,0.9733902
rec_818fa3ef0c642d5b9d59,grp_983b6ff9bb6a8bc57aa5,4,0,-0.050458502,0.0068633356,27,0.97983325
rec_8192ff92127cfd638c11,grp_ad90f393e189f512cc96,0,0,0.1234252,0.121462524,20,0.9785724
rec_819442458f763e9d06a1,grp_5aa3ea6b786cf32404d4,1,0,-0.011084294,0.015190012,41,0.9887993
rec_8198325ec30c5cefafb1,grp_7e96c466dd8be319c52b,2,0,0.15256307,0.107398875,1,0.9515226
rec_8199a8126b23246a64aa,grp_0ae259d5aeb37e1152af,2,0,0.055146884,0.028068224,14,0.98820657
rec_81a1bedc211c2b2aed15,grp_4b27e16e6d34a7126a0c,2,0,-0.038864784,0.007233072,4,0.96106124
rec_81a22e1bb458119d093b,grp_777f62f6856c7f74d262,2,0,-0.0037629977,0.012037442,14,0.9731945
rec_81a7f168779bfadea40e,grp_dbe8df62443f344486d1,2,0,0.13184929,0.081583224,6,0.97391564
rec_81af77ff18fcef72e655,grp_575d21f5dc230ead23af,2,0,0.18974312,0.17179817,61,0.950524
rec_81b81cf8786b23228194,grp_5914316e220ce2b46435,2,0,0.025559671,0.018377623,61,0.9568887
rec_81b84960a5efa8945546,grp_ccfde2009415acb30eb2,3,0,0.020491231,0.0130972555,44,1.0070758
rec_81bbb983ab9403b137cd,grp_94b902abce90a7b4e783,3,0,-0.014819121,0.007984168,39,0.98780936
rec_81c49c8c74e18db01492,grp_d1460eade29e636ace9d,4,0,0.08244194,0.06250174,55,0.9750456
rec_81cb7863e015a0b90740,grp_b256d611533373e25b68,0,0,-0.026140511,0.012108448,3,0.9631073
rec_81cca5cd774274ca73d7,grp_004d5cb1efeffa4ad770,3,0,0.08214009,0.030798115,35,0.994287
rec_81cf3637ba8f098e1762,grp_31302b824ea29378e407,0,0,-0.012652189,0.0150212515,22,0.99420094
rec_81d14834263cfcf478a1,grp_acd6a47bc38f3e91643d,4,0,0.042867288,0.032831725,8,0.9799284
rec_81d5ece8ce91cb7e338a,grp_fc2d7999f19b9caed99d,0,0,0.058766466,0.046258524,50,0.96558076
rec_81e0882b7a9fc35e1b08,grp_362a2733e79c24044270,1,0,0.021835154,0.02662333,15,0.9578139
rec_81ec5580a26a921b4783,grp_b58cd025bc0c8e0407f8,2,0,0.05115712,0.026517011,42,0.9635307
rec_81f41415c69c28e1647d,grp_0504a57f348afa6092f5,1,0,0.06618884,0.055872437,48,0.977751
rec_81fb019804d05ccf14fa,grp_f3df30da1335cf72b47d,1,0,0.05341774,0.04524259,5,0.97091305
rec_81fe854a50a847bf810c,grp_bf3ca003fad5c068b8ec,2,0,0.034257594,0.020822959,14,0.98043805
rec_82044687a26ad4a1e886,grp_f465d413cac00401d907,0,0,0.09980503,0.08617115,20,0.9957638
rec_8207d70e7304e55341b9,grp_1bbbca84165c59768c19,4,0,0.10251236,0.085824825,57,0.99226
rec_821221ec3670d32f7e3d,grp_c1167ad0af85b788e3d2,2,0,0.091145,0.04665004,7,0.9727496
rec_82140aa8694985d4eef7,grp_647e4c7e3ca2af5e7a01,2,0,0.079676695,0.03972235,62,0.9688256
rec_821765deff0896236e92,grp_0be93eeb89b6dd6b4b9f,2,0,0.061158393,0.030573104,9,0.97299314
rec_821d3463225562adc896,grp_a7fa43819b6a8c528d0e,1,0,0.054349087,0.045947812,41,0.974657
rec_821db8d2bdcccfba866b,grp_4e2661fa733202c92eb2,2,0,0.09818512,0.05145718,18,0.92680085
rec_821df832b0926cc43d88,grp_659aa1ff3c8df9f7c7b2,1,1,0.102866866,0.10074627,46,0.9942296
rec_8225411d00d6301ff228,grp_2b64c6f7cd75bdd93d21,0,0,0.019477997,0.025022624,50,0.9851384
rec_8226af0b5a33422512f3,grp_ebbfa6a1fb1b17e2a17e,0,0,0.013379499,0.022722129,11,0.99257356
rec_8235a255a925d157a7af,grp_eb887315998ac3528d8d,2,0,0.103161745,0.055134144,18,0.9538832
rec_8238f11ae83430e4696d,grp_d44722c75d361f7487a2,3,1,0.16046666,0.08789121,59,0.98613614
rec_823aa5c1e235335e8391,grp_5f8fab6cf7fc79bd5b43,1,0,0.055836704,0.047095977,9,0.9858259
rec_8248011ae6f9e3737ce6,grp_7a43f91d2e75dd5338ec,0,0,0.03969726,0.034387328,47,0.96619403
rec_82520855b163ad81810a,grp_59d8c62cfaf9fa80c93a,1,0,0.02153607,0.02648879,7,0.9348833
rec_8259664858badb05e93f,grp_bcfaeaab92c46002275a,3,0,0.09503498,0.03674253,24,0.9922488
rec_825d8e28759350e928ab,grp_566ab31d59f2dd1c432b,0,1,0.12179244,0.11866807,44,0.9949277
rec_826511ec87e92fa0992b,grp_6135a783a1a44483b728,0,0,0.00066406024,0.018570675,11,0.9899289
rec_826b66c08a4d4f15d06d,grp_f9cfba0194c42542b0f3,0,0,-0.057366885,0.0073363683,22,0.9955472
rec_82700843839184486a13,grp_2b9f7d3828f45eb14010,2,0,0.14328967,0.09505343,16,0.9856742
rec_8273c65d9c617319089c,grp_c20a54227a8b1c5bb917,1,0,0.13459978,0.16290376,28,0.98345196
rec_827c3daf6bec9615c22a,grp_abfdbee628e0b3fe2e34,4,0,-0.027071858,0.010192998,12,0.99247193
rec_828344b59282eb67bf14,grp_12d7739fb58dc9fb033f,4,0,-0.013537862,0.0128056165,30,0.9974615
rec_8289d8e37d7ccb2f8f6f,grp_e7c1673bd4a2c2a79e84,2,0,-0.07888272,0.004037606,17,0.9486194
rec_8294b37643f2ef602ea0,grp_5d2d528fd1474d153676,2,0,0.0019588806,0.013076149,46,1.0109671
rec_82b4b7f75d86ff9e575e,grp_da6517bc67855dbfce42,3,1,0.16099833,0.08849675,59,0.98546994
rec_82b53f8a7174026fc22a,grp_fe4e91c578632990f33d,1,0,0.0667176,0.05635977,57,0.99120086
rec_82b9a21b0651361f97c7,grp_fc1082c81e9f0823c9d0,1,0,-0.036893383,0.009747863,60,0.9631529
rec_82bb0ab5bfc832541bd8,grp_3582048185c5c2ce35b3,4,0,-0.03223441,0.009341918,42,0.9898465
rec_82bde11d02a90ef38ee6,grp_9e71bb7c0a43cb788210,0,0,0.00465036,0.01978502,23,0.9490568
rec_82bf8f27f2426b5c3524,grp_9632e995eb4c0a5926f6,1,0,0.054011345,0.045690868,26,0.96204245
rec_82c5e74cbe1603b5c726,grp_fd733798d71a76caa208,2,0,0.16587329,0.12757106,15,0.97214466
rec_82c8240fd7050bc3fcae,grp_ae5a8be92c30a95b49ae,1,0,0.18661232,0.3248184,58,0.9813898
rec_82c83f9afd4f215e5929,grp_cf3eb215eca9792304af,0,0,0.14970161,0.17465833,35,0.9813369
rec_82c86bfb2e919129956a,grp_c704db2836dde7b37247,0,0,-0.07602784,0.005432753,33,0.97718734
rec_82d435962fb522698c58,grp_5a327d7fc119899fecc1,0,0,0.00943435,0.021345358,1,0.9798225
rec_82d6774d35b553770feb,grp_5c4665f93297a3641229,2,0,0.036943816,0.021640608,19,0.99654937
rec_82d939aec76768f74fc8,grp_f51da981287aa416046c,0,0,0.026487768,0.02794774,3,0.9709448
rec_82e5f517aeebb85e8e22,grp_e48dcbb248228e9946b8,2,0,-0.06248618,0.005128179,8,0.983088
rec_82e8e1befbce4ad016c1,grp_af14f5a6c4ec1a287ff1,3,0,0.024596518,0.013870489,15,0.985358
rec_82ebf2fa2ed5417b589d,grp_97c66211c05370fbff33,4,0,0.0016909003,0.016540699,24,1.0021663
rec_82f273fce7dd777e461b,grp_c85d421c771833ca8f48,4,0,0.037088476,0.029842159,2,0.9721057
rec_82fc44643ed3db049366,grp_140a8ff35aeca7ba1e41,0,0,0.025435448,0.027488315,35,0.9855216
rec_83006d25e52f9eea86c1,grp_57b1e8df96898797bb47,2,0,0.019517891,0.016847212,40,0.96826524
rec_83032287a0c85fc667fb,grp_d345e783a51d2cf72d26,1,0,-0.016464438,0.013851274,15,0.99169344
rec_8312b9d67924bfc4331b,grp_a31a502d3ddc2a008de5,3,0,0.012531738,0.011717313,36,0.916738
rec_831419a2f548d7664931,grp_562b96697c19c99a4ea6,1,0,0.013510825,0.023116201,9,0.99642986
rec_831706383e1b600031f8,grp_5bf060af506ad42f4f8b,4,0,-0.0042846664,0.014961991,30,0.97127503
rec_831a0ca1dce645f570f3,grp_dbe8965d3d70c30a0ffb,3,0,0.12206185,0.052970413,11,0.96314937
rec_83263401c44b1f4ae5d4,grp_dd8e8a19008215426ae4,2,0,0.17623596,0.14544238,18,0.95982796
rec_8326e65b786efe5e2cf5,grp_a69d46321f4bb18324d9,1,0,0.07244229,0.061897773,6,0.9734888
rec_83322d14503d73709206,grp_b36b12cdf9e4d057d875,3,0,0.098596185,0.038569976,60,0.9825542
rec_83401db0b4e9e288326e,grp_96ddcb78bb53a6863eed,3,0,0.12168102,0.052700475,30,0.9288203
rec_8343ffdb5fd1b2053455,grp_31577d33398fa4e335ed,2,0,0.051144555,0.02651226,1,0.9675338
rec_8345f623d2ae3f327145,grp_c60c543e4b7ff15d20e1,2,0,0.09061835,0.046308134,17,0.9828289
rec_83514f1148b80efe2253,grp_48fe1fac0fde15e6aa82,3,0,-0.009226075,0.008636679,47,0.988361
rec_8368e23921982e089137,grp_f97c36b24784027de5d6,1,0,0.009478645,0.021583686,44,0.98407227
rec_8376cd92cd7f227a6271,grp_208784cfc5a6c3d5d6c2,4,0,-0.0055452893,0.014648402,12,0.99994576
rec_837e4e15fa6f8a4ddea9,grp_cd8b8eae17e315fb0b85,2,0,0.069748044,0.03453109,58,0.9763761
rec_838eca2eb376bc544933,grp_019f60a8e6d6b97c0bcd,0,0,-0.059885815,0.007045084,61,0.9390347
rec_838f3cf2bc382b17ab7c,grp_a89fe7bc4cd98468f81e,2,0,-0.054933563,0.005724696,31,0.9979339
rec_8392d8537f765996dd85,grp_5eb93a690f3cf80a4dab,3,0,0.041545987,0.017567787,24,0.97696877
rec_8398a9530c7c9026ccd6,grp_e482662c203ac79712ab,0,0,0.062621154,0.049093008,11,0.98277766
rec_83a14abdbff5aa8c8bc5,grp_78cda717e558fdadd982,0,0,-0.06676476,0.0063068205,53,0.9683827
rec_83ac029fe8ebfc8456aa,grp_57887e71a2dd87b1eb7c,1,0,-0.05769384,0.0068077827,55,0.9454137
rec_83c345945a4e6a26a04c,grp_b6826c5fb0a2ada6c912,4,0,0.061454847,0.044533357,12,0.9966695
rec_83ce895de676b1984d07,grp_5f86f2b4903e6dd1aed2,3,0,0.07708753,0.028732298,47,0.98990804
rec_83d44eb74e11fc55dd38,grp_4f9b33f6b76b6f2a16f9,2,0,0.0026837764,0.013213903,14,0.9755134
rec_83d99f3f904b1a182d02,grp_e454f76f86933dc16347,0,0,-0.0816585,0.0049614636,35,1.0145681
rec_83dec463ce46425c3078,grp_481a1e2de07539ad35b4,3,0,0.08617202,0.032549124,35,0.9887904
rec_83df5ebb153a73394380,grp_b2b766827f082a9d171a,0,0,-0.091080286,0.004262123,27,0.97658217
rec_83e2fc31e114b096fe9e,grp_ddd4fdb53502167faf67,1,0,-0.03528096,0.010022457,50,0.9699689
rec_83efa3550dd1c0d6ce7c,grp_a6be05831da55bcc7230,2,0,0.1207239,0.07017499,42,0.94718975
rec_83efee8e1c8dd9a2d795,grp_64e6f580ff03eec77afa,1,0,0.12691063,0.1454705,18,0.9791355
rec_83f20f3cb458c28c68dd,grp_69c55cd795b055e424f7,2,0,-0.010107551,0.010980804,33,1.0063405
rec_83f2585a888a22c3dcc2,grp_e8eaef6ae2f1244ee094,4,0,0.08969188,0.0701511,8,0.9813647
rec_840a10e5b9a6ca1efd7c,grp_30032f4096cc5bbd6818,2,0,-0.0023166914,0.01229203,43,0.9974686
rec_840f0b52947b455898eb,grp_0db2612eaccda699801f,0,0,-0.036684804,0.010226531,46,1.0009416
rec_8412149f147a7ca87b73,grp_ecfc4e78ae8999e4a487,4,0,-0.09831414,0.0030460272,27,0.9897753
rec_84125a534e87d6137322,grp_3256747f91733a50c89a,3,0,0.03211246,0.0154044535,36,0.93860656
rec_841a4fce2cdcfb55bbd0,grp_e3b87a8b6a4d168056f6,3,0,0.09420997,0.03633121,12,0.93984276
rec_8426a09efc59516a2a88,grp_68bf1ee6a7e7f30cb967,3,0,0.063857205,0.023940198,26,0.97370005
rec_842a3e800d694f69ff50,grp_f2392dfb6fa4c7744fda,2,1,0.12199258,0.07139738,57,0.9926369
rec_842daae6cd933f745157,grp_69a3f67fc74553441716,2,0,0.052672252,0.02709602,8,0.99748653
rec_843bbf8fc7168fa4ef31,grp_59032265633891da5e3f,3,0,0.16396675,0.09194731,12,0.938178
rec_843c5fba7713057f37fb,grp_c4e94815f70cf516cbb2,4,0,0.0413933,0.03204276,28,0.9630111
rec_8443f6229e810ba6ebad,grp_b3be494115074f1582d1,4,0,0.089793734,0.070264496,8,0.95229274
rec_8447c18057ea580b7f5f,grp_3d86b78f5458b889c46e,4,0,0.06587293,0.047851905,17,0.9911372
rec_844de5451f1b0ac205d6,grp_f6503d6e658a01533370,4,0,0.0064693876,0.01792003,30,0.9679796
rec_8456f09fd18b622d91dd,grp_1bef46ef85f4a7ee96f3,0,0,-0.020451074,0.013262038,55,0.95707244
rec_84579b4ac84f9678c916,grp_7804c9a85648920ec4cb,0,0,-0.090041,0.0043341764,3,0.9523248
rec_84621c269245b9698921,grp_bff16afffdfcba3c936a,1,0,0.030475995,0.030809889,24,0.932419
rec_8463891b8f46d48715e9,grp_91b06d6ab4d78e82348c,1,0,0.07782115,0.06756069,23,0.96568525
rec_84696c63d1cccfe9a956,grp_007871a1ea61a78d7b26,4,0,-0.028724559,0.009912505,0,0.9548298
rec_846f3a736ba5f79a6af7,grp_85fdd9fd59c520173ce3,0,0,-0.05215126,0.007978037,16,0.96345055
rec_847845bcd18d8d206887,grp_8ba3e15c255d9522a68a,3,0,0.046679083,0.018867565,56,0.9485334
rec_848209516a7bbe43aa28,grp_f22f246c14fbcd9770a0,3,0,0.039719414,0.017126815,62,0.98883194
rec_84851a423dc00ccde52c,grp_7866c9fd9a5e4f6ecddf,4,0,0.0020229537,0.016633078,27,0.9665755
rec_84867b8e3f24f37c58da,grp_2e0f5323dc7c9e8d6e1a,4,0,0.02681507,0.025166513,24,0.9958422
rec_8488a35fb57d77a91dbe,grp_663c906cc8bc81aeec09,1,0,-0.0061078686,0.01654128,1,0.9704722
rec_848ba0491c42d9f0ba26,grp_f9053f02059162712d48,3,0,0.19340715,0.13318175,31,0.93546957
rec_84a2e506c104818f9948,grp_0ca6e2afb50b9ad263df,4,0,0.051597975,0.03790344,30,0.9809907
rec_84a9d36eea09585335eb,grp_2cfa83e6e5e16660c30c,4,0,0.05866251,0.042550333,24,1.003042
rec_84ad41f8cb0166e5da98,grp_63a97c1c815b7eef246f,4,0,-0.016085893,0.012267721,17,0.99025965
rec_84afa0d510911c4ce5ac,grp_6bec5d05d0fff3722601,3,0,0.087979764,0.033365093,40,1.0002823
rec_84bb5f4355f84c40af6f,grp_9df904c965c2a8771199,3,0,0.0446167,0.01833437,63,0.98362833
rec_84ca03681eb38f006ee0,grp_9f396c40bf53eb4d09e7,0,0,-0.0474958,0.0085976375,55,0.95442003
rec_84ca07f2b68d4564ae11,grp_72c718349f81fa9102fd,2,0,-0.06466631,0.0049677882,2,0.9943242
rec_84cec35377436e67b8bd,grp_e15ae1a2a8d0dfc418a0,0,0,-0.13658357,0.0020438265,35,0.9942899
rec_84cfb3d0af5d0f80ef87,grp_4bbcea0a79e3be38cf1b,2,0,-0.0054181195,0.011752479,19,1.006395
rec_84cfe6740134165212d9,grp_91efe5442a506c5e9861,2,0,-0.023767926,0.009007255,62,1.0132483
rec_84d11c0ed57e477ae5d5,grp_e6fe8e034ab0dc538e68,3,0,-0.007215287,0.008883967,47,0.9909933
rec_84f08c3d5e86140970b6,grp_f7549252c40ed54b937f,1,0,0.07799513,0.06775165,62,0.95726955
rec_84f1cd32661a956ad834,grp_d3626c4941e75a3ec491,0,0,0.0989698,0.08511159,34,0.97348636
rec_84f78cde90ec5cfdffdb,grp_fbd45a0339030037f95c,3,0,0.022265678,0.013426113,50,0.9775083
rec_84fb7b21f96120bd8157,grp_c74c641af98798d44996,0,0,0.023487307,0.026657084,34,0.9419911
rec_8501258a2939d2e4930d,grp_ceea443ee7ce43e26f3e,3,0,-0.015254841,0.007935437,38,0.9152745
rec_851606540044b3664677,grp_5d6973b4d9664dd89a7f,2,0,-0.075769946,0.004225183,43,0.991759
rec_8518437f38994cc0e784,grp_d393756011e40a29393f,0,1,0.13906604,0.15119414,44,0.99080616
rec_8518b9c383644b8bedf6,grp_123571543acbea89985f,4,0,0.13477668,0.13998233,10,0.9742974
rec_851a918d12c6d6a42605,grp_1ebe42134ed2a9666607,4,0,0.0688703,0.050235666,44,0.9605217
rec_851c76614deeaece1c97,grp_8d5a68cadeb60070f5b1,3,0,0.18809758,0.12473716,12,0.94632673
rec_851ca1c3745b2e8a9a2f,grp_652e096958b75166423d,3,0,0.17611617,0.10735851,19,0.9665995
rec_851dbb9e21225c731ff2,grp_30312716be7c72e6c5a6,2,0,0.04989425,0.026043618,43,0.99921304
rec_852149a0968e0ddc3d9f,grp_5c0d601e24e01ead6a01,0,0,0.12864242,0.13077407,34,0.9495917
rec_85234ac73e7bd50453b4,grp_23ce972fa2c630d1496b,2,0,0.11025183,0.06080159,18,0.94508326
rec_852893e2ca55947e970e,grp_b4d502830efd4e637331,2,0,0.05526478,0.028115379,1,0.9565158
rec_852a9c9525a8df3e8294,grp_6655da7ab42b35fff3b2,0,0,0.038764257,0.033888955,63,0.9937682
rec_8537bd917e178ce7a87f,grp_260e39cc40a7705c85e0,0,0,0.09907064,0.08523889,50,0.98776
rec_853c37184e2c8af9b3d1,grp_da5a0d19b7ea00ae2826,0,0,-0.000978238,0.018091926,36,0.94504607
rec_85493b132e28b68c90e6,grp_bf66f4836cb9cd877753,3,0,-0.06397266,0.003996017,35,0.99261516
rec_854cb6b7a8f9bf9c7ef0,grp_370aace0f7e5c82c59c2,1,0,0.12438953,0.14010154,53,0.95781565
rec_8553a427584bc9d53af1,grp_a927f107a8bac7fdd128,3,0,0.0992588,0.03891951,1,0.97361124
rec_855d0c73dc894e00d8ee,grp_3b8b3e54d0af608787c2,1,0,0.03500296,0.033251062,41,0.9945829
rec_855d52f256d89d8b9bba,grp_f8e9c9db8110d2afa7aa,0,0,-0.043162007,0.009217201,43,0.9793652
rec_8575bb3f64d78bcba09a,grp_5f4064a75f4da17389b3,0,0,0.053569317,0.042682648,43,0.9776888
rec_8577e41d038b6ddeebf5,grp_c5dfb49eeb6518457e44,2,0,0.058285844,0.029350251,14,0.9780758
rec_857875086995ff41ba15,grp_aca737cf966a144b3148,3,0,0.2399026,0.22889045,30,0.9596555
rec_85802030f3b7c6396aa3,grp_b3483bbad5dc5f951657,3,0,0.084761865,0.031926036,23,1.0012751
rec_8583d45fed4c440a29f8,grp_790a4880651aa41609f7,0,0,0.03523766,0.032067418,23,0.9698318
rec_858478de8282462be2a5,grp_65c8a3c8d9107eb5a14a,3,0,0.03525766,0.016094884,56,0.91415393
rec_858843164417527e3049,grp_cdad319e3c0779fba5c6,4,0,-0.04382255,0.0076794606,3,0.9690023
rec_858f2ce963975fd791b8,grp_e31787f585833d024520,3,0,0.074635684,0.027778903,30,0.9548247
rec_859041c5a392189346f6,grp_b25d4d9dd701fa2f5938,3,0,0.10995256,0.04499763,0,0.97882915
rec_8597b0fd629643e3b017,grp_322345300e212894ec2e,2,0,0.11843618,0.0680195,5,0.9301209
rec_8598b8e8ef60e2b20786,grp_23b691ec8d41fc3e053f,1,0,0.010954311,0.022132661,44,0.98504204
rec_859ba57f9459f05c4d34,grp_f1f0fe6f6537bd83d723,0,0,0.08266377,0.06667009,38,0.9696329
rec_85c417e72e75716b25f3,grp_c532365a292caded06c9,1,0,-0.045001544,0.008476029,26,0.96412486
rec_85c9d0331de6b453cc6c,grp_a712274f47cc32332e1c,0,0,-0.011663761,0.0152600175,33,1.0032469
rec_85caab5875d4591d6783,grp_fed8211620965cd0c2da,0,0,0.06713417,0.05262083,14,0.9825817
rec_85cb7e009b8a04bb6fa1,grp_c4dfd7e696eaa9a6a045,2,0,0.14317454,0.09490845,40,0.9455087
rec_85d09e90e0fb7032581c,grp_e89ad24f33d38adecd60,2,0,-0.012502125,0.010606311,14,0.98460203
rec_85d464b49e383bc1fc04,grp_40ad289cc532deea07a5,4,0,-0.0032622635,0.015221173,2,0.934786
rec_85f61c2a6651e40ee38c,grp_c62d09099e4a6ca7f7df,4,0,0.032317966,0.027574586,3,0.96568066
rec_85fe6c23f72250a74f58,grp_0d13f4b74bd43f6a3247,4,0,0.05395978,0.039400015,2,0.9427442
rec_85febc01cdfe290f096e,grp_ca60839267c4f91dd698,3,0,-0.005443367,0.009107684,52,0.9880011
rec_86025e9544162a65db5d,grp_3ca0ea33e75376805ff8,0,0,0.046647266,0.038328387,12,0.9930293
rec_8610daa9ec26a088f947,grp_931b1f04f692f6e2c428,4,0,0.1068586,0.091822095,56,0.9921407
rec_8612046435cca4b2b471,grp_69a4a5dda441233e81d6,2,0,0.038788848,0.022220308,21,0.98295355
rec_861527b1e270cdb959ee,grp_d95580be5f4b25806053,4,0,-0.022291165,0.011049346,37,0.95317125
rec_86170d3761365357465c,grp_81b8bb1fba92c943d936,3,0,0.072609946,0.027014446,17,0.97919106
rec_8618fa9e8b59dbb22b30,grp_7902f848efdd2d9c4abd,1,0,0.10161652,0.09879217,59,0.99517125
rec_86192d3a3320939dbffd,grp_136ae5c76bd74541b3b3,3,0,0.11213921,0.046347406,50,0.9877015
rec_862020487cbc73635961,grp_cfeb08884976f655eb10,2,0,-0.045304675,0.0065862015,17,0.96390444
rec_8621abf1ee732f8cad60,grp_d095a450ea2af2193ffa,3,0,0.10740131,0.04347013,58,0.9935253
rec_86232761ea7313fd6ff2,grp_248c59b536b727015613,1,0,-0.01933432,0.013185443,15,0.9742259
rec_862bf55b907aabde65c2,grp_687f2ec8ecd70f8eddc4,1,0,0.0634229,0.053387158,22,0.96913326
rec_86349c5d250f7ae08b35,grp_b9ed2aae6303775c6e18,3,0,0.14492266,0.07176998,11,0.98931456
rec_8634fa92eb74af25e696,grp_042dc997d4c5449ff104,4,0,0.08201453,0.062075965,30,0.9519165
rec_86359735160c04c3264e,grp_9427f4671ccb848ba63c,2,0,0.13023876,0.07983283,61,0.9804294
rec_8637f9bbc893c5271e1e,grp_11a6c4ccb1421c75491f,2,0,-0.0012701009,0.01247957,43,0.98374206
rec_863c6d810a33f2c559fe,grp_2aa3dc73714a8fcf36ea,3,0,0.0048625395,0.010523951,47,0.97559077
rec_8642090b91b4ecf8c7a4,grp_fe786d573e499f72671f,3,0,0.09865869,0.038602825,28,0.99793816
rec_865a92967422190cc65b,grp_6ac1a54aac2eb95984a6,1,0,0.0030855217,0.01935531,4,0.91409814
rec_865f24eaf8a5e675777e,grp_bba620948dbef34608fc,4,1,0.15420552,0.1848131,36,0.987755
rec_8666215584fbf06d4be8,grp_6abef662e574bf24ceb1,2,0,0.005444092,0.013751675,19,0.9776917
rec_86662f4d72c8e7d36318,grp_5d83a07d09817aef35c4,4,0,0.007557963,0.01824971,37,0.9881745
rec_86682c71d1962d1b20d6,grp_500402ab1c4f6b7a74c3,3,0,0.009939339,0.011299665,35,0.9942554
rec_866e065a13ccc84cb61b,grp_cba1da4c0893e0097d7b,3,0,0.013560409,0.011887233,48,0.993855
rec_866ec6d5baee24a2584c,grp_5f4bb274ca2a991a0b6c,1,0,0.051755313,0.044009343,17,0.9817107
rec_866fb69ca41990c2d5f1,grp_139102c12705e30fea9e,0,0,0.013839129,0.02288807,7,0.96668357
rec_8671e81eca44938baacb,grp_be0ee211091e2ee16d51,0,0,-0.09490582,0.0040070224,17,0.94393694
rec_8674e50d987ab7534159,grp_e1318dca23d633bfba09,1,0,0.072050035,0.061502628,4,0.96930915
rec_867648a656b35210cc0a,grp_b5b666dad54051643854,0,0,-0.055774316,0.007526668,35,0.99273837
rec_8686e4c7dd127292effb,grp_76beed7e6ad2501f266c,3,0,0.10699825,0.043233376,3,0.97163403
rec_8688dd038350b6d3f21b,grp_dc64b91e7151ba43fe03,0,0,0.09443586,0.07956366,8,0.9822309
rec_868bf3fc53374fd1038d,grp_58c4a3c8822f467f1345,3,0,0.12551415,0.055477545,62,0.97897094
rec_8694749d0aab70708441,grp_90d058695bb5b536d3d4,3,0,0.017757624,0.012606133,63,0.9540376
rec_86aaa1d8fa9ca0f10afb,grp_88c7509379c9edc545e8,2,0,0.090778485,0.046411835,38,0.9864104
rec_86b04350e512bde8d0a6,grp_4e6593ba6df1f8ec102f,1,0,0.0267611,0.028937079,28,0.97553676
rec_86b426e302ef189aaac8,grp_859c567e6aa3f288f47c,0,0,-0.015124397,0.014440047,16,0.97205985
rec_86d18fea57dbec1e5ad4,grp_07bec4a902b12b1fdcde,2,0,0.05536919,0.028157203,42,0.93956274
rec_86d73a423ab5925fff44,grp_a03382d25c25b9d66420,4,0,0.028354088,0.025818562,25,1.006987
rec_86dc55db2426b26727f8,grp_4c74536de1d12f161b37,0,0,-0.054644763,0.007664602,35,0.9812773
rec_8702b1431564ecd57abf,grp_a27096244c79ab67c40f,1,0,0.15289243,0.21107273,55,0.9337798
rec_871243543eb668dbce5d,grp_0cd8a7235731c9ad7864,0,0,0.030337755,0.029692978,9,0.998438
rec_8720be3ddf30c4a3769e,grp_6b4fe00a073938e76f2d,4,0,0.113337055,0.101461,17,0.9833163
rec_872736198ca094f8b243,grp_99e797a4eb503728eb9e,0,0,0.033887334,0.031395327,8,0.97514844
rec_87279380128ca3337eb6,grp_609e19a44dee00f7e16d,1,0,0.09448824,0.088285126,17,0.9561408
rec_8728da60ae6a154c1a54,grp_96d46ff08e36346f45ef,2,0,-0.05760538,0.005506171,42,0.98689353
rec_873ac9710d1a1246a944,grp_4c18004706fc788935ee,2,0,-0.0148832025,0.010246459,22,0.98638535
rec_87553f236e2e9bbe9ab8,grp_eb29409b95fd31fbe440,1,1,0.10243732,0.10007111,46,0.99529463
rec_875dd60b722db2573b53,grp_d2d74434831514872cbe,0,0,0.16038276,0.20102066,56,0.967657
rec_875dd8e4e2b1b2c96eb0,grp_b18d275ab638d6eef216,3,0,0.12161607,0.05265457,40,0.99594903
rec_87681522900c444c6714,grp_a6176ebea8d48b8ec5da,2,0,0.093735784,0.048367284,9,0.97455966
rec_87696637715251ddb16a,grp_4c093792579fa2179b3d,4,0,-0.03864967,0.008381829,27,0.99975383
rec_876b98e78b96df5cab73,grp_41ed6c708639e2fb05cd,2,0,0.11723012,0.066908,6,0.9714303
rec_876e9cca05bf7667d9b5,grp_2e54808af5567058ca43,1,0,-0.021997128,0.012595952,17,0.93690217
rec_8773686705194062f4b9,grp_3405592057f70e81c1c6,1,0,-0.02561167,0.011837203,52,0.97927403
rec_8774ea159c398f597a83,grp_55d5bbeab6bbc32b853e,2,0,0.057828773,0.029160105,34,0.94532543
rec_8776324c38aa658ef3b5,grp_9c177307442f8818c224,2,0,0.13252798,0.082331255,58,0.98285025
rec_87917f608f11c7e97149,grp_c749de6de23a76c95b86,1,0,-0.031137276,0.0107637355,24,0.93247855
rec_879578c0de07cddb08f7,grp_37638efc64b0cba37ce6,2,0,0.020685764,0.017132942,21,0.9807757
rec_879b14692f92cca2eebb,grp_61c36b359a1efec86dfb,0,0,-0.019295441,0.013509278,8,0.96100503
rec_87a3919ba198e3a0a973,grp_beee68c6a6db62c88402,1,0,0.05053237,0.04312266,47,0.9781367
rec_87a63fdf0acd377b59e7,grp_ad2b93f9d0ad799968ca,3,0,0.07797129,0.029083673,11,0.98286515
rec_87a86cb7c47e97b42d63,grp_ff6efa62ed3febd2c47b,0,0,0.01014574,0.021587443,9,0.989133
rec_87aa8e370fa46a273995,grp_6346e95a5abf5256fec5,1,0,-0.10669291,0.0029134925,4,0.9658989
rec_87acb0a079899cf8e4fa,grp_82148e2ba4ce7fa8895a,4,1,0.20579192,0.35337156,36,0.9815257
rec_87b3264ce6a7d997c750,grp_b75dc665ae53bc65985b,3,0,0.063467056,0.023811415,17,0.93952733
rec_87bb1b0583e3f2e6ccf6,grp_304464c804fc8b37dd17,0,1,0.16640784,0.21715574,44,0.9868285
rec_87c7a09dcfd05714368d,grp_01475c5b2dcda120afcf,2,1,0.18988319,0.1720903,57,0.98092765
rec_87e897e194fdcebe3078,grp_2be793cba3fb3f7b1812,0,0,0.027694622,0.02848382,8,0.98337865
rec_87f32bc13c35b6098c29,grp_48d19a5967e6368bc0bd,2,0,-0.004977787,0.011827636,21,0.9697943
rec_87fdde9826d515798960,grp_ddaba64b3edc12eb2748,1,0,0.031609472,0.031404324,20,0.97997886
rec_880991d82441e650727c,grp_69211c1840fb8f4a48e7,1,1,0.16764559,0.25697455,46,0.98561525
rec_8809f97263e344adbc91,grp_796b492fe4bc5188b23a,4,0,-0.06530656,0.005336084,3,0.95823383
rec_880a9f3f0a5fe50f4e4d,grp_a75e24911eb3a355154a,3,0,0.014316238,0.012013632,47,0.98874336
rec_8813284b3dc0f87a00cc,grp_7a34330eafe98627c26d,3,0,0.12294145,0.05359884,22,0.92693865
rec_88180068cce26d8c6ebd,grp_4bea9bd7c423d3dde10c,1,0,0.009101728,0.021445615,50,0.96657115
rec_88185954550954461bf7,grp_2d9759fb7157e266571e,0,0,0.034604456,0.031750545,35,0.9953256
rec_881c48e39f4b81e354d6,grp_d542a0d4631d79831ca4,3,0,0.05752079,0.021930354,39,0.95007294
rec_882734495dc14996c91b,grp_7e7e64366d83005680c0,1,0,0.09829163,0.09375937,56,0.9682819
rec_8828537be0ad1fe497b8,grp_b8ee917f7189c218cbf5,0,0,0.022281874,0.026155042,61,0.94313043
rec_883012cb888457a89c9c,grp_bfe52c6ca19bbe7233d7,3,0,-0.009220818,0.008637316,11,0.9854309
rec_883d5681e6de9c5aa247,grp_f1fcd04a8b813cf311fb,1,0,0.036374733,0.03402699,10,0.93073165
rec_884eace482b580081484,grp_b4682cce5edcb8e9f400,2,0,-0.010198173,0.010966397,9,0.9792005
rec_884f79ee6729a48585fe,grp_1dba9be526d428ca9435,2,0,-0.0006157994,0.012598247,59,0.9860565
rec_8864760692be2b6633b7,grp_bc7748e7235130da2627,0,0,0.03133242,0.030160772,13,0.9727962
rec_886499b11d9727b2aac0,grp_90ba07143d98402d2c85,2,0,-0.0016345554,0.012413942,42,0.9823012
rec_8865765aa914ffbad0da,grp_b953601ae1dbc2c7306b,1,0,0.068857,0.058372673,59,0.9973986
rec_887bf398c02142318b2e,grp_bb430dc4a7b357de3cbb,4,0,0.024459284,0.024199389,52,1.0031375
rec_888274b00822eef4b2a3,grp_dbc919fb0dac461c358f,4,0,-0.03225608,0.009338498,0,0.91983265
rec_888924eea1a614fb01d3,grp_f825d18b6c88743f2182,3,0,0.05097384,0.02002716,5,0.9835315
rec_888ef55aa3f8161862d0,grp_daef1a8d0f67c7ffa761,4,0,0.016125346,0.021060541,2,0.93371713
rec_888f1c5a31016723fb20,grp_f2d5eaaad6fcfbbfd9ac,0,0,0.10061467,0.08720965,35,0.9921439
rec_8891d5f0888f839a5584,grp_6692bee9ea7bb75298b8,3,0,-0.058583647,0.004311592,33,0.9924353
rec_8891f2828dd0c7d8fc19,grp_052b80077d47b26f96c5,4,1,0.25778866,0.5701754,36,0.96922535
rec_8892844f316d87061224,grp_0996bf45698dd84380bf,0,0,0.04144597,0.035340518,11,0.97343653
rec_88928b92f8f4ceb9a91b,grp_2c0af88ffb9d88e415d4,1,0,-0.048327737,0.008003191,47,1.0055032
rec_8893fb059919975cd911,grp_f8d40c664f1bf60ae9e7,4,0,0.06401319,0.046427306,57,0.97158337
rec_88952c6d8ccf6c3d6652,grp_99ee15fb7dd07c6bed1b,3,0,-0.048051156,0.005001753,1,0.98213696
rec_8896374795d21e4b2495,grp_59d135b17206f3261492,3,0,0.101529256,0.040140327,21,0.97746617
rec_889c7e54882d20f874af,grp_91187f8e322abf7f66c2,3,0,0.05761754,0.021959761,47,0.99026924
rec_88a0f161dcadca531e47,grp_bcafd2191c578d39f74d,3,0,-0.046831626,0.0050884522,47,0.9846683
rec_88a146b3f7ba340bf246,grp_8fd8acd6e267bc54d79b,3,0,0.17958575,0.11215946,51,0.9493665
rec_88a43360b4a689296f08,grp_a6b09df39e1a074d6f98,4,0,0.010924868,0.019307522,35,0.98106986
rec_88a504d0913846f32582,grp_3197263afc50df3d3ba2,3,0,0.052600894,0.020484468,12,0.9509335
rec_88a5191b3beb5bf4a59a,grp_3cff9f3ee3ca20244697,4,1,0.104056135,0.08791327,36,0.9931925
rec_88adb121bd3b85549668,grp_cd865ba0163eac6f8d0f,3,0,0.13936402,0.06669876,3,0.95925355
rec_88c320545777cd7be572,grp_f8181128f5e60b2e7a5a,4,0,0.064980015,0.04716281,17,0.9810884
rec_88d9b5d88b1947d675ab,grp_859ae808ad7434622f1f,1,0,0.07530517,0.06485436,33,0.98414856
rec_88dfb4308151275bfb51,grp_2641f3ca85a284ca9e63,2,0,0.026166651,0.018538719,39,0.95369714
rec_88e43b5ae7e4ea42ef80,grp_069c3cec0d519e878057,3,0,0.11471922,0.04798955,31,0.97143126
rec_88e6fbbc7f27b585675d,grp_b04f7057456b3ee98559,2,0,-0.07264015,0.004422535,28,0.9732558
rec_88ed55e2f53d89526a75,grp_4de92810203b6dd9d4b9,1,0,0.11023724,0.11297475,38,0.96832716
rec_88fad0b1eb8142f5165e,grp_d394b24586873e49dd84,4,0,-0.02373119,0.010784171,18,0.96123254
rec_890115caa10cc1e7375b,grp_1fdd60dfa070685bd9db,2,0,0.022202585,0.017511148,40,0.94999033
rec_89050e143ee8d26cd11d,grp_e9d707063c1be29f98ef,0,0,0.026409559,0.027913343,38,0.9451713
rec_89077263c95a173c7e22,grp_9bf49c723a01e78ad417,1,0,0.06244293,0.052531917,21,0.9990449
rec_8908bcc92bf557c9ad0f,grp_056eafac3f80912ad937,4,0,0.024755422,0.024318941,59,0.9885341
rec_890f5f44d6a7561f02a8,grp_b20d3ce13509a2ee9574,3,0,-0.05230709,0.0047105425,5,0.9928645
rec_8910249eab149ace8dc4,grp_71648cab90a6fd343231,2,0,0.1154955,0.06533893,32,0.9378603
rec_8910a18cde4e45e29376,grp_f6347cde1cad065db730,3,0,0.11145459,0.04592072,1,0.96521395
rec_89114e3bb5c140833cf7,grp_31297a22106bdc93d9e2,1,0,0.05790378,0.04873676,33,0.9815311
rec_8917761e5be1b561e5a0,grp_8f9dba6264d549473fd8,1,0,0.042451266,0.037679013,63,0.94590247
rec_892e2e28bacd90ce3480,grp_8094b95d06ca119d7ecc,1,0,0.012178723,0.022598503,26,0.984529
rec_892f1202ebec8de1fef0,grp_3cc88690eaed98a96e08,4,0,-0.055451088,0.0063066445,30,0.96471417
rec_8933ed11243b21047ea1,grp_1dce591b700f05e6e624,1,0,-0.07711102,0.004865376,53,0.9798419
rec_8936b9fae9a303218582,grp_442db240836e618d5ca4,2,0,0.08192936,0.041000396,10,0.94753027
rec_893787dfb594a46124d1,grp_e5de8033905cf44f0d9f,1,0,-0.029772714,0.011019524,61,0.98867255
rec_8943275d3246d17a483a,grp_b68dc1a2e116b04de1b2,2,0,-0.011102195,0.01082369,48,0.97195864
rec_894605ae593e3f10cdf1,grp_1e9fcb09ef311f8de7d2,2,0,0.077565424,0.03855926,16,0.9910419
rec_8946f977c1181f2c4251,grp_3ba2c88f6e03277eda68,2,0,0.1199329,0.06942265,8,0.9663941
rec_894a59f48e50de8f9bb9,grp_693864fcb78c4259066b,2,0,0.018031772,0.016490387,32,0.9717011
rec_894e834c65f1b55a3909,grp_0dcb43a962c1ec0a2e13,1,0,0.050546072,0.0431325,63,0.9285746
rec_8951ff34b239acba701f,grp_bd896537f21fed1e61f7,0,0,0.05815809,0.04582563,9,0.9778671
rec_89536a0a2fa6fce8406c,grp_27f12fd288073c7cf163,1,0,0.05962625,0.05014526,42,0.96134377
rec_8955f47e47592be59881,grp_a2872a78cc04e7150aac,0,0,-0.01712202,0.013986643,31,0.934759
rec_89565c4d23ef3ff988ed,grp_96c1ebdecd61c1e690a6,1,0,0.04011601,0.03623296,5,0.9969933
rec_896361b682f48ade0f02,grp_b996c661fa38fc43342e,1,0,-0.06656071,0.0058401045,50,0.9795795
rec_8963f1b6a352b9e44d54,grp_843e24a5c9645b679e91,0,0,0.019915856,0.025196262,29,0.9637295
rec_8965d72054006cf17160,grp_896618eca88d89a61463,1,0,0.070047766,0.05952204,3,0.960965
rec_896bb933e59b5061d9c2,grp_8933db35550d4795ce08,2,0,0.2681814,0.3955868,12,0.9510569
rec_89722b0b9ae16372641e,grp_1999031d1340e8ab6d82,3,0,-0.07359069,0.0034888925,17,0.97672296
rec_897e2d4e25d424e4e3b9,grp_94d0ddcd6ad8a92ba44c,4,0,0.0072333375,0.018150778,37,0.9833139
rec_898bd71c7313ef9de534,grp_21977bf816259285f8be,3,0,0.18750665,0.12382627,15,0.96352905
rec_8990bf73977f91f26ca9,grp_5fcca3c053f39e70836b,4,0,0.011971755,0.019648518,57,0.97664845
rec_899caeb3ce5128257a40,grp_8fde19fdb24f77c2b67d,2,0,-0.013529866,0.010449478,12,0.9808517
rec_89a8e019656ca5f95011,grp_626dd455e485c6bb9cc7,3,0,0.05072042,0.01995684,48,0.9882139
rec_89aa3bf56d68a859300b,grp_5972c2af68753bdee6b9,0,0,-0.03403195,0.010670824,23,0.9579469
rec_89b4d40dd643edd53316,grp_d20ef04815fda438898b,4,0,0.026311247,0.024956562,52,0.96585464
rec_89c9891c0af270ec5646,grp_44e99738c916832032b4,4,0,-0.014526606,0.012594178,42,0.9933537
rec_89ce990dd9a81be1bfd7,grp_f750cf1d354f44221dc6,3,0,0.096948236,0.037713725,16,0.96258736
rec_89d864d2f37a13b8def2,grp_0156892bf248f8a62dc1,2,0,0.07071646,0.035007183,14,0.9868444
rec_89db4aa042f0211a12ab,grp_20d1876585d490824a02,2,0,0.027248066,0.018829165,9,0.95559776
rec_8a007ca3590b39e1a753,grp_11b75b305c8168564b12,4,0,0.054298434,0.039619204,37,0.99099505
rec_8a0599895d59b52957a2,grp_212bc9c5174fc0353f52,0,0,0.024951078,0.027279325,14,0.9820688
rec_8a0bc097a98b41ce47f6,grp_f9a22c3309135f0fe61b,2,0,0.13238274,0.08217065,9,0.95954746
rec_8a0e170630b2e5b4e418,grp_3d9b0583c2471c321056,0,0,-0.014828847,0.014508345,15,0.91061246
rec_8a1282fa21ceb3fbf3d9,grp_3a47bd98e9bc94599502,3,1,0.31377673,0.45802695,59,0.9567446
rec_8a1bbf9e39e4739c48b8,grp_37ecd8c5a70809689a0a,2,0,-0.07559112,0.0042362195,18,0.93921643
rec_8a1f7095090424d0a102,grp_0c0e1e997f77f7fbb1be,1,0,0.085336365,0.076279424,11,0.9549877
rec_8a207c9c4c119ba33f84,grp_3e404fb0c056bd60405a,0,0,0.04313112,0.03628312,34,0.9368845
rec_8a2b6b01e3b654f32126,grp_76f7967cbb0920048887,1,0,0.088552155,0.080316916,28,0.9697495
rec_8a2c573eb03b28136f2e,grp_601b0383cc006d638b4e,0,0,-0.046428915,0.00874622,31,0.9697617
rec_8a39bcf0130c7ec97b54,grp_bb391ff31ff5d4c20c39,1,0,0.011120778,0.022195438,15,0.97863007
rec_8a3dc7c9bf8da9ef128b,grp_744fc5a9d4aecc46ee9f,4,0,-0.05462074,0.0063960194,25,0.96713316
rec_8a4f769be2fc7060e3ca,grp_f89e09ac1f1b6ebc448b,1,0,0.07868681,0.06851582,44,0.99610084
rec_8a51f108bd9602303ba4,grp_597a29612b3e1da969ba,3,0,-0.023392294,0.0070777046,35,0.97333103
rec_8a5d15f140bbeb6f32e6,grp_b23484e5172df075ab62,4,1,0.05367223,0.039214827,36,1.004874
rec_8a5da7b4250870302d93,grp_0ee810fcd75aa6a84156,1,0,-0.08479697,0.0042589,9,1.0075686
rec_8a67fbeddca48b7ec1aa,grp_354a5081ef76267a47b5,1,0,-0.04679,0.008218449,47,0.9952636
rec_8a6b7a4a0172b5882c51,grp_3da9d1ee6c73aeb1418e,2,0,0.028483266,0.019166382,20,0.9694725
rec_8a72febc447fd2f453fd,grp_ebc589cabddf40b7f29b,2,0,0.15501973,0.1108979,16,0.98245764
rec_8a8da37309952b7f658a,grp_d4346f913524fec3affa,2,0,0.034579646,0.020919366,3,0.9932832
rec_8a981a1a1998a84c7792,grp_c9ede4ab8577352dabb6,2,0,0.09810686,0.051401258,47,0.9951903
rec_8a99889ac1fda03bc6a6,grp_77e47503d531804d0557,2,0,0.120186344,0.069662884,18,0.96018606
rec_8a9ed7ea1774ad5a881c,grp_bdd25c1c19f7ec6e9e9e,0,0,0.04210777,0.035707854,1,0.95837677
rec_8aa7f3b5d2ef8795385c,grp_450afc902968e7fd6cc8,4,0,0.03645116,0.029529074,42,0.983611
rec_8ab6441d9c9d09e3a5e7,grp_821eba86d822c8e41a61,2,0,0.14948072,0.103146374,58,0.94777286
rec_8ad36f1d34bc8a080cc4,grp_2e982d4810f3dea4426c,0,0,-0.04416128,0.0090705305,10,0.9980527
rec_8ad8a4f4dd3dd0a1b2bc,grp_6a254a6b02f2ff2e93a7,4,0,-0.016527634,0.012176765,57,0.9758323
rec_8adfda981deb03e93615,grp_5d2d9e07b367c31269cd,1,0,-0.008687576,0.015826663,18,0.97942543
rec_8af098491c2ab7988ee9,grp_0fba8e7fa5e259345a1d,3,0,0.020606615,0.013118394,49,0.96032244
rec_8af972440579aa06ed17,grp_08c6f9f84e2fc178bc46,3,0,0.15115498,0.077877335,34,0.96397376
rec_8afaa11761b6994e6221,grp_5dc2f74a4be35ad7e9b1,4,0,-0.13068205,0.0017560866,13,0.9521551
rec_8afc02f2c6a3cdae19b9,grp_117a9c66e11c180de726,2,0,0.085898586,0.04334865,46,0.95136285
rec_8b06aee5c0b6314eb27b,grp_eb38ac3a06060ca52ea6,3,1,0.21369217,0.1699739,59,0.977199
rec_8b0ec6d39360fcab24f3,grp_b845c372954787885b37,4,0,0.06788395,0.049439084,54,0.9939066
rec_8b184e77a9a55c4e296a,grp_21e73d548aeaee75f62c,4,0,-0.02796936,0.010039711,24,0.98479277
rec_8b1b6920b866edd5b875,grp_010917f2b6179ca0e186,3,0,0.059675466,0.022594571,24,0.99835366
rec_8b1f94d13da29265c904,grp_0013d0f3c5bff4fb9098,3,0,0.07299167,0.027156921,45,0.94491845
rec_8b248475ff612e143a95,grp_411821c60075aee482b8,1,0,-0.16328268,0.0010903162,24,0.99119586
rec_8b2526fd49c37bfe0f50,grp_44fd65f9e0033017a256,1,0,0.04814209,0.04143865,16,0.93910104
rec_8b289ca2d4776276ccb9,grp_e3c25e1494abee00578a,2,0,0.08118378,0.040573098,19,0.9740763
rec_8b2b04e4fab22050a098,grp_2402ac68e49f84f8afc1,1,0,0.040330842,0.03636373,62,0.96607625
rec_8b30d16f616168622eee,grp_d136c2d2f6343bc41c16,1,0,0.060473762,0.050852366,4,0.96436006
rec_8b31c4247fd3e5c65368,grp_adf4950ed8b8ea2a00c8,4,0,-0.019199949,0.011640556,2,0.93938357
rec_8b3f15b5452e1b56a8aa,grp_f756cc6f3502c137f1aa,0,0,0.014191417,0.02301605,56,0.9835808
rec_8b40cb57e349b8d19d0a,grp_36189fc9ad1beb2909fb,4,0,0.06784306,0.04940632,54,0.9952257
rec_8b4792c9873b9405d281,grp_a904758c971554b40f0c,3,0,0.11482448,0.04805772,44,0.965793
rec_8b4921259b26e3760149,grp_6017698880adf690798e,1,0,-0.010984657,0.015215969,35,0.90355384
rec_8b4a6a280935cb4fbe01,grp_665aab1784640300701c,4,0,-0.022674527,0.010978127,3,0.9402056
rec_8b50fc2a6065ce33c5f3,grp_90d601ee882e6a28d299,1,1,0.048745796,0.041857943,46,1.0031868
rec_8b6090a1e47943c9da53,grp_1eeaa77c71b44bbc9c02,1,0,0.0066776634,0.020578058,15,0.9938669
rec_8b6931e00559fe589a84,grp_d013824a3739fcd578ca,3,0,0.060754452,0.02293453,30,0.9442706
rec_8b6e9233c5c49e84e21d,grp_ac58706a3954495637fe,3,0,0.15463033,0.08148638,51,0.93578994
rec_8b6ef1d7801ad42e754f,grp_fbee4d41087e13fc2cce,1,0,-0.015284987,0.014134429,34,0.9839316
rec_8b72bcefd27879aea59e,grp_a4981f6e119a3ee3b985,2,0,0.03520889,0.021109002,43,0.99433756
rec_8b7cf88e685e86a293f4,grp_be3dd770fbd356152e58,4,0,0.06176449,0.044758614,42,0.9579385
rec_8b7e4b538f3f813e6da3,grp_d99b50122177126f11ac,0,0,0.060884275,0.047795985,50,0.98048
rec_8b7e9cc3c1641b916d31,grp_301d778301a529c83ff1,0,0,0.030908328,0.029960455,4,0.9547894
rec_8b808dbfc01c9b154d16,grp_fc2f3cedf0eb74fd925d,4,0,0.043424565,0.033134874,56,0.97374696
rec_8b810d5cf34d6101db48,grp_63e98aff13d882ff8ffc,1,0,0.014185475,0.023382789,19,1.0054537
rec_8b8dc642a2c13a77502c,grp_ca12e9c6a33fd6f555ca,3,0,0.0920481,0.035274286,58,0.98685956
rec_8b8e726ed7985ebe7d27,grp_a4e3ade9fc9b65b4c8f2,2,0,0.13422915,0.084233776,39,0.92010385
rec_8b964b6c460d4e88f34c,grp_4d86673c4822fdc846a9,1,0,0.0017702766,0.018925654,63,0.9349982
rec_8b9a00f738640cafbc0a,grp_7aa0210cf87607aa03ab,1,0,0.07425622,0.06375614,37,0.956491
rec_8ba13aef7ff0bc728800,grp_a61d5527bce2c9509d55,1,0,0.076110244,0.06570918,63,0.93225867
rec_8ba7e4bc9c118fa7ffa5,grp_219f05aaefe5627219eb,1,0,0.0053308085,0.020110978,6,0.98529387
rec_8ba82214dd1dfd0e659c,grp_26928bfd1434b480987b,1,0,-0.021741286,0.012651445,26,0.96296066
rec_8ba8daf6c4a809462ba1,grp_a1beb2c2ffafa9656e45,1,0,-0.040341906,0.0091853365,43,0.9792398
rec_8baeeecd75860677e699,grp_131e1ac176d4ffc87c60,2,0,0.08280999,0.041510653,51,0.95125765
rec_8bb7d9f691acb00855ce,grp_0a1fe1107ec4eecd3a02,1,0,0.081971884,0.072255276,11,0.97786057
rec_8bc51e5359dab5c84868,grp_388234874bc71f549862,3,0,-0.032281395,0.0062456704,56,0.9793829
rec_8bc747cd2ad387404709,grp_e81e3a38908dc074b48c,1,0,0.019210873,0.025465183,30,0.96083975
rec_8bd1ac4e16a1a037259d,grp_56842e5d5a92e0a49d91,2,0,0.050702874,0.026345782,5,0.9374884
rec_8bd58abdc51321e41b26,grp_657094158be7836f9176,2,0,0.133659,0.083591744,5,0.95577675
rec_8bdf18a26bbc2e05c162,grp_b1b1ba3013aeec45bd9f,0,0,-0.03841316,0.009946965,11,0.9606768
rec_8bdf2d8d506afd41fc4f,grp_571b86a9636d09c98e8b,2,0,-0.052619684,0.005920901,36,0.97796816
rec_8beb29dbd57275aad286,grp_6da13859a98e234c893a,2,0,-0.0048638647,0.011847158,43,0.9865414
rec_8c0e2675750a451ad8a1,grp_30a8391367bc7883aaaf,4,0,0.16557193,0.21581638,44,0.9863278
rec_8c31462f6faa1dbc6409,grp_123d302653ab7579e576,2,0,0.07252955,0.035915583,32,1.0005401
rec_8c31b9e3f172d5a49db8,grp_c9b6af4a10377c22bcd1,0,0,-0.053384874,0.007821415,16,0.997384
rec_8c31cd23a175b14af458,grp_350c1b04e328cf1d3e5f,2,0,0.06383748,0.031757977,21,0.9710313
rec_8c32c227bc5160392e77,grp_736dd93e830d55b51e03,2,0,0.067823745,0.033603534,32,0.9847538
rec_8c351f11ffa6e0bf0bb3,grp_78b19d7bd1148c8ff3aa,4,0,0.09019237,0.07070994,57,0.973913
rec_8c35da5bb0cf2666df9a,grp_69bcf3c3f19ed89c7aaa,4,0,0.017390998,0.021510214,2,0.9412837
rec_8c3702c2c86c5adfcd51,grp_554183376a01ff2d6505,0,0,0.00018946524,0.018431062,10,0.948602
rec_8c3fdf932c45a1923971,grp_56937cfdded4821772a0,3,0,0.13091731,0.059626617,60,0.9652657
rec_8c46f11969311a0798c4,grp_8b1c35911d4dcac0c3f3,1,0,0.050287228,0.042946987,60,0.97836167
rec_8c4c6ee05a1fe31a01ee,grp_7106cbabd6600c2fec8e,0,0,0.096920915,0.082562305,17,0.9892659
rec_8c4c8b174a022ddece7b,grp_2b516b7213fa7f4faf14,4,0,0.0014937051,0.01648608,9,0.9027121
rec_8c562c66116a79eac4cd,grp_dd016b36c71784438180,4,0,0.09141816,0.07209608,8,0.9466654
rec_8c58cf21915a09c8c4b9,grp_30a6711e2acb58e885ac,0,0,0.05427647,0.043153208,3,0.97837543
rec_8c5b586d4c01c60aa4de,grp_155bd6647dad1fab6af2,2,1,0.11916396,0.06869846,57,0.9936919
rec_8c5bf7062a4b47e8dbc8,grp_a87de43d5eddce23ecfc,2,0,0.02228376,0.01753162,62,1.0045112
rec_8c5d4023959f252d7337,grp_07f8dc08402b0f663438,3,0,0.023612207,0.013681085,5,0.97632825
rec_8c5dac7661331f1ee368,grp_c2a04965005ab414f3df,0,0,0.030222716,0.029639328,27,0.98822296
rec_8c63fdd5ae80c8b62f91,grp_49e5bd1b4159a6c31291,3,0,0.0531469,0.020640215,5,0.99841464
rec_8c6952b02e1c092bef06,grp_608ec0cb0b87c7f1bd3c,4,0,0.09331225,0.074287266,52,0.9815395
rec_8c6dec3c5383681cd481,grp_390e1494f159a160ae74,1,0,0.019296017,0.025501978,31,0.98745185
rec_8c771223c77c9fecabb8,grp_1155aa3263a743af14f8,4,0,0.017101299,0.021406464,54,0.9816531
rec_8c7eb1aa4dd3420f038a,grp_d2e6b3ced8b1a66eeb9c,2,0,0.059101276,0.029692482,48,0.9827293
rec_8c8253476df5c4135a64,grp_54703ffa28a46d63aa88,3,0,0.1456996,0.07250652,8,0.9450897
rec_8c851619ae5d3b0144d9,grp_d808cd108287ee8675ba,1,0,-0.05006494,0.007766736,6,0.9919995
rec_8c86c14426e01e4eb3d9,grp_07c101b8332b8d4e6a4a,1,0,0.116784945,0.12490563,51,0.87179506
rec_8c9b61d2e41aa9d51467,grp_d678b0c32bfcd8ffe9b3,4,0,-0.05389274,0.0064754128,2,0.9381805
rec_8cb3e2a98912f7710215,grp_096939ca24195b776da3,2,0,-0.008121126,0.01130137,51,0.98724705
rec_8cb96dffb307a8633b3c,grp_4144a77e09eb77dbbcc8,2,0,0.031840622,0.020113163,43,0.9943096
rec_8cc4264936c770a97cdd,grp_198e217a593fce5238a8,3,0,0.030763919,0.015117431,17,1.0077108
rec_8ccd9b324f03c4d5eb90,grp_d67b78b68031448aab08,1,0,0.07362807,0.06310678,30,0.95743173
rec_8ccedb7cf46946aa550d,grp_04b46aa4ca3f08195df9,4,0,4.651223e-05,0.016090618,10,0.9979252
rec_8cd4c6c5503f20da7227,grp_db81a842f58fcb0f5f95,0,0,-0.034890275,0.010525024,62,0.96886134
rec_8cd69268fd062dd2d266,grp_bcb6eefbbb1c899da7fc,2,0,0.13172248,0.08144413,59,0.9793444
rec_8cdf80cb86ad114efc28,grp_5b3710abf487ddaa8335,4,0,0.14116575,0.1536222,20,0.9000345
rec_8ce63dfa17732b509ae4,grp_d901b69d87c487674874,0,0,-0.030162394,0.011353334,12,0.97946984
rec_8ce9497fda93a4e0c848,grp_b78d486ceacb67c0c0c9,1,0,0.068251334,0.057796065,6,0.9935723
rec_8cf9f7df664f67499078,grp_7cf84b510e9a029c02ae,2,0,0.009961686,0.014678717,16,0.9875639
rec_8d0110af558c8f142b3e,grp_4b1fd4e501f1b5f10a26,4,0,0.1311378,0.13267642,35,0.98953366
rec_8d061f8ef139cd766e7d,grp_993fd9c50f4106c18ec4,4,0,0.053678565,0.0392189,27,0.9521002
rec_8d0e56c91678c6793657,grp_22d0b8ad7cb5d6273694,4,0,0.057940267,0.042051323,20,0.97789824
rec_8d132c44b385a31f6c89,grp_a3db00ec658f6d834302,2,1,0.084380776,0.042435903,57,1.0035955
rec_8d134aa1688fc80a25a5,grp_2485fd527106c6877263,3,0,0.17343913,0.10377867,5,0.98079944
rec_8d1cfc7b15c15a3694ec,grp_02d0c2c89f9b9ad09653,1,0,0.020028867,0.02582081,44,0.98860425
rec_8d1f8a8d2b0f31173946,grp_9a64cea607ea83e6e1a1,2,0,0.05462489,0.027860368,36,0.96887726
rec_8d224ec475b34dd01024,grp_88e0abd56b990c64ca40,3,1,0.14074115,0.067923225,59,0.9920883
rec_8d29a09653fa9b74dc69,grp_78621ca365566a6b8c65,2,0,0.10484583,0.056433514,2,0.98980504
rec_8d2cb2f8d18b70ab9bb6,grp_fa6d2c619d794b0324d4,0,0,0.0034818875,0.019421224,3,0.97497034
rec_8d4053ff6fce9c3c6569,grp_80863925bc7c1df2c439,4,0,-0.035863306,0.008786187,52,0.9931744
rec_8d45b50e9b9483c515b8,grp_6434ad2eef7f6e43596b,4,0,-0.089689046,0.0035270415,21,0.99036777
rec_8d4bd0663f1f3d24ce76,grp_fd5903546ecb94db7049,3,0,-0.004499769,0.009229092,44,0.9980032
rec_8d55694cf1096c2f4fc5,grp_0a57ece2a09bad654b15,4,0,-0.016384676,0.012206125,30,0.95702046
rec_8d5cd2bdab5be752acbb,grp_83d00253c2c8651e3790,3,0,-0.04048466,0.0055643995,62,0.9705358
rec_8d64db6b247ec5293267,grp_5d1d318b93bc614a15b3,0,1,0.14471072,0.16330771,44,0.99002725
rec_8d6d56cc0c4cd01c20f6,grp_c130aff0229792d7a901,3,0,-0.032060143,0.0062651504,9,0.98141444
rec_8d7355e8fa3e3016d28c,grp_c91aaee46e5ad2e35042,3,0,0.05903851,0.022396196,30,0.9514605
rec_8d7ea97e86d0656f240c,grp_36cb2a66129fc7abcb5b,0,0,-0.0478325,0.008551269,43,0.982191
rec_8d7f3f421a702ea22edd,grp_dc9732f00b8981ca7243,1,0,0.013251674,0.023014588,41,0.962777
rec_8d8008611d3f831c4d2d,grp_dfc6363db42f9c593fd3,1,0,0.07573481,0.065309264,28,0.98542446
rec_8d8b6d5eb4e128727b61,grp_862c7713994750ffc40b,2,0,-0.03204461,0.00798699,9,0.9986937
rec_8d927934e0ac4881bb73,grp_5ed00f743bb1e9fe601e,1,0,-0.028380686,0.011286658,47,0.97886187
rec_8da8a6c46511de9cf243,grp_83c99304006a1f3a3071,4,0,0.007356059,0.018188117,30,0.9507382
rec_8dab26cf3088b3e9e684,grp_9ff10ba41375bca46367,2,0,0.0533799,0.027370643,5,0.97119135
rec_8db03a7b2b3c55dc6ea8,grp_f727d28d33cff90f726e,1,0,0.12910539,0.15028253,22,0.9881954
rec_8db61a5c63d50cea3a2f,grp_2b380679c3c8cbac6883,3,0,0.118916646,0.050779738,5,0.9883993
rec_8dcf236883f46330f375,grp_dc44d7f2131aab84ecb0,1,0,0.040751435,0.036621053,43,0.97380936
rec_8dd1c4dbbf4bd2a14885,grp_7538530bda98ca5dd50d,2,0,-0.072753794,0.00441521,22,0.9915369
rec_8dd4d3bd05e003bf0f73,grp_64032e856d88c32dee9f,4,0,-0.025443476,0.010477042,47,0.9819889
rec_8ddc4a2ae63d3b8f1b60,grp_95300ab568ad3c3b0696,2,1,0.1791119,0.15075725,57,0.9848245
rec_8de61b35c06dde77535a,grp_78ab7b03f1c469a13a46,1,0,-0.07424615,0.005112798,48,0.96649736
rec_8df1445ad1182d8f972e,grp_67dfa17cc6ae5a5fd534,4,0,-0.016670715,0.012147445,21,0.9729621
rec_8df164c7505756564c0a,grp_89d52e73f4ee3fcd6a70,2,0,0.06925557,0.03429137,39,0.9218965
rec_8e307074f7da898f2f88,grp_381de294431f1dfe9f4a,3,0,0.0031954525,0.0102809,16,0.946288
rec_8e39406c85b78b98ce03,grp_529c213cc41e37f5fb2f,3,0,0.050425872,0.01987541,55,0.98312783
rec_8e413d7c97c53687ea17,grp_82392ff30638fe6201b6,0,0,-0.115278505,0.002883863,42,0.9999051
rec_8e414afce31d9d70feff,grp_629ca66865b4d07404fa,0,0,0.02451705,0.027093362,11,1.0059475
rec_8e433c0aac6dbc83a4f0,grp_928b534e6aa0c05864a5,2,0,0.19567193,0.18451008,59,0.96478975
rec_8e43b47d33eb85678d46,grp_bc76a4e7d7702ada3ffb,1,0,0.058891363,0.04953967,43,0.9970536
rec_8e4de942d4c5136f3057,grp_cd4bb7a02713dd92b52c,3,0,0.08529483,0.032160163,8,0.9632381
rec_8e580bff145a54f30ad3,grp_d06789f977e053c69382,3,0,0.0114756785,0.011545371,11,0.99266714
rec_8e6e63dc384355e4d1ca,grp_a3e5df3539cbad0e5a63,1,0,0.013264611,0.023019647,38,0.9512776
rec_8e7415b02d5269b88516,grp_4760bc17b88b3b159fde,2,0,0.08420933,0.042333964,2,0.967259
rec_8e7aa7bbc6a261b9e7c8,grp_de1bcac239268244a158,1,0,0.0020533926,0.019017342,17,0.96698016
rec_8e812df5cdf70f07e5bf,grp_ce6f98ad9f9b4e79312d,1,0,0.09490284,0.08886754,47,0.98146695
rec_8e820f4e56025e4c4622,grp_f14af8b98befa35b00c7,1,1,0.15292439,0.21116535,46,0.9896034
rec_8e8211bc8767811d92e2,grp_c3acc3264aea0d53bb38,0,0,0.13758053,0.14813153,14,0.9402644
rec_8e87490073f50a7ed871,grp_d3c6360515410f757207,1,0,-0.00697894,0.016296498,30,0.9156302
rec_8e8f26e7f0e850166098,grp_65c984f78c71c3da0cdd,2,0,0.18411428,0.16038129,50,0.9688206
rec_8ea000334c4f3f162045,grp_f578386a1cce68a20845,3,0,0.18558474,0.12090314,22,0.9573454
rec_8ea140382db7f81ee149,grp_47db8342bf3c6ba37d7a,0,1,0.14819834,0.17117545,44,0.9882923
rec_8eabb0ef4c301f875c83,grp_6f67ce4e96517b4d421e,0,0,0.10115899,0.08791417,33,0.9757605
rec_8eadab58484c47340406,grp_2345f8b37715d48d7a61,3,0,0.13480125,0.062786825,41,0.9460542
rec_8eaf2a452fd21214a96b,grp_7dfd77fd553e1af0c57a,0,0,-0.04617392,0.008782109,42,0.9876376
rec_8eb6df34f9cb6531e297,grp_25fa043fe53a51fc79af,3,1,0.21501808,0.17263973,59,0.9789352
rec_8eb9afcf651910418e30,grp_84d7fe29cc7b740574e4,4,0,0.1579464,0.19461912,26,0.95563453
rec_8ebce3399475872ae1a9,grp_70ba72c215e890fc3778,3,0,0.011654485,0.0115743065,47,0.9922338
rec_8ec22a7eb37f14684da5,grp_1f17ad43a4a52837e223,4,0,0.070979185,0.051979776,37,0.968711
rec_8ec325030e388691830d,grp_c20c8336b0456b3fd1a8,0,0,0.010026364,0.02154663,53,0.96697176
rec_8ecbeedd27fa339c7f5b,grp_d1e17e3ceb90f5dc2ec5,0,0,-0.0028905002,0.017549723,25,1.0037389
rec_8ed1bd46337e2131f2b2,grp_5f89772cdea2751dc1a3,2,0,0.20853433,0.21455869,33,0.959065
rec_8ed72c1f5ea83d40cdc7,grp_e44744f688ad923a10ac,2,0,0.057403445,0.028984224,7,0.9800139
rec_8ee4ccf715bd3f20a15e,grp_c6e6c849749a6a25948b,2,0,0.049522977,0.025906017,17,0.9857606
rec_8eec2f79d4813e979cb0,grp_54e9906232a22ca6de27,4,0,0.011506776,0.019496342,22,0.98634523
rec_8ef7b1533f8e8b79c743,grp_55266b3639cb96de33e3,3,0,0.107871465,0.04374785,9,0.99028075
rec_8ef9d580b2cd318575b1,grp_90bb3d0bf3e510e3fb83,1,0,-0.012860642,0.014734482,61,0.9951259
rec_8effaa041085231657c8,grp_51cc0ee3344fb112887d,0,0,-0.09264688,0.0041557564,43,0.98886925
rec_8f001171494dad057883,grp_fc1d961355ced529e802,3,0,0.16977671,0.09905234,63,0.95563287
rec_8f060aea7b03afb398a2,grp_83bb48c7c44d330b744b,3,0,-0.04182872,0.005460049,44,0.99362224
rec_8f12924312fb23fc0dcb,grp_3683f1679030ed6e86f5,3,0,-0.08009138,0.0031829874,2,0.9979547
rec_8f13d35b04b8b401da3b,grp_b1e9f0d0ee6c0880ec0e,1,1,0.19613054,0.3621395,46,0.98287106
rec_8f21ee3f48aad1376d4e,grp_fd9999c8cea129323164,1,0,-0.020305011,0.012967469,31,0.99365056
rec_8f24c63a831bd02f29b1,grp_83a703b450a070a69e48,4,0,0.0826142,0.06267412,20,0.9167499
rec_8f2f807901d47aa2de48,grp_ea4e2408f9d3ce61a950,2,0,0.04211166,0.023302838,59,0.98674196
rec_8f3a15592d967ba10699,grp_5d24f89b3e3de90b0e65,4,0,0.03311113,0.027939646,40,0.9494898
rec_8f40f8de270291a3203c,grp_724adc4f29ac4baeb948,1,0,-0.037888642,0.009582103,15,0.9650021
rec_8f4a0bfa6a24ff4c7bb8,grp_e8fd161cf7eda3d3e224,4,0,-0.07455266,0.0045611556,12,0.9811646
rec_8f4c0b762fa585cbc4ef,grp_66bdf1d8f98774b58473,2,0,0.017389115,0.016338397,10,0.98866016
rec_8f53aa7f60435ba71804,grp_7fbc2c0131a8b6ccd4ff,0,0,0.041175745,0.035191584,53,0.97212136
rec_8f5522ce366e47bfc1e5,grp_6812a4518460cb3af481,0,0,0.04082542,0.034999385,55,0.9872862
rec_8f59d70b230d72f4f627,grp_8c0e0dab1e0eb0f03507,1,0,-0.0009620013,0.018062782,11,0.96523905
rec_8f5f2569703bf39e6f23,grp_25cf7cc140676cb32d98,3,0,-0.002900959,0.009438465,30,0.97385854
rec_8f5f709beb188de37587,grp_0b29d8c809a5f191ce41,2,0,-0.01567716,0.010129178,47,0.9612202
rec_8f694bc6f0eeb7510119,grp_c56eb7b4f33e3a1e126d,1,0,0.05493813,0.046399217,31,0.986994
rec_8f69ec19fd4add3647a9,grp_a27ed8e9697b07b5858b,2,0,0.0034977829,0.0133703,14,0.9846496
rec_8f6aa9bd01a61d3bc29b,grp_2ae88b691f606b07084a,1,0,0.058118254,0.048910055,23,0.9937069
rec_8f7900211fa1e5b11ebc,grp_aa658c2bb7e2c850bec4,2,0,0.035266884,0.021126563,7,1.0099211
rec_8f852ef5aa93f41765c8,grp_f29760bff82ae2bf9029,1,0,-0.01655421,0.013829952,61,0.97792214
rec_8f9105611787f2afac54,grp_b2f2234022138382f2b0,3,0,0.035519093,0.01615363,41,0.97946775
rec_8f961f1c1a5eeb23f533,grp_955aa3e3b39838f38bba,2,0,0.027385447,0.018866386,18,0.97298825
rec_8faaba70b2fa9485aa10,grp_d633b3aff107ea2f52c4,3,0,0.03749746,0.016605033,1,0.97662574
rec_8fb15cc34102f849d937,grp_6e21da5e6806ef6c100d,1,0,0.085905984,0.076980755,39,0.983266
rec_8fc7d374e8e52a64755e,grp_2630f6cf185ea9ead337,3,0,0.11442108,0.047797002,15,0.9837931
rec_8fd0fe6423a8c8f2d1e5,grp_ff255d4e3ada81d5e732,1,0,-0.035189882,0.0100381905,63,0.9769989
rec_8fd3a25f573155634142,grp_ab457700a0e10129eae8,3,0,-0.0350428,0.0060075526,37,0.9830409
rec_8fd92461b35ca7708ab1,grp_a7683e5afc54834a5133,2,0,-0.025470182,0.008787374,1,0.996017
rec_8fe75a312b6d928d5f82,grp_e3e15ac45ea5edaa7097,4,0,0.07706637,0.057340257,42,0.9757174
rec_8fea81d94eb59dcc857b,grp_b83c7dce0e3b5d09690d,0,0,0.094833836,0.0800371,45,0.945448
rec_8feb072f606b6c3d8e01,grp_307d6fdb0d9476c7a8f1,4,0,-0.14228126,0.0014413423,12,0.94730306
rec_8ff215d530e9828f40f6,grp_95cd8c15ff6a6d119c42,1,0,-0.037954845,0.009571177,7,0.96835494
rec_8fff095901db1fd8b338,grp_978fec65ac6894c6fcd0,2,0,0.05490582,0.027972052,3,0.9700567
rec_900af3557fdafccb4ddf,grp_e45ad0a2cdfb4f61f779,4,0,-0.041165907,0.00803256,25,0.98669815
rec_900f1fc7399505df4d53,grp_ce31758e73ec29854ce2,2,0,-0.0038772873,0.012017548,6,0.95743465
rec_90114c246050c3ac665f,grp_ed8a89e81656278f06ed,3,0,0.043685537,0.018098505,3,0.9867113
rec_9013016b42c52b338488,grp_b333dd49df087a0c4eab,2,0,0.15691495,0.11366505,58,0.981563
rec_904037bf78f26a69557b,grp_8ce117fb85b0448c1c31,2,0,-0.07022438,0.0045811166,38,0.9639034
rec_906c82436358386d01e7,grp_645430f4def7ac4adbb5,3,0,0.23556024,0.21821666,51,0.9600487
rec_907d0ed01a6d670a4176,grp_f0c061864f690277ff7c,3,0,0.05682793,0.021720853,16,0.98064893
rec_907fea0701eb15c43e66,grp_c64fe6f41a2e7257eb88,2,0,0.17862499,0.14984632,17,0.9423147
rec_9086074c343d1e5b0f17,grp_540f42f2d79866598bcf,0,0,0.090141505,0.074615546,31,0.8959858
rec_908d49416568aff41186,grp_526c806254984b468a0d,4,0,0.04341539,0.033129856,50,1.0018594
rec_909cb69ae19c2d8f2d7f,grp_56446f02209aa70a0a0e,4,0,0.019658638,0.02233947,39,0.86047506
rec_90a019f635bb2a7b6a20,grp_6a988c663d37a3a58e86,3,0,0.09134601,0.034937453,26,0.98132885
rec_90a25fe750c413eb8c89,grp_2648e37a9374155d3211,0,0,0.11828694,0.11285602,14,0.9905674
rec_90a3476c994f64bf6498,grp_f227f5163e1bb12ae61d,1,0,0.042655453,0.03780805,30,0.9911597
rec_90a545df06f7ff1bdf0a,grp_47bbdd70f4489a9451b1,1,0,0.0390285,0.035577916,17,0.9900709
rec_90acd219be9bb3edf46e,grp_e2e68e2cf403bad35b88,3,0,0.12379844,0.054217897,3,0.949886
rec_90b1daa11e6e8296622c,grp_3cde3c2241d85ac50b6a,0,0,0.15814932,0.19527213,53,0.96660763
rec_90b474e94d4014f4a36b,grp_535a885444719f6aa599,4,0,0.061943427,0.044889275,28,0.9819948
rec_90c84c2936e87c29e306,grp_3ec74661f515ab6da4e2,0,0,0.10397689,0.09164423,45,0.95378304
rec_90c8fdfb5ce8afc058a9,grp_859223edbc5b4d7a5ea0,3,0,0.055969317,0.021463946,11,0.9791836
rec_90d2a9600ba647a73536,grp_3a76ec1e1b04063c1025,3,0,0.047378697,0.01905187,48,0.99363077
rec_90d2da63cd82b15c1741,grp_44b7fc12ec48fd79749c,4,0,0.14920609,0.1723106,22,0.967062
rec_90dccd37006f36733f77,grp_677deb01c414f91beac7,1,0,0.011607388,0.022379952,60,0.9693494
rec_90e2f278800ba11cc4cf,grp_f76ee6f63023313d1a5e,4,0,0.008520705,0.018546239,27,0.9987337
rec_90e6d9783f358fe59c26,grp_d254eb9871e7b557f054,1,0,0.045696896,0.03978115,26,0.9593684
rec_90e93b28d65685757817,grp_dfb5b29ce441ec105cae,3,0,-0.07408835,0.0034644718,24,0.9717017
rec_90f36ce9da6b35be7d76,grp_4e1b3e43bd76bb4b089c,0,0,0.05307517,0.042356737,58,0.97494745
rec_90f59f555f30e2582a0c,grp_2fbd65b1cc2c6b16ddba,2,0,0.04373777,0.0238512,42,0.97292763
rec_910633904ce57d09497f,grp_bbb77049f51cb47eb23c,0,0,-0.012103833,0.015153256,4,0.98510045
rec_910d51a2637736f18e2d,grp_bac71fc6c4268557202c,3,0,0.17464271,0.10537491,0,0.9726025
rec_910d88291b5aa204425a,grp_2094712a0f9fcd315b73,3,0,0.051608957,0.020204468,3,0.9906364
rec_910eb2bfb4beb2980e80,grp_3ad4124cb542c6e26a54,2,0,0.11972583,0.06922695,61,0.97001565
rec_911967649ca9a6289969,grp_a81d221c2927d367428b,2,0,0.009323258,0.014544065,32,0.9789901
rec_911a704079e056f533ed,grp_3a0a38ef84375a542f65,1,0,-0.04075211,0.009120603,22,0.9483388
rec_911f038ee94bf763fa80,grp_0da7999ee31e79f2e656,1,1,0.14239526,0.18225686,46,0.9900583
rec_911f8143e5e74c7cbc4f,grp_9e7926eb06286355ee47,4,0,0.07540434,0.05582716,17,0.99740756
rec_9125a6fbce8844ae2f03,grp_90cd4f1b382d2c79bee9,0,0,-0.009725268,0.015739193,50,0.9739179
rec_91273701711f21656d1a,grp_93ee9d1ad06831c1e11a,4,0,0.0019816596,0.016621564,2,0.94963384
rec_913097172e429c8fa480,grp_5d92ad96f80d89e99984,3,0,0.09285372,0.035664633,2,0.97251415
rec_91309f7f0ec43d441a35,grp_727ae4adfad8350ed8e3,4,0,-0.04100611,0.008054304,20,0.9434955
rec_9133dbbdd4da873ea1d4,grp_0da134133923e89cd7a7,3,0,0.14176254,0.068844825,34,0.9642684
rec_913b46c9ac0f0f9df651,grp_4b16bb3cc7827df313ed,1,0,0.048733894,0.04184964,44,0.98588216
rec_9140f2102cf2da315b20,grp_6d770931fa759630688a,1,0,-0.08479314,0.004259183,6,0.9891527
rec_914bf7328a1c442671dc,grp_ad772e9863fe1de629d7,4,0,-0.018029837,0.01187241,8,0.9012938
rec_914cb731cf49aab764a5,grp_dac1ade4b77337c6bd1c,2,0,-0.0039707376,0.012001305,26,0.9674274
rec_9151dbed00ae92d2ded9,grp_57c6448b1d94353255bb,4,0,0.037770893,0.030180974,8,0.94493383
rec_915e4cafa73abcc26be6,grp_7587c8e3016e158a51c5,0,0,-0.0032145109,0.01745945,8,0.96543264
rec_915f8461d94644135c55,grp_f8fdb382516949783a0f,1,0,0.082324676,0.07266787,17,0.9484384
rec_916db0ece74eee1c519b,grp_d151a2b5ad12c357f4bf,1,0,0.026828064,0.028969837,57,0.98650867
rec_916ddbde077e5059423e,grp_3e8db3f64e20cfd031d4,3,1,0.19176549,0.13052034,59,0.98375356
rec_916e8f663eb5a82b4825,grp_93a9932f50ed1a898f34,4,0,-0.16710904,0.0009442425,55,0.9569245
rec_916ea19b55c130bf472b,grp_8072387620079fe10f8b,1,0,-0.021507159,0.0127024315,55,0.8977391
rec_91710f72e5db1bc07e02,grp_4a333b437c4bacf0aa88,4,0,0.07549101,0.055905133,40,0.9930555
rec_917cc64b90bce13cce8b,grp_514869166a86e9679fed,0,0,0.047818914,0.03903418,38,0.9655596
rec_9187ede79f2463251746,grp_1639ad9877516953954d,3,0,0.057122868,0.021809788,35,0.9863226
rec_918fe3454c7feac1dcab,grp_5aaec54a93f10e42f6dc,3,0,-0.076391645,0.003353651,37,1.0002465
rec_9199ec9d7077a75cf5f0,grp_b0913554787374aa7463,3,0,0.084427744,0.031780105,51,0.99705267
rec_919b63f991c5f29f4f1d,grp_cb1a426e3615dba0c158,4,0,-0.004616781,0.014878739,37,0.95641
rec_919beb17648e4a80addd,grp_ac1ee1720e061cc94e90,2,0,0.021439664,0.017319903,29,0.9396634
rec_919f48cbe9a5cc4b3f85,grp_2217f27633b889c55876,1,0,-0.032549083,0.010505272,43,0.9765681
rec_91a3e83bd3f13df3ac55,grp_edf4555ee1515d9bf127,1,0,0.009889411,0.021735149,4,0.9663825
rec_91a60aac89171e2e0ae6,grp_84eb29219b8147efccc0,4,0,0.0069793863,0.018073753,52,0.96939015
rec_91adfeaa3c75d79fb176,grp_22d726ffe34884053768,0,0,0.033148445,0.031033348,8,0.9687558
rec_91b93be1b41aba5d7641,grp_e68f773d691a5c2c7d5e,3,0,0.03732701,0.016565656,15,0.988184
rec_91ba5ddbbfade6d5752e,grp_de920e4bb14a48d02337,2,0,0.0070143742,0.014067172,6,0.9564897
rec_91bb9a1601240da3d158,grp_a35b4e7b2b6e9d0f180d,4,0,0.13368112,0.13774796,8,0.9507811
rec_91bc7aff08b0f6c8ada4,grp_d7ae8bed0033f33d37b0,3,0,0.13850546,0.06594577,3,0.95552313
rec_91ca03f55d4a1325cd40,grp_4355a11a64e5dbc54732,1,0,0.07586733,0.06545018,47,0.9804906
rec_91d320e3d93d5a886c2a,grp_092574fc429951394e99,0,1,0.11044202,0.10074402,44,0.9954333
rec_91d595c791d5d43406b4,grp_7d11c6dcadb4dfcdd883,1,0,0.046450052,0.040284798,61,0.9976274
rec_91d6805fd26932d15e2a,grp_6602af07879932fa3cad,4,0,-0.03538547,0.008857446,3,0.9404127
rec_91e29851623d201c14a9,grp_7546834fb922797427bc,2,0,-0.1117966,0.002496874,21,0.9839096
rec_91e3d68f74d4670b4e67,grp_19440f5f292ebf1a5bab,1,0,0.036651228,0.03418548,59,0.964029
rec_91ea46ff272b906439e9,grp_8b9839aab8235d6c7558,2,0,0.021196038,0.01725927,40,0.9569376
rec_91fc9f6108b01d604b7b,grp_9de922924f41bf0fe470,0,0,0.06376556,0.04996577,35,0.9961351
rec_91fe1fd8adda28d90fe3,grp_4aec89756ef012267614,1,0,0.004106088,0.019695275,59,0.98085046
rec_9203c25216dcfcf358cd,grp_00c01806988525270718,4,0,-0.121271215,0.0020611961,56,0.9612499
rec_92071a59f083ec8ca903,grp_75bf7077f799bad78509,0,0,-0.007199998,0.01638567,17,0.9566913
rec_920a3ace6d323b955bc5,grp_ed0dc4ba362cb2ecf434,4,0,0.07595668,0.056325797,25,0.98988014
rec_920ed48accb79469e2ed,grp_6a98982aa11fe71dc8e3,2,0,-0.089236155,0.0034713785,6,0.9573967
rec_921e612117597611c7f9,grp_fd745317cd62a57c881a,1,0,0.07511446,0.0646534,3,0.94371885
rec_921f5aa343d7a488b2eb,grp_3825d2dbd4bdbdd2e320,1,0,0.036667123,0.034194622,6,0.9913579
rec_922c879d94f7f673d975,grp_889193ed64a0b01c2ec1,3,0,-0.0073024156,0.008873108,40,0.98979956
rec_923046240bdc991ff6e6,grp_93867797587b45a2d1f5,1,0,0.035383526,0.0334646,63,0.9722919
rec_92347b3d2a811ab1ec57,grp_1a3e984c0ad21e870764,3,0,0.059779353,0.022627085,19,0.98512524
rec_9236e9676f73943f6a45,grp_a089030f6ae14cd8a2e6,3,0,-0.06693536,0.0038324362,35,1.0104067
rec_923c8392c9d80e7b3d19,grp_d72941e5130529e72d4e,1,0,0.13409774,0.16171597,9,0.98138213
rec_924108f78eaab5954fc5,grp_54ab3601c42ff9321182,1,0,0.022653285,0.02699475,49,0.9469023
rec_924d9c8ca82c5eece22d,grp_fbc7a9915a2ac4cf4721,1,0,0.027132384,0.029119175,24,0.9836246
rec_924eaca362fef9cb61c1,grp_65a85cdaecbe5e5c420c,4,0,0.041109372,0.031892907,13,1.0004828
rec_924f950ef62ed99b1e95,grp_3271a95cb8f7a499cadc,3,0,0.074112505,0.027579477,22,0.8821105
rec_9253169495955ef09cd7,grp_d086e7eef84537387c48,4,0,0.102747545,0.08614006,26,0.9674538
rec_9259391434a50d740d74,grp_0accde3e8be5a3a2b97a,4,0,-0.074599124,0.0045575583,35,0.9922606
rec_926172421da10a2c1392,grp_24898c87c7242fefc010,2,0,0.113222115,0.063334346,13,0.94115365
rec_926738f589de9545c312,grp_b20de1eca71978d3adf7,2,0,0.1503063,0.10427053,20,0.9830721
rec_926f3c332f6b2ee8fc44,grp_acce1e64188416c35dd7,1,0,0.032387115,0.031818554,17,0.9340112
rec_927279bdeeb1f503edcf,grp_e76265dfb4668a3d5e00,3,0,-0.02040036,0.0073818103,11,0.98582757
rec_9282e2de2552b4a67d70,grp_c52357b2ff7918b74e9b,1,0,0.07763672,0.06735881,16,0.9691966
rec_9283924560b34fb23381,grp_581dd4d8796a05746c8b,3,0,0.3024052,0.41839972,12,0.8812373
rec_9285b4b687074a7e742b,grp_895133d4b6e58718d6f8,3,0,0.08571346,0.032345228,30,0.967097
rec_92a1de6b4adbdd37cfd1,grp_e9668b1d9a4f361b47c2,2,0,0.0929638,0.047849406,8,0.9406444
rec_92a54b3259ac4792535f,grp_82e0592648d161ad1b11,4,0,-0.028344443,0.009976333,1,0.9568641
rec_92a73aa484f7e3387a4d,grp_f52921789487d79af7c8,2,0,0.09676562,0.050451636,10,0.9442816
rec_92b0bad9a55bd67b9c66,grp_f64906ce76f0623a0833,2,0,-0.011043534,0.010832895,50,0.9601178
rec_92b0be35ca373de722a0,grp_ab37210bfff3bbb59fb0,0,0,0.07274586,0.05734169,43,0.9547799
rec_92b157d83f64ddfcb306,grp_1a24e3c7a6944fca6a24,4,0,-0.009012323,0.01381896,16,0.9335597
rec_92b5a1b4520b71e4a031,grp_1d636f3541f280f70806,4,0,-0.008660497,0.013900974,33,0.97650325
rec_92c4ca9de8a37dc95d10,grp_3bb8f8af3414710b5069,3,0,0.12143922,0.052529767,51,0.9528459
rec_92d38bb7ee43a3a3683c,grp_0a763025cabf1d03a1f7,0,0,0.07225166,0.056910466,38,0.9771271
rec_92df3a038d6ec90e69cd,grp_c668644af4f642e37ab9,2,0,-0.004671023,0.011880272,14,0.9766142
rec_92ed891a5fc6db23b981,grp_015b04ef9d8de5ca4c17,4,1,0.09730959,0.07911383,36,0.9993156
rec_92f47b41fa386471ba5c,grp_7d6e7bd6f03803b43dcd,0,0,0.10833852,0.09769852,1,0.98965204
rec_92fc300d5b9937247563,grp_136d4160bf9cee5abc28,2,0,0.023157433,0.017753428,9,1.0021024
rec_92feab9294cc6ff06f42,grp_5b97f0d937772ace40a6,4,0,0.06149206,0.04456037,3,1.0008109
rec_9304f5d337f7f7f1c206,grp_445e5c5e0f90a09f7b80,3,0,0.08484614,0.031962942,22,0.95041966
rec_930faab257b40dc78365,grp_b5560d741a5c18a1649f,4,0,-0.0143116815,0.012639848,54,1.0027053
rec_931496b79016c31b07e7,grp_0180b8a614704af3c73b,4,0,0.09741751,0.07924805,26,0.9528168
rec_931d4009484090bbebb0,grp_786bacda017d5995eb20,2,0,0.070122175,0.03471427,16,0.978823
rec_931e90f837d2cf8dcc33,grp_130997f04acd419905fb,3,0,0.12248169,0.053269487,23,0.9752463
rec_93258379f1580e7f545f,grp_e9908bc673e074de6463,1,0,0.099556364,0.095646106,16,0.9344112
rec_932613b5c9b8c89d1504,grp_42ecb0071cc7f340f382,0,0,0.039174527,0.03410724,4,0.97342557
rec_933a6171579e966e1396,grp_523185d20e7ab7d66c81,2,0,0.00461912,0.013588732,9,1.0012628
rec_933b9c72de3508868c82,grp_d58b092696d8ffa44691,3,0,-0.1267932,0.0016452811,50,0.9778728
rec_933dcf90e3fb8c6db1f2,grp_43d5114423da71515784,1,0,0.054465577,0.04603675,7,0.9314128
rec_934152a07cee3e4a0aa5,grp_e93d36d697e1b8ecb7fb,1,0,0.09310089,0.08636121,9,0.99400765
rec_934400917debd9b1a34c,grp_fb7861a39eff3bd6a36b,2,0,0.1818122,0.15589197,16,0.9648656
rec_9356247cf9839d4306c7,grp_32cc3670d1a88a774741,4,0,0.06382643,0.04628649,54,0.9862571
rec_935a9aeef6e39824808e,grp_690ba98cb9f14f194fbf,4,0,0.01748828,0.021545162,27,0.93720305
rec_935b0ac7abb93cecac1c,grp_ee0aea21a52dc012dec1,1,0,0.033869665,0.032622956,37,0.95681584
rec_935fbbb6f010a4415f05,grp_47d1df4f737b5fa37f8f,4,0,-0.0925467,0.0033598247,8,0.90868604
rec_9363a04c0a3a58824bde,grp_50e519757b8e9e06021e,4,0,-0.019863246,0.011511117,26,0.95188314
rec_93752a64a3c0f68dd748,grp_e2d52559bab772923975,4,0,0.05279758,0.038656622,19,0.9871612
rec_937f2ca46ed14621c506,grp_044ba971b2ca668f519b,1,0,-0.04437872,0.0085676005,9,0.98853856
rec_93872903b2d501067f0d,grp_c1832b7b2842a7d375ed,1,0,-0.034780145,0.010109294,37,0.936932
rec_938ccb525bd662393fed,grp_f6a4417f0a54c707445d,2,0,-0.08242456,0.0038342406,48,0.983771
rec_938dd6d5ec635ff00e3c,grp_ed74ed048a467263dfaf,4,0,0.061119907,0.04429092,8,0.88093454
rec_93921d1acd93844e7d08,grp_9657e9c175297fe7d0aa,1,0,0.048758835,0.04186704,55,0.96501887
rec_93a719a695a6a1837726,grp_47516384c35078573ea8,4,0,-0.027882678,0.010054419,2,0.9474538
rec_93a90d1171138bccdfe2,grp_418d8d0b63bb221994da,1,0,0.031824972,0.031518586,63,0.9604475
rec_93b13cb5272f46e11ae7,grp_afcf9ba20fd0e9dbccb7,1,0,0.014976891,0.023699343,31,0.97352135
rec_93b8dea78c6217a9903e,grp_614ebeac498fa620bea0,1,0,-0.04077225,0.009117436,20,0.99536717
rec_93bd311763c53fe6c067,grp_91756da38a8b40acecf8,4,0,0.010776989,0.019259822,24,0.99737984
rec_93c4be49ad1f4b6fdea4,grp_7932bcdcce3e729139fc,0,0,0.048461143,0.039426338,63,0.98136663
rec_93cf8d3a64118c6b53ae,grp_1400be58b7d038302f3b,3,0,0.10310634,0.041009836,52,0.95078105
rec_93e749bd3031d7adc1f4,grp_931b9df0cd48121b478a,3,0,0.082556054,0.030974455,44,0.9754925
rec_93eb32e5e8602cfd4095,grp_052ff631d6e33b419a4e,3,1,0.18393582,0.11844284,59,0.9837863
rec_93ebfc3e8b45a0de846b,grp_a72340af8ff1c14dcf23,3,0,-0.11135425,0.0020465904,5,0.98770565
rec_93fa92be1a32c30916c1,grp_826f4853c8caba53156a,0,0,-0.010783264,0.015475863,53,0.97234315
rec_93fbd7575c1c503f0f73,grp_0a0c95a33b4338f05c58,0,0,0.035667446,0.03228424,28,0.97938186
rec_93fd69a64575fe337ebd,grp_729b0d8dee09469d8981,1,0,0.12301032,0.13723515,39,0.9640969
rec_93fe40c2ff7a0a1f4610,grp_b9b88d001ebc733536c2,3,0,-0.07406746,0.0034654944,47,0.97310054
rec_9413939c2a5a4caab270,grp_150ae3fcfc5b6759c6e4,0,0,0.039799497,0.03444237,1,0.9715788
rec_941aa609f770a26f8e72,grp_f3e523a6232caf26175c,0,0,-0.039099783,0.009838019,16,0.93442094
rec_941fa5dc88f12f5d88b9,grp_4779d83280ef1b24f49b,4,0,-0.12902024,0.001806479,21,1.0016867
rec_9420e94895068def49ea,grp_9409fd3bec9802679bf2,0,0,-0.039496724,0.009775573,28,0.99928236
rec_94218c83ed1e3472769e,grp_cb4a6419dfdd2612c473,0,0,-0.07093628,0.00589712,32,0.93886817
rec_942ead04feced46c93f7,grp_3ac5c3a07ea59b0b6f44,4,0,0.0665651,0.04839265,49,0.9667316
rec_9439eeebba5f3085ef59,grp_9acfadeaba72a5d7f173,3,0,0.20419565,0.15183069,19,0.95537734
rec_944d1d6798a94537a8b5,grp_b377a8ab7c5fd5e1c6d6,1,0,0.014980916,0.023700966,59,0.9637944
rec_945b0f353a002064835e,grp_f1783c19eea0c9b130e2,1,0,0.10022093,0.096651055,11,0.96941763
rec_9468b855be867cfc33c4,grp_f79e541e976b8242caac,0,0,0.018380506,0.024592502,52,0.9969187
rec_946bf75b690c95309018,grp_ab201da185e3203c5e6a,2,0,0.043476485,0.023762245,6,0.9245902
rec_947778d91e1e45ccfa44,grp_0894609e9a23d9ea0fdf,4,0,0.027004797,0.02524602,9,0.9912248
rec_947e99b6f78b1a3417f6,grp_711e6a74b2d4bfbf962b,0,0,-0.027342506,0.011877714,53,0.9563776
rec_948236302dc82dd00153,grp_21718b9f93445cd4f77a,0,0,-0.030341007,0.011320903,35,0.9994785
rec_94843102648dc088c579,grp_f1912ff1a088ba488fbb,3,0,0.041817345,0.017634243,44,0.9801454
rec_948a0fcf9e21eece21ac,grp_07bdce9542b1ff0ad8d8,3,0,0.026330912,0.014210523,32,0.9841555
rec_949201c9c9de95089dcb,grp_4a5b7f50a722fcfa8288,4,0,0.19197665,0.30156106,56,0.9801445
rec_9497f3b1e6fb45e93717,grp_6e6abd3927a94b1e8452,4,0,-0.00984107,0.0136276465,10,1.0010308
rec_949c30364da803e1354e,grp_4a3515373a13b18411bc,3,0,-0.009379391,0.008618106,48,1.0100664
rec_94a0a0c360501eca54af,grp_51f51c3dfff1e8b68416,3,0,0.09376289,0.03611016,41,0.99587125
rec_94aed90da06a6709762d,grp_0d3a37a4bfe51e4bcdc2,0,0,0.061422803,0.048194613,3,0.95789236
rec_94b6e41eb0d2f4600f0f,grp_5a68a874044a8f4f4409,4,0,0.11099753,0.09788075,54,0.98989683
rec_94b946bf47e2e567ec1f,grp_d33b760f1b6d1a5e5429,4,0,-0.035986457,0.008767913,56,0.9813063
rec_94ba64fb648685a8e7f5,grp_ca19d7e0a90f31217802,1,0,-0.06437187,0.0060654567,59,0.9805642
rec_94dd4f90b9abae99e97a,grp_cc0b1deb028d2cce4773,3,0,0.1107264,0.04547096,30,0.9535566
rec_94ee68be30667e163fca,grp_bbbef9c8f0c9ba60c1f8,3,0,-0.035094023,0.0060032234,5,0.99461126
rec_94f1b5adddfa3f8ce111,grp_de89e98200e0846e615a,3,0,0.10108295,0.039897487,9,0.9758429
rec_94f47b7c22ce15ab9160,grp_662e2460dd8cab204f54,2,0,0.1659237,0.12765329,16,0.9855904
rec_94f5b25408e9f6c4c7ae,grp_80e76ddf595350e69813,2,0,-0.1290427,0.0019405236,59,0.9910117
rec_94fa7700fcdc8c467b19,grp_45988ce46e9600acf21c,3,0,0.07162833,0.026651407,48,0.98572356
rec_9503ca6819b82937815a,grp_d7a80e2833ebe8439ffb,1,0,-0.023585835,0.01225672,9,1.0071585
rec_9515682d40bffd54fc8c,grp_dfcd1a11a3007582056a,3,0,0.057106607,0.021804877,31,0.96949667
rec_9515eb550661389ad92a,grp_5fd2c812afb0ddee69df,1,0,-0.084686026,0.0042670956,24,0.9757717
rec_952b3385506f27ea082c,grp_faeca5a70febb60f64f0,1,0,0.08288441,0.07332695,59,0.9846724
rec_952c55d0e9038fd4ce67,grp_3a170856f5037cb7c7fb,0,0,0.12560557,0.12528247,11,0.9765007
rec_9537217d75b10f6942c1,grp_fdaa487fb3c2c4cc2622,0,0,0.115825035,0.10892413,39,0.9675485
rec_95392c88d4039e612ead,grp_093abb2417727c1a8941,2,0,0.0065714037,0.013977453,14,0.9947422
rec_954c3fc2df0fa743e4ed,grp_091df967954c06aa3416,2,0,0.032988723,0.020447323,24,0.9421767
rec_954d201dc3fe10a5adda,grp_3d6659ffa9943c74af1f,3,0,0.02774591,0.014494028,42,0.9456467
rec_95597f98007412f99bfe,grp_25488523cb2426b96736,4,0,0.04163157,0.032169048,27,0.9759131
rec_9563284a812d5c60d7fe,grp_9fd7c2a9516cab560c2b,3,0,0.12136463,0.05247721,30,0.9552722
rec_95659d7763beceb6a8bc,grp_5e8a2f27584512e16012,2,0,-0.17303835,0.0010195733,62,0.9739016
rec_9570ab901fa42cb2d12e,grp_f5838753e65253523d4f,3,0,0.07450929,0.027730599,3,0.9794234
rec_95752d03ba6c0232e5ae,grp_1f81f118659ba319e1dd,3,0,-0.023046048,0.00711225,9,0.96704394
rec_957577545f415be1a3db,grp_77179e1d3a99f55a7cf9,4,0,0.12763155,0.12594488,19,0.9600924
rec_957906d79d72d77f8bc9,grp_af50ba93174aa7f16c13,4,0,-0.0027199718,0.015360429,55,0.93963575
rec_957ecd2c30b0f6b1d05e,grp_b85a3c10dc37ec098919,0,0,0.1622418,0.20590137,1,0.9525675
rec_9585a75c51df08b49155,grp_24adc817839655057024,2,0,0.018173926,0.016524194,47,1.0077178
rec_9597055f7756adb3c382,grp_bf47e7b429400700d51f,1,0,0.030509165,0.030827131,41,0.9753787
rec_95a0694e6bbc67799aaf,grp_13d22d055194428b65df,3,0,0.033637386,0.015735485,24,0.9857791
rec_95a45cf351d5c0c3de44,grp_341ba3d5a657a876d202,0,0,0.00984252,0.021483928,34,0.9598367
rec_95a6f5de659f63a97f3e,grp_6f65b275783d85dbb42f,1,0,-0.022297438,0.012531124,41,0.98523915
rec_95ae6692e537fd1d7048,grp_1cda381a5e632698f00f,0,0,0.08037163,0.064396314,30,0.9759961
rec_95b8cb75389cc17348c0,grp_9f47b757c3fba32e786a,3,0,-0.08663169,0.0029022014,24,0.9533553
rec_95b91334ecebf80bcd22,grp_2225f865437b407a0fe9,3,0,0.10747972,0.04351633,37,0.9902478
rec_95be11f35868226fe345,grp_1e226a8a89820058c7c3,3,0,0.044244766,0.0182398,41,0.98194355
rec_95c7daf1be3ea493fb42,grp_90ad04e188eea1a4b609,0,1,0.14708842,0.16863951,44,0.9887161
rec_95cb3aaa449ce381ae6e,grp_acac91be4b05fe2ca4d8,2,0,0.13068876,0.08031841,23,0.9844622
rec_95cb824f83b2fa357617,grp_5e2a8d316cc73391c70c,0,0,0.049658734,0.0401677,35,0.9923026
rec_95d89e2405404c71f17e,grp_e489e7dcfd1a530ef1dd,3,0,0.1151679,0.048280716,3,0.97133976
rec_95dd36f04ecb064084f0,grp_0051311e122d898e6295,2,0,-0.035162203,0.0076331496,48,0.99921095
rec_95e3c9d725ae0548d4e1,grp_b9313fc3d7cf636fbcbf,2,0,0.046709087,0.024885891,6,0.96305585
rec_95e549350341b48263ae,grp_4b70c724c1a0cc03fd0a,3,0,0.13603254,0.06382088,47,0.9808241
rec_95ee8fb4de26d659f7aa,grp_dfcb18fa710b02e08600,4,0,0.15227635,0.1799074,35,0.98222923
rec_95f56f4efdd80da11fc1,grp_7013ff8eb0a839259c2e,2,0,0.16071293,0.11939182,15,0.95429635
rec_96115b053b059c355551,grp_a91870a9a0c6dbd514ee,0,0,0.10433997,0.09213506,62,0.9815917
rec_9626914c9a7f5d2eb421,grp_540aeac7a086013ae07c,2,0,0.0015067493,0.012990951,22,0.96990585
rec_96347e266848a2d92124,grp_51d6d5cbce2f1b728973,4,0,0.0033772765,0.017015137,17,0.9898695
rec_96360750be63772c5da0,grp_57bf1dc60abdbf1b16f6,1,0,-0.034533028,0.010152416,18,1.0109566
rec_96394efe2b781ce9334f,grp_bb6c73edac4419369885,0,0,0.014221428,0.02302699,3,0.9959392
rec_964dddf834ebfc8987a8,grp_da872e76d1da653aeee1,3,0,-0.06428344,0.0039785365,48,0.98398554
rec_965c3ea4b63e4d7bebc0,grp_75433976031b297f96e1,4,0,-0.03638472,0.008709075,0,0.96447116
rec_965f49116831a7512c3b,grp_937247714d4a41d23b02,3,0,-0.0978581,0.0024766182,42,0.97690004
rec_96696b056243cf714f1c,grp_3f6eabf70b431973df60,1,0,0.06686076,0.0564924,33,0.9679852
rec_966cea7738ee9bd97f67,grp_41d6d697a086f52fd869,4,0,-0.04463267,0.007574882,47,0.9937584
rec_966f74927bea0811a1bc,grp_84e63e55d82b1e02c197,1,0,-0.05790388,0.0067831147,37,0.9523996
rec_9672a9999dcf56ab7db0,grp_cd60f8d0b006f88b34b9,4,0,0.08830327,0.06862188,20,0.9072429
rec_9677e6cc7f7d2a395221,grp_c4a545ff026c2225cbb3,0,0,0.04191958,0.035603028,39,0.9969899
rec_9677f062c19899f1ed56,grp_86a6bc57cecd36fb79d7,1,0,0.027061272,0.029084211,31,0.9627589
rec_96828bf8a277c82809fb,grp_d3c76ec42c19e612760e,0,0,-0.06042084,0.006984706,23,0.9707322
rec_9683b19f8e76b34184cb,grp_848c66e6c538a62ceff3,4,1,0.07465908,0.05516095,36,1.0002927
rec_9696b3b24fbe94466c9a,grp_5bbca9c27f07c5b55e9c,4,0,0.022109607,0.023270909,35,0.9641623
rec_96992df2aed891adb5c4,grp_6029a9654064c14496af,2,0,0.072826006,0.036066268,46,0.99547297
rec_96a2bbb9273aa41f23e1,grp_216c6c072ee995b5d75c,1,0,0.043469623,0.038326826,50,0.9364037
rec_96a2e906473ab31181a2,grp_9a6a79faf104bdb320ca,0,0,0.0953127,0.08061019,41,0.60251564
rec_96a7e84a5c0fd284a2b0,grp_56d6a7c71245d3ef032d,0,0,-0.005905186,0.016727205,4,0.9769295
rec_96af1c0489615d80f41a,grp_8661d65a790faab01f96,2,0,0.029807294,0.019534426,59,0.9851751
rec_96b05551188ac661c19a,grp_fb821e80eb9f78307bac,4,0,0.06241681,0.0452367,2,0.9781143
rec_96b38b0f25712c1a78f8,grp_8f78d9b6d952de3b0618,1,0,-0.08195012,0.0044742213,15,0.9618658
rec_96c94fc8d70c09556702,grp_fb806350d957fc6fb596,1,0,-0.06302249,0.006208667,49,0.927885
rec_96c9c0456cf253f9fa94,grp_47d89c4317707f2fe851,1,0,-0.006555834,0.016414953,38,0.9612877
rec_96cb9d2f599506cad9c5,grp_f9b100c111164594c122,1,1,0.2081866,0.4118545,46,0.9818289
rec_96d5d904d1dca088a9b4,grp_264a2c935e26893c410e,4,0,0.02467114,0.024284858,3,0.95126826
rec_96dd843723f491a8446d,grp_7ebdb421c98e34abdbab,0,0,-0.13471505,0.002106508,29,0.9128024
rec_96e0c7c1f42f67a8bb80,grp_d679b036f3fe13520f4b,3,0,-0.04067314,0.005549646,23,0.9837042
rec_96ec4fd35403217a2113,grp_8201fcef3de55f6f2b84,0,0,0.0023908913,0.019087473,11,0.989144
rec_96f043086521a75ad793,grp_2128725e122bb88b5635,2,0,0.10692756,0.058079492,36,0.95916003
rec_96f0740eb9d1b6a587f4,grp_755b0c24e19f39f46878,0,0,0.05419758,0.043100473,1,0.9663031
rec_96f1c294516b90d10994,grp_fcdc920f9185e2458e22,0,0,-0.00870336,0.015997726,4,0.9749693
rec_96f616b2ea07b649d975,grp_3841947956adf2f30bed,1,0,-0.043552615,0.00869057,44,0.9948491
rec_96f8a6ddf743c396ca61,grp_d132ce3b4a7a568c1f88,3,1,0.11100813,0.045644473,59,0.9975296
rec_96fdc389683dead789af,grp_96c6168dca4b64f1f4c8,0,0,0.033136018,0.031027298,33,0.97470313
rec_96ff2f49d702d7e3ec21,grp_3288c44293b0c9262db0,2,0,0.014126077,0.015587671,14,0.98478454
rec_97041649323fc597dbaa,grp_2349114cbb306340fbca,2,0,0.04887383,0.025667127,6,0.96138513
rec_970421f8f4783ad97763,grp_64c2fbe45cd559f58408,0,0,0.06413675,0.05025199,45,0.9703628
rec_970c4ac096470e299dba,grp_e4f10b03e2cbcd4318e3,2,0,0.02960921,0.01947893,3,0.98995256
rec_97114195ed1d7e0555a7,grp_e294737be19f68224cbd,1,0,-0.016650934,0.013807014,32,0.98166025
rec_971448d13a0d2ce9d9d5,grp_f9a900e8303ad969f5ef,1,0,0.029897844,0.030510895,31,0.99168366
rec_971c896de49f6e7608ec,grp_e225bc7b0ea0f0dd50a8,2,0,-0.018056689,0.009785572,42,0.9743213
rec_9725175e317520d16688,grp_bf2285429505982792fe,0,0,-0.01707888,0.013996287,34,0.9372407
rec_9725588bc39a0fb31c5f,grp_25a490bd54c2f1efba18,1,0,-0.114290126,0.0025536278,16,0.9562359
rec_97354defa02780601efd,grp_0a979f5e2842a72869d9,3,0,0.027594974,0.014463518,12,0.90753114
rec_9735690a47f08bc34dfe,grp_e9f38fdb64bf69e3544d,1,0,0.040693127,0.03658528,31,0.99043477
rec_9735a83065e9dea8db01,grp_72f5ce98577944fb5ca1,0,0,0.0077579045,0.020785328,3,1.002467
rec_97367b2f40e160d05ed7,grp_8953a7fac8dd443ced8c,1,0,-0.030893609,0.010808977,38,0.95833135
rec_9740e6ca14ca948e85d6,grp_9a92a0c1ea9432bb8e7e,0,0,0.09089108,0.07545838,20,0.9736465
rec_974486873578d87224d2,grp_d50f6ec83c2297207fd3,3,0,0.09995385,0.0392894,51,0.98033243
rec_97610823ea8b7ac7c8ba,grp_0c64d5f35e8dad0ed9bb,2,0,0.04210136,0.023299405,32,0.98635286
rec_97680cb16b86f878c833,grp_9c1f6666e99884d76537,1,0,0.12404227,0.13937517,11,0.9584332
rec_9769a48c5955e7756cc4,grp_5672b1d516607cf2ff27,4,0,0.10250026,0.08580866,9,0.9659628
rec_97709d39c8792a82f044,grp_e06c4518a9632cdf246d,2,0,-0.04708317,0.0064179143,43,0.98716587
rec_97727a114e6c0a697bd8,grp_56a5531f730e80cb1663,4,0,0.04142421,0.03205912,20,0.95857394
rec_97788253ac84ff1562d3,grp_d52e793e16d11162185b,3,0,-0.0050578984,0.0091570895,16,0.99624354
rec_9780bc7c8d70b15df541,grp_a0fe5193b091e3025e27,0,0,0.09837734,0.08436717,17,0.98183703
rec_9787cc3e599c4b90adbd,grp_c6dc88473590c6a216b6,4,0,-0.051620714,0.0067295358,39,0.86926836
rec_97914bb225a958f05a1d,grp_cba015e1c0f6abdeec68,4,0,0.07774591,0.05796994,28,0.97949195
rec_979bb23c4a6704139f7a,grp_c992563f5a958fe26779,4,0,0.0030981838,0.0169357,54,0.993723
rec_979f4e1fffac082ef049,grp_129e1219e419ef167717,2,0,-0.059715144,0.005339494,34,0.94553196
rec_97a1f144f6d32c984a20,grp_d87f99dfd4b9d97d423b,3,0,0.14746594,0.07420701,51,0.92005664
rec_97b0e937e1c5d4b47639,grp_bdc39aebdc028c54175f,3,0,0.07588244,0.028259799,47,0.98742056
rec_97be9207a9cd78112757,grp_9dadc0ca8308f19c2c11,4,0,0.086028606,0.06618349,49,0.95009977
rec_97c8f613980182d3cef1,grp_a49caed8cf682012dd21,1,0,0.02571599,0.028430413,39,0.9336294
rec_97cd98c85b072d2535a1,grp_41264122312fe958ac41,3,0,0.14528333,0.072111025,41,0.98311716
rec_97d52e1fdd290e3a8144,grp_d438dd8ad978107f91a7,1,0,-0.19163671,0.00066598185,62,0.9542508
rec_97da9194298547f68def,grp_66d5ba3e8a6c2bdb33e1,4,0,0.040804688,0.031732857,9,0.9606398
rec_97e2ffc0cb47d250b811,grp_651f9eb99a234b6933a5,0,0,-0.05831716,0.007225102,20,0.98166496
rec_97e6478e065b95e4d4d7,grp_681b92df023a9a4515e5,4,0,0.06779035,0.049364112,26,0.98864496
rec_97ec3496f1d4883243f6,grp_b42074329ab04643213d,4,0,-0.009143828,0.013788424,34,0.96463835
rec_97ef0e217eb17631555f,grp_8dc4a23d08cb6ce6bedb,2,0,0.13538206,0.085545756,13,0.9635158
rec_97f85bbabd365ca0a19f,grp_ca7177a0077173a819f3,0,0,-0.08730329,0.004529842,42,0.9790294
rec_97f94c406e779f811d35,grp_32e77e93abed93e4e77d,0,0,-0.08974953,0.0043546017,34,0.93842673
rec_98063bb4b4e6fe515a90,grp_0e188f02f5f6113a7f25,4,0,-0.070378274,0.0048960806,2,0.92828935
rec_9811b712430ce551b642,grp_807a9a8650a7bae8e410,0,0,0.023331145,0.026591515,26,0.9997399
rec_98158ed49d3cf7199fa5,grp_854f090a6bcc70b1c908,2,0,0.11583548,0.06564376,53,0.98832285
rec_9820304f83a2f99bc790,grp_4381dd46887ab62aaf64,4,0,-0.07039019,0.004895091,52,0.9925049
rec_9823e48a6eaca38e1f08,grp_aa76f0bd58e92e85e243,3,0,0.05509336,0.021204913,47,0.99625117
rec_982fb841b50a13275adf,grp_2f5514593a8fe25b57c1,3,0,0.014886193,0.012109823,12,0.9480341
rec_983192e65d71495ea56c,grp_9c4c5a4f1dd67e70fd2e,3,0,-0.01177695,0.008332771,48,0.98355395
rec_983e8c85980916bf7ad2,grp_82ae278b807ecd39da24,0,0,0.023066245,0.026480664,11,0.9949194
rec_983f3e19522fde69af45,grp_3ed179bdc4490a52a9d7,4,0,0.029771212,0.026433488,26,0.9665819
rec_9842bfedd9aec77a1678,grp_d22ae300513e107d763d,0,0,-0.04951998,0.0083225835,4,1.009175
rec_98559310a29984d1dd50,grp_8d88a61e9f2d12e1eef4,2,0,0.07165054,0.03547238,40,0.9844563
rec_98586d221992b956d4a0,grp_94e2ac66b17483d0e70b,1,0,0.11076782,0.11390325,39,0.9762207
rec_98659c32f5029385f6da,grp_e3476c3f1bccd8e2519a,3,0,-0.05879517,0.0042987494,37,0.99214673
rec_9865c0a3f5ad287ba975,grp_fec9e967448e37d9e284,3,0,0.008768092,0.011115831,38,0.92654103
rec_9889c6dfe046d407d96d,grp_0f75f8dfed299783f9a0,4,0,0.14292574,0.1575658,3,0.9737933
rec_988b6fb88de0407769b3,grp_d484195e77d5c50385b1,1,0,-0.020447599,0.0129357455,11,0.9620598
rec_988cf41eef5caa3d81e2,grp_c212745f8691aee98ff9,3,0,0.1705681,0.10005711,55,0.96011275
rec_9895411213ad2f921fb8,grp_5966c9cd1cf1b24b68d8,0,1,0.1460542,0.16630346,44,0.9884865
rec_989b426579746f74762a,grp_43e723ef66e547f8d9fa,2,0,-0.037099816,0.00742112,32,1.0034416
rec_98a0bcd401f554aacc6a,grp_2f9bf9c65f61b5381cbc,4,0,0.03401477,0.028361274,57,0.96217674
rec_98b2a62c0a61e400c7d0,grp_70cb62f6890d72eda9ed,4,0,-0.04620049,0.007376491,24,0.9564225
rec_98c1c8ab842a08542a82,grp_b0480573ccb8656fc49a,3,0,0.118982844,0.05082495,54,0.98015547
rec_98c337c2adab38f81c4e,grp_b7ebf4849502225e689c,4,0,-0.040790398,0.008083752,31,0.9422601
rec_98ce39a853e9c10b9c29,grp_710ff487eb85c9353f00,1,0,-0.056375787,0.006964623,28,0.9785996
rec_98e0623d575c12bae86e,grp_2af570d8673bd6c70cda,0,0,0.16802375,0.22163898,12,0.9860763
rec_98f287bebee9329ee391,grp_b579b905d16fe799fbda,4,0,0.05873493,0.042600684,2,0.9746831
rec_98f8c322c0ffe79d884e,grp_7c3200ed2272f51412a2,2,0,0.041559022,0.023119291,1,1.003946
rec_98fb2549f05b66d17bb0,grp_344193b5bd4c9255a8b9,1,0,0.06834883,0.057888526,6,0.9928688
rec_99058d112b3241ee4d94,grp_60f2523bd4d39545b866,4,1,0.16625905,0.21780631,36,0.9858325
rec_990924914c02ef494a12,grp_87a9c67254ad483e05b0,2,0,0.26013756,0.36778694,6,0.935631
rec_99101520265364b97bc9,grp_03883bd77bcf9702b7eb,1,0,0.05953294,0.050067984,11,0.98368114
rec_9911d05b7492df02c6b5,grp_03bc84e271e1ec3831c0,4,1,0.13776185,0.14622465,36,0.99103236
rec_991201b2c2f9aed0f8ba,grp_729a6957d0a1fb553b2d,2,0,0.097463876,0.050943922,5,0.9434953
rec_99161799e9bcb93b9bfa,grp_06351e9205ec055955c6,3,0,0.018004695,0.012649765,37,1.0013767
rec_9918343a98411bd77189,grp_ee1ef705116989d77ba8,3,0,0.075129,0.02796823,16,0.9809072
rec_991a92fbdc7ea3a41e86,grp_926a75f2670b3be16172,4,0,0.06690864,0.048663195,0,0.94461477
rec_991e0ed49eb2b778acf2,grp_dbbee5f468fac926ad6a,3,0,0.068612285,0.025565404,58,0.96898466
rec_991ea047e777af450009,grp_d160d5a0aa9c43322be5,0,0,-0.019218024,0.013526002,29,0.9451411
rec_991f163315ce0ff12282,grp_592929415ff3a3871918,0,0,0.06093136,0.047830705,12,0.98501694
rec_9927c9076d6a271bcaad,grp_4171a7bca8e0c8d7c03c,0,0,0.009967477,0.021526529,10,0.9946096
rec_993be1b81290336e0e0a,grp_f3ffed916b08a41d05b5,1,0,-0.06706914,0.0057889614,28,0.9434736
rec_993e0ad6686836ffb19b,grp_dd984cfd82736f4abd74,3,0,0.05552917,0.021333402,44,0.98991555
rec_993fd79447af45c609c1,grp_19efe3f79c28e293c3aa,1,0,0.005582496,0.020197464,43,1.0050101
rec_9948af44b575dc6fa264,grp_5cb796fbed25964f42d6,3,0,0.045548763,0.018573482,36,0.9111238
rec_994e1bc74ed9d942801f,grp_782718898ffca98ef504,1,0,-0.015270431,0.014137957,51,0.996076
rec_9954567ad433ac7098a0,grp_da23708360153f09e926,3,0,-0.1154835,0.0019305558,37,0.9709799
rec_9954dd515d18fe552476,grp_556625d8c42fa93a2c89,4,0,-0.023778757,0.010775521,35,0.96769786
rec_995f8e4b861d3df2214d,grp_8a2d41af82c723c3e3cd,3,0,-0.065337494,0.003919814,2,0.9688171
rec_996104fc704824913b12,grp_fe4a57b48aaa6c49f302,3,0,0.02935806,0.014823812,35,1.0044883
rec_996b83b3689f132d5c25,grp_6aa7a7986ec88315f17d,0,0,0.036187503,0.032548502,39,0.9830825
rec_996d3efccd52cee8c191,grp_ad526fc915717fefdd76,4,0,-0.03341569,0.009157296,20,0.9398208
rec_99733776def25c60a831,grp_4c347c6a4ed62bd26ded,3,0,0.09161504,0.035066154,10,0.97510934
rec_997fabb91db0ba9ea73d,grp_fa2f97edd784ac629749,1,0,-0.04892162,0.007921563,49,0.9433012
rec_998e1d5cdf86b0a0bec5,grp_8a4a77af48035607b427,0,0,0.019817073,0.02515699,22,0.9938759
rec_99a03e904c482b47b2ae,grp_2851de85982e22143ff0,0,0,0.13805225,0.14909847,34,0.9659816
rec_99b126019306d7b58108,grp_87a887a396f806eb646c,3,0,0.013220733,0.011830856,23,0.9966772
rec_99c1fbdb95634b872f90,grp_474a770ad9b49c0eabb8,3,0,-0.067287356,0.0038134505,44,0.9822728
rec_99c55739c0b096443bb2,grp_caeaa8747a43bc33deb1,4,0,0.023703856,0.023897005,37,0.98574084
rec_99ccdeaa28b3a63a2d4c,grp_6385540936fd08b69d3d,1,0,0.015705237,0.023994364,37,0.9457519
rec_99d25a73ae40e5078414,grp_894cf8d7f3bcd78cabe4,4,0,0.017036563,0.021383347,13,0.98378426
rec_99d36fbd781017e56431,grp_ae92d0550c6102bfa730,4,0,0.05675851,0.04124686,42,0.9861863
rec_99d4fbd4de6148ad2ca1,grp_fb26628dba2f090ccf06,2,0,0.03872903,0.022201281,6,0.9675141
rec_99daba3ee940a20b110f,grp_bbfc1e13ab4a26f57a6c,3,0,-0.10474911,0.00224684,50,0.96954644
rec_99e6a4d91c488bae7bb5,grp_8e973ac677978bb24d53,2,1,0.11876349,0.068324074,57,0.9920761
rec_99e9c97182456da7136b,grp_d9568e23b284aafffe43,3,0,-0.021650007,0.007253247,9,0.9833946
rec_99eb8cd63cae347a4afc,grp_fe3c895ef148e8d30ed2,0,0,-0.0067426786,0.016505506,27,0.94316894
rec_99f8eb9ee056efbb1307,grp_c35b6ed4260f118bb51b,3,0,0.027087541,0.014361431,47,0.98913634
rec_9a09912d2d906b981f7a,grp_e68bc8c3a5297c34b60e,4,0,-0.047323864,0.007237521,4,0.9812173
rec_9a125c651498dadbd0d8,grp_5dc2c2cf40509c4ce5a8,0,0,-0.043265976,0.009201833,3,0.97738093
rec_9a143750fbc64fb26f28,grp_b43eb4759cb95c4f3c5e,3,0,0.10940366,0.044664733,15,0.9737615
rec_9a14a8295cde04039d7b,grp_d5270a038035fb7ce357,0,0,0.05491161,0.04358008,31,0.92807543
rec_9a1608048eed9a82da2a,grp_eb6e0c5c0e5fe6e9bc83,3,0,-0.008328686,0.008746186,62,0.98727274
rec_9a19ec054987d905cb1d,grp_e4c093d2565eb928e2b5,2,0,0.022199387,0.017510345,29,0.98900443
rec_9a1e2b72ffe7922de76f,grp_2910cf97ba782e46335e,4,0,0.029026473,0.026108572,13,0.97369546
rec_9a20424dd62c26535427,grp_8ab0a1218b329b788d71,3,0,0.15137812,0.07810459,31,0.9221581
rec_9a252305dc71e7f86d38,grp_012c58ef5031970c989d,4,0,0.035340577,0.028991079,54,0.9962899
rec_9a2610c308a1cde7e788,grp_cc2d6c812136e1ce37dc,2,0,0.015375317,0.015870983,29,0.9734931
rec_9a2a7c80abcc7fb981a7,grp_311905584c69f5cb99eb,4,0,0.08726323,0.06749682,55,0.9463419
rec_9a37e2eafa95f56bce1e,grp_14ea83672974c2c9779d,3,0,0.059491463,0.022537088,37,0.9922212
rec_9a3ac6ca4961d666bea3,grp_96181f53ea373328e24b,4,0,0.033567313,0.028151728,35,0.9759075
rec_9a46ad79db33cf674237,grp_af2bab0f3aa9e926a0ad,3,0,-0.04827753,0.0049858214,40,0.98295146
rec_9a4ac92dae7ed1704053,grp_63e1a684e31eee8fb19d,2,0,0.05154948,0.02666579,20,0.98897094
rec_9a5284d42fa388f48e04,grp_57e5267ed41ca691beae,4,0,0.022141865,0.023283416,2,0.96645534
rec_9a57eef6b0f1f9723728,grp_4befe941ae393a41c888,4,1,0.09424628,0.07539023,36,1.0010446
rec_9a71556a2cb22b4ce1b8,grp_9884f7b3bffab7dda61c,0,0,0.0099289,0.021513369,53,0.9788951
rec_9a72d15b9e892545684e,grp_137102811d1b24296684,0,0,-0.06867717,0.0061155977,34,0.96063477
rec_9a82306310fbda5e6008,grp_14d59c5a588026fca0f6,2,0,-0.011205114,0.01080756,22,0.9895615
rec_9a971770e336fcce2307,grp_c48855d2a91d3736514e,0,0,-0.031266704,0.01115427,3,0.9724338
rec_9a9f8a195a55aacc9ae1,grp_93d046cfa29763d5ea93,1,0,-0.020529604,0.012917542,49,0.91876274
rec_9aa077fc5c482e63724a,grp_7094a4817d68d122f05c,4,0,-0.040464196,0.008128483,27,0.9880993
rec_9aa1d39988d795555f51,grp_1f02a58b252377fafbdc,0,0,-0.12768649,0.0023599546,39,0.98252773
rec_9aa39eb3ec09d1b54991,grp_d8c4415cca1c97fe079b,4,0,0.03133352,0.027127922,4,0.9706387
rec_9aa52571aaa5231d6eb6,grp_dd4e7528729a547bc703,4,0,0.059688184,0.043268736,26,0.97470164
rec_9ab26424daca2a346ba3,grp_3bf520288501c97c7f0e,3,0,0.13849974,0.065940775,55,0.96117055
rec_9abd3d22fae4036fe3b6,grp_21ce3dc37bfbf96a3ba0,4,0,-0.01759047,0.011960642,2,0.94528353
rec_9ac77b73e35713db19a6,grp_cef244228ce375879ba4,1,0,0.01565142,0.023972442,28,0.9794746
rec_9ac85af2fa0749b5dc29,grp_d136e496c60d13343153,0,0,-0.089853674,0.004347293,28,0.99283826
rec_9ad74324a26b2d0e791e,grp_89f6d46ed07e3587aa06,1,0,0.010300744,0.021887861,37,0.92919064
rec_9addbfba9223c1573306,grp_54047d8bdfe2de1dc87f,1,0,0.035712864,0.03365045,37,0.9337439
rec_9ae3f0ccfa74c1e044b9,grp_baa96786ebd24306e505,0,0,-0.0708868,0.005901821,16,0.9699054
rec_9b08714ad1eb52eca3dc,grp_ac029fa36afbc0dd4f4b,1,0,-0.06900756,0.0055980305,16,0.91610885
rec_9b12d10cd3e8121904a7,grp_8f297eafdf52905807f1,0,0,0.058293566,0.0459217,61,0.98459935
rec_9b171f483facf88ce484,grp_748359810e759b9c67e8,2,0,0.094195545,0.04867823,18,0.9514419
rec_9b2146e3054346cf3e38,grp_c65e77d6ccf152db8075,1,0,0.009412727,0.021559477,49,0.940639
rec_9b2c1dfee5bee72f493f,grp_c929df44f92e97e438d8,1,0,0.017933391,0.024919303,43,0.94887054
rec_9b2edee292be9c2f07d2,grp_f8fa781d00f169691a3a,2,0,0.030156558,0.019632662,46,0.99562013
rec_9b3997b9e37129857273,grp_a65498d4c750e01f1d93,2,1,0.06027817,0.030193238,57,1.0042005
rec_9b407e7f5cf9cd66a781,grp_268a04fb04d953a6d6d1,3,0,0.043333866,0.018010203,2,1.0026509
rec_9b4827bd508b34f31e71,grp_a7e2e5e6fdbf16fae924,1,1,0.20323664,0.3911603,46,0.98251575
rec_9b4b7908294137e1fb79,grp_b79378fdb77a7b14fcc7,0,0,-0.058172572,0.0072419215,42,0.98722196
rec_9b50d2d5688a3f1f1c7e,grp_26cdb4cc04a4b8bc93fb,4,0,-0.0111993635,0.013319739,17,0.96508026
rec_9b604665b013f5ac88f4,grp_11ed89e8423d20c47a38,1,0,0.0026907981,0.019225368,7,0.9641245
rec_9b697c6fce85c98ff76f,grp_4880c6ef04d20dd2b2e6,1,0,-0.032717187,0.010474911,39,0.9810397
rec_9b77b507b7bd8182a56d,grp_8a6c444eb28f261b8517,2,0,0.087855466,0.044553123,18,0.9344616
rec_9b7a688677e655e87a41,grp_105a884bddce4ef1f1a5,0,0,0.072671026,0.057276204,43,0.9952821
rec_9b7a8851d9435d8f4c25,grp_ca817242dcf2b0abfa4e,2,0,0.10777634,0.05876345,14,0.97902185
rec_9b81f9ca9213a116f7bd,grp_a769f400da7f28e1fd32,1,0,0.13705564,0.1688155,11,0.98684627
rec_9b8e92cfeb7e8c90d90c,grp_38487daf571a3c3b2b08,4,0,0.058879677,0.042701494,55,0.97000957
rec_9b8ed89e93314715fc4b,grp_a085a4cb9a0cb289f925,4,0,0.051870793,0.038073484,54,0.99298257
rec_9b946aa111a575f922fe,grp_8c601148b8a2bddd7627,4,0,0.0722991,0.05310035,37,0.9693162
rec_9b983e1d2da10f5a8e9a,grp_497ab0506e947e05d9cd,3,0,-0.004592186,0.009217126,26,0.984244
rec_9b9937a6bf3623b1eeaf,grp_80e5bf7067794b03f049,4,0,0.04410232,0.0335072,29,0.96015656
rec_9b9c66e8dc7e46adcca4,grp_be9128ef9516a35e9117,3,0,0.12563695,0.055568743,5,0.9791668
rec_9ba33dd26f86025f9c0f,grp_6a5f12f1c8bf895524dd,3,0,-0.017609082,0.0076772007,62,0.95964324
rec_9baf00d2f2ed2dafa686,grp_115100b23eb8d593cfab,2,0,0.1571018,0.11394109,51,0.9632569
rec_9baf0b72fd3535ba2bf3,grp_ad80619a3a4bed494bf4,3,0,0.14809702,0.0748234,34,0.98167616
rec_9bafb0d2edb71ecd52bf,grp_b01545c3fcc50fb067dc,0,0,0.007320459,0.020641578,15,0.97785664
rec_9bb0c4bffd97a433b867,grp_ee574f62ccc1417861ec,3,0,0.13549355,0.06336629,52,0.98701847
rec_9bb4e2dcc080b7f6c314,grp_a67781a9b1395f0412aa,1,0,-0.0052671246,0.016780965,59,0.9792479
rec_9bc17c9e0c7ec7377209,grp_30ed74859b176d818e03,0,0,-0.041582745,0.009453804,45,0.97544515
rec_9bc8fd7bb6b1e355a610,grp_e5cd0864829399abb8b2,1,0,0.10656076,0.106720775,10,0.97278166
rec_9bcbf0886c9671b9313a,grp_058f6c055e51158faf45,2,0,-0.02134297,0.009329935,22,0.978999
rec_9bd325d3ad830a957460,grp_9e455010ed16f90eebdc,0,0,0.028645316,0.028913131,50,0.99791276
rec_9bda86a33e391fdbc43a,grp_b8e237f3839b5bdcc09b,2,0,0.050788365,0.026377924,19,0.9899911
rec_9be9563b0527f6555d3e,grp_b947601f7c23fc6b8a39,2,0,0.069911964,0.03461124,51,0.96253806
rec_9bea4b0ce18e4f4c3e3c,grp_23b827a113a595375e80,0,0,0.043220982,0.03633406,62,0.99032384
rec_9beeda3c867378e4453b,grp_e7ef65bc41aa02694443,1,1,0.19745626,0.367485,46,0.9811426
rec_9bf449a4268096803097,grp_5c04b93cb47c116613bc,1,0,0.08345472,0.07400414,53,0.9863321
rec_9c12eafdd0204b39729a,grp_2611e5fea1b2be327a3f,1,0,0.02085961,0.026186936,53,0.9797704
rec_9c17ee4b3ae1b2b97bc2,grp_5345ebbb083b42f32226,2,0,-0.082832806,0.0038114656,48,0.9853331
rec_9c1aa0eb2037a47bbe16,grp_e6dccdcc74e3d5c3d24b,2,0,-0.01796708,0.0097982995,43,0.9803151
rec_9c21f9d90b767168f529,grp_45f8d90df61e6201026d,1,0,0.06404194,0.053934157,16,0.94115615
rec_9c28f7b91c9b736bdd90,grp_4cc483991db74def228d,2,0,0.13913676,0.089947745,43,0.98912454
rec_9c29decd3f0703ac5c1c,grp_83de8ab63cbdc1d0c643,1,0,-0.016898422,0.0137485005,55,0.9151684
rec_9c2bbeed7679b4997979,grp_d103ca2eda765c60987f,3,0,0.14843655,0.07515698,3,0.96647215
rec_9c2c5af93566d3e584b9,grp_11599fec12039acbc0aa,2,0,0.1131903,0.0633067,58,0.9715486
rec_9c2d0c31564b2bf3fc82,grp_2aba5d2a05df78dd1957,1,0,0.032337047,0.031791724,21,0.97226477
rec_9c2d6ca2efadf531c600,grp_3e0a964af1d7c9ae8638,0,0,0.0355739,0.032236934,50,0.98833007
rec_9c2f3c7d954f7a7b281b,grp_67064ca2b6666a37249b,3,0,0.0818476,0.030674698,30,0.963051
rec_9c30e5cdbffcf540e918,grp_d023f107c14b90bea221,4,0,-0.07257639,0.0047167772,12,0.9896827
rec_9c3128f3df9164cb3a0f,grp_ce6713e454c2de11a69b,3,0,0.09523832,0.036844593,63,0.94861597
rec_9c3ca66e0b95a5b541c6,grp_fe226ff94ba884786659,1,0,0.034424555,0.032929048,43,0.98347515
rec_9c3cf6ed26b1df7588ae,grp_ba433abdd9a5ea918f45,1,0,-0.008008329,0.016011829,33,0.96814716
rec_9c40c8051e4f9713d2ec,grp_11c72bf4b731aade4869,0,0,0.057020452,0.045026477,33,0.99397695
rec_9c40d101b03eef50090d,grp_3c6051cefbe4cc718500,2,0,0.060409382,0.030249571,48,0.98057383
rec_9c438c9573b163941ab7,grp_50956ffc66c10a7fc28e,1,0,-0.08362324,0.004346396,62,0.9751421
rec_9c4975e620d82476f8c3,grp_3d2aa294ea5e76466f28,3,0,0.08312718,0.031218173,47,0.97788286
rec_9c5db0a05856215bd89e,grp_f578386a1cce68a20845,3,0,0.18558474,0.12090314,22,0.9573454
rec_9c61adeeba8bcad85ad9,grp_79192d0b4aeaffec072c,2,0,0.14329593,0.095061325,12,0.9303818
rec_9c664f0d9a11169cc489,grp_88ccf00fde645aa79f35,0,0,-0.031550173,0.011103735,8,0.9330921
rec_9c6a256095c4bd4bc3f7,grp_b6d41d75d8145643d6e8,2,0,0.064000584,0.031831525,5,0.93635106
rec_9c6f8d6efcd1d34a5323,grp_35da6f2845184a64e64d,4,1,0.11292128,0.100816354,36,0.99652964
rec_9c734e44ca5c7063f201,grp_8d641cc5b460a70c094c,1,0,0.10298669,0.10093532,61,0.9757896
rec_9c73804fb7058c63db4d,grp_6deacb3531831b33afd5,4,0,0.053000573,0.0387855,3,0.9764632
rec_9c824cfea565c1d6ee24,grp_131fdcc4b1641e008ed2,1,0,-0.0037036152,0.017235806,7,0.97515833
rec_9c8aceba2bb82b16cafc,grp_3111bbd45275f59d131e,0,0,-0.013625147,0.014789811,10,0.9644938
rec_9c9e93eb39ac0c350637,grp_9bf004d0683b8872c0d3,2,0,-0.058201656,0.0054585473,14,0.99240106
rec_9cb0f841c7a40ed7cdb3,grp_49f415c81bc0b7ffa44a,2,0,0.090776235,0.046410378,53,0.97874373
rec_9cb35ae8cffa4961bb14,grp_23a04c197b414f123f80,0,0,0.018708639,0.024720345,35,0.98718977
rec_9cb8e7838843728c7283,grp_916d5432324364a7093d,1,0,-0.123801,0.0021649718,9,0.97559553
rec_9cc5e440d42826ff6411,grp_70c7a02eb5a7f9537c7f,1,0,0.075662166,0.06523214,31,0.95587504
rec_9cd12c8fa25b55f73977,grp_7f051ba171e38ec7a352,0,0,0.04027108,0.034697346,50,1.0015615
rec_9cd775b950e4d5422d07,grp_411d787c4b6763f13e8a,4,0,0.05033557,0.037126053,30,0.9783673
rec_9cde7ff316aa89c858db,grp_4f4a253c1d79b4d9bbad,2,0,0.0038486253,0.013438265,15,0.98891157
rec_9ce0bc6337ee071addc6,grp_45174ea8a86f64fcfd66,3,0,0.07203509,0.026801264,58,0.9721659
rec_9ce50155235c24609262,grp_ccd8d05f7cf53eab8a1b,0,0,0.08676125,0.07092137,42,0.985619
rec_9ce51ce5801c807e7085,grp_7ae63d2fd869c413b4a1,4,0,0.04024977,0.031443335,26,0.96266735
rec_9ced73e6f05b6c365126,grp_2afcbdd6a71f80dab049,4,0,0.028551731,0.025903478,54,1.0042914
rec_9cf1d2d8ed9c4aa2d82e,grp_f3d5217a2b30842d917f,3,0,-0.00944762,0.008609856,36,0.95276403
rec_9cf34137143d379b75ae,grp_cae5d9df079141e4ac72,2,0,0.079926595,0.039862227,61,0.98777294
rec_9cf4176c219bf4be68bb,grp_fd5f25c038fa243ac37b,1,0,-0.04406412,0.008614224,16,0.95629525
rec_9cfdb2ec53ec63148acd,grp_dcd5d90c3afdb847c235,0,0,0.040195256,0.03465622,52,0.9874226
rec_9d018048a60ee0930483,grp_29260a3d95a52fa266f7,2,1,0.1286129,0.07810064,57,0.9921213
rec_9d02385f13acbcec48da,grp_63692a819d45345ba220,1,0,0.026517846,0.028818373,6,0.9836763
rec_9d028ece0763a603d08d,grp_67e7a7514239c8f9fcd1,2,0,0.104230925,0.055955764,58,0.9526522
rec_9d03565465deb28a39d2,grp_17dd26aad35257873ccd,4,0,-0.047350343,0.0072342777,49,0.98949224
rec_9d068a39d1f9ec506fd7,grp_f33b950fcc9c65ae95c8,4,0,-0.04061878,0.008107255,52,1.0085151
rec_9d0c877ad046a5b41e42,grp_3fb1dede44ea5a8a1978,1,0,-0.020421576,0.012941532,7,0.947578
rec_9d126e77c6b12b14887c,grp_dc04d9af87ccd2424e15,0,0,-0.07484417,0.0055373544,10,0.95444036
rec_9d1e1f21df314b519457,grp_b6d58c6787050e90f108,0,0,-0.016055226,0.014227,17,0.98045725
rec_9d1f1826b4e6259728dd,grp_1b51c7dc2cc172fdc282,4,0,-0.06612144,0.005262824,28,0.9464213
rec_9d204ffaa7eb4f93024d,grp_b871e2eb09b594473316,3,0,0.030790254,0.0151229855,2,0.9803245
rec_9d35dbd12ef91951ce89,grp_0e900593d0783be3c059,4,0,-0.114519805,0.0023121599,31,0.96804965
rec_9d3d7f85060811165801,grp_b899b1bb56c9abbe21c2,4,0,-0.043361247,0.0077396496,2,0.9804887
rec_9d529c9a370d9fe30ce3,grp_b182564e6b0f362ae0cd,4,1,0.07240149,0.05318822,36,1.001015
rec_9d56129a0ef28a8efa67,grp_c8da2a07c53bb5f057ff,3,0,0.009928951,0.011298025,9,0.9723196
rec_9d569706dd93ef5948dc,grp_6d3daa88b9dca2a9de38,2,0,-0.020340629,0.009466637,34,0.9335858
rec_9d7720471482a4a3be46,grp_aba0344fb843e30a0fba,4,0,0.08249375,0.06255354,31,0.96527773
rec_9d825d6947e6a4b17e3c,grp_75819fc7f14ddaeb9e21,2,0,0.0905774,0.046281647,8,0.9841081
rec_9d852e4bc2ab407c78b8,grp_2e34e8a6a4702418cc7f,3,1,0.13260882,0.060984187,59,0.99445003
rec_9d90c0758f51821f3285,grp_35e89699e6ef1d498391,2,0,0.1321566,0.08192115,47,0.98295933
rec_9d91a0e367f162d1d95a,grp_04bd57bcdac073399106,3,0,-0.024417944,0.006976347,55,0.9920167
rec_9d93a77cb6ac33f7c93d,grp_e29d74ff544893c82991,4,0,0.021816364,0.0231575,57,0.98714495
rec_9d949705d04f6e700a99,grp_1dd3a6a70ba79b80d906,0,0,0.0894502,0.07384593,35,0.970275
rec_9da0b6289f21dd56ad19,grp_042137f8cade781af4ec,1,0,-0.008304535,0.015930818,31,1.0009934
rec_9da3db1a518da9d2579b,grp_6895a9b9be9d51c7d8e2,3,0,0.20649505,0.15607233,5,0.9720032
rec_9db0ae2b102d46f024aa,grp_094f34008d1b1edcdd56,3,0,0.069907695,0.026026469,31,0.9359644
rec_9db4f46e721be4b75424,grp_1793c8e8d202de3bc5a6,2,0,0.011891957,0.015093355,1,0.9784129
rec_9dbcc8abb2ee4b7048c6,grp_2c1d2732dc1d9728c178,2,0,0.14089167,0.09207443,10,0.9749096
rec_9dc1c9a9c704b76236a4,grp_8f10018e618d0d6dadc7,1,0,0.0904082,0.082735136,9,0.9864791
rec_9de99e271401648ce2b1,grp_cff505f5bba74aa49899,2,0,0.09013507,0.045996465,3,0.97827256
rec_9defc2322d0cf9916855,grp_1f8cfd4ac9a5b5e93e50,2,0,0.03725415,0.021737065,38,0.98029107
rec_9df3bdc812fb53631d41,grp_3f853b3f1983f0d8c2f8,3,0,0.050567284,0.019914465,37,0.9759061
rec_9df61092071bdb312ada,grp_e1f0314c5e6ac9b27cc8,2,0,0.06557195,0.03254863,12,0.9898883
rec_9e1b7551be506de94b0c,grp_e4299febd0e41317cf79,3,0,0.08582519,0.032394793,56,0.93497527
rec_9e1c22635c92220f3902,grp_691180495e9ca04e10d0,3,0,-0.053043768,0.004661876,48,0.9933017
rec_9e265f2e11a7bfc67074,grp_c32dca68f79f8eee32f3,1,0,-0.043469645,0.008703018,24,0.96312463
rec_9e27d00f5695f14f294f,grp_4587348b1f413c08d9ae,3,0,-0.16004233,0.0010279979,37,0.99241376
rec_9e2a186b1b2a97e13ce6,grp_825f97c359686aee7bda,1,0,0.12016007,0.13146774,32,0.96924305
rec_9e3053966443ab7d7955,grp_5dac1c12334037dd1d31,1,0,-0.042186987,0.0088976985,22,0.9955499
rec_9e35358a895821c9c1ed,grp_54baa46668f367f09bb3,4,0,0.033339415,0.02804558,12,0.9722632
rec_9e3787e490da17028027,grp_8a5b4e0dd945d21723e7,3,0,0.15819445,0.08534528,0,0.9517409
rec_9e3a78b15ea19c5fc642,grp_ece15b49bc195a919622,1,0,0.13410854,0.16174144,21,0.9891167
rec_9e59a066eef8591c2b5b,grp_90d46b94aa1d4c132ae9,2,0,0.09133622,0.04677479,39,0.98013633
rec_9e5b7687ad5020e062a2,grp_b20057e49e058769b11c,4,0,0.06351053,0.04604923,1,0.9597508
rec_9e5ff9fb9b21d206f686,grp_a4311836db20cb1a758f,3,0,-0.018665478,0.0075640497,48,1.0026933
rec_9e837366f4b7948731d1,grp_c6ce74ea744cd0309f98,2,0,0.12052059,0.069980904,5,0.9658161
rec_9e9c922ba8361f161aae,grp_218e8e45566d445bd8a5,4,0,0.24588418,0.51987267,9,0.9628329
rec_9e9d6fdcec40508c2388,grp_94cd685b8b597320fda7,1,0,-0.080012366,0.004626948,24,0.9755215
rec_9e9d9b25508a6d95dc13,grp_18a2e4ade4ba23289df6,3,0,-0.01918238,0.0075092907,11,0.99588317
rec_9e9eb22c157cbcf483ea,grp_efed734b617a2d049416,1,0,-0.0014472683,0.017913619,3,0.96560514
rec_9ea106262445677eddee,grp_cd0e606714b862c80400,2,0,0.13673322,0.0871069,16,0.95979697
rec_9ea31f77e8ab08451d36,grp_a6f0c27c5a47fd8f8b57,3,0,0.03794916,0.016709827,9,0.9971686
rec_9ebe0127c510d89dc225,grp_87c6f5508fef3479b502,3,0,0.032250576,0.01543415,45,1.0098323
rec_9ec1f0b1278a185ec8d6,grp_b461fadf42964164d8e9,4,0,-0.05651467,0.0061939796,13,0.9779103
rec_9ec732fd02bdf0d5937a,grp_c8484a35151eae26bc7f,0,1,0.0021805698,0.019023784,44,1.0097529
rec_9ed167f76fecb8935134,grp_8ebc604c540bb7d5846c,2,0,-0.09823163,0.003044099,2,1.0014907
rec_9ed54eee2c64dfc532eb,grp_26190bda631e8a831b84,4,0,0.06322001,0.045832064,31,0.94599354
rec_9ed63f4851c32d8780a7,grp_80fb070e07222d809f71,3,0,0.096169725,0.0373156,0,0.9810094
rec_9ed6b7660b8d1028b67e,grp_f98bf2e93e1bcc299121,2,0,0.007256267,0.0141164,50,0.9826762
rec_9ed93b297b1af68fc448,grp_1ea65d9b255098e8e090,1,0,-0.003246119,0.01737117,16,0.9327516
rec_9ede953f9ff161265dbd,grp_0b1bcd6932abaee19ed3,0,0,-0.01809021,0.013771972,10,0.93733823
rec_9edee68bbeed8ba47c90,grp_9dcecfa087d63d6e970d,0,0,0.034536593,0.031716764,13,0.97406596
rec_9ee283c80361866c409f,grp_1dfd3ec2bbfe9083cd33,4,1,0.087461494,0.06770997,36,0.9964862
rec_9ee6997818b50f552b0f,grp_3e667aaa51d5f084424d,1,0,-0.048039984,0.008043042,22,0.96103233
rec_9eec20d6284da48696ab,grp_369b5f268214d83dec50,1,0,0.0397838,0.036031634,17,0.9706339
rec_9eecd52532bbb86f1160,grp_cd7eb1517182005b225b,4,0,0.03926002,0.0309333,50,0.9525296
rec_9f06b0d6bb355d826eec,grp_6d3131e2c4a5ee75c102,4,0,-0.01664547,0.012152612,57,0.9796798
rec_9f0ea9dc9d826970647c,grp_b6d4d8c50c3a1993efc7,1,1,0.13326217,0.15975459,46,0.9902368
rec_9f128c6061dbd8c28a46,grp_f245512bd1b99e32e903,0,0,0.049176123,0.03986735,1,0.9721291
rec_9f21ed35761130388349,grp_9f4448b6415044d74082,4,0,0.012687592,0.01988507,57,0.9821088
rec_9f24344c6d2364c02bf2,grp_15ca7f3703d333ff2fb6,4,0,0.16129678,0.20373224,9,0.9842604
rec_9f3e8d168a1cd164b6eb,grp_3ccd51c4319d4a65c81b,3,0,-0.095328525,0.0025667239,9,0.9598637
rec_9f5c4a007bcc34eaa2b5,grp_42cf6a1daf3a172a170e,3,0,0.11442059,0.04779669,11,0.9720424
rec_9f601d6d0fb323439262,grp_474c650505d952cde521,2,0,0.07068597,0.03499209,21,0.9972364
rec_9f6d6e91386e667a4afa,grp_8ea56be61c636d243498,0,0,-0.042418327,0.009327881,17,1.0024066
rec_9f6d856f3af4ad0b5b76,grp_c22ec8eaaf5e272f8d50,4,0,0.1090175,0.09493907,44,0.90605766
rec_9f70c632fad9e13c9e85,grp_0fc468f5cbccffec330c,2,0,0.06617577,0.032828316,19,0.9890148
rec_9f79f5e6c200b409312f,grp_e2c4f7f6fc14b3f29fad,3,0,-0.00055570947,0.0097541325,15,1.0148329
rec_9f80c071e5d0cfe22c32,grp_a2af299039bf11d0228c,2,0,0.03685181,0.021612087,43,0.9985216
rec_9f8145e1c6a8053bd316,grp_eb56cd38dbe71ee4f878,3,0,0.15020706,0.07691866,5,0.975289
rec_9f82ef3d8ad62a042e66,grp_829774b9783edeaa54b2,3,0,0.14898826,0.075701915,26,0.94625556
rec_9f8bf549fb32f7465e24,grp_545338e1f4950b648302,3,0,-0.06291947,0.0040558265,11,0.9934005
rec_9f8e2a2fc9f2173d1faf,grp_180aa85f6f45979aa3a2,1,0,0.08013748,0.070144504,6,0.9665324
rec_9f9417db324490e03403,grp_957a0a25ffc2e67f5d96,2,0,-0.003454329,0.012091332,17,0.9087781
rec_9f9b5252785a68525cc0,grp_e44ffc44a9da5526ebcc,1,0,0.015733114,0.02400573,63,0.9514713
rec_9f9d28dfd4a927f66741,grp_fd759a0f11f12aae2a26,0,0,0.06468345,0.050676387,15,0.91478395
rec_9fa0cccf3c5fdf3989fb,grp_45a3ec36ad78552804a8,2,0,0.123416215,0.072792485,10,0.93265283
rec_9fa6f7229e78cfa7c707,grp_09a9eb0fb2b75a802681,1,0,0.15814166,0.2266841,53,0.9560039
rec_9faabd625ca59a54b8e8,grp_379ef246a18998f14a09,4,0,-0.029081676,0.009852908,17,1.0002649
rec_9fafe0d8bc7371e78793,grp_c96af9ce0c5ec596e573,3,0,-0.05405118,0.0045961365,50,0.94492483
rec_9fb43aa1ebb58758227a,grp_bd067e6366b2916454c8,2,0,-0.1550464,0.0013266306,27,0.98000234
rec_9fc2fb27a2415ce45417,grp_6bdd20a2bc73bd365ad6,2,0,0.040587377,0.022800002,42,0.9499637
rec_9fd5c4c5e77d1c3e7b92,grp_05097db8f6a65a6aeaea,0,0,0.0017953701,0.018907676,58,0.94219446
rec_9fde7210668748fd8f90,grp_dfef593f8e6333d4b839,4,0,0.019808482,0.022395354,20,0.9241611
rec_9fe1305bce3a0442463d,grp_34ab0a8cd5bb8f144960,3,0,0.0070790043,0.010855916,0,0.9887936
rec_9fe4819ed683f272baab,grp_26bc9789e8bc56a0ec7d,3,0,0.17583545,0.106978066,30,0.92474633
rec_9fe54e9d78a3b3b9556c,grp_709cab3b203e0a4fcfa1,2,0,0.080455236,0.040159676,34,0.95776725
rec_9ff8f0957ac611afd12d,grp_77e67455db8eacb8d500,4,0,0.07109636,0.052078344,13,0.9910541
rec_a008440a7aff95d8d216,grp_668328cc0194b9f7e34b,0,0,0.11872129,0.11356246,30,0.96475494
rec_a008a7568dcd60a95caf,grp_d08cc12d644965f55c1c,2,0,0.07903848,0.039367266,9,0.9882322
rec_a0090d00db944fe8e301,grp_7414781fed96d0e44ffd,4,0,0.006906852,0.01805181,27,0.9540641
rec_a00cc60aa24f1d59330b,grp_933273f9e4ffce474fbf,3,0,0.03848303,0.016834516,61,0.98901147
rec_a00eb090a10574f643f5,grp_66af5cc8a36a465d0ce5,0,0,0.057806324,0.045577094,15,0.9738762
rec_a01cd76cb4d0494456c8,grp_c4970a93547dae5566ab,3,0,0.16377436,0.09172005,2,0.97613233
rec_a01f8bf3a38d16d0856a,grp_36276b19040ba8266e9b,2,0,0.0050755246,0.01367864,38,0.9601209
rec_a02b0f0bcc52ed8e4937,grp_299fa18d2fee23533cbe,1,0,-0.0062112273,0.016512047,44,1.0019329
rec_a02f720c42f4f716ac1c,grp_dde5067e8af734d084a4,3,0,-0.070191994,0.0036603143,16,0.95177543
rec_a03a7c108f8982dcbd43,grp_62abaff7a62cb8708a9d,4,0,0.07233804,0.053133756,26,0.9816558
rec_a03da51e72c3607680c9,grp_e4e6314f37628ee65f21,0,0,0.08097662,0.06498934,12,0.9892663
rec_a040ff7e8b5047010e4c,grp_763e41c4995e3a545242,3,0,0.06318519,0.023718797,34,0.96322066
rec_a044ee3366046d315e88,grp_d7b1f45d31ed3c61a013,2,0,0.07231942,0.03580916,9,0.9680814
rec_a0459696514d5079c7af,grp_b37b48a69e9ceebf25ac,0,0,-0.07043263,0.005945145,26,0.9861218
rec_a0470b3b00285e5ecc0f,grp_ccd47604902f84574d20,2,0,-0.020579372,0.009433896,63,0.8236544
rec_a04f771cd71e17c44145,grp_6df5628027a541386466,1,0,-0.03693652,0.00974062,48,0.98873717
rec_a05733fa71745aeb0d4f,grp_c3745fb3e2462d96ee33,3,0,0.1369865,0.0646329,30,0.9525448
rec_a05d522bb8b0fa4b021d,grp_bf74485a8efc04ef8325,4,0,-0.10222918,0.0028498403,22,0.94439286
rec_a05e51c58cc09a3473a1,grp_7d1d2d74f1c688be9811,3,0,0.058764018,0.022311235,17,0.9814543
rec_a0640a397091655f23c7,grp_253b99381da330bb26ff,2,0,0.008853803,0.01444583,3,0.9666145
rec_a0652073da2e10cf0b9f,grp_f7fca3fc64e5734bac34,0,0,0.00842341,0.021005906,14,0.99593097
rec_a0699f06e04fb82ddd8d,grp_410948cf9c2013eb32d0,0,0,-0.05335318,0.007825398,43,0.9670024
rec_a072e31103b304d2a39a,grp_90cc00a26648f2a58eb2,2,0,0.18022342,0.1528538,53,0.9649642
rec_a079e070536e10f79dee,grp_0cc67fe8277d56f43495,0,0,0.091053024,0.07564162,38,0.9492644
rec_a089ef724e8deec3710e,grp_45b1b244f5827dbfa633,3,0,0.10515844,0.042168256,11,0.94442683
rec_a08d042737bcf5242ded,grp_3212a4ffe31a95e30c5e,1,0,0.011006792,0.022152433,21,0.9919931
rec_a08dd93d7f1e7f7b12b1,grp_20706a05f2165b62b5bb,4,1,0.08059918,0.06068529,36,0.99709755
rec_a091cb2362e15227dbf6,grp_bd79dfc981e5d64d86d2,1,0,0.056573376,0.04767461,32,0.9683515
rec_a0a1d794855f4816f7d6,grp_f586a2b4fd28a6885070,1,0,0.03623663,0.033948086,38,0.95116544
rec_a0af3ff40293f69ca5d8,grp_ca01dbc06f2c8f2b5936,2,0,0.052005205,0.02683961,2,0.9881785
rec_a0bcea952777bafd2171,grp_97b0aa329857f842547d,4,0,0.041535523,0.032118082,20,0.95381147
rec_a0d6b68bc385275ab02c,grp_c5ace2f2f0f1245cf0f9,0,0,0.020527143,0.025440646,26,0.9675065
rec_a0de4e97c1af2e9fecfe,grp_7fa6b69956ce8118415a,3,0,-0.004211435,0.009266507,15,0.9690834
rec_a0e078591a93a761220c,grp_c34e585e1d6f13e73952,4,0,0.008743724,0.018615602,44,0.9133474
rec_a0e438a0ef4c05c6cc3f,grp_e9b0794cd22a7ea89943,1,0,-0.056006555,0.0070091994,26,0.9458318
rec_a0f101240e452f802fae,grp_782b504523bf90ffc34d,4,0,0.0060949265,0.017807975,26,0.9650743
rec_a105592b2e8cbcc4c4c1,grp_2ac6bc10d3d1b03b3fab,4,0,0.06340584,0.04597086,3,0.97497445
rec_a10e6b235d6dcbde6078,grp_063b0cc12f0dcc519242,1,0,-0.090113744,0.0038840207,59,0.9962169
rec_a10f791c68b8f4824a61,grp_8ff0dfca072d4ade1717,4,0,-0.02206607,0.01109138,49,0.96904844
rec_a115022bbfc405b709d8,grp_157605ce2d2274b920ea,2,0,0.11339552,0.0634852,1,0.99398035
rec_a1162ce1492dc5d3ff79,grp_2380672cc317e06317b1,4,1,0.12734976,0.12541677,36,0.9926432
rec_a12a13e8ba950154b212,grp_72b9b25e4bde06bf7f70,0,0,-0.046795752,0.008694847,62,0.96108514
rec_a13399b4ddd083bf3ae4,grp_bba5195e851103cca892,0,0,0.059701756,0.046931624,35,0.9943371
rec_a139542dcea93293ee9c,grp_b675b87e29f919579133,0,0,0.08586601,0.06997166,4,0.9879481
rec_a148326b8dccc8d9871a,grp_927bac99b1cdabe1e773,3,0,-0.06434396,0.0039751404,2,0.9703056
rec_a14890ee571962d3bf6c,grp_b74e1d2c78b14d67ded7,1,0,-0.014145911,0.0144133,26,0.9515383
rec_a15331c333c88434b84d,grp_0a2397ff95597e9a3e30,0,0,-0.02903168,0.011560791,9,0.95767176
rec_a15e3594b07dc502eff0,grp_3a63d94197b62d90e3e3,0,0,0.12328172,0.1212147,14,0.9807523
rec_a167f315f27d417ff170,grp_2000cd4ff9b4342723bc,0,0,0.02498078,0.027292093,39,0.9989263
rec_a174b9d0cb3cb8f3bad6,grp_df2df4161b4d2e984e3a,3,0,0.058688547,0.022287931,2,1.0026375
rec_a176fbaffd72bf1c614d,grp_6b5a0ca6e8c8576af9d1,1,0,-0.11822151,0.0023851797,38,0.9422795
rec_a17df07aba56946d049f,grp_840bd72a566df12689f4,1,0,0.030805552,0.030981585,4,0.97290224
rec_a1881cf0770737bffb9a,grp_0c28e4529bf5784c50aa,0,0,-0.057731625,0.007293461,34,0.9373959
rec_a1892379b7a66f995e3e,grp_827a03edf4a788b9eaea,3,0,0.09268737,0.03558369,22,0.96374077
rec_a18b89d8fedd1d4f5496,grp_f5c7a4bb6562cc7bf21a,3,0,0.06158753,0.023200426,55,0.9711962
rec_a18da9faeff5dac6e559,grp_597bdf8acfe4ad7874b0,2,0,-0.021337075,0.009330733,7,0.98140997
rec_a18ecd984ae0c0888f62,grp_4c68830173148ea9c3ab,1,0,0.0010007136,0.018678611,43,0.9376182
rec_a1915d1c1c1324d3612f,grp_da4a850e94539a4007ae,3,0,-0.03420131,0.0060791443,35,0.9963118
rec_a199ed41bf9f7ca85083,grp_5bc58aa4029057db5410,2,0,0.1621566,0.12163328,31,0.9830612
rec_a1a8fed1c3b0396026c8,grp_1675a434955972e9c568,4,0,-0.04551437,0.0074626706,14,1.0041491
rec_a1ad523cbafac8807fcb,grp_cdd74bd8c511251f6bb9,3,0,0.05811082,0.02211032,24,0.9492527
rec_a1b485a962eb4d29db4d,grp_2a3cf3d0b0e3d86398fb,2,0,0.10074356,0.053317554,43,0.99185693
rec_a1b5a13a64988f6fa9aa,grp_5f43a90f8b0b1cefee91,4,0,-0.06752819,0.0051386994,33,0.97405
rec_a1b6c0c81dbb006578ab,grp_408fb3674c8f0c179088,4,1,0.21668246,0.39687318,36,0.979532
rec_a1bf9dd26a566eca91fa,grp_cbc7d6ca39ade1ebde99,1,0,0.029166078,0.030136483,31,0.99431556
rec_a1c531a3c8e27d7ee08c,grp_5b49815f60c286d06e2e,0,0,0.027958568,0.028602388,9,1.001315
rec_a1c6c6e939574726f966,grp_7fced299940da27a83d8,4,0,0.014751546,0.020582855,24,0.9892401
rec_a1c7a918a639a76bc1bf,grp_a707deb19fa6cbc9f987,1,0,-0.057492957,0.0068314564,52,0.96125776
rec_a1cc045639d285f98955,grp_27a2daf99dc86844caa1,0,0,0.003202141,0.019335106,32,0.94733596
rec_a1ccecb7e057c25dcebe,grp_4a23f23d3d733875536a,3,0,-0.10336544,0.0022912049,62,0.93665695
rec_a1d82acdf41ffeb9b829,grp_b8903016f18beef0948a,0,0,-0.04098339,0.009545166,61,0.9651229
rec_a1d8f803fb557693838b,grp_0e5a21c5beea647d5a0b,1,0,0.06309042,0.05309553,24,0.9641281
rec_a1da8fd34bf124cc1235,grp_98a820f28d774e72bd45,1,0,-0.033086434,0.010408521,34,0.9744918
rec_a1e158705c2a9e5f6066,grp_90c18bb67f5eafa4d766,0,0,0.056910254,0.044949777,14,0.981984
rec_a1eab1655444a79173c4,grp_b933f099b2c8e2665179,1,0,0.019005356,0.025376583,48,0.9813151
rec_a1eb4461b23efc002c5d,grp_af1acec9d9ecd6b2117e,1,0,0.005882229,0.020300938,9,0.98387057
rec_a1ebe40d083177580aa1,grp_7d431be4e779313f1bcb,3,0,-0.07504174,0.0034181643,33,0.9724422
rec_a1ff1f2f40626aec5b67,grp_827a07aa317f44478eb5,2,0,0.07003894,0.034673437,10,0.9661148
rec_a20156be0c415201d675,grp_d325ac0ce4e24236bdf9,2,1,0.14657253,0.099271454,57,0.986327
rec_a2045ac645d0478daa94,grp_88b462a480da911159c7,4,0,0.056408428,0.041011393,57,0.9899338
rec_a209fa467d4dcb6824b0,grp_b26286ef8917c3627440,2,0,0.048867848,0.025664935,10,0.9367805
rec_a2133c53283f17e6fe18,grp_c9582b925844daea3fce,3,0,0.02991574,0.014939611,5,1.00745
rec_a21cb032bbbc9e3fcaae,grp_762b7aec0a7dd34b6733,2,0,-0.03805876,0.0073183575,19,0.9949278
rec_a2259e02fd8ccf335e6b,grp_086e25ae46b26300f997,4,0,-0.0267035,0.010256576,30,0.98482347
rec_a22b6713ca8758eab34a,grp_3ff50b7d601e33aa3ec2,1,0,0.0640644,0.05395411,62,0.9800239
rec_a22f08571c4b35c35bbd,grp_17d0e970d081e8213f73,1,0,-0.004383267,0.017036619,6,0.98053735
rec_a233b75bfff4f8f69613,grp_33c4a11bf70d31f1a8fe,3,0,0.11749918,0.04982074,11,0.9746682
rec_a2345c80c9b05ccf5c9e,grp_20976188310ec299d635,2,0,0.046840984,0.024932822,27,0.9738153
rec_a23623d4d27819ca4140,grp_a345892ec2debf0db1c0,3,0,0.15292844,0.079700366,0,0.9710659
rec_a23ba6ba42d2353e4b8c,grp_fad863560a7a434c809b,3,0,0.10658469,0.04299173,15,0.9637457
rec_a23e73ea4218141c7ede,grp_daf03495f800e81a58f0,4,0,-0.035451386,0.008847581,40,0.9808455
rec_a251e0c2d95eac289dd3,grp_545a2988ea7981377bea,2,0,0.21684778,0.2357941,12,0.92893124
rec_a25408ada3b9303bd3df,grp_76bc20fe84d4ee3111d1,4,0,0.11285885,0.100719854,47,0.983419
rec_a255982e77ab16f7cc5b,grp_8b8d96acfaca46eec134,4,0,0.0012943731,0.016431052,14,0.9800699
rec_a25f5240b418e5346848,grp_f5179835a723b4239ea8,4,0,-0.08947579,0.0035398467,21,0.9988962
rec_a26965c27cc98f64690d,grp_239f76f07fa6a22de2e2,1,0,0.04728839,0.04085259,59,0.99460787
rec_a26f3e307c48c1249486,grp_4a29b9d635ea138f41a8,1,0,0.08063226,0.070708156,14,0.9592541
rec_a271bccd2467eea99eb5,grp_8e63a63cdfc187c32a30,0,0,0.07325259,0.057787046,63,0.99220663
rec_a274eef5c05db5f83e00,grp_9190996ef0bfcd54e56a,2,0,0.04904319,0.025729246,14,0.98507315
rec_a276fa2423873392c472,grp_c2bb791a08b1a7056e67,2,0,0.114606254,0.064547904,13,0.9745954
rec_a27c8ac51c81a194ffad,grp_40b540c72ee54715ba19,3,0,0.07239467,0.026934417,51,0.9754989
rec_a280596d6f4adcf101ad,grp_2a14ff5b543caf8afd69,2,0,0.033811897,0.020690251,36,0.947759
rec_a281768dee4615ac0243,grp_fba2728f38bdc3299cf7,0,0,0.021143332,0.025689319,27,0.91846573
rec_a285863931c5a0bdbd35,grp_73bc4ce448ea2b0d6d93,3,0,-0.010811403,0.008446538,35,0.9750614
rec_a287e2536719a8eb37c8,grp_69e9581b9c7fa4c3f8fa,0,0,0.04318627,0.036314372,32,0.93317795
rec_a291f4134987bb788a02,grp_0a7fcd01ffdb2c898d82,2,0,-0.029172385,0.008327356,20,0.99537414
rec_a298a92747e939460946,grp_c15f5d3d1bd294d1a9b9,1,0,-0.053513113,0.007317737,18,0.95336604
rec_a29d4f90e428b0006af2,grp_809ced61666790e187d4,4,0,-0.13876879,0.0015301906,13,0.988859
rec_a2a3f8c14782f5bd2796,grp_57140a9265b1300308a2,0,1,0.13556257,0.14405349,44,0.99156547
rec_a2aa9487f731eed97be1,grp_540b5cdc5b611ccaa015,1,0,-0.073708616,0.005160597,40,0.96507394
rec_a2aac52eb28eeda5e394,grp_3f8f47fa6d4611b61d4b,0,0,0.0027399864,0.019193651,10,0.9717531
rec_a2ae4b7bf2b4b023081a,grp_ebd7313203ff301159a2,3,0,0.027057942,0.014355498,63,0.9577062
rec_a2b388939ff2a82953e7,grp_5c2815d605345ccb4942,0,0,0.058293104,0.045921367,47,0.9579977
rec_a2b8097c828d39014f00,grp_16642f059298386df32d,1,1,0.1649251,0.24804015,46,0.9869377
rec_a2bc2ea82073a9f62fa1,grp_5ab9e079e3303cbc5569,0,0,0.067621596,0.053015888,11,0.9996996
rec_a2cb72b210fa397b5e73,grp_0b7a237963a46f63d2c7,1,0,-0.033672754,0.010303957,49,0.91747624
rec_a2d41b7f09c5fb0d51dd,grp_0511ebfcfa50570606d7,4,0,-0.14684689,0.001333511,54,0.9590718
rec_a2d50ebc03dc3592b9e9,grp_99ae174d28b60eb5ecd9,1,0,0.06252493,0.052602984,49,0.92576194
rec_a306c044ab946d358e9a,grp_c3bfe01f08ec3c287f14,2,0,0.08684797,0.043929074,18,0.94163483
rec_a30a1569d55a98486300,grp_022e444008d5de93a850,0,0,-0.13219044,0.0021942558,8,0.97066134
rec_a320cf7c2d7140b29bd2,grp_c2eb449e96fe47f306a4,4,0,0.007895056,0.018353004,13,0.9779857
rec_a321f8e065a8f7424490,grp_e5ac57122fd98c17d10a,4,0,-0.047658894,0.0071965815,49,0.96168447
rec_a327f4c2526275e9a63b,grp_86baf97e2fa4957ea53d,0,0,-0.014299652,0.0146314325,39,0.95490986
rec_a3302f3591f4d4d5ce99,grp_6f9ce948760574990e3e,3,0,0.12585898,0.055734012,63,0.95398766
rec_a3329ad0e8d6c82ae0b5,grp_4e61eb50078f4c35a996,2,0,-0.044295605,0.0066836257,46,0.97114784
rec_a33a8e3ee8b5459ecb67,grp_d8a641ccc5774cc63d1c,3,0,-0.015673434,0.007888897,62,0.9504968
rec_a33b8a2720aebe61bdb1,grp_8b5dfd7e357842e162b9,3,0,0.17401975,0.10454602,15,0.97037053
rec_a33e1dc18a6fbb16f2f8,grp_5478b29dadf78e349725,2,0,0.055584814,0.028243769,58,0.9686642
rec_a3458b955802dbbf5074,grp_e6f80653a14bad94f13d,3,0,0.05921838,0.02245204,31,0.9735737
rec_a34724417af13b9c97b0,grp_1b246e4ff88aa558b9d3,1,0,0.10866149,0.11025603,38,0.993136
rec_a359200e10aaffa28d70,grp_63733967459a0576afe6,0,1,0.109385855,0.09920447,44,0.9958284
rec_a35ba8a09ea95d277e12,grp_cda55038696465800059,1,0,-0.06391538,0.006113532,3,0.95290875
rec_a36e68d97a0beac41d7a,grp_848634ababb8306fd883,0,0,0.080534,0.06455497,42,0.9752146
rec_a3835d68027dd7ea7e32,grp_dfdf8b48ae295b694e22,1,0,0.010474662,0.021952743,4,0.9243234
rec_a387a9787f6104bf2b15,grp_c0d3e0f16a1c70ba0572,2,0,0.13865574,0.089372605,42,0.9837648
rec_a38a39ee3fc8af808467,grp_4971b99a049a3b60ea24,0,0,-0.03835143,0.009956822,56,0.97454894
rec_a39955e495b46b0d21dd,grp_789ff85d550bfb4afca0,0,0,-0.0044796355,0.017111314,55,0.9274234
rec_a39d82b91d93cdfaae84,grp_2445941f3ff7b7b572fb,2,0,-0.033272106,0.007845768,22,0.985985
rec_a3a37bea16a403f32739,grp_975917910c726a00fd70,3,0,-0.040142637,0.0055912663,48,0.98072207
rec_a3a7ab1bbe1cd8934315,grp_c1f9e2e9532c95227555,1,0,-0.028890122,0.01118816,20,0.9713353
rec_a3ac9e6aee5302171b0a,grp_7eaed18b978f136ab886,4,0,0.07068481,0.05173293,0,0.9739054
rec_a3bd430b66066ba4c1d2,grp_6c8304f92cab57c0c565,3,0,0.19741118,0.13986589,30,0.9693186
rec_a3c25bef30e24e46e330,grp_31937a3d7a58286a3a78,0,0,0.13354371,0.14006753,38,0.95284104
rec_a3c5360a228d8f212b13,grp_0a6595413b2145106978,1,1,0.1639149,0.24477604,46,0.98699075
rec_a3c80da32a0cdd9fc5f8,grp_49f4e5de05f67e363e23,2,0,-0.092589766,0.003305511,48,0.9794247
rec_a3ca1abb4a56a767a5cc,grp_8f50413ce6f89557f37b,1,0,0.050528005,0.043119535,55,0.9596155
rec_a3cbbaab31a1d2533a66,grp_17163e8f2ab34d98eb1c,4,0,-0.035212457,0.008883388,37,0.97713083
rec_a3ccd941b42f3651b26a,grp_a2faed4470a913e424ad,0,0,-0.03639726,0.010273789,8,0.9653239
rec_a3cd98e0bd32b21d38f6,grp_ef30bfa0215f0dfe3a9c,0,0,0.017489396,0.024248576,50,0.9604588
rec_a3cfc377ad3bd8202642,grp_ba941b637c574bb96e38,1,0,0.1498563,0.20240948,8,0.97740316
rec_a3d50098d097e3b17447,grp_3bbd24c9e061c866eeb7,2,0,0.1069857,0.05812611,5,0.9252076
rec_a3edd03aae6bad35ebb0,grp_27bbb3f308c8d052c93e,2,0,0.03177838,0.020095197,5,0.9365272
rec_a3f134cf724e881c807f,grp_4941f04e91c65d9ede1a,3,0,0.06633184,0.024773,26,0.988313
rec_a3f342499b320c098e2d,grp_031d51e9a49728907e7e,1,0,0.09785858,0.09312105,7,0.9449238
rec_a3f73c5deb1d4e562367,grp_9eef43ced787ac0ad011,2,0,0.12274729,0.07213388,12,0.9761649
rec_a40a44b42d80d99c4e3c,grp_5db5ac7ed7809dd59c87,1,0,0.056076203,0.047283363,49,0.92038953
rec_a40e1974910b16a79ece,grp_ce3502b03926721ea539,1,0,0.07113607,0.06059103,20,0.9747335
rec_a415ab21866d0a5d3ded,grp_871846d6717df3693641,2,0,-0.08287054,0.0038093661,7,0.977386
rec_a41b107e66c5ad6ea793,grp_04dc3e3701d50c564cc1,1,1,0.09834214,0.093834065,46,0.99477565
rec_a42cd44256078b5a1ab9,grp_c2c9a347f9ec1d6de1db,1,0,0.031802658,0.031506743,53,0.97761464
rec_a431e679f94344f27553,grp_81900735eb708ac0fe4d,1,0,0.0007952433,0.01861319,39,0.98342854
rec_a437028b6924d3b6336a,grp_72f3c5a8d0773001d3c9,1,0,-0.0177276,0.013554222,18,0.96109104
rec_a43b1700fe5c1529136b,grp_37db3e9e5287d8a48ffd,0,0,-0.02974991,0.011428586,4,0.9976495
rec_a44509d437c2b452b1af,grp_3cebb7697f3150f0f84a,0,0,0.0918909,0.07659617,3,0.98746026
rec_a458810a85954b59ce94,grp_e103c35e9799307fd280,1,0,0.020452766,0.026007008,12,0.9722917
rec_a45980a4d0410dda123b,grp_d5594feb6e82943b7894,1,0,0.037091248,0.034439187,62,0.9560857
rec_a45a1f6646aea6cff073,grp_e53e42d80c1d718a7325,1,0,-0.01973042,0.013096065,17,0.9634033
rec_a45d500eeaf52a68b4ed,grp_c6054e3b96d67340e937,2,1,0.16246505,0.12211685,57,0.98822886
rec_a468b43d349b1e513eb9,grp_d50607c8c5a656c34d0e,0,1,0.104463875,0.0923031,44,0.9982449
rec_a47833d09d4468af636a,grp_5afbea5e17fc7a8ad4f2,2,0,0.06718426,0.03330064,5,0.92957616
rec_a48bcd4ac65c06946d91,grp_a8a8e6d7416b8859d28f,0,0,0.051765837,0.041504636,31,0.93785214
rec_a4980043201a794527e4,grp_8609161955a0374cd448,3,0,0.086524874,0.032706864,48,0.9756305
rec_a4987d5402f01b6314c8,grp_5552fa995f0001393c19,1,0,-0.045078892,0.008464728,47,0.9817642
rec_a4a934d0e6ad28e2c99c,grp_5229ff446acd5b076e30,3,0,-0.07632919,0.0033566088,48,0.9898825
rec_a4acc126f7296b8c1d5b,grp_ebc15692e5f8381dd1d2,4,0,0.014540288,0.020510346,20,0.957138
rec_a4c2382449d412283a8e,grp_be94b20e7076e617ad1e,1,0,-0.08756445,0.004059478,48,0.98343337
rec_a4ce38cf5c7d9a1f02f7,grp_5b65d611fe3d47beb75f,3,0,0.06858979,0.025557471,50,0.9811172
rec_a4d4305cef5b07e1f146,grp_7702d08c9b8fb3d29943,4,0,-0.023485247,0.010829011,49,0.9813405
rec_a4d5ab99ba61ceb673f1,grp_00d8392d2bd5e44c3611,3,1,0.20014904,0.14459637,59,0.9800903
rec_a4ea1d229818c1ce144d,grp_698c701b9332907c6921,2,0,0.009124757,0.014502449,9,0.9925224
rec_a4f90b92680ffbad6b14,grp_ec3ef75854d4981f87c0,4,0,-0.012910689,0.0129415495,7,0.94880724
rec_a5025a38d5442725066a,grp_6f99bc449281a5a1f34a,0,0,0.08432673,0.06836617,34,0.9751204
rec_a504ee77ab59cacd5819,grp_b56a5179ee02df3c702e,1,0,0.16171005,0.23775326,13,0.9715452
rec_a50663675eac38c89513,grp_2404304ff47c3210a1be,0,0,0.08828762,0.072568096,53,0.95359486
rec_a507209871c86d1b715b,grp_d41b5815308df0f4e93b,2,0,0.07994571,0.039872956,34,0.9459816
rec_a51127235b771b9b02e7,grp_4262ee6bafb36d0e7fe6,2,0,0.0012013416,0.012933712,17,0.9322291
rec_a5225d262d41c713e9ec,grp_bd1092d14e2891c0153c,0,0,-0.100834675,0.0036413926,32,0.93482345
rec_a524710b19ae022e947e,grp_afbe3dc0bedfdb42ebe6,4,0,0.0924248,0.073253095,59,0.9839144
rec_a52a6beb6bd5eb10b715,grp_89934cf66485acd40f30,4,0,0.05132425,0.037733562,2,0.96210974
rec_a52d27a6567b29096e00,grp_bacb2a9f17b139932f77,1,0,-0.050926283,0.007652078,58,0.9886241
rec_a52efb211dd46b4c0dfa,grp_cd5ef280999198c79445,0,0,-0.07883065,0.00519284,22,0.98780555
rec_a53c3b2ad541b6b1e8dd,grp_1e29b34b30ef903671e0,2,0,0.008889292,0.01445323,22,0.9827799
rec_a53f2241f85017b78866,grp_8cfa5ca31325da066310,0,0,0.034282506,0.031590585,8,0.97621566
rec_a5453f8d2eb9e09fb2a0,grp_7d0fa26366c20cf10870,3,0,0.11803825,0.050183423,31,0.9894052
rec_a548c2669a4e8c8902e7,grp_b50aa76e182ad0c7a899,2,1,0.11130892,0.06169193,57,0.99711883
rec_a54937509827d27feceb,grp_319c7c34b7bbb405998a,2,0,0.04137213,0.023057539,4,0.9808555
rec_a552ea1da7b900068e01,grp_9913f2332cf657850b7f,2,0,0.032253042,0.020232579,13,0.9562216
rec_a57976aa579a56b75960,grp_537274b1a19a8491f480,2,0,-0.076588735,0.0041750176,17,0.998335
rec_a58d0478dba47bbceb37,grp_646c7140a9500cf9a4eb,3,0,0.078381814,0.029248307,18,0.793092
rec_a59c5d0596391b0e7c0a,grp_c56bb6513844101f6aca,2,1,0.1754206,0.14396411,57,0.9839203
rec_a5a26e061f33d15eeba6,grp_99cd3a7539252b7da2a1,1,0,0.061591588,0.051799446,60,0.956615
rec_a5a71d83b14558af3a1d,grp_3cace39f58bebc6f0655,3,0,0.026232703,0.014191053,24,0.9794941
rec_a5afc7fd910ec6b2e145,grp_46d1d65d36e3c375546c,3,0,0.09327786,0.035871815,34,0.9794123
rec_a5b5245093b48e8249e9,grp_b389300ac4c7c7217b03,3,1,0.14647281,0.07324644,59,0.98903424
rec_a5c6cf417aae120e58b8,grp_cdcec3ce3a99effaece6,1,0,0.05563705,0.04694032,47,0.94676286
rec_a5ca2c0644fcb94598dd,grp_ac8a028b87af91e51993,2,0,0.13832067,0.08897393,40,0.9882429
rec_a5d00bdf738506ea47e3,grp_5958f5d90fc0bd32a2ca,1,0,0.11960293,0.1303647,23,0.9668621
rec_a5dc5d17b6dd909a6526,grp_107e6efe50194ffcbb6c,0,0,0.044771474,0.037223876,42,0.9628567
rec_a5dc9849fab1278174d1,grp_27a5027806b8f1f385f6,4,0,0.0050534727,0.017499946,2,0.98086387
rec_a5eaff6050a2d8ea12a9,grp_a4bd5b7c29a59c573e25,1,0,0.0039794953,0.01965279,4,0.96713555
rec_a603fb8cf99be28f884d,grp_782233da800fb6e7170d,2,0,0.093831055,0.04843155,6,0.930506
rec_a60ee8d3b4472362812b,grp_dd0f87ff18e6d75439c0,2,0,0.038618926,0.022166293,48,1.0015312
rec_a61ffd25958a3a8b4d1c,grp_cfbfae83c44427ab564c,0,0,-0.03864755,0.009909641,12,1.0105218
rec_a6206d5ee990b082d1c7,grp_2221e2abb856c0674084,0,1,0.09841895,0.08441927,44,0.996699
rec_a639a725f41746c146dd,grp_43c41b7df671e964dccb,4,0,-0.097799495,0.0030727994,27,0.97512317
rec_a64a3e6c7f4229dd7280,grp_de7aa9cda4a550cc3473,2,0,0.044214986,0.024014506,6,0.9670225
rec_a64f46c40f58f3a21381,grp_012f87b2044b6ca16b3a,3,0,-0.0024857107,0.009493611,58,1.002328
rec_a651c05856d6f92a71ac,grp_8684c0eeba5b8d0f09ec,1,0,0.06269042,0.05274668,28,0.9589868
rec_a652ac6c3b12a1f25bc1,grp_b70494552235bd080a87,1,0,0.0800337,0.070026815,55,0.94347507
rec_a66d11a4fb489f03b347,grp_a846b60ec8cbe7731534,2,0,-0.023711815,0.009014595,7,0.98339766
rec_a670475c0f0f48965748,grp_1bcf8770147c0e98f6dc,4,0,0.044945545,0.033976074,2,0.9673104
rec_a6706b7cf9536fc2a9ee,grp_5b57399e6c4ca206ac54,0,0,0.0333214,0.031117711,53,0.95723
rec_a67293043f1233cd9a38,grp_286e788767cee11d10e5,0,0,0.07374376,0.058221824,3,0.97371787
rec_a6742270b932f580cdef,grp_0ad98e8e0106d5e55458,0,0,0.029218573,0.029175023,27,0.9869247
rec_a677c24bdd3e414a9a97,grp_beebfc1af684400c3627,3,0,0.0022130595,0.01014028,50,0.98063636
rec_a6afeb8c1bb7e784bdce,grp_50b5147fd192f68e7584,0,0,-0.07057028,0.00593198,17,0.9915551
rec_a6b54daa1243985bbc81,grp_a9c73b8bfc99d7b6ddd5,3,0,0.081767745,0.030641085,22,0.9283501
rec_a6b6403165a96cf84b5f,grp_0034d1bd714adcb40b0b,0,0,-0.032198302,0.010989031,61,0.8604224
rec_a6bdc6669bebee9acb25,grp_92be07515309d6514593,1,0,-0.01155596,0.015067724,9,0.98588794
rec_a6c2feadabda1bb78892,grp_2ce342ed0579a10315d6,0,0,-0.030367697,0.011316064,38,0.9649699
rec_a6cb03db330c6a969aee,grp_7f4feae069ad0781926c,3,0,0.119933605,0.051478513,51,0.901218
rec_a6cb3930d650297a5f65,grp_a2a1af1d332d79c61659,4,0,0.0038619023,0.017153936,13,0.9993951
rec_a6cc2b674a445149d4f2,grp_d1cc0cc21b2d2748fa1b,4,1,0.093338974,0.07431862,36,0.99775684
rec_a6d00c54f4eb298df8dd,grp_281fdd9ba114a676aacd,0,0,-0.06859673,0.006123524,14,0.9971946
rec_a6d4290e040981859147,grp_6213e9af70deaadb187f,2,0,-0.060098972,0.005309717,9,0.99522024
rec_a6d85190d2cc05046128,grp_c1ed20954b179b4467db,4,0,0.020991063,0.022841215,3,0.92989576
rec_a6ec2b46f263d45a13f9,grp_2e9f2e3abecf0ed01897,3,0,0.12806681,0.05740273,51,0.92756987
rec_a6f2c797b7aecc9bdb93,grp_280bc3ff05b6c0584f48,3,0,0.0598742,0.022656815,51,0.9174302
rec_a6f5b9d68653981657bf,grp_c83687ce7645d2e8dac8,3,0,0.07514025,0.027972559,41,0.961123
rec_a6f9bb77b9ca1b7c8f4c,grp_d51d9520b7760d9bdc68,4,0,-0.09946733,0.0029868816,4,0.93393505
rec_a6fa6309efd3b801fbeb,grp_305557d5c9bed7fd8d4b,3,0,-0.1360029,0.0014443699,37,1.002184
rec_a6fe1d7ebbd13dd91ae1,grp_b7c6654d622ba93cfca1,3,0,0.01111964,0.011487961,43,0.51632005
rec_a701b1031c10e86ff7ad,grp_cdf84afea8495fc84a84,2,0,0.0918192,0.047091246,14,0.98705804
rec_a7071e967f07c6de3d47,grp_e2bffed87e16d9f91117,4,0,0.060162917,0.043605153,2,0.96188575
rec_a7074748e8cbec573868,grp_23804ff68fe292362367,0,0,-0.04369303,0.009138971,53,0.99679947
rec_a70e56c45bec9e5375b4,grp_1fa121c15e84e18c1f8b,4,0,0.009578097,0.018877365,37,0.98147076
rec_a70f507a037edd4e0cdf,grp_f914335811966c7e52ec,2,0,0.09676201,0.050449096,2,0.9915063
rec_a7107afcc8db5922d4fd,grp_83300115fa42bb343a35,4,0,-0.06742811,0.005147434,26,0.9608061
rec_a7124fe880106a3fc828,grp_e3857f6f3e91d7e64162,2,0,0.18314059,0.15846986,2,0.96607184
rec_a714aed266f509c185de,grp_83031796893d2c04511d,3,0,-0.023727072,0.00704446,40,1.0159531
rec_a71795a1d26348966b6f,grp_ae7fa91d88dd39bfd7a2,2,0,0.040541824,0.022785136,46,0.9556269
rec_a71a18b61c3481de2907,grp_12ad4f80a873d0b78b3e,0,0,-0.010603048,0.01552041,10,0.9625637
rec_a72499a93d85ffddff66,grp_f4146536902b6664cdf8,3,1,0.31150225,0.45004165,59,0.9561005
rec_a732363217c91639818c,grp_f5812f9489cf4aadaf0c,4,0,-0.07993001,0.0041631158,27,0.97014326
rec_a735188bb25548c65a51,grp_78fa20fd727b16a4b266,2,1,0.07962122,0.039691366,57,0.9994082
rec_a736fb6de4ae905ad832,grp_801bd006fbd5dcf62c42,3,0,0.04034559,0.017276747,15,0.9931664
rec_a73f193fc749dd2ac06b,grp_ad36c16bd9c8a3c665b0,4,0,0.09271283,0.07358728,21,0.9640847
rec_a73f8e3827ed7b33e31a,grp_fab1a5f9b9ff6ddc98af,2,1,0.22635151,0.2617955,57,0.9781377
rec_a747674c70125840830b,grp_e1e188002ae672be4b08,1,0,-0.03444627,0.010167599,7,0.9677463
rec_a74c59db68eb646acb87,grp_4e526a1abba0ad33747c,4,0,0.02554509,0.02464056,42,0.984037
rec_a751e219425cb8af80bb,grp_ee83fb902228b21a059b,2,0,-0.060463466,0.0052815895,62,0.99640965
rec_a7624138895d95144f91,grp_1ccd5a78ef5ba4a87c65,3,0,0.09419782,0.036325183,47,1.0028361
rec_a76ec161c0d67b2375c0,grp_f07c490e74f12833e280,1,0,0.1280777,0.14801322,41,0.9772218
rec_a76f356cfbdd8dc91ab1,grp_739a8ae59d704bdfc034,2,0,-0.13867387,0.0016856061,14,0.9831521
rec_a77e3f2d8757191ab0fd,grp_24db2506d47edae67693,3,0,0.0033904545,0.01030904,5,0.96843874
rec_a7813af0bafb1328179d,grp_145e1538ac62cabfdf5f,2,0,0.06863647,0.033992317,34,0.9603984
rec_a783f958d80b176f31cc,grp_3e714118b61ee72cfef2,4,0,-0.004672086,0.014864921,12,0.9753883
rec_a784bb36f3658c629a2a,grp_1244e17e62e4070151f5,1,0,-0.0371942,0.0096974615,55,0.946971
rec_a7878a9cd1705cc5b2bc,grp_a4865db9f5340dd24501,0,0,0.03978615,0.034435175,42,0.9820172
rec_a788eef313c0cec30d3a,grp_d9dcee95ea31b6bfdab4,3,0,0.12630692,0.05606884,31,0.9512534
rec_a78b2b54b61f6c2f69cf,grp_b0e8180179c88aaf7477,3,0,0.20586981,0.1549095,12,0.93467915
rec_a793f43b9439e62e8b43,grp_05e92903b51596be2a4b,3,0,0.2331397,0.21242464,30,0.96469665
rec_a79a86e06b7e4a7673ec,grp_bb73e478067f335d4f24,3,0,-0.06790005,0.0037806255,47,0.99712336
rec_a7b05a0503d7e33d477f,grp_207328bedf6a905728d5,1,0,0.030190943,0.030662121,53,0.99677795
rec_a7c53263ad2d82e2d98f,grp_6698641d48415bfe9494,4,0,-0.012444992,0.013043404,30,0.98056626
rec_a7d96144c0266b34eb70,grp_bb2242f100e320d4777e,0,0,0.055433866,0.043934092,62,0.9986408
rec_a7dbe2ccbab67240dba6,grp_ade6eae5320698ddc508,2,0,-0.029662073,0.008268325,20,0.9995059
rec_a7e64a722fa7e1c40392,grp_59534520e6724ce1d917,3,0,-0.018914135,0.007537657,52,0.98638934
rec_a7e67cfc23c27a5a1af2,grp_7d092130f2971220ed73,4,0,0.1586576,0.1965274,54,0.98562473
rec_a7e81c13808c6ae8df80,grp_8ed2fb63a998ce24160c,1,0,0.14052716,0.17746203,6,0.97794855
rec_a7f8552df9907e3c4018,grp_4b5f36fa25a06fc4887d,0,0,0.020857904,0.025573839,42,0.9998361
rec_a7f9470047ffd396f14e,grp_effea4d992cbe94887e6,4,0,-0.0039235335,0.01505304,1,0.98731256
rec_a800535e6ca2435dc21e,grp_939dc38d52f622edb59c,1,0,0.14899652,0.20000492,19,0.9020008
rec_a80575474950dfabefc7,grp_6825bf7655d1e6372bb5,2,0,0.102865934,0.054908827,13,0.946677
rec_a80a1df67e21213514ca,grp_974f55f810f36e3a99bf,4,0,0.008034214,0.018395813,3,0.9669421
rec_a819cde49d2466029c0d,grp_4616603f0cc7ec431332,0,0,0.015486986,0.023492765,29,0.9950535
rec_a8237fcc4c374af32d5e,grp_1fb6b57d48028babcead,2,0,0.0019572955,0.013075855,14,0.9994584
rec_a828238e8553417134a8,grp_6d88e06676834380dfdf,3,0,-0.015359501,0.007923774,50,0.9769023
rec_a82e7a081fc686fdfc66,grp_dac8d0ebab3888413419,4,0,0.019516084,0.022286436,27,0.93059725
rec_a830730684e26d88caea,grp_3ca55b8fafad6d492f10,4,0,-0.021463184,0.011204726,20,0.9569914
rec_a833b5fec1d6887b3ffb,grp_c0e505ff3c4e9bae8de0,1,0,0.07050687,0.05997082,56,0.96698105
rec_a84c2fb8ebcee5d8f4cf,grp_4f2bf69ef7319c904d39,1,0,0.041739594,0.037232548,55,0.9570055
rec_a84dcaf6026de1a8ccab,grp_61f554c75581690789fc,3,0,0.036647007,0.016409481,5,0.9922255
rec_a85431b6ec9499cd575b,grp_732d89cb7a13b6646da4,4,0,0.073769,0.05437509,29,0.9421569
rec_a85fbdcb2dced98a98a5,grp_2cf57ea54c9530f025d5,0,0,0.08609336,0.070211716,16,0.94599324
rec_a8635dc92929d8ba78fc,grp_006f97fe5fdef0a63f0f,1,0,-0.060858916,0.0064453324,31,0.9919262
rec_a864ad71fde372bf5f49,grp_fb5f473d271c869c2bc8,1,0,-0.045698684,0.008374686,6,0.98413384
rec_a86d845e8f059447ed0f,grp_39bf04dba5d730c1cf90,3,0,0.035649776,0.016183067,48,0.99718297
rec_a8968ae716d49ad18d29,grp_78bdbe30f1fb864c72f0,3,0,0.013077561,0.011807176,24,0.95920736
rec_a89819d60a54abdeff75,grp_00a079004972d877a223,3,1,0.13714533,0.064769045,59,0.99391335
rec_a89aa415185ce0099ce9,grp_a9d115afe2c40f25ee05,0,1,0.092158206,0.07690303,44,0.99848115
rec_a8a2f77dd3ac2a71d060,grp_91b946fbb9e343fc49e0,3,0,-0.0005445499,0.009755657,22,0.96649915
rec_a8b04926348839a84a98,grp_a431cfc6fa30332beacd,2,0,0.010958074,0.01489133,39,0.9332627
rec_a8b4a46ebef523e05229,grp_69cb31e8b9c92647fea8,0,0,0.023932656,0.026844922,8,0.926819
rec_a8c1b98436b6b5355161,grp_1ca7befa542b4433b956,4,0,0.034301434,0.028496314,56,0.98824376
rec_a8d0bd27424f71e37bb6,grp_a5872134938901a7f4f3,2,0,0.14362973,0.0954828,16,0.9730556
rec_a8d24b879310c4b0d71c,grp_f1aa1570b60a28ffc50b,1,0,0.08184893,0.07211198,21,0.99864703
rec_a8d46b517dfcd051d7df,grp_d738ec42296fc70f34f0,0,0,0.09807832,0.08399371,1,0.96654177
rec_a8d76146a0f2d26e2e28,grp_70540f8f258973040e9e,0,0,0.016508926,0.02387558,11,0.9924962
rec_a8dc575f1b948223824a,grp_b2230737fd8171ef3ae8,4,0,-0.050103907,0.0069046817,9,0.98038524
rec_a8e1e8983c5b5f841990,grp_5ff663dea7cf5fbbb403,4,0,0.036433857,0.029520618,57,0.97692835
rec_a8e55285179e7077387c,grp_0af3c504415ecb5acf2c,1,0,-0.004389255,0.01703487,21,0.9973828
rec_a8e68eb89a6ff941d0e3,grp_7d046c98e41c38bc86ef,0,0,-0.079110056,0.0051695085,50,0.98509353
rec_a8ebdee7a0f0a8898571,grp_6cb2beda53db5cb51c0e,1,0,0.083697565,0.07429425,32,0.97617656
rec_a8eefd1c44e5c501a38a,grp_9acc292e7660fde221fa,4,0,-0.00278086,0.015344737,24,0.9807777
rec_a8f8cc8e2cb474af5e3b,grp_e0c943880f96021d9ff3,4,0,0.076063745,0.056422923,22,0.96005434
rec_a8fe5b51dbf32ff0ea50,grp_164e8394f435f48ecd1a,1,0,0.10963547,0.11192965,39,0.9711096
rec_a90f1212876dd244a293,grp_8f2a6104610ee9d09279,4,0,-0.018928101,0.011694018,49,0.91730416
rec_a919ca4148d0c9d6cb8b,grp_0057822277cd8d76b0f2,1,0,-0.050222028,0.0077456976,49,0.9508295
rec_a91a27f0b42101d75f63,grp_8bb46784daa8e04979f5,4,0,-0.042968757,0.0077912263,31,0.95572346
rec_a91eb5ac687e833af1c3,grp_19f9a884f074862999b7,0,0,-0.030027203,0.011377944,62,0.9753629
rec_a937cf86b1c68c8a791c,grp_7e9cc9b4a1c8fc553406,4,0,0.07100167,0.051998686,2,0.9279643
rec_a93d3b51ecabc68c52de,grp_9f58ea2ace5f48a8d88f,1,0,-0.0845388,0.0042779935,22,0.96524173
rec_a9433c3b26694d197a57,grp_6d5b894d086a03729e77,0,0,0.10078411,0.08742838,33,0.9739811
rec_a94db5997903558b8e1e,grp_53c22d575d08ea6192db,3,0,0.11235068,0.046479974,5,0.98443377
rec_a953fbe06fd18ebdc348,grp_e9b97a479be4da04d2f0,0,0,0.047903042,0.03908534,3,0.98762554
rec_a955d8e2b70f201dcc84,grp_e581099fbfd6da34504d,0,0,-0.097867325,0.0038200319,5,0.9647041
rec_a95cb3ed727bae47f543,grp_1e73d14bf286805c8b13,0,0,0.070226565,0.05517502,58,0.99064624
rec_a9746e9d67163fc00a31,grp_7045223c5094a27f9a94,2,0,0.085979685,0.043397956,20,0.96124274
rec_a9756b856d575ab5290c,grp_07f6e2797887df8610b1,0,0,0.09821722,0.084167,8,0.9451431
rec_a97f97e1cd0312665d49,grp_18a2f6144ed70c77d7a4,2,0,0.0647676,0.032179635,61,0.97072107
rec_a9809b4ce68852316fd9,grp_c38b04521f42b295b99c,2,0,0.010065724,0.014700781,36,0.9935254
rec_a9809d4541e05c9bc284,grp_699a42999a94b42766d2,4,0,0.124677844,0.12050304,37,0.98607856
rec_a98c345a1af0cf1ce263,grp_e6a220fe5f51290aeb0f,3,0,0.16383602,0.09179283,45,0.955185
rec_a9938ae0d672d0a459f6,grp_4b629f6f1e4f7575c6a6,4,0,-0.019100148,0.011660152,30,0.9662525
rec_a99b16266ffef7d21ffe,grp_3f312ac0814ce704c7c5,0,0,-0.02921482,0.011526938,9,0.96697944
rec_a99c76c3caccf24cdb6e,grp_3031c8567402dae0364f,1,0,0.022737673,0.027033346,28,0.9702301
rec_a9a9ea440b98f6c1eb61,grp_17436859c60a8abaf9b2,3,0,0.13499773,0.062950775,31,0.96464235
rec_a9beaa5e4742ad544117,grp_a7f955d8aa5b696080c9,2,0,-0.017944673,0.009801483,3,0.98466253
rec_a9c1681a9b29a953af47,grp_bae1b42bddde7756c04f,1,1,0.092350446,0.08533641,46,0.99797404
rec_a9ca991b08bd174fcc88,grp_539b77b632cffe5f9ed7,3,0,0.13663958,0.0643365,30,0.92480767
rec_a9d55d1a12b5af2e1522,grp_d0c87c3672722e7492a3,3,0,0.1078985,0.04376388,5,0.9845984
rec_a9eac311962b5cf822ef,grp_57fd482b7df89e9f58f8,0,0,-0.029649572,0.011446967,17,0.92323464
rec_a9ee0e09935c6f182dd3,grp_12b38f599971d3ab3dff,3,1,0.19722004,0.13954051,59,0.9821105
rec_a9f9bb9e9acde004e3cf,grp_39930e53960f3bebf764,3,0,0.03440216,0.01590413,3,0.94324887
rec_aa06ea9549b1602989db,grp_e6fe70a727e617186f4c,4,0,0.0058385017,0.017731648,52,0.9862102
rec_aa100da3be9486dade6f,grp_89f084e7658baf8bb2f8,2,0,0.07827932,0.03894884,17,0.94088703
rec_aa112a7715681387b27d,grp_c692fadbf24bd4c620b9,0,0,0.023607325,0.02670758,1,0.9783294
rec_aa199c266eab3b5e2033,grp_baca5b97ee24a8e90bb9,2,0,0.07319149,0.03625286,53,0.99900126
rec_aa1bba7a5fa3df6c7546,grp_ce5c2ba771e5bbeacb8d,1,0,0.045153234,0.039421353,24,0.9575395
rec_aa1cd27da98e1a7f117c,grp_b1eb2786b0714e2a1e94,0,0,-0.032631077,0.01091309,16,0.96116143
rec_aa214ae6b8c13addd4b2,grp_031ebb13d2957ad5e909,0,0,-0.047945935,0.008535703,54,0.9649554
rec_aa25514bc75b988bd658,grp_784734961b12264642dd,4,0,0.020448342,0.022635534,24,0.9976185
rec_aa26c37a140cdb0bc986,grp_6743657263984fee24c1,2,0,0.10623339,0.05752569,53,0.98896563
rec_aa26c90e40e7096d1d67,grp_ca9a70d4302b5254b8a0,1,0,-0.080742985,0.0045687654,28,0.9570034
rec_aa2f4744ffead47a4487,grp_ae9b37014c9834f165ab,2,0,-0.038947586,0.00722437,20,0.98441577
rec_aa341421c6d3617e0908,grp_89466763a6174eb35ceb,2,0,-0.0033253373,0.012113925,5,0.9985168
rec_aa3e5ecf5f4e9688a7be,grp_7f522987d1f5106f2313,2,0,0.028697526,0.019225478,20,0.9971569
rec_aa46e8fcdd2edfb97b5d,grp_aeed90c330f6f2de2ab5,1,0,0.004356624,0.01977962,39,0.98168766
rec_aa4fc45d3ed0ec53be61,grp_d7ac769f89df6b69714e,4,0,-0.14623949,0.0013473777,17,0.971644
rec_aa526fcbe014da205a0f,grp_3b43c2a66171ca02effc,1,0,0.026504114,0.028811688,39,0.9651245
rec_aa53b8570dc83debb1f9,grp_3813188a1d7ac1752783,0,0,0.050446738,0.04066278,1,0.9961086
rec_aa55bb47923054cb1efe,grp_f0cc7a9d18eb9d289492,1,0,-0.027054965,0.0115470085,62,0.98162645
rec_aa6342b2a18a04bacfa2,grp_6f2f5a08792dd1fbc365,1,0,0.09046726,0.082813166,21,0.9902709
rec_aa6bf3bc6dd49e072372,grp_b123435ae1474913375f,1,0,0.0005569323,0.018537588,15,0.93742186
rec_aa72238f1871e240ac99,grp_6207ede008d74e96dde9,0,0,0.12339404,0.12140867,30,0.9778643
rec_aa7b4266e0dc28b82129,grp_b2265ca2b29443145aad,3,0,0.026187593,0.014182122,63,0.92468053
rec_aa88dee8d78a37071546,grp_d5f7ab989a197b87c8ae,1,0,-0.011239583,0.015149641,21,0.9942982
rec_aa8d7e4b2dfff32c1bf2,grp_f6473e8dae97cff907b6,4,1,0.08490847,0.06501253,36,0.99909335
rec_aa94a15148b4563a7576,grp_49bcd07a013edc02a5ba,2,0,-0.079898864,0.003978185,48,0.98237604
rec_aa95b3d0fe29350d2e8b,grp_6913eab41bd3220bb6d4,2,0,0.095495544,0.049567744,8,0.9735978
rec_aa97f6420576243b9d27,grp_cc35bf1c1d847ecb15e2,1,0,-0.02164738,0.012671868,11,0.9566661
rec_aa9c69a274a570eedd8e,grp_37938bc5f6698ad10c98,0,0,0.059565857,0.046833247,20,0.97561985
rec_aaa7a836d931b9c51c1d,grp_98757f62f7dd9a2dbfe7,4,0,-0.08454414,0.00384927,50,0.990031
rec_aaa9a42507db4f8910e8,grp_18e7e65f3a8760441f5a,3,0,0.006066274,0.010702973,24,0.9734871
rec_aac0b2a433a91726f359,grp_a5e6524cad6b810b6a28,3,0,0.20042399,0.14507869,41,0.9543744
rec_aac75d04085622996c19,grp_dc8f21156d6d06217dce,2,1,0.18856448,0.1693554,57,0.9837955
rec_aac8e2bff6d956a51cb5,grp_46128c3beb0b11dabf9b,2,0,0.0101276105,0.014713917,47,1.0020217
rec_aacb58a405b3eb27901a,grp_15d85927033c3233523f,4,0,0.12566659,0.12230168,37,0.9871611
rec_aad399006eaf2da255f0,grp_0c53a66ad734f8e52dbf,3,0,-0.077282175,0.0033117551,2,0.98040056
rec_aad84d6a989d3600b850,grp_a89a393bd58456087c6c,3,0,-0.118837744,0.0018411498,63,0.9175755
rec_aad9227616c8474806e9,grp_210562c5730d906127a4,1,0,-0.006375113,0.016465804,57,0.95306027
rec_aadecb5a710ad38f871f,grp_d3b9d5f1ea1f7be0d4cb,3,0,-0.04125688,0.0055042054,0,0.96809304
rec_aadff4b446583291569f,grp_01983ab2ef1b2befae91,2,0,0.010758357,0.01484847,9,1.0077825
rec_aae89360f102a6e64887,grp_ef3175f3a108124db0d0,4,0,0.0030027078,0.01690861,35,0.9851916
rec_aaef2101e67c97a9b454,grp_36c9c40aa4c811be3eb0,1,0,0.10142025,0.09848854,7,0.9427579
rec_aafe75e936adb261032d,grp_542d0d3b47bf8e4e16f4,1,0,0.004222274,0.019734347,8,0.96955955
rec_ab0034abc2dc5b33599f,grp_9a35c6b9e444ffe2ca3e,2,0,0.038831517,0.022233894,19,0.9979933
rec_ab0034adf891096101eb,grp_0e4365b46304e00eda09,0,0,0.093529195,0.078494616,42,0.991892
rec_ab0362a09ec65ad8bd8a,grp_a690337660aa9be678f9,3,0,0.028213434,0.014588911,24,0.9484123
rec_ab0393c9a409021e3ced,grp_52cabd9cc36d10899ea3,4,0,0.07209618,0.052926607,40,0.99074143
rec_ab0ccd00ca199e842cba,grp_76e145bc5b43de5b90dd,4,0,0.1549001,0.1866045,53,0.9785313
rec_ab279db0d8b94a538b65,grp_8e1790603297626f4954,3,0,-0.016928634,0.00775097,51,0.9809327
rec_ab2b0e262674c7af3f11,grp_609961e2551b31a94268,2,0,0.029107548,0.019339062,16,0.97566336
rec_ab3c8ae84927a0ba3fe3,grp_8eda5be807118bb05195,0,0,0.087758265,0.071993046,33,0.9803766
rec_ab4a15c76f65efb85e3d,grp_e07bac0a03766ef680ca,3,0,-0.032513373,0.006225312,32,0.9415586
rec_ab5139b11901a53d5809,grp_1d6f80cdfd431d00fc2f,3,0,0.107387386,0.04346192,11,0.97646034
rec_ab53a5fbf1e7ac2bdb56,grp_f9871b638b55c1bb37a9,4,0,0.027405968,0.025414946,31,0.93056154
rec_ab57137369a89140e5e1,grp_06b9efb2b25b1afb0cf0,3,0,0.07087812,0.026377155,63,0.9681007
rec_ab580efcd68b800da1f1,grp_0f419aa3c000b6503e46,3,0,0.018174449,0.012679829,3,0.91429484
rec_ab5d2b85939e8679b837,grp_5b02ecef6a2eb8a3125a,1,1,0.16089442,0.23519076,46,0.98502904
rec_ab6a0fdb4a397a8f4b11,grp_4a15e889a799f27613a8,0,0,0.08946413,0.07386136,12,0.99148035
rec_ab7957f10cb699f89c4e,grp_424af079b84f6260a42e,3,0,-0.004031607,0.009289918,5,0.98171866
rec_ab7bb01d944793659b72,grp_8fc7fb7f54d33cf4f5c1,4,0,-0.021789607,0.011143215,57,0.94489926
rec_ab7de85b99dfac1204eb,grp_73f4f93b05dec2caabff,1,0,-0.044619452,0.008532092,55,0.97457415
rec_ab816da3fae188bf2d05,grp_2d5efb783f63a2dd719b,1,1,0.117469594,0.12621363,46,0.9939739
rec_ab88a71665de3a8990f3,grp_66ab89d1008a74f1d905,1,0,-0.008539236,0.015866924,62,0.9492975
rec_ab8bf6601a4368f98aa5,grp_8dbb2a88e2d639ede081,3,0,0.03644958,0.01636441,30,0.97234774
rec_ab9eae2b5210ced74f6a,grp_752dfed0a09dbf464156,4,0,0.07930221,0.05943656,3,0.9653615
rec_aba1aa8eddaba906df50,grp_40f15106f67adad68bb7,3,0,0.17691506,0.10844767,34,0.94656914
rec_aba312e0b18fcd8ce5b8,grp_4fe09dbc4e1a3039b223,3,0,-0.007902247,0.008798704,12,0.99230725
rec_aba9f92c2df14ab24df8,grp_d0a9dca250ad1ecccc9e,1,0,-0.06180073,0.006341229,9,0.9714988
rec_abb4bbd5701117d500e7,grp_11df2e7ed0be61927fe1,2,0,0.060018793,0.030082177,51,0.94547963
rec_abb5819c36217ded7e8e,grp_76743920b046127a1514,4,1,0.20106249,0.33516544,36,0.9802335
rec_abb712301c5ed5b8acc5,grp_e806ff70a3246a659bcd,4,0,0.044011626,0.033457145,35,0.98451304
rec_abb7a01f9e65323c0410,grp_138e8b70cc188154788e,1,0,0.02473616,0.027963227,43,0.9857215
rec_abc07a707da62aa76997,grp_3a20a941b7bf7e0dfade,3,0,0.013929761,0.011948837,50,0.9397353
rec_abc0886e5a23eff588a3,grp_9c1fb435e584e2d74c7d,0,0,-0.010105061,0.015644163,17,0.9919125
rec_abc2191890b0dc045d21,grp_c8b21295408385c86b98,0,0,0.014563592,0.02315202,61,0.9704571
rec_abce017f7e7e9c7aedea,grp_39d524c6e8e78e26e4e5,1,0,-0.07342245,0.0051862258,59,1.0017204
rec_abcf6a5a372294cf0383,grp_04e00461490001a646e2,0,0,0.070449166,0.055363324,56,0.9690165
rec_abd71c38574959f591ae,grp_a4dfb683fe4fa9f00aef,3,0,0.0061916257,0.010721787,47,0.9999625
rec_abde3aae7a7faf470b0f,grp_0768201206949d87a034,0,0,-0.077344425,0.005318715,58,0.96700996
rec_abdf70c18b71fc5b990c,grp_9553ccaff79041560c8d,3,0,0.08740441,0.033103265,24,0.96434903
rec_abe60c5fb01f0bbf4102,grp_714df923b9a70e4932f0,2,0,0.10898292,0.05974874,20,0.9575484
rec_abe6a1acc590158cf9fc,grp_50c2e736ac81cf487197,3,0,0.19830737,0.14139988,12,0.9358864
rec_abedcd8447003e00a7d7,grp_ce1d8ba7195f156feca0,1,0,0.032959927,0.032127045,15,0.9457397
rec_abf0665f187db1f5b564,grp_e5316b2013e21fc4a514,4,0,0.1129473,0.10085657,20,0.9495007
rec_abf2caf9e591795c4f20,grp_b969d843f4234eda2aa5,3,0,0.122301385,0.05314085,15,0.9872549
rec_abf362051c68a31846b5,grp_3831d310326f25c1431b,4,0,0.022555077,0.023444222,3,0.9418509
rec_abf70b73bede65998f2d,grp_34c4d6b5859cded852d1,3,1,0.1860039,0.12153552,59,0.982032
rec_ac0e70baddf17919c69a,grp_967eb50b52d4541c5a30,3,0,0.025997464,0.014144519,35,0.9877919
rec_ac1cdacc3dfab50598e7,grp_c9e4b1adacc6fff9c0d6,4,0,0.02959066,0.026354354,56,0.970338
rec_ac1e9c9a395321fab466,grp_0988e544f7f9068ee428,2,0,0.14801185,0.10117276,8,0.9516641
rec_ac1fa3dc6e88614180ae,grp_68d69760a528a2667fb6,0,0,0.05442882,0.043255236,27,0.97155
rec_ac2b3519511ee354e70b,grp_2acdb7f1b3b4c8abf063,3,0,0.032630034,0.015516033,17,0.95752424
rec_ac2bb16e0c0663e94e72,grp_6aae28126640ad2db22f,4,1,0.13534531,0.14115393,36,0.9893692
rec_ac3de9356acefacf624f,grp_5751d03302e91cc54d54,0,0,0.14194359,0.15727451,28,0.96860415
rec_ac449405eaeb87dc384a,grp_b6af8523ab9632d1bce4,2,0,0.12063966,0.07009451,9,0.95692015
rec_ac48baf77aedfc09ec4a,grp_3ba23f22d8902608dac0,3,0,0.13412106,0.06222232,11,0.9680536
rec_ac50beba7ca0db3b15d6,grp_584aa257bade78e3bf7e,4,0,-0.01749642,0.011979608,19,0.9736734
rec_ac50f83d9ceeab0b1472,grp_e9c3a5cdd80bc3145856,3,0,-0.008860728,0.008681097,56,0.92797244
rec_ac511684fed0fa240523,grp_c0e0bb7c598a8412282a,3,0,0.05258586,0.020480197,9,0.9760555
rec_ac55ddbddd303c02a067,grp_ad08b3ac7642e73ef042,4,1,0.07698043,0.05726109,36,1.001116
rec_ac647f165ef465dcc825,grp_1f1fc4104865f5d3fc90,2,0,-0.0012206978,0.012488494,36,0.95553964
rec_ac66d225c9a5b5c2552f,grp_0588e3346afa09388afb,3,0,0.1357266,0.06356247,16,0.96188015
rec_ac6845756174741c29ae,grp_d61fb877710bd7cb78b7,0,0,0.015472641,0.023487438,39,0.990248
rec_ac6b075b5a4dc15bbfbd,grp_bdfedcc20204c77cbd93,4,0,0.024182158,0.024088025,4,0.99022573
rec_ac705419aa53885ba6f6,grp_d1f81adbe20e98470c23,3,0,0.04227441,0.017746737,58,0.97538286
rec_ac760faf04cf93d21efc,grp_e97d2e9c5eaf00249df4,4,0,0.018238794,0.021816663,8,0.8916924
rec_ac786a0f7f417176bf47,grp_a35178caa5a56a3bdf75,0,1,0.14979483,0.17487615,44,0.9887254
rec_ac88929eb635c8c00b2c,grp_08f566bb56675574630d,2,0,-0.015774105,0.0101149455,41,0.980617
rec_ac8b261c78c420c11514,grp_ae8ccdc2ff62dd9cf413,1,0,-0.06141825,0.0063833017,16,0.8974347
rec_ac979e5f428ebef0ce97,grp_223f2d08d35bcabc66f3,3,0,0.12621182,0.055997606,30,0.9604755
rec_ac99714f6b00b5c30bb7,grp_f30c46966b180b01e16a,0,0,-0.036710426,0.010222328,38,0.98280674
rec_ac9e33691451703bf209,grp_bc8ec754c50d6ac9eaf8,1,0,-0.07223382,0.0052940347,63,0.93340266
rec_aca2e92114f6c4c14c31,grp_6284c5c1a8707ec86675,2,0,0.08083929,0.040377114,36,0.95164067
rec_aca9670f7b60bbe1c13e,grp_cb39c558949a776ea5cc,3,0,-0.028291399,0.0066063865,63,0.9488985
rec_acaf7f9bfd52843372c5,grp_cb6383bbf4250ae891d4,1,1,0.13093281,0.15438849,46,0.99064934
rec_acb9575c34896b92aa80,grp_7e502621e39bfa7e8fdd,3,0,-0.020678546,0.0073529966,37,1.0069895
rec_acc37f05a1f9f7433a1e,grp_7479162cb615befc0f12,0,0,-0.02226808,0.012882301,42,0.99722636
rec_acc63210838f5c6af9b3,grp_f1fd081e922210af3931,0,0,0.02558958,0.027555145,17,0.9846089
rec_accc185f80f82c6f10d2,grp_5682e6b7b144268d92e9,3,0,0.04677021,0.018891469,38,0.99656194
rec_acce19b2425661b4332a,grp_be376d230880c09e557b,0,0,0.019751277,0.02513086,48,0.96009415
rec_acce7f4e479b7930bc9f,grp_037f8c19c869497a318d,3,0,0.06101419,0.023017114,26,0.9764328
rec_acd271035f80a36f28f0,grp_42b867d1e7dac34daba0,4,0,0.148494,0.1705854,54,0.98715967
rec_acdaa556f6136578ec27,grp_6829ff8e5f375f7d5a3e,1,0,-0.033838976,0.0102745015,18,0.9828797
rec_ace6b30e99bc3cbacb17,grp_8df298a3062a2a71587a,0,0,-0.03709166,0.010160029,34,0.9393885
rec_ace82d3b28b140fe9b2d,grp_d796aee645cdf57afd64,2,0,0.07452565,0.03694193,16,1.0030739
rec_acf681ce67befa7d0c50,grp_2320b619d11193fcef1a,3,0,0.021246321,0.013236212,0,0.9684535
rec_ad04579731208f37f64e,grp_4b8506a68a8f79908a08,4,0,0.079078086,0.05922324,26,0.9895151
rec_ad05c41c2f89d957b3b7,grp_34836141ab69108a5c3b,0,0,-0.08634506,0.0046003833,27,0.9216238
rec_ad122196bafa5d946606,grp_fb5053c44c4f079a3c23,3,0,0.1729058,0.103078224,51,0.93697
rec_ad13c1ada963e938c14b,grp_06d1304eb83c40e97bae,4,0,-0.036873534,0.008637393,49,0.9856846
rec_ad253265264d7c5ba970,grp_ab10b10d3de9502c3e9a,4,0,0.0016447778,0.016527914,54,0.99037385
rec_ad26e798398f434e110e,grp_c3fe37c1e170024ab93e,1,0,0.012556791,0.02274427,15,0.99805653
rec_ad36ca517841d9342aee,grp_a1b7bcbcf80856c4c5c6,3,0,0.0919769,0.03523998,12,0.93666524
rec_ad3b63af986c6d55a4d7,grp_853ffa92d7b8fde73603,0,0,0.115400665,0.108258635,34,0.9339488
rec_ad472a9b8c00e440626e,grp_5ae782d0d1a60ca61b32,4,0,-0.09084507,0.0034584207,37,0.9784551
rec_ad575a9801d7d3b1061d,grp_73985f65c6dd45ec2553,3,0,0.06962485,0.02592511,4,0.9120615
rec_ad5aeb640acd8815d384,grp_f1ef04a2dcad4f86840c,1,0,0.085595645,0.07659792,37,0.95076627
rec_ad5f01a9307f351c6c32,grp_6f2a1cf2ae989cd84f2b,2,0,0.09199696,0.047208246,61,0.94605947
rec_ad5f1a5c15990b61d9b0,grp_9f22263153e48fa43f65,0,0,0.03535989,0.03212894,16,0.98512226
rec_ad5f8a5e234172519b72,grp_37b99162d07e04e8cb30,1,0,-0.029973716,0.010981472,55,0.93872595
rec_ad6086904d6da9578df4,grp_6e44aee9106b66475b3a,4,0,-0.11269071,0.0023852512,30,0.9554122
rec_ad7769e2aee9cc18cca9,grp_d705562326b5b62f2719,3,0,0.1855735,0.12088622,0,0.9822825
rec_ad7e9ae226070665a615,grp_0f1c30b0f7c3c542a15a,2,0,0.02874824,0.01923949,20,0.9492972
rec_ad809e8b85f4960a07c0,grp_e194760865044eed7d1d,2,0,-0.033889905,0.007775634,5,0.9470041
rec_ad80c22128ea70108e1d,grp_e7ee4b2c9c4177ddbfcb,2,0,0.041106235,0.022969963,40,1.0019915
rec_ad869338c9237ba352b2,grp_2be805580bd1cf7fd607,4,0,-0.0017924823,0.015601521,35,1.0025201
rec_ad87b3488556d7d720e9,grp_32813abfe7913b1b4b29,3,0,0.01709909,0.012490565,48,0.98065245
rec_ad9d76cd921f1a93b856,grp_86ace5e9fa448adae879,0,0,-0.04996131,0.008263783,13,0.98112154
rec_ad9db795247c51962615,grp_6f9a396e0844d294b652,4,0,0.033452984,0.028098427,35,0.9877972
rec_ad9dca1dd6a3a79cda57,grp_f2d5ee33af5f83c4aef2,4,1,0.14917308,0.17223033,36,0.98995507
rec_ad9eb29b144c49067526,grp_575296b982dce290e287,4,0,0.01133822,0.019441461,30,0.96937925
rec_adadd2bf602eadb2dda9,grp_bc44f7815ef2d25d3823,0,0,0.0882945,0.07257561,45,0.95445365
rec_adaf19ea7c3211fdcf8b,grp_36b7d557a99290804316,1,0,0.09184372,0.08465069,62,0.9714356
rec_adaff1fa0940d53da22a,grp_09375f7a6f09119f7d2d,3,0,-0.020403035,0.007381531,44,0.9766377
rec_adb283b8b5fd211a8207,grp_b50a517aa82666ef9a85,3,0,0.07031425,0.026172828,12,0.95598555
rec_addea84594c9389214dd,grp_1a7300826bbb5828bf24,0,0,0.08754596,0.07176361,63,0.99098235
rec_ade99d42ba41a4917394,grp_c89f216b1844fae7de89,2,0,0.053853072,0.027555777,29,0.98427856
rec_adf9b56d4ae2846b5213,grp_5b34d19a3a96e3fdb5a3,0,0,0.051419724,0.04128215,10,0.9903824
rec_adfd8a7bbe9e38938d18,grp_9e02a4d5deab105a5db4,4,0,-0.044800382,0.007553412,27,0.9882234
rec_ae088dee5f8c98cf9343,grp_e3dcb0e277bd4e4ecc82,0,0,-0.09975729,0.0037052683,61,0.95913607
rec_ae08ebfafd82e5a93fd3,grp_501a2572949579a45f67,0,0,0.005831215,0.020159451,12,1.0129161
rec_ae24acb8ef6182943298,grp_5771bef852551b0633d6,3,0,0.19093177,0.12918612,30,0.96233326
rec_ae264df564f0da868b19,grp_485f81367453b54fb3b7,2,0,0.059920955,0.030040389,20,0.9388105
rec_ae29d88ade716de64a92,grp_fe0a31aa4dbe60a21b60,3,0,0.048661977,0.019394536,60,0.99235666
rec_ae2bee8899b7073c8ec3,grp_b85b479d4608af828e5d,4,0,-0.0071835676,0.014250525,28,0.96427083
rec_ae2d2cae3fd015235020,grp_a6613ea61e7db3e283e2,1,0,-0.07411392,0.005124514,61,0.9757424
rec_ae38d5b92c46d13e3776,grp_4caeb723a7a5138541df,2,0,0.068384804,0.033871457,6,0.99634516
rec_ae3ea2a36c10b6b9fc3e,grp_06513b689efe556b2046,0,0,-0.008495666,0.016050776,16,0.9920865
rec_ae4070d0fe38ff7d7a8a,grp_95352eafbdca53670b87,0,0,0.11604454,0.109269746,3,0.9759914
rec_ae475d193706d4bf4ec7,grp_c58a0901c971b1a345c6,1,0,0.056975525,0.047993332,21,0.9690296
rec_ae489b937941d0819681,grp_9a9ae7d37c7e22282f88,3,0,0.19053614,0.12855707,9,0.9643311
rec_ae49b994359d788b5e45,grp_c33eae08e9e5508cd0ff,4,0,-0.02962898,0.009762256,20,0.9777739
rec_ae4ea9083dbf0ed5ccc3,grp_4595cc522bc93552d39b,4,0,0.052440573,0.038430985,17,0.9885524
rec_ae4ec113123396dcc09b,grp_1e2ea334b43d9d3fccb5,0,0,-0.023403963,0.0126503855,50,0.9953185
rec_ae53d192ff010625c623,grp_fdde93f428e51b4a479e,1,0,4.9704453e-05,0.018377688,30,0.96749234
rec_ae575db9450e3621f440,grp_18339719eedddc72b345,4,0,-0.12473983,0.0019430261,4,0.95250803
rec_ae6d6d920ed40c03eeea,grp_822a07760afff253970d,4,0,-0.006599433,0.014391153,20,0.90508926
rec_ae757efd37af8d98301b,grp_9b4d064938b86b18ca95,0,0,-0.03061053,0.011272136,57,0.96556103
rec_ae78a7b8088b70331d4f,grp_719a48b5e4d6aae6f0bc,3,1,0.19988579,0.14413579,59,0.9767444
rec_ae8091045cec418f3b32,grp_4dcef79ccad51f883dff,1,0,-0.055207968,0.0071065854,39,0.966337
rec_ae85fd5361092a1b6ebf,grp_c72e390d5ec174f5a3ab,3,0,0.1349567,0.06291651,12,0.96405184
rec_ae8e1727d25f343e2b75,grp_edfb22338e382b846aca,0,0,0.06345603,0.04972827,29,0.96885884
rec_aea94f8c0865086db45d,grp_aa2fed8d746b0f6caca3,4,0,0.00554572,0.017644884,56,0.9863096
rec_aeafbb3a7942c6fd724a,grp_a81ed0fb98fd65eef619,1,0,0.048770197,0.041874968,11,0.9438988
rec_aeb98aa0dfa8ca01d2c9,grp_cf7dfa4fcbd97bb75eb3,4,0,0.034924712,0.02879208,17,1.0007393
rec_aebceb49dca347ac1f1f,grp_458ad9f09955c1085218,2,0,-0.024788165,0.008874823,22,0.9929776
rec_aebe175c4d4e69073eff,grp_e7edc9195ccb61ecf968,4,0,-0.07149398,0.004804239,52,1.0011975
rec_aec29ce4e6d67eca0372,grp_66dbf2f385227cdfb1b7,3,0,0.16341205,0.091293454,63,0.93032926
rec_aeca4e26251c486d5620,grp_762d6ffc6a5522c7c99e,0,0,-0.03521248,0.0104708,42,0.9957577
rec_aecadc62db69acf5642b,grp_025870509e1134f594e1,2,1,0.22258297,0.25126764,57,0.9748418
rec_aed8bf49f463acb8afc6,grp_c368f5e684ae842df2bb,2,0,0.028047994,0.019046882,61,0.9691333
rec_aeda96f96ad63965ffda,grp_1eab9f1ea250d3c1152a,0,0,0.08110644,0.065117255,12,0.9934748
rec_aee0c1e58147570ee4b6,grp_f3725859c6a7d45235fd,3,0,-0.030588461,0.006396268,48,0.99301016
rec_aee5d7af30711e9117e4,grp_13f5aef01f6fc7b23b56,4,0,0.0073026316,0.018171852,56,0.97677684
rec_aee6a1a79ff268872221,grp_77e5414162e3a334d89e,1,0,0.08526179,0.076188035,60,0.99972177
rec_aef96568f7a3f57b555d,grp_ae7fa91d88dd39bfd7a2,2,0,0.040541824,0.022785136,46,0.9556269
rec_aeff00009dec3c04575c,grp_01684482216ef1195b82,2,0,-0.023163121,0.009086686,3,0.9672359
rec_af0a3475efe9d3756f5a,grp_d37e260b99deda2c3b06,3,0,0.02507141,0.013962785,15,0.9825156
rec_af11144ef76604bd068e,grp_0482d9773bd3e48f7637,0,0,0.10427523,0.09204737,34,0.94586325
rec_af18fb02def829ebf437,grp_d7f27722c64c4e77b7fd,0,0,-0.022265125,0.012882907,20,0.9736732
rec_af1b5287a42f302e54f9,grp_b301a4870878bea2782d,2,0,0.13021582,0.07980813,50,0.97432375
rec_af215f3a4ee9e15425a4,grp_b4fc5be7db3299949b31,0,0,-0.08427291,0.004756692,63,0.96629107
rec_af2349e5689aa249602f,grp_6d07011aac41b898a4e5,4,0,-0.04362184,0.00770559,3,0.95325375
rec_af27ce81b546e804d8d5,grp_422ee1ba81e4fa8e6de7,1,0,0.09462884,0.08848224,48,0.9962821
rec_af2c604fd92935f17611,grp_eec0030729599d4ddee5,1,0,0.10521162,0.10450333,32,0.99038714
rec_af3705fe37536329f445,grp_1de32f329c9a636e5282,3,0,0.061253406,0.023093421,24,0.9302064
rec_af380f72690a749b61a7,grp_c55ed121fe3bc52b0737,4,0,-0.015098609,0.012473437,56,0.972721
rec_af3a2bcff26c58e24c37,grp_b0e0a7de8d69780d2eb8,2,0,0.1197419,0.06924212,2,0.9926961
rec_af40b880679dea9921e8,grp_6e7188e16f22abccdf37,2,0,0.033365563,0.020558184,59,0.9739236
rec_af429a46ac26fea823e4,grp_4584a8d5227825f3c5c2,4,0,-0.120882526,0.0020748768,55,0.97016096
rec_af470f4ee6e4368c4c26,grp_05d11e85a04ac726492b,0,0,0.082905345,0.06691403,15,0.9390362
rec_af496c0001586f8ed25b,grp_09ed5e80ccb99258a2a3,1,0,0.027560376,0.029330457,20,0.99520814
rec_af4ebaa8c3704cb1319f,grp_ecdb1528c75b62f92b92,2,0,0.0677121,0.03355046,5,0.952054
rec_af51018379aa0baaa556,grp_90655e32ecac03530abc,4,0,-0.056683604,0.0061762673,9,0.9819619
rec_af5424ebd1ef658b7535,grp_72c6f7faeaf180763537,3,0,0.13752852,0.065098576,3,0.94667184
rec_af59dfbc7dbc948d99e5,grp_0069c641ba83158c323b,4,0,-0.089561105,0.0035347184,4,0.9720705
rec_af60ef940cab3586893c,grp_81030d309cee69a4e288,2,0,0.05409565,0.027651154,58,0.93567616
rec_af684b6f79eb3273efce,grp_39e68c91967643e951a2,3,1,0.25849384,0.27862862,59,0.9705851
rec_af722c51775f39f89e05,grp_96ce0ad8a7ee8333193c,4,0,0.021171011,0.022909818,57,0.9792977
rec_af72f5c94bed2624d405,grp_e463a62c9a5528421343,3,0,-0.21858248,0.0004489126,11,0.9785779
rec_af8395900b0dcf132d01,grp_9b274f10a2db4ba43315,3,0,0.090810984,0.034682848,15,0.97116643
rec_af880a0dff6055010b82,grp_1cad8f25a7484a3e5757,2,0,-0.109811194,0.0025703704,61,0.9803099
rec_af8fce643fbc690d9a1f,grp_680264ecea94259c22ef,2,0,0.13700965,0.08742945,20,0.9781105
rec_af9291c0a2b39f908b47,grp_27b8bf184c8e161e2a96,3,0,0.18524566,0.12039364,62,0.97339183
rec_af9892aeab564654cc20,grp_0c2da99e0bf1e85022f0,4,0,0.08441266,0.06450039,25,0.997186
rec_afa3e0c3d29294005156,grp_1742eb999a1c1249abc3,4,0,-0.010991763,0.013366349,19,0.96400523
rec_afa4ba2907a348273d22,grp_8ecbd5a2a0d3598463b6,4,0,0.037839293,0.030215139,56,0.9837146
rec_afa95804a4d3e3f515c3,grp_3e3690d5f8d0973984a7,3,0,0.09377289,0.036115084,2,0.9842456
rec_afacaed20242cff57ef9,grp_eb7f102a910c44abebd7,0,0,-0.030429177,0.011304925,19,0.95058674
rec_afba3d1d6594ad16b0c9,grp_e1e29104e6b8a16315f5,0,0,-0.02437158,0.012456075,35,1.0107883
rec_afc07c815beceb687f7c,grp_0369ff7cba9d155504bf,1,0,-0.033706862,0.010297905,57,0.99979436
rec_afc39b28bb7d803c8e31,grp_267c00517794be62889a,0,0,0.09203437,0.07676073,50,0.9946938
rec_afc8c1a67ae557f1aa49,grp_c3728064803414030399,0,1,0.19279015,0.29840255,44,0.9856766
rec_afcb5c9fe3d625157216,grp_27c46f0819af208aade0,0,0,0.08815775,0.07242663,50,0.9971156
rec_afcd33c5428d6cb4c1f8,grp_c1d21f029623d85c799b,0,0,0.12142716,0.118050575,26,0.99148536
rec_afd1dccbff78740fe349,grp_f79b815954752c0944e8,2,0,-0.042186797,0.006891876,12,0.99073374
rec_afd9d9f5eb5c8fe75ea7,grp_01f039af7aebfd775c08,1,0,-0.012761163,0.014759633,28,0.99487
rec_afdc6d1d78cb0e7b3465,grp_25a40b9a0d6dbec2092a,2,0,0.03416551,0.020795472,5,0.9428358
rec_afdc890b26aae19e563a,grp_5336a213dab5750879d5,4,0,0.026123896,0.024878927,35,0.9977624
rec_afdd8d84b678f3078e3a,grp_c680e097bdaa7c2fa012,3,0,0.051571526,0.020193977,24,0.9381391
rec_aff0bac0f028a70f9c9f,grp_68ab5b8446a0ce637c64,0,0,0.06399073,0.050139207,31,0.92047274
rec_aff5792da41e005527ea,grp_c3b560b7c297db1a70bb,3,0,-0.009388924,0.008616953,48,0.99907964
rec_b00d6d0b0402f9f54e47,grp_cae67839545388928ccc,1,0,-0.05750955,0.0068294993,17,0.89987737
rec_b0101a4b59ff246152df,grp_9cc69c146ffac908bbeb,3,0,0.1383524,0.06581236,30,0.93525976
rec_b010bce0b70caf3d8b46,grp_b4513c961f4a35997b06,0,0,0.06534385,0.051193565,27,0.96076334
rec_b01b367d9bbe538d15e4,grp_21d283c21bceb8bc601e,2,0,0.055222172,0.028098328,12,0.97430366
rec_b01bcbd9c5995d88965e,grp_0a972e82db2f9b90c5ee,4,0,0.016887026,0.021330042,2,0.9199092
rec_b01eb474fd90eee6ba39,grp_af80d67f5103152b0d87,2,0,0.21649274,0.23485823,4,0.9691388
rec_b021c19325cd19c0980a,grp_2954530034839f3c624d,3,0,0.14948708,0.076197736,12,0.89554495
rec_b0242d1ccaed1f29d053,grp_a9235688d2832a9149c3,4,0,-0.08996951,0.0035102686,54,0.9893135
rec_b025d6f4f03acff8d483,grp_84112c5cce8d6abf274c,4,0,-0.07876274,0.0042464696,31,0.942681
rec_b02751c36953a286f21a,grp_da56e49424d869360626,2,0,0.03139577,0.01998513,47,0.9987803
rec_b02bac01b58b748e0650,grp_8dabc4c04fb7516dd97b,2,0,-0.022099063,0.009228116,14,0.9928175
rec_b02ce2ad7f040b02a293,grp_01885f4a0c023682402e,1,1,0.09764403,0.09280624,46,0.99523467
rec_b03fabac317a86dfc2d0,grp_f16274621b853937375e,4,1,0.03361188,0.028172532,36,1.0056599
rec_b03ff4e54822498433a1,grp_89defc847a846bd618f8,4,0,-0.06792564,0.0051041604,1,1.0071095
rec_b05cbf9c2c4a07f4002e,grp_556e3858ba36195e8dee,3,1,0.19124474,0.12968561,59,0.9831539
rec_b05e79c3bed54ce4a545,grp_7f6d3e1f58cda2db486a,1,0,-0.14610814,0.0014695268,61,0.992827
rec_b06581c239fe7bfb2579,grp_930aef085b96627ea3f2,1,0,0.083363466,0.0738954,7,0.916952
rec_b06588fdf4aae2af0c89,grp_35f06188c9829caf0599,0,0,0.1319628,0.13701102,42,0.98590773
rec_b06b61a069e8d18398e0,grp_e5e7ac1c06fd3c0227e3,3,1,0.16704383,0.09565134,59,0.9841774
rec_b06e9f49cdc0513d10fa,grp_9c3f90cb973f7c67c459,4,0,0.00787776,0.01834769,30,0.957576
rec_b07561dddaa08d35450d,grp_837ad673f364a44a0262,4,0,0.026938578,0.025218245,27,0.9879852
rec_b07cf86bcad45139d237,grp_7fd020ad2b4deb38642e,3,0,0.15047434,0.07718787,0,0.9734962
rec_b07dd2c543af97611e8d,grp_dd1b991355fb2c752982,3,0,0.14701474,0.07376917,31,0.96386003
rec_b08778e36651fa38954e,grp_6ec87285875a8bfa220a,4,0,-0.03438618,0.0090083275,27,0.95547414
rec_b08a14d9d9f26a54d855,grp_a54f2eb12b49de9cb5e1,0,0,-0.054281987,0.007709431,11,0.9899804
rec_b0a4ca4b26778d87d952,grp_893dbb4e600cc4ed9c66,4,0,0.06257448,0.045352995,56,0.95270175
rec_b0b9361087a2275807e5,grp_afa4188c94ee9f0fd618,2,0,0.086276494,0.04357881,9,0.9698899
rec_b0ba1dd1ae55e1d5ced6,grp_9f9117fba39a3584b078,4,0,-0.01467876,0.01256195,55,0.9576926
rec_b0ca637f65f077ae71a3,grp_e30209a69eb9e75ab857,1,0,0.06328076,0.0532623,48,0.99848324
rec_b0d5f77c45e84ed47cfc,grp_09177fc9530689b9d841,4,0,0.038695376,0.03064592,8,0.9384202
rec_b0dc3f091bc2f3be83de,grp_feb68e1b8ce70b09a180,0,0,-0.024000034,0.01253034,45,0.91138357
rec_b0df703b8c0ae6600ceb,grp_1c8d3c7f7b683c7fe945,3,0,-0.00028553,0.009791164,23,0.9792503
rec_b0e7b96fa5dddaa4d374,grp_e54581f12055e74bcbbf,4,0,0.061265845,0.0443964,22,0.9646302
rec_b0ee6841be0eb76b9f57,grp_30f2c6aa12fd17903a80,4,0,0.06228145,0.045137104,56,0.94684166
rec_b0f14ff35cb55b26a445,grp_83fc52d4951dbd7906b2,4,0,0.022845069,0.023557726,52,0.9970243
rec_b0f42575ba4d838882a0,grp_1d435ea72348866b6b0f,1,0,-0.014939518,0.014218442,32,0.96648693
rec_b0f7eb39c3901ef3ca8e,grp_88f12538cea4cdc5197b,4,0,-0.008591566,0.013917094,2,0.94380903
rec_b0f93488bf930bd9043a,grp_56d4166a6c8750298dc6,2,0,0.016813554,0.016203443,39,0.97715694
rec_b10805b20b4b4a8000cb,grp_be08b7d943327a032ce0,1,0,-0.07369922,0.0051614344,53,0.98275006
rec_b1085ca66d5b1dc273e5,grp_af8be8e5289a3eeb8758,4,1,0.04841252,0.035971224,36,1.0051138
rec_b10a60359ed668542d7a,grp_ed475d23140399cb6b4f,3,0,0.080140606,0.029963935,52,0.9668404
rec_b10f829afb9024205c35,grp_c0ff86db8287953dddc5,3,0,0.080028966,0.02991801,48,0.9893165
rec_b116eb2f101aa1445db6,grp_910e130ef14f2dd07322,0,1,0.14586096,0.16586989,44,0.98809433
rec_b1193bd9e609b48ca300,grp_a1ec5460f0c9e0b43304,2,0,0.08381911,0.04210282,34,0.9361777
rec_b11b2c8977d22c5af570,grp_c3daa65f72de6fa8e499,1,0,0.018851662,0.025310524,9,0.9991133
rec_b11f8b433a5b952e3c8d,grp_852702eba5a6092a1c07,4,0,0.07569872,0.05609239,3,0.9351171
rec_b1264e09fc3d0eb888b5,grp_aa234d8420794e77072f,1,0,-0.042528804,0.008845398,9,0.9951558
rec_b12ec9c6c26817c163bd,grp_bade62233a4898b1d704,2,0,0.03559941,0.021227539,15,0.9499924
rec_b12f511055a1ba669d40,grp_3557fc64faf5286cbcf5,3,0,0.17853531,0.11068646,24,0.9513217
rec_b1367884488cef97b459,grp_7852e2555e78c318cbbb,1,0,0.01836777,0.025103625,31,0.9919302
rec_b138be4fe39236caa54b,grp_3eb9e1bb14df533ac91c,2,0,0.19702628,0.18751404,8,0.9672552
rec_b13ef96f0a92ecf160dd,grp_f5a76551dc905374c794,1,0,0.07391872,0.06340647,61,0.9739695
rec_b13f3bd7524a2cdcf691,grp_28d7159e56ec9711d423,4,0,0.104541875,0.08857982,21,0.9889349
rec_b14228ceb579da09cb63,grp_1df08c696972180a6a66,1,0,0.0041295276,0.019703152,59,0.9879207
rec_b14244e9287386a885c9,grp_c5d85ee350fce9fc0520,4,0,0.060593206,0.043912232,24,1.0006126
rec_b142e021b70651ef4d4f,grp_c6afc37b32ede2fee2ae,0,0,-0.0065587955,0.016553938,17,0.9859749
rec_b14f20aa2694418a72f5,grp_eb4fc2f5ed90554b31dc,0,0,0.06545135,0.05127822,53,0.9560613
rec_b1506ef1daa64901afa3,grp_1e9b8bf7e1b722850df5,3,0,0.028518273,0.014651114,26,0.94098955
rec_b150763d35b45032e273,grp_e69bd6bcd756d8285312,3,0,-0.02159392,0.0072589694,47,0.9902928
rec_b1530767bc0188ed92d2,grp_e09542cf55dbc8efa729,0,0,0.058758054,0.046252508,11,0.99286306
rec_b15672f7396da7a4a89e,grp_2e97afb50c915097ce6c,1,0,0.12093634,0.13301782,60,0.98238057
rec_b15775f1cc3bdd90f1ff,grp_88b0cfc810a868f4bcc6,0,0,-0.010575732,0.015527174,45,0.95604163
rec_b1587c21e28ddd2f6317,grp_3c6dcaab7a1481dd7675,0,0,0.051346257,0.04123507,17,0.9837573
rec_b1609a3cb21c955fe2e9,grp_d07d7e5263d5f16e9dac,1,0,-0.04371238,0.008666652,26,0.9503623
rec_b1650cd494815ccad944,grp_c5e2f2dbeb9240cbb21f,4,0,-0.1446792,0.0013836642,0,0.8932994
rec_b1714c965ab6aa44de37,grp_58ab5b07efaf188f49fa,2,0,-0.019597765,0.009569224,22,0.96407
rec_b17232c580418b91324e,grp_67b3df747c731ebdba43,2,0,-0.007377262,0.011423782,6,0.97292924
rec_b1759e090bfe35e8706c,grp_9917b7081555d60f46b6,1,0,-0.046681624,0.008233831,7,0.9688225
rec_b17ab1965f382b470139,grp_b5a0301a25768d66768c,2,0,0.06318636,0.03146598,3,0.99284977
rec_b17d0aa3cf3acb34dedb,grp_92c03c1f1bb2724bba5b,4,0,0.02142131,0.023005571,56,0.9690156
rec_b18057696dd7eb357ed8,grp_f5096224df21a13701ad,0,0,-0.019133896,0.013544204,15,0.93000114
rec_b188a6dae85f787d29e6,grp_e91996d90a41b29745c8,3,0,0.05735926,0.021881334,2,0.9963104
rec_b18a877187b0a24728ac,grp_dfd89097cef974758ea2,2,0,0.056454204,0.028595421,20,0.99400574
rec_b18b98225009b5ea4a12,grp_8464ae26c2c57960542a,4,1,0.15325688,0.18238798,36,0.9902339
rec_b1904e811ac0adc5860f,grp_6450be41637165b66d0b,3,0,0.12614155,0.055945013,22,0.9692901
rec_b193cc0907fc410ce04d,grp_f09dfe0dbfe29980a006,2,0,-0.028099984,0.008458095,48,0.9793369
rec_b1957418e2b11585c74e,grp_c41e8abe2844699e6d01,4,0,0.029123347,0.026150616,12,0.96467745
rec_b1961e765346562a7d0e,grp_2f1ca535400b54ac7f75,3,0,-0.07444048,0.0034472963,33,0.98875666
rec_b19d211c84ec01b68b1f,grp_79175d102846dba78130,3,0,0.106594115,0.042997226,12,0.92602265
rec_b1a25239314cc0b6057a,grp_8c78a84ee31ed4eb4751,0,0,0.05731116,0.045229416,12,0.97627383
rec_b1a2d24ab09117f4c152,grp_339b5f9fc4530babb923,1,0,0.13496776,0.16377881,20,0.98237866
rec_b1a63653f71596e57828,grp_29d709e6b3775017ff8c,4,0,-0.08161095,0.0040459344,13,0.98553735
rec_b1b0b62ebd6abfc6947b,grp_cd64672d3896b9c35f3d,3,0,-0.04310875,0.005362477,36,0.921597
rec_b1b0eb9bc98bf26e531c,grp_24e7905405288dac74f7,1,1,0.10563171,0.1051894,46,0.99442947
rec_b1b4cc5e5efc78fdcffc,grp_0e4f6b14221cd70257c9,3,0,0.021480974,0.013279691,48,0.9714348
rec_b1c0a939d80d3e5a2006,grp_96b137988c4c2f096324,4,0,-0.007595878,0.014152074,63,0.9805609
rec_b1d9937cb88742e149cc,grp_bd3c7178ada07697745b,1,0,0.03517972,0.03335008,9,0.99548364
rec_b1e27d5fb09381efcc6e,grp_c8563e3a27ecb11dfbc7,1,1,0.20081064,0.38115415,46,0.98052895
rec_b1e60d1b8419dd1d6889,grp_5707f4c967a067480c98,3,0,0.025723573,0.014090529,2,0.99921966
rec_b1e85eca380e7b32a634,grp_8db5d7fa407a03f1836f,4,0,-0.051486686,0.0067448327,2,0.92408407
rec_b1f0046c28497044c195,grp_c95be0b2d36f2b4ad935,1,0,-0.17736152,0.0008536112,28,0.94929963
rec_b1f35df8d685cc5df6a5,grp_0e477d641deae57e9838,4,0,-0.10000481,0.0029597064,0,0.95867074
rec_b208f83498fdfc679566,grp_a7ce0d9b99c61c8831d2,1,0,0.0368187,0.034281835,21,0.99200296
rec_b20a8936727c08104d4e,grp_2828cb0133a4ac909388,4,0,-0.15421376,0.0011762466,24,0.9859639
rec_b20aad6465e6260efbb5,grp_2987c806647745993ced,2,0,0.020149063,0.01700104,6,0.9561802
rec_b20b72adef75914a4a1c,grp_843f10272e2183675187,3,0,-0.050526094,0.0048302948,44,0.98733366
rec_b20b7419adc7a03f07f2,grp_831bfdb9e6b7f065d564,3,0,-0.023880202,0.007029307,19,1.0034609
rec_b20be93cfda40fddd5fe,grp_e021b90e76691f64be92,4,0,-0.042900063,0.007800289,2,0.928831
rec_b215de940ac8bf8e0bcd,grp_c4322c9d4d10b32d0794,1,0,0.123053506,0.13732414,34,0.98885643
rec_b21ac6939d241e713d45,grp_1a1c8df30926afd0ac13,2,0,0.05033466,0.026207767,7,0.97187346
rec_b21c1e466b64bee5a440,grp_d92a0371bd2a208b2a20,1,0,-0.13811083,0.0016885678,26,0.95834607
rec_b22f25fdabd3cba9fddc,grp_1d17edb22b360e9669bd,2,0,0.018651608,0.016638305,39,0.95548165
rec_b2344c3fe70c7b0173aa,grp_57dff1a08e441f667ddb,1,0,-0.036760032,0.009770285,23,0.9855565
rec_b238e159911c3afbb5df,grp_2ad4742abc48d7b30b07,2,0,0.035463754,0.021186285,39,0.92028075
rec_b2451205e4649783a6f0,grp_34b0bfb82557f4c6948e,1,0,0.05068939,0.043235544,20,0.9889093
rec_b2469b514eb987bdb92c,grp_4bc8bf216df3dac454d6,4,0,0.12044147,0.11305305,8,0.9654305
rec_b24c923c2c1efa3cb89c,grp_f402b5d5c45ac81a431a,0,0,0.049629096,0.040149193,12,0.97200054
rec_b24eb86a3d56f9274782,grp_5c8f6b2d5720fdb84834,2,0,0.10051974,0.053152304,33,0.96315503
rec_b251c76824fe66791e99,grp_4b6c4d83e124606a8aa3,0,0,0.013930183,0.022921083,50,0.99550295
rec_b25776b215676737ec15,grp_11419b81018d378021c4,0,0,0.07985155,0.06389053,35,0.9893575
rec_b267d70f7ddc92c1ed5a,grp_755b34da829a7b270d09,4,0,0.10244303,0.08573211,12,0.97208184
rec_b2700494db8e6f158ce3,grp_4dc914b3881a07fd92a8,0,0,0.04045536,0.03479747,12,0.982326
rec_b2790a3a53e3ae3efe40,grp_b30ec45f5302c564bda8,3,0,0.14464757,0.07151085,34,0.9608543
rec_b2858e1d7d15d0361400,grp_b8d3c8feec33aaeebc36,4,0,0.09831113,0.080367304,50,0.98649424
rec_b28d14b8fe397ea66ce8,grp_d7223edef3d9af16acbc,0,0,0.015595632,0.02353318,30,0.96086985
rec_b291f78d80368a69d2b1,grp_5c79f1c4e70237f6d9b1,2,0,0.12591228,0.07529929,24,0.95790315
rec_b295d8798c1a8da59edf,grp_ddd406ceaa4f3438c606,2,0,0.045637008,0.024507614,22,0.98402685
rec_b29739cdc09e042022ab,grp_810ce78fab66cedf3227,1,0,0.08977495,0.081902735,61,0.97229666
rec_b2988f3a15738909c58e,grp_e5e1be7f06a9c37e9d67,0,0,0.029555714,0.029330125,11,0.99433804
rec_b299f8d26b9b7a26abb0,grp_9f6037c4584b0828fe36,0,0,0.13121183,0.13557886,20,0.99321175
rec_b29b75f925e180b41969,grp_d1b86a1be11793f61975,1,0,-0.010687885,0.015293545,30,0.9560498
rec_b2aeeeb4a39b9cb5f6b2,grp_295f5df33e289a330864,3,0,0.13835777,0.06581705,9,0.9554605
rec_b2b0e6334a61da7e26c7,grp_7cd3944ccba80e9a5d16,4,0,0.00541217,0.017605444,26,0.9757363
rec_b2bb1874b495917af12b,grp_a08f88b8041dd8de1962,0,0,0.06971964,0.054748476,4,0.9830081
rec_b2c0030ed5be7a38700e,grp_89c16a57895a3ba542f6,0,0,-0.024462504,0.0124379685,9,0.9856458
rec_b2cbe9c9de416510eeb9,grp_28693ca59df55e6ba747,1,0,0.14327975,0.18456192,55,0.9857156
rec_b2e057c50861be8060cb,grp_124d836125e42333d0e8,0,0,-0.0035708034,0.017360708,32,0.95615596
rec_b2e1f4b6a680083f4cf1,grp_759fd5b9f5019db33061,1,0,0.07863264,0.06845568,15,0.94486886
rec_b2e30d5885793728be80,grp_d7f5175d9e5e9c5e17d9,4,0,-0.016298259,0.01222391,12,0.98724115
rec_b2ef3b8bf05f49996215,grp_9d27cf0a89a29eb7875d,3,0,-0.039823536,0.0056164507,35,0.9891683
rec_b3070b304a7fd75da141,grp_03e47310bcdaedbef183,3,0,0.063374095,0.023780832,40,0.99054766
rec_b30a2e0664ed51ea67b6,grp_eadb893c8c409fdd12ab,3,0,-0.01809679,0.007624756,37,0.97453964
rec_b30f668f0db6e942293f,grp_d0eca64267317cf35fc1,3,0,0.09476943,0.03660965,30,0.9244562
rec_b30fa4413dc76a6541ac,grp_244c5ed59d66b5ec86ea,0,0,-0.030260457,0.0113355145,50,0.9745119
rec_b30fd3dc275cff75b423,grp_ea2ddcff93867ae84472,1,0,-0.020938424,0.012827149,37,0.9840522
rec_b3147bfe690777de6a20,grp_d5ca4f9cc1bc42d5dbb7,4,1,0.083797514,0.06387023,36,0.9984383
rec_b3169285852106327167,grp_bd42e00be4e67bf50ada,0,0,-0.08910044,0.0044004326,11,1.0036025
rec_b321cce6a8ec10730de5,grp_7fe954d61b1300476325,1,0,0.009240292,0.021496274,6,0.9893384
rec_b334409f468d26be5d03,grp_1a4457903e4751d56130,2,0,0.13573846,0.08595506,12,0.9748125
rec_b34f7bcb551b0608dc45,grp_1261f902b391a13347a4,2,0,-0.020680819,0.009420018,61,0.9896343
rec_b34f7daebf3f31a36300,grp_9e2cfde246aa885c1ae6,0,0,0.07136117,0.056141116,31,0.97373307
rec_b358deb4fdd1542584fa,grp_3c34a08f38a610b4d8be,4,0,-0.050990283,0.006801788,20,0.95331675
rec_b360ff466954164c96ba,grp_79f18b88bcf31a4c6f78,1,1,0.0985485,0.09413985,46,0.9951731
rec_b36a69e3e75d940433f3,grp_cd37a4a6ea6949c53cf5,0,0,0.0061157765,0.020250715,15,0.9774894
rec_b36f0c3ac44c9541e989,grp_29ef7551f0af0630dad3,0,0,0.0050775083,0.019919673,15,0.89870155
rec_b37caf81807354b272bb,grp_c88bea7340ceaeabdd68,1,0,0.04905763,0.042076107,31,0.98893756
rec_b37dc5e25319c59b1141,grp_a9c5c63d2468689c07b2,4,0,0.08620108,0.066365525,53,0.9975657
rec_b3848cc2e3fe983e1d51,grp_0f56ade2a5d78c73ef82,1,0,0.14889695,0.19972785,40,0.9793506
rec_b38fd7bfe607bbd8d79e,grp_ff64af14f743c8248b6f,2,1,0.2295383,0.27091724,57,0.9755579
rec_b396d3c86b5bd6f28a72,grp_7d3614c23f29ff5d0370,1,0,-0.008850756,0.015782502,50,0.9654619
rec_b39aefee407a3a5d0afd,grp_b303d803890a7a025d77,1,0,-0.02686537,0.011584726,11,0.9730364
rec_b39c20c510964f9fa08e,grp_56045755dfd940c68dcd,1,0,0.040178653,0.036271043,22,0.9749442
rec_b3a01fc9cb58eca979ee,grp_a9dcbdaba12d4ed34d92,3,0,0.15561126,0.082532294,35,0.98001564
rec_b3a61b9b7e1a0ebf71c8,grp_407c6db208009a4fe6b7,1,0,0.007986217,0.021042027,4,0.9818921
rec_b3ac05485ba99710a87c,grp_11f379b75a200c33103a,0,0,-0.09067349,0.0042901835,12,0.97447264
rec_b3ace67a7bb13d00f3da,grp_f9a9d22f3e837df9513f,0,0,0.054023378,0.04298423,50,0.99273765
rec_b3b052dbd12960f19b3e,grp_f0b51e1150f2c9ed7bcd,4,0,0.08287577,0.0629367,54,0.97274745
rec_b3b4de270be4481578a9,grp_cb40071dd381059d952c,1,0,0.034003984,0.032696795,21,0.97530115
rec_b3b6c0c57c3c52c29fdf,grp_2e969a1dca588361b3a7,2,0,0.08708635,0.04407597,1,0.9610849
rec_b3bc18d9a7c4e54613e9,grp_6e161a98694b9b2964b1,3,0,-0.014498428,0.008020222,51,0.9588325
rec_b3bf4ebf81b418e94800,grp_d5cf87ebc47b92da3ec8,3,0,0.07602847,0.028316654,42,0.95340383
rec_b3c06ee080d06745d751,grp_9e82e4ff187d5f6a95c5,1,0,-0.032606352,0.010494923,59,0.9917945
rec_b3c18567273d43fde0a7,grp_7cc24bf6a5d35e8dd219,2,0,0.063471965,0.031593736,14,0.9786087
rec_b3c25331160580564f50,grp_8133b6f0a536499fd8cb,3,0,0.034920983,0.016019545,44,0.97217435
rec_b3c3229123f17989a9cf,grp_5a803179aea0ef502b08,0,0,-0.008946521,0.015935834,42,0.99816597
rec_b3c9530cfb8775d09e7e,grp_095a77d4ff005258fb5f,0,0,-0.025961492,0.012143189,32,0.9657856
rec_b3cd9accca5588e43de6,grp_7bef6cc8e85c1b5126d0,3,0,-0.029965281,0.006452607,5,1.0062184
rec_b3d2267c26c4f2f2540c,grp_faf0f987f95d5fe5828e,4,0,0.08770241,0.06796979,49,0.9918993
rec_b3d9b3886681f9076899,grp_f14284cfbcf0c1627bc0,0,0,-0.0036323308,0.017343715,10,0.9848866
rec_b3de9a52c37157f5696f,grp_f1fb3275bf86c7a2327a,2,0,-0.012474664,0.010610536,20,0.98977226
rec_b3e4a5ca6993a2e9ee48,grp_aa1bb5240c283e38c0bc,3,0,0.04935478,0.019582033,17,0.97371405
rec_b3e8d7c2aa7db4ee7d55,grp_24341cac614dbaf109b5,4,0,0.031142611,0.027042126,6,0.97450805
rec_b3eb7ca65b3310cbb044,grp_e6c6a1d7b55b01d8c839,4,0,0.03369278,0.028210333,35,0.98699033
rec_b3ec1a9d258c1191e89f,grp_58fac0c205bbb701a9f8,4,0,0.07818919,0.05838418,52,0.9771225
rec_b3f5b02657b75acd3f7d,grp_c7624ca7018a23c180d2,3,0,0.11633757,0.049047653,0,0.96431273
rec_b3fcff28161867f88817,grp_0466911b6dea63154857,4,0,-0.09642101,0.0031456684,12,0.9723056
rec_b3fe2d8f94b71902b68e,grp_c9e685c41bb55edda4a4,3,0,-0.049899437,0.0048731463,58,0.9947849
rec_b401603d2498f5d41969,grp_706a56956587cb69a2eb,4,0,-0.021268178,0.011241635,7,0.9805533
rec_b41596c81eed5e9089df,grp_d53a944d2446bf589390,0,0,0.014330087,0.023066623,50,0.999363
rec_b418f452f122090dbc27,grp_198425e436de67419197,4,0,-0.035765197,0.008800771,49,0.94587046
rec_b41a7ebe5811dd916a0b,grp_60fc2083370447d8cdf6,2,0,-0.1379396,0.0017038041,14,0.9969812
rec_b41ea425b090d217c64b,grp_129cb38d89331c94758d,3,0,0.16698818,0.095583186,63,0.96981746
rec_b42162c3862391dd03e6,grp_c9af6bb4b726c3da3da4,2,0,0.01920979,0.01677262,59,0.9689604
rec_b42a5e3b4bb5e6fc33d4,grp_c9f6d3bd989820b664dc,0,0,-0.07603481,0.0054321424,63,0.9846143
rec_b442180a7c1af7cbe366,grp_9c07fe05e99dfed8d67d,4,0,0.14436005,0.16084021,1,0.9867281
rec_b44f3029c7e9ae193236,grp_9968a6f799f9363e1b9d,1,0,-0.05846466,0.006717686,33,1.0026548
rec_b452afe0fd3e3acdf051,grp_db7d434616ecf33cb1cf,1,0,0.05362615,0.045399487,62,0.9836089
rec_b452e5c1b740ddcfba5f,grp_67a122811c9d031907c7,1,0,0.069654115,0.05913974,7,0.92178
rec_b453b062373263efd3e3,grp_59f70d7056ac75d48169,2,0,0.117914945,0.067537054,29,0.9694552
rec_b459405aa7504ff262cb,grp_e47186a05c379de9d2ad,2,0,0.1664094,0.12844771,21,0.9830451
rec_b45a73e6ce5b03f30cf1,grp_fc8a192210347bbb2946,3,0,-0.020454818,0.00737616,32,0.9712505
rec_b45cd3e9fb1b192b3620,grp_970b74260151c9f9e59f,0,0,0.013678195,0.022829833,13,0.982842
rec_b45d299d08e81dbcda45,grp_5dfe9a2ec01067c1da9a,1,0,0.05394546,0.0456409,63,0.91675687
rec_b45fb27f16a52ef46e55,grp_b8a3be6b667e07737c34,1,0,-0.034953177,0.010079204,50,0.921918
rec_b4633af1f4f319ac60ca,grp_fb84858924850b9c30b5,3,0,0.058611847,0.022264272,62,0.9682781
rec_b4653248d0ef992598d4,grp_f7bb2419b997e99b8912,2,0,-0.0072172256,0.011450285,22,0.96637315
rec_b46e6cf2b1f17fc8733d,grp_33a582c2400787f68a27,0,0,0.07963909,0.06368499,23,0.9928935
rec_b47740a71962407b3d2e,grp_58a6b8d1c3ef2d2db6ec,0,0,-0.026642334,0.012011583,45,0.9771263
rec_b477cd4461068de7f213,grp_1a4797da91df86a9d2e3,0,0,0.09437671,0.07949354,58,0.9735625
rec_b4796be19ffa0ccb7aa3,grp_6bdd5ae5bbc784bc56cb,1,0,-0.027810028,0.011398005,6,0.99989706
rec_b47a02445636d8e26419,grp_fb9eb8c8167901c8271b,1,0,-0.031177538,0.010756279,4,0.9982589
rec_b47bdab1ef30be5ecc8b,grp_860d9cc21c4cd0f9430e,4,0,0.08444784,0.064536616,31,0.9286589
rec_b47d215ef0172cbdad3f,grp_e33f88ca30d3011d6d61,4,0,0.076695785,0.05699959,54,0.978323
rec_b480eb85d77cc3787b26,grp_bdd4dceca1403a6e024f,4,0,0.11681779,0.10700257,8,0.95735836
rec_b4836daf14537e756af4,grp_5a7efeb3ec6af54d3aca,1,0,0.00094480824,0.018660786,33,0.9792228
rec_b483ec50e67906bf99ab,grp_49dfa2d9d2baaa88bcba,0,0,-0.081666,0.0049608657,61,0.9561172
rec_b48a9a81eb1129c99c81,grp_ae9ca1b2800029691a4d,1,0,-0.055893984,0.007022846,49,0.96261907
rec_b496339fcb93d43efc50,grp_36f2c7ddd5aa34100f24,2,0,0.11102434,0.06145104,20,0.9576685
rec_b499c4f5c8188a073eec,grp_3489ebe7572bb5d62a50,4,0,-0.12428807,0.001958025,1,0.9795778
rec_b4a00f9b53dedd3487cc,grp_734fb4b60c59b501e3f9,4,0,-0.0033905255,0.015188414,2,0.96541405
rec_b4a1f33ccf0cea99ade6,grp_2f144a6a0588411ff181,1,0,0.031983126,0.031602703,4,0.9460183
rec_b4a41a19bc5cd722c607,grp_f81f1596d6a2568449c1,4,0,-0.015581563,0.012372383,20,0.8789988
rec_b4a72c12b79b7ee2f272,grp_6696155f91228b734415,2,0,0.067320704,0.03336504,16,0.99578774
rec_b4a7daa90a09cc130941,grp_4eff576a87aa61377178,2,0,0.041930426,0.023242489,26,0.97311634
rec_b4b343b5ef66977891a2,grp_c1c6c6891427e0150b94,1,0,0.102882385,0.10077072,62,0.9869191
rec_b4b8a630cbbc428e8af7,grp_f4dddab910b9ff8dbcf0,3,1,0.22269633,0.18872994,59,0.97361964
rec_b4b99cedabce558653d4,grp_e7d3edc915a2c5fcfb2b,2,1,0.1332611,0.0831463,57,0.99087036
rec_b4cb397d66c0db791fe4,grp_165e9670b8dd2c33c1a8,4,0,0.0017357245,0.016553147,27,0.98258406
rec_b4d8b6199f7846bac234,grp_f762695c21eae598c0e4,3,0,0.031557,0.015285584,35,0.9722173
rec_b4deaaf40730bacc70bf,grp_92bc1760ee2a3523f660,2,0,0.08957964,0.045640744,59,0.98242193
rec_b4e4c26b7f864c12def7,grp_8ae0566a0dff4cc7c03d,0,0,0.12804675,0.129681,24,0.9896488
rec_b4e881e886a71d0294c4,grp_c73457beae1787ee627f,1,0,0.19628346,0.36275437,42,0.9533669
rec_b502fd7851823a102f1b,grp_9ee1c0f7fe2d1f109b88,4,0,0.08673464,0.0669316,53,0.9865281
rec_b508389998316424906d,grp_58f0261ba937c4c53c6d,0,0,0.011209076,0.021954304,17,0.9647707
rec_b51714942582db6d2493,grp_b31c3138d979b29c83e0,0,0,-0.07452385,0.0055660014,22,0.96308357
rec_b51934ebdb0a9ef84921,grp_5d7ac282187847366733,0,0,0.093292385,0.078217566,33,0.97655016
rec_b519f3ccf1759e60d180,grp_7ab93d3520a30ccbe4f5,0,0,0.004463411,0.01972637,34,0.95285416
rec_b5209586856258e61101,grp_e1d79fc92ff42e04a623,4,0,-0.06664971,0.005215866,20,0.9292758
rec_b52444650c5e5544a280,grp_4ef712b0cb5d7eb7d545,3,0,0.061398577,0.023139853,52,0.9576849
rec_b53992b8495b8ba69595,grp_c0d9ae254210fb18ce41,1,1,0.2154623,0.44282606,46,0.97755665
rec_b53d3a465f88709fe662,grp_e4e3f6029bc62cef818a,1,0,-0.017350134,0.013642327,26,0.98336565
rec_b5433725891eba901ede,grp_961d3c72c3fe89035b92,3,1,0.13128614,0.05992021,59,0.9941865
rec_b54903f8f94d0292353f,grp_51635d66ee187ad24b4b,1,0,-0.050053325,0.007768295,63,0.9245435
rec_b54a6a799ac44d09ea45,grp_3367b549b2f5e3df4607,0,0,-0.01142679,0.015317815,61,0.91263217
rec_b5565a973f8d80a2a181,grp_6ad5778513568b532af4,1,1,0.105397396,0.104806244,46,0.99701947
rec_b55be0c5b8ea8fdb16e0,grp_7a1ab313a5411beab908,1,0,0.10705459,0.10754276,59,0.97801447
rec_b5621925583d42c01d54,grp_185dc57c533d5c3706f4,2,0,-0.07223172,0.004448958,19,1.0090181
rec_b564b8f3fadbe8068a8a,grp_90c67c212dcd7f68fb58,3,0,0.070385754,0.026198655,31,0.9368516
rec_b578da1f9cae51fd9760,grp_3660f92285031069313f,3,0,-0.040001508,0.0056023914,51,0.98815423
rec_b579054a9b8f08a7e6c1,grp_0d84da8c46c0fe136254,0,0,-0.077583104,0.005298295,3,0.98929405
rec_b5817fc671e7899e2f39,grp_f13428706ac22a37de29,4,0,-0.0011589039,0.015768353,16,0.9159237
rec_b58b0e184ae1c13a0990,grp_f045a19b1f33b9facbb9,2,0,0.12416926,0.07354056,50,0.9793968
rec_b58e4883cb8de1299a40,grp_34b050caaa002bbdc0e2,2,0,0.19138913,0.17525618,6,0.95566034
rec_b5a9d592e30680c682eb,grp_f8936e73e80d682ddd9e,3,0,-0.0411873,0.0055096005,63,0.97562903
rec_b5ac057366312ea82205,grp_3745d276e75486feadd2,3,0,0.040639177,0.017347485,58,0.99964124
rec_b5acfb08926bfa1454cc,grp_b047e4eccd2177db9532,4,0,-0.03836908,0.008421698,56,0.9728816
rec_b5ae562b4267f65cc0d9,grp_bd84e04ab9e38654ecbf,2,0,0.08703639,0.044045147,10,0.9453867
rec_b5affc69453a2e814e61,grp_c9cbcbe56553ad1c783c,2,0,0.042892333,0.023564544,58,0.96808606
rec_b5b9804df34aec759a9a,grp_2432aa09e8dc55cc0629,0,0,0.031430878,0.030207468,11,0.9925637
rec_b5c338df6c85d99e157b,grp_dca5a6b084edc2796a4d,4,0,-0.0074794795,0.0141798025,52,0.9781279
rec_b5cad072613e3b302e54,grp_367d3a40fe9c24fb1c7e,4,0,-0.09219595,0.0033799165,35,0.9856884
rec_b5d03b1a67b19ce33974,grp_0f29b19ddb2a885d21c2,4,0,0.006678301,0.01798284,4,0.95822555
rec_b5e652c04d24c3d3017c,grp_c77b26e92d391e3f195a,1,0,0.059462383,0.05000963,4,0.9698057
rec_b5ef1319417e6ac1667e,grp_661f2f23ee25d34b38c4,0,0,0.0305999,0.029815575,45,0.93564665
rec_b5f930b38f8c17a42d3d,grp_bcf154f5f6c6434566ea,4,0,-0.047992248,0.0071560713,50,0.98453456
rec_b60c6ab6e29350d5d489,grp_90f1dccc49bd23cc99d8,4,0,-0.08213158,0.0040103123,8,0.9000692
rec_b60e33103bbcf21fe7f2,grp_0425f6f6b93534f121ba,0,0,-0.0659447,0.0063906275,38,0.9601401
rec_b6138b90e0d94dd79528,grp_0b3ce68cac716d7ce71d,0,0,0.05430346,0.043171268,45,0.9858729
rec_b6175dee01ccafca92f8,grp_6200df72c31abe89a9c4,2,0,0.1363005,0.08660415,61,0.9670649
rec_b6203db5cfa37d853bb0,grp_a5dbac6e14d1992c15a6,4,0,-0.05832084,0.0060072104,24,0.9933572
rec_b63ce3d84549e2029a0b,grp_9d2e82334cd3872a5c41,2,0,0.10969897,0.06034075,17,0.95556784
rec_b63f1fce4d9a8ce916ec,grp_f8cad2555d47e256761b,1,0,0.008252451,0.02113767,62,1.0072234
rec_b646969db2f3005ffd9b,grp_f0ba81962676085290ab,1,0,0.015001143,0.02370911,15,0.9854522
rec_b649ee106cb614165798,grp_73bbf7c7ebfb9f61c655,4,0,0.091814354,0.07254943,34,0.98401594
rec_b64d478f3028127488ba,grp_bdccc465b5591bd5c6b4,2,0,0.23470403,0.28612065,43,0.96890265
rec_b64d8003857945eefcd9,grp_1bb690ca31f76f4143cc,0,0,-0.04905363,0.00838517,34,0.9450427
rec_b650a62039adc1fdc1e7,grp_7a6c09f995cff100fce1,0,0,-0.01958827,0.013446201,16,0.9796419
rec_b656cb10c6f53c63df5b,grp_912b00b8d7e4b61e3ada,1,0,0.010587223,0.021994837,59,1.0058942
rec_b65a8956bf086a9883ba,grp_ba1c59e35c9d1633b7e0,0,0,-0.029267456,0.011517228,9,1.0057274
rec_b66262488ce55477b847,grp_a14830dd3a8e521c4a4d,1,0,0.017801773,0.024863714,28,0.9622508
rec_b664904d432ef0687c9a,grp_9340e41ed2eabc874caa,1,0,-0.031108167,0.010769133,48,0.996628
rec_b667270a717039326527,grp_fc4de342c61f0bfbe79b,3,0,-0.027907735,0.0066421446,62,0.97244334
rec_b66e1deacf5dbb79efd5,grp_09f50b70de9df62d9c2e,0,0,0.014340901,0.023070574,32,0.9719751
rec_b66e63c5d5678c44f857,grp_5436c0099aa25dfa92da,4,0,0.07152786,0.052442856,24,0.9666935
rec_b6736c55fd282e6abb17,grp_a22c1bee656149994092,1,0,0.06681712,0.05645195,62,0.98755354
rec_b67834b8df0d69ccd0bb,grp_6dd46b08efbcd8504fbb,3,0,0.055123556,0.021213787,3,0.9605209
rec_b67cca555ef2a1ba8a1b,grp_6a416ab0a2a16a3e35bd,1,0,-0.035989292,0.009900896,20,0.99346155
rec_b68211221b9cadf4b09b,grp_f9ad2d7f57739b1d6b7f,2,0,-0.009716207,0.011043241,58,0.98605704
rec_b689b891f227a39807e0,grp_ec5d33c04077edb8cce4,0,0,-0.011475803,0.015305845,4,0.9894045
rec_b6918d412519b38a3321,grp_3c775a392804a1246620,2,0,-0.05845069,0.005438777,40,0.9520629
rec_b6960b8bbf605c0f9d77,grp_f2775ae8ef52ab7a4c79,0,0,-0.04465543,0.008998861,60,0.94387275
rec_b697a6170bf84889154d,grp_aa0ad6b5184e13fba265,0,0,0.03706006,0.032996573,39,0.921833
rec_b69ba4a783a118551780,grp_de10eb4e20c6c1c1b9e6,3,1,0.18436256,0.119075365,59,0.9817144
rec_b69ba8599fe1ffde7103,grp_cc20906b326f01123397,1,1,0.12851065,0.14896579,46,0.99323076
rec_b69c390d5b5188db5eb6,grp_b8e7604f446f835bf961,1,0,0.039475072,0.03584551,14,0.954731
rec_b6a26a314007b90a4710,grp_21268dbdcbb652e42b70,3,0,-0.023749169,0.0070422725,11,0.98245764
rec_b6a2b96d68102d780b35,grp_792c46515d9fc6511532,3,0,-0.0020812764,0.0095476275,12,0.9692717
rec_b6a3175c3184db6d2911,grp_5d0053dda6fa9dd04712,2,0,-0.03269906,0.007911385,52,0.9414001
rec_b6a8342a2f039d8c2d86,grp_e92f8b67a6f433da5014,0,0,-0.047640555,0.008577672,32,0.93968076
rec_b6ab22c37c5c947281ba,grp_58bc4705d5838f294282,4,0,0.077549316,0.05778711,22,0.9818819
rec_b6b2bb6dba828c5f33c8,grp_6cb4c1880bf847c2230c,0,0,0.0014169961,0.018794302,34,0.9668077
rec_b6b7ff1ef6a9b96bf6c3,grp_1eeb73072676c1ad3b06,0,0,0.01304503,0.022602119,3,0.98397
rec_b6c2be94ad5c9b95ec1e,grp_3193a25d9cfdedf1f0e2,4,0,-0.06070307,0.0057694134,3,0.97081196
rec_b6c7a6f667e03b3d8bc0,grp_702c98c84a275e2ca3e7,1,0,0.08014564,0.07015377,17,0.98231363
rec_b6c9400cde64748f4f77,grp_a50ca324beb9579ac5d2,1,0,0.00381847,0.019598875,6,0.9926038
rec_b6d2c5c2635063367c28,grp_258084c6786290533a50,4,0,-0.040732216,0.008091712,0,0.96556556
rec_b6db22867ec93f8092a2,grp_fee44f5a3e8155b5497e,1,0,0.07346322,0.06293739,43,0.9928663
rec_b6ddf3b43e3c0fc409be,grp_cf23b8135835a0c4cab2,1,0,0.027397163,0.02924971,16,0.9410447
rec_b6e44d032946a55882fb,grp_04d5b93c2ba33a530b38,2,0,0.044935834,0.024263246,48,1.000455
rec_b6e7c29dc89971a66a52,grp_8bac8889c19588054c4c,1,0,0.04179196,0.037265226,59,0.98612994
rec_b6e90c33a6fc95592039,grp_df6047d9977736113d9e,1,0,0.039029695,0.035578627,9,0.95017195
rec_b6f265aae1df8bdb750d,grp_ffa27965cf5d14526627,4,0,0.0073563997,0.01818822,35,0.9898382
rec_b6f873e776e603bed01d,grp_c127fc10bcfd9f779ab0,0,0,0.040965814,0.035076287,17,0.9689553
rec_b707299df4224b851fcc,grp_173966069c2ca083d895,0,0,0.05369704,0.042767268,12,0.99283737
rec_b707baab6bd6bb5efa52,grp_9f9023191dcf6bf61882,0,0,-0.0077483924,0.016243093,39,0.99100184
rec_b70a3b1885aebc77cd93,grp_784165f9486c8b1f1683,0,0,0.045213494,0.037481353,23,0.99650097
rec_b715d23e2f7386c56036,grp_5a65adccef24449e9dbe,0,0,0.0010985527,0.018699404,15,0.99675786
rec_b722e6b315b843903afa,grp_24260c7fc96c18577f02,1,0,-0.022997735,0.0123812305,17,0.96656686
rec_b733a709e3b1bef3c83e,grp_00454503bd1f6f64bf10,4,0,0.06414411,0.046526257,22,0.9914466
rec_b73f8df73d693ce3bc4d,grp_24dcc6c85ba93454d31f,2,0,0.08117295,0.040566918,1,0.9522542
rec_b744bb86ea63bb8bbba8,grp_853d627b4386a1059803,1,0,0.10218586,0.099677734,47,0.99284613
rec_b74c65da34878266ec41,grp_52091aaeb54aa501839c,4,0,0.084417075,0.064504944,8,0.8881085
rec_b751187e6d45ce06b38e,grp_6ddf65e19f64773355ba,0,0,-0.15419352,0.0015373242,4,1.0146413
rec_b75b7271c80c9c621383,grp_0f5bc7045082f82c6230,4,0,0.025501184,0.024622569,2,0.95132184
rec_b7666d0ed77a4d2a8ade,grp_8f2729628bc59da5c300,2,0,0.18584046,0.1638157,58,0.93730444
rec_b772e615de6597f0f6f4,grp_247eaaee30b234a41f68,0,0,0.10637987,0.09493682,45,0.9580752
rec_b788f174fefc6d25a047,grp_7c40b8c58e4b06ab4727,1,0,-0.0423797,0.008868177,56,0.99726206
rec_b78c47fd0501191bbd44,grp_9aa8a7df06e07a304122,0,0,0.022978872,0.026444197,28,0.9950758
rec_b78c672f61b60c8780e1,grp_ef44e600f40e9d264c32,3,0,0.14217028,0.06921596,30,0.9826206
rec_b79d26af5a1ffbfefc38,grp_e47c4039c2605f9adf93,3,0,0.097376935,0.037934702,40,0.98239607
rec_b7a92a4a5620cdb0fe65,grp_8e4465e3d10c37a254cc,0,0,-0.03656536,0.010246135,4,0.98156756
rec_b7ad35916cdaa7e55b42,grp_e4769edeaf5dfdd9dbdd,0,0,-0.077358015,0.0053175497,39,1.0025091
rec_b7b825491fb14be4e9ec,grp_e5ec641dc08a466817dc,2,0,0.012582246,0.015244419,28,0.96662754
rec_b7bc5dab348456d754b3,grp_77f771454db68752e6f3,3,0,0.039888512,0.017167173,48,0.99529463
rec_b7c0dcc098efd4eb8a62,grp_fafab78bcdcbda80fdb6,1,0,-0.00091437437,0.018077485,4,0.9748961
rec_b7c1a03f7590f0f6a2d8,grp_493e4ac24f631190bdb4,4,0,-0.00634661,0.014452443,55,0.9690886
rec_b7cca3a37ace4bafd3f0,grp_a0183dc73a9738943d77,1,1,0.16242887,0.2400275,46,0.98658824
rec_b7d028a89cc2b5fd46e3,grp_cb7a2654afb2abd0e3e4,3,0,0.10274309,0.040807977,26,0.96408314
rec_b7d095bea3d941a064e5,grp_67fce3cfabb9f14aec2f,3,0,0.024810407,0.013911985,2,0.9908511
rec_b7d20418be0aad5e2c26,grp_01413361ac32661fd568,3,0,0.27033472,0.31355125,31,0.93812674
rec_b7d6f2c6ad43a37d83a4,grp_a1a31e134baa5bf67dcc,1,0,0.015744578,0.024010405,61,0.9948128
rec_b7d7dd8b452c238b5cbd,grp_bd97f2e059b076526e10,3,0,-0.0035179635,0.009357114,21,0.9928771
rec_b7e765eccf92ced21f30,grp_e424ad325a1a2fc01789,4,0,-0.10091241,0.002914378,30,0.95515585
rec_b7e8ea27a13f05085a9e,grp_7458e8f23caefe0f4f67,3,0,0.10199857,0.04039722,48,0.99647444
rec_b7ea5ce95b0b26368c52,grp_1a246afec945481dd437,0,1,0.20285228,0.33360913,44,0.981207
rec_b7f1c415bc07999ed613,grp_7f075336f73b74d24aad,4,0,-0.0306236,0.009599628,57,0.96934223
rec_b7fe799eaad9149e26e6,grp_f2b87fdceb5273acb568,0,0,0.09050737,0.07502585,24,0.9945079
rec_b80002ed7c98890e048e,grp_72c327f8f0b49815772a,4,0,-0.037413247,0.008558929,9,0.9743459
rec_b80225b27b96ea63fad4,grp_69a4a5dda441233e81d6,2,0,0.038788848,0.022220308,21,0.98295355
rec_b8034f2456b7281825bc,grp_168c363260af11f6460c,1,0,0.043306816,0.038222548,26,0.96824753
rec_b80ad315593982d39bbd,grp_08c2ac1a43ef1e454cd8,4,0,0.027985537,0.02566093,34,0.94693226
rec_b80bce84cca2c3902634,grp_eb808960bc7c5a64ccd0,4,0,-0.03344047,0.00915346,31,0.94886947
rec_b829e4e8f648b7c20962,grp_bba0483a7966eaf3dd29,2,0,-0.039099853,0.007208389,53,0.9738934
rec_b839a792c939d7f96232,grp_0195f8993aa54be4b748,3,0,0.091680735,0.035097647,51,0.9227335
rec_b841c78b8e9a231cda79,grp_f308f59bd6e830907499,1,0,0.044553675,0.039028186,15,0.9928436
rec_b84969ed608027fd7ef3,grp_3efa2671d5a1e1f56307,2,0,-0.03435341,0.007723422,39,0.9211231
rec_b851f889dedb1c8aa0ca,grp_dca74ec2c26569d432f3,3,0,0.10522449,0.042206056,9,0.9708632
rec_b858a63147b22bbd6cd3,grp_3a8f118e9f214515cc57,1,0,-0.09609867,0.0035012218,26,0.9543099
rec_b8617516fcc4e4860997,grp_c7c3db17aaf9eed429e3,0,0,0.09473626,0.07992079,31,0.95864016
rec_b8675b30f8b081bfd2cb,grp_cf56ce5322b574a5c60a,0,0,0.0987775,0.08486933,15,0.93148595
rec_b868f6cdcd42382d175f,grp_2533ee3edd6b75c1c4fc,3,0,-0.0043022465,0.009254703,39,0.9572441
rec_b86905ae39e5fa9acae3,grp_56952f41181a72c63493,2,0,0.04240703,0.023401521,1,0.93920374
rec_b876c8c3874f106d4d0d,grp_b92a5b12140417df13f4,1,0,-0.011491147,0.015084469,17,1.0032793
rec_b877bd4471cce5aaff44,grp_e8574a9a35b9a384b477,2,0,0.07052173,0.03491094,47,0.97571737
rec_b87a69974f47c73720be,grp_4ceb0c880c87c1876e30,0,0,-0.024944052,0.01234251,30,0.95176256
rec_b87ab79776a87379966d,grp_8263b4fa64873f892cc3,3,0,0.014926011,0.012116573,15,0.97974813
rec_b87e492b094182093752,grp_71cdc9c713903322e3c7,0,0,0.06226561,0.048824817,11,0.9836637
rec_b87f37066b27061944da,grp_0b44fecef31ff88ff4d7,1,0,0.028806508,0.029954145,59,0.99188316
rec_b88d6e76a570f2f1ea68,grp_26755aa8b6d902c38a3d,3,0,0.13556977,0.06343039,16,0.9624289
rec_b89450867d2f89e2947b,grp_92783dd266ede63b444b,1,0,-0.14084922,0.0016101205,22,0.9725497
rec_b89b02e694bd885d6155,grp_7e9b906ce4893629e652,1,1,0.118638985,0.12847486,46,0.99220073
rec_b89bad8678801924ce3e,grp_d2e20764bb0b13096d8e,3,0,0.045029156,0.018439809,51,0.96490866
rec_b89d81020d2a5803c1fa,grp_c4984064fc2ce949e71b,2,0,0.107960716,0.05891302,22,0.98859763
rec_b8a393d2ee6b37e76edc,grp_c53c095360a1c7b8242b,4,0,-0.051481035,0.0067454786,27,0.9549739
rec_b8a7bdf1a162167bfa74,grp_cf8f8733c9aef0391439,2,0,-0.0053521227,0.011763715,58,0.95849335
rec_b8ab50f5bb016308c17f,grp_f96c6a1e09ad35d5f8e7,2,0,0.004741057,0.013612695,43,0.9940444
rec_b8ac8e15d6222620629a,grp_3127c0b6b107424c8bf4,2,0,-0.02777146,0.0084985485,1,0.94832116
rec_b8ad82d4e3849fbd33d6,grp_94f4c5adeb022be0eeb7,0,0,0.030012492,0.029541539,63,0.9912871
rec_b8ad8c7a95966bb37ad7,grp_44ee35175a8782fde42f,2,0,-0.09144708,0.003361121,9,0.9830723
rec_b8aec048aa4d2ce3cb1c,grp_7b8635bbd78c73443c74,3,0,-0.050718404,0.0048172195,11,0.99615455
rec_b8bdd148cf4d99da5189,grp_a233fe46f1f72d4b74d2,0,0,-0.023932032,0.012543975,52,0.9797742
rec_b8c56f93ef745e17504d,grp_ce00ba59b6610a20f867,1,0,-0.0012237215,0.017982185,34,0.976148
rec_b8caac6540fd3f90bf97,grp_5dacc465ccb800d52ef0,4,0,-0.0041463836,0.014996789,24,1.0027812
rec_b8d98263045040ea0d35,grp_56f6f02cbaa73f6a5349,2,0,0.049360983,0.025846202,8,0.9976792
rec_b8de72ccefd6ca3d5add,grp_4737ab4b7e7bbd8aef46,0,0,-0.010561194,0.015530774,12,0.99513394
rec_b8e16d619e104a6b29cb,grp_5576ab57aa509fa364e3,2,1,0.2179771,0.23878819,57,0.9776952
rec_b8f3b8b6d987b889c6de,grp_70664039fe0c9094090f,0,0,0.03173882,0.030353958,15,0.93435603
rec_b8f6ecf4b8fccfd5bda3,grp_3d833883a0838e856a05,1,0,0.06445085,0.054298375,12,0.9698002
rec_b8fb23b1c7414a56f198,grp_0c9b74beb063bcd47d2f,1,0,0.13901764,0.1736603,63,0.97583395
rec_b90a01f9d1b46d4f8d0e,grp_f7217861fd836af0eeea,2,0,-0.026006185,0.008719245,15,0.9643699
rec_b90a57de40b91cd3df88,grp_2954530034839f3c624d,3,0,0.14948708,0.076197736,12,0.89554495
rec_b912ac2032a45fc79656,grp_b0a480a83fb9f28c0908,4,0,0.116196625,0.10599451,26,0.9870518
rec_b91bc4c5f3983458a0af,grp_1bc700ca631d04325d43,2,0,-0.083158806,0.0037933746,20,1.0041708
rec_b91fb3fdee755246497b,grp_ef6c521ac45708f74b89,1,0,0.050939858,0.04341619,9,0.98109686
rec_b922461887b80c5ccab1,grp_39875d8b88ca3e4cca55,0,0,-0.027756423,0.011799274,38,0.98100615
rec_b9234b8ebee73562bcac,grp_1940fbb62edda59aa3c7,2,0,0.08416476,0.042307507,19,0.9856929
rec_b927e2740818baba9cba,grp_55cbe13f3049300be0a0,3,0,0.043800518,0.018127471,14,0.98972946
rec_b93a561e30718f8de407,grp_4892340f9d6c21d39b1d,3,0,0.16119845,0.088725656,52,0.92799765
rec_b93ee5f4e5e6ee23bdac,grp_5461306b71b7df59758c,0,0,-0.06710406,0.006272467,35,0.9832263
rec_b94638b1367e8f750c8e,grp_f478f7f42a091ce4b3b4,0,0,-0.0015001846,0.017942322,1,0.9805077
rec_b9463a8517c8259672d5,grp_1797100a7d28047a859a,1,0,0.007064755,0.020714253,23,1.002468
rec_b94a6401e09373c312c3,grp_cf1c7b3243ba0ed70476,4,0,-0.014825325,0.012530982,4,0.9751079
rec_b9550284dd8e70f497d9,grp_52a3dec3bb318bd4b741,0,0,-0.007594418,0.016283005,53,0.9461022
rec_b95877beaba35aebed5f,grp_b4f693ec009e04c6c02f,2,0,0.0852089,0.042931605,61,0.9968599
rec_b959e3e60e8ff13677d2,grp_d84ca73db6a904553ec2,2,0,0.078856565,0.039266612,5,0.9211327
rec_b95e7353bf0aba11696a,grp_9ec6d9044b324375e8e9,1,0,-0.0023853604,0.017628692,63,0.9684793
rec_b962b751910c4e32dd8a,grp_a4722265cd356d2b8613,1,0,0.06275099,0.05279935,32,0.9887339
rec_b9644e1cb51abc356018,grp_723408f20d0eebd9f902,1,0,-0.0022645078,0.017665146,61,0.99434185
rec_b9669b4dcfb7f82b2887,grp_9846a9e04da442f46093,1,0,0.069197014,0.058698736,1,0.9527465
rec_b96763d59754a985e099,grp_2f4276900a792cec23b7,4,0,0.03621691,0.029414797,26,0.98929065
rec_b9678483b327b8a1adc9,grp_b53914c29a58f84512e6,4,0,0.017473362,0.0215398,21,0.9635331
rec_b96f04e36676dafda22e,grp_accb7e958c7fa865b80d,3,0,0.15758388,0.084672645,32,0.98731923
rec_b97bfed1198a5adcdd1a,grp_8a7e8f59eb2170173a90,3,0,0.030735312,0.015111399,52,0.99327123
rec_b982aa63df26c10a52ee,grp_f33c362ef3b30bbe0414,3,0,0.06821944,0.02542716,56,0.9891258
rec_b98ed15be8d9b1c26444,grp_6b3a430c0fc4a62f9916,1,0,-0.029758649,0.011022196,17,0.9496723
rec_b99e8005bb2307e90849,grp_08939e12c57fd560dd37,0,0,0.02929376,0.029209543,43,0.9872333
rec_b9a964428143e8d04dee,grp_428fcd44a27db6e30e0e,3,0,0.08854095,0.03362239,15,0.98792267
rec_b9ab89a49f95e9139b8e,grp_ac4e5f585f7c2c456b97,4,0,0.0408466,0.031754825,20,0.88030124
rec_b9ba814d708f00141d7c,grp_1faaa73601174b5630e2,3,0,0.12875468,0.057932153,52,0.93617487
rec_b9c24b49c368e898b9f1,grp_01bb2c60642fa722fb0e,2,0,0.026734049,0.018690558,33,0.9704869
rec_b9c6914f6dd575a8493f,grp_510dd81d60b0e80cfb99,2,0,-0.091529906,0.0033570586,19,0.9819991
rec_b9ce28ca92a26923cb26,grp_4fea30200af0a88554bd,0,0,0.021701314,0.025916548,14,0.99945825
rec_b9d57817656425146c3b,grp_494f50a9cc488e443b0f,0,0,0.05275897,0.042149436,30,0.99914443
rec_b9d7483056e5ab09cb3e,grp_d01e76bb7cc9bfe06707,0,0,-0.01563197,0.014323486,43,0.97215474
rec_b9e06f35615b8202efa7,grp_474fb7e6ee1e8bbe7c10,0,0,0.06797936,0.05330762,24,0.9736774
rec_ba07b09be54d6dca805c,grp_7aff9067e714db0909fe,3,0,0.18521148,0.12034237,24,0.9818647
rec_ba0c653493f96384fe2f,grp_c3eb4903b050a9ce0392,4,0,0.103543386,0.08721459,27,0.96911496
rec_ba0cd374443eb2642314,grp_e6087717eb0a88ace770,2,0,0.047201715,0.025061613,9,1.0034472
rec_ba0d313c8278b9cd0e34,grp_d081253b2d242b831310,0,0,0.03753094,0.033240847,29,0.98081857
rec_ba118f9413c2b8f0cfe8,grp_6fd9d2744d9ac40b34c2,4,0,-0.053502876,0.0065183295,24,0.9349705
rec_ba11e74b38e5810cc0a7,grp_588e190e412175690566,0,0,0.06154727,0.048287194,2,0.9587676
rec_ba157edef8c11fb98283,grp_c6a0bd25715b89de3579,4,0,0.06469361,0.046943784,28,0.9791628
rec_ba18ec4524c13f8727d0,grp_687fae96d33929c72ab8,0,0,-0.053246446,0.007838833,8,0.990894
rec_ba20b0d36104895f076d,grp_4723e7a5db37eff3ea18,3,0,0.10438104,0.04172577,26,0.9332578
rec_ba277af6cbe7a2cdbe32,grp_bd16671923b65c5e03a8,3,0,0.17048657,0.09995319,42,0.96748567
rec_ba2af08f04ee0e1a0644,grp_291171b3f64ed8b7c0f5,3,0,0.064208865,0.024056856,2,0.9723162
rec_ba34230e4179cd5c699e,grp_edce58cbd380a24ef54d,4,0,0.089574404,0.07002051,12,0.97807354
rec_ba3f14bd2ab7fb870006,grp_c34178845128df9f6c9b,2,0,0.117020376,0.06671643,9,0.97200507
rec_ba3f695243f348365a81,grp_9aaa2a2ec9b163fbe720,4,0,-0.04855852,0.0070877788,24,0.9818169
rec_ba59930b33b258e40ec2,grp_9856dbdde3092705a3b7,2,0,0.043302976,0.02370336,61,0.96755636
rec_ba5d7aea2a072d5ee1cc,grp_5b51d297abf21761cf29,2,0,0.10374443,0.055580493,3,0.9836671
rec_ba5f0d27270961cdd211,grp_25c0c7ae505b33b585fa,0,0,-0.026402786,0.012057727,16,0.98777634
rec_ba602ac5f41c46685622,grp_ef875ebef27222e2dbe4,4,1,0.15763865,0.19379775,36,0.9856472
rec_ba61362b9a62ed46dbd3,grp_5c86070bca1440ef76a5,3,0,0.08923801,0.03394465,30,0.93629116
rec_ba7737400b4c562f5c37,grp_ce814168c78b6395bccb,1,0,-0.0028842017,0.017478995,14,0.9596772
rec_ba797b5a32f5b330d094,grp_cc3234883b7fee204cb7,3,0,0.113247596,0.047046226,46,0.9635011
rec_ba84e87411f2757f5656,grp_c033fb8a14c3534ec468,2,0,0.13936946,0.09022718,39,0.933897
rec_ba8a1d5971bfd3c359fb,grp_007098e8f125c9650ee0,0,0,0.06291439,0.04931525,16,0.9453806
rec_ba8de7c961073c210b2d,grp_f71ff9bc995a2ebb117b,4,0,-0.12024438,0.002097536,3,0.969815
rec_ba8e23e1e710cf54304b,grp_5ec341292b71f04fd8ac,2,0,-0.029005479,0.008347572,38,0.95596945
rec_baa9f45b3d655c505048,grp_56ca3fc77c752d63c420,1,0,0.0027968092,0.019260181,17,0.95060396
rec_baab09bfd17111a290c4,grp_7ebffd3e1828453c0687,4,0,0.07623873,0.05658203,8,0.9634855
rec_baac7db2e0abf4770dec,grp_ceed28ef2851ccda5a60,2,0,0.094938725,0.04918487,12,0.9268456
rec_bac5e05249e403b00e34,grp_b602d5a4270b8f4274f9,2,0,0.05607542,0.028441692,15,0.9595645
rec_bad0dfc1f478e0b2b62e,grp_259a7b417fee58a002ad,4,0,-0.021545352,0.01118921,3,0.98896027
rec_bad38b96f227c130a971,grp_b8a77e804c4c9289c293,4,0,-0.027316945,0.010150911,26,0.97938454
rec_bad5ce3ff5dd7a233260,grp_5950f583702c30f3f946,0,0,-0.037471786,0.010098281,27,0.9418195
rec_bad8d03d4fe844a6dfe4,grp_6a54551188a483c715ab,4,0,-0.0174585,0.011987269,56,0.98378456
rec_bae125056df3d47550f6,grp_a9a9a24f9f432a95339f,4,0,-0.055747304,0.0062750624,33,0.9810071
rec_bae1c734938a5413d8cb,grp_843edbdd9a175f1442c7,4,0,0.06394179,0.04637342,14,0.9952051
rec_bae6d1826be037944511,grp_e6134e30ca1c154654c9,0,0,-0.03335349,0.010787488,35,0.9797559
rec_bb02431fa620f7dde916,grp_95675f586f2939d3cb7e,4,0,0.089666955,0.07012336,54,0.98099214
rec_bb068f2044566ad7fc90,grp_dc05ff7212a28cccd65f,4,0,0.03207954,0.027465753,49,0.94452393
rec_bb07b32a3ceecface2c5,grp_e1c3e73246f42ac104b8,0,0,0.07252149,0.057145536,3,0.96681494
rec_bb08cc7d0062026be443,grp_6c11169d7f498d6e4b4e,1,0,-0.035334274,0.010013253,4,0.9257602
rec_bb09790c75cea051cf6e,grp_0ccbf92b1fad0b5d2de8,4,0,-0.015513455,0.012386585,20,0.9375228
rec_bb0b26f04acb13996d43,grp_5955321739f49df16d9c,2,0,-0.019890359,0.009528685,18,0.9176497
rec_bb10170326b2da9a1f32,grp_147a1c9852d176ce8740,1,0,0.027029518,0.02906861,15,0.9474054
rec_bb1a0724d8b9fa81dc45,grp_ebef00ca16fd4e989e17,0,0,-0.041448664,0.009474166,14,0.966165
rec_bb1a9e41788c90cee0c4,grp_45b1047dada099d6d951,4,0,0.023834122,0.023948886,40,0.96939015
rec_bb1aa6164d3dcba1af63,grp_1e61ca4175c2d1804ecb,2,0,0.034002803,0.020746993,19,0.9865686
rec_bb25f986746e7b6f988b,grp_857b6ea855669afc14d7,1,0,0.06653245,0.05618867,55,0.9562606
rec_bb2634d2ac3a5ecffd59,grp_e3d7c8fc276eefda7c9c,2,0,0.13508862,0.08521008,12,0.9819874
rec_bb2c46370c3ebc421aab,grp_fd8f82cd2ec3ea5f720a,3,0,0.020604525,0.013118012,41,0.99382836
rec_bb31ea6a66d25c38f8f0,grp_5f86520014e61a3c50e8,4,0,-0.01845128,0.01178838,2,0.98077327
rec_bb344a47c416c4d87739,grp_4ef3d548753986ddaa5c,4,0,-0.05578517,0.0062710377,17,0.9936627
rec_bb3a72c09f511d1ba1c8,grp_138c09b02031896a9027,2,0,0.07734777,0.038441233,15,0.97074443
rec_bb3f6805745dec8bf6c5,grp_23be5ba194ae7bbb3292,3,0,0.10310123,0.041006986,30,0.91815186
rec_bb4002aefc49e45f7373,grp_aee41e86039988c7e283,3,0,0.060657803,0.02290388,47,1.000681
rec_bb46600aa4cd2d44b5c3,grp_7610b6d639e62fbf9743,1,0,-0.040596716,0.009145074,59,0.9887454
rec_bb49d77db011ad8125a4,grp_957fb88fbcc6698aa70b,1,1,0.13917309,0.17404881,46,0.9894173
rec_bb4ad841c00ae4126ab1,grp_82f1f09e72c537168d65,2,0,0.031615287,0.020048205,18,0.9520087
rec_bb5590d2ee38394974c7,grp_208c44eb7c780b6b22ca,1,0,0.10621151,0.10614282,5,0.97776634
rec_bb5993d76ee851146d8c,grp_635e1ab03ea965a0ae8a,2,0,0.15811218,0.11544396,32,0.9713893
rec_bb6586bdb2846b5e1768,grp_9c63f91c2fc934da924b,1,0,0.091228664,0.08382507,15,0.95839775
rec_bb7085cd6aced53feb4d,grp_00fd509be529931299e3,1,0,0.11315906,0.11817084,23,0.97933203
rec_bb78a1121fd1def02035,grp_d1bbc117d4eb1431a5fe,0,0,0.054574415,0.04335296,50,1.0038506
rec_bb823dd450f99dd747bc,grp_81f745b601c5001c50ad,2,0,0.04892941,0.025687493,17,0.9892615
rec_bb8ffb1287ddf7a7403b,grp_2be9c8c1a8b9c7c24285,3,0,0.010761228,0.011430461,31,0.9842912
rec_bb9157ba943c20bc26c9,grp_d4abab73081a95807b13,2,0,0.088256806,0.04480407,48,0.98773134
rec_bb9597abe8e0b96d208d,grp_5d9e134224106d2b3485,3,0,-0.001223098,0.009663255,63,0.96193016
rec_bb9a20a49b0fcaab4cac,grp_0f8589da06d8f8271050,3,0,0.059395146,0.022507055,50,0.96041447
rec_bb9caafbfce0b18036f6,grp_cbcf7df35ce56099711f,1,0,0.026630836,0.028873447,47,0.9648883
rec_bba0943704f3cb18e121,grp_6c876cfc33b67f39c933,1,1,0.07977591,0.06973526,46,1.000101
rec_bba5043092aad6adeac8,grp_28571c7cc6abc7fb7dd5,4,0,0.08303615,0.063098215,8,0.962236
rec_bba66cf769b1ef5055ff,grp_cc29bbf2cf759f9d942a,4,0,0.093211286,0.074168935,12,0.9963798
rec_bbac73216b8ad5196db1,grp_c9297452e87868e35b74,2,0,-0.031121142,0.00809489,20,0.9656171
rec_bbb3922d4b2dc28de28a,grp_29f2296b3133fdbb040a,4,0,0.019048057,0.022113161,17,0.9862637
rec_bbb9eff9e8f875a6e94f,grp_6885f36bc0e2a685aec3,4,0,0.04189379,0.03230858,17,1.003571
rec_bbbb135cf085e69d0205,grp_bce6a8134e05f88e5db2,1,1,0.13134818,0.15533443,46,0.9913047
rec_bbc102ec4872c6cffb5b,grp_c5f845b1b782bccccdfd,1,0,-0.094155386,0.0036212036,26,0.9547324
rec_bbca408e392e354e043b,grp_5ed4305f39ebed5dd041,4,0,0.023906047,0.023977576,21,0.9771856
rec_bbceced041eb489fc0a5,grp_6f37ad755d021d5ccf1c,3,0,0.18985367,0.12747808,26,0.975509
rec_bbd10cea4eacc24dcd52,grp_fa0372080147a347dd09,0,0,0.007504576,0.020701963,3,0.98013806
rec_bbd828ce188f97053346,grp_a0222003d4467a4e6b4e,0,0,-0.0063880645,0.016599022,28,0.97382355
rec_bbee1220fd58cca74a59,grp_15af77309dc3645db8fc,0,0,0.005108525,0.019929482,26,0.9810945
rec_bbf3eedb0ff467024666,grp_dff335d89c112e5a80f0,3,0,0.1349431,0.06290514,22,0.94953734
rec_bbf59cc2d60fee80504f,grp_8ece74536e4f5534edf0,3,0,0.033178553,0.015635157,6,0.9860411
rec_bbf7a9b5aa1e1fa8fb60,grp_17044647ad51a0cf0069,1,0,-0.07580952,0.0049762665,4,0.9700351
rec_bbfb0781d70fd9a4e066,grp_6b7585dc6ed7ad8daf1c,4,1,0.12489005,0.12088714,36,0.99041104
rec_bc08817edc9150238660,grp_cf4ac3fd39852c50cc7b,2,0,-0.008816214,0.01118816,7,0.98620933
rec_bc0b270da11d45f7e510,grp_bab1bb5eac8f713f52be,3,0,0.05909529,0.022413809,2,0.993829
rec_bc16bbf1260cf9c57e2b,grp_e11a1c4dcdf55bc748d4,4,0,0.09150982,0.07220073,22,0.9675236
rec_bc20fc99fe674f4088a3,grp_9e341efba8cdaaa3832c,4,0,0.06756144,0.049181227,10,0.9871251
rec_bc2260e06d3c16e34c37,grp_ccece1bd57756ba8e1ba,2,0,0.14768922,0.100743786,12,0.98453635
rec_bc3435542be898d2e08c,grp_5c7c7f006c12a9c301b2,1,0,0.18056606,0.30218264,60,0.9724523
rec_bc3a625d2633f46cb98c,grp_d244cd6afd9b612b27ae,3,0,0.07138322,0.026561502,48,0.98879576
rec_bc40f5181f02469ccd31,grp_12ef550f90437ffae219,0,0,0.0646389,0.050641675,8,0.9798495
rec_bc6461a4cc9de57b3ef1,grp_7511c6be3ea031237ee2,4,0,0.07048404,0.051565208,12,0.99577445
rec_bc64eab01bdeaf1ab637,grp_b69c0b23fcac208cfda2,0,1,0.04367103,0.036590204,44,1.0068308
rec_bc6c60808eec88b3b281,grp_465939926ad82ef1d35c,2,0,0.035988107,0.021346165,13,0.9418377
rec_bc70ea0a4dcdd5fcff81,grp_0a3dd75f5aec4a06a6b5,1,0,0.062398676,0.05249361,43,0.99622905
rec_bc7544f6909bf854ba6a,grp_154438510c3b3ca70261,4,1,0.10333425,0.08693102,36,0.99472994
rec_bc7790aa5adb51eff837,grp_f28408823525b36862ba,3,0,0.030436799,0.015048607,31,0.9624184
rec_bc7d780e41079f131112,grp_0cd3f3807b3840604b2a,1,0,0.024592455,0.027895337,34,0.9897972
rec_bc7eef380ed3d7c9da67,grp_25a076816407c7b3146e,3,0,-0.07944047,0.003212373,38,0.8963827
rec_bc7facab20630a9e08ff,grp_d3a14cff62cb3eccac3a,2,0,0.061203174,0.030592555,33,0.9675181
rec_bc805ee21ba9da71a485,grp_0346b890b66fcad970d9,4,0,0.047204208,0.035263382,52,0.97632694
rec_bc86ed18b74830955eb7,grp_9cb5a15005c548979302,4,0,-0.01176107,0.013194419,20,0.963914
rec_bc87cf6ebd0d3ae89455,grp_34048cd7d9b71a5e052e,2,0,0.07240488,0.0358524,5,0.90880793
rec_bc989560ced2fc40b05f,grp_2796f92e07c4b9490cb8,4,0,0.00986197,0.018967243,24,0.9720605
rec_bca1e8ce25dc1bab17c8,grp_84a2340a833ae9dc2128,4,0,-0.1239554,0.0019691451,24,0.99368924
rec_bca2c3724ef9a73b7929,grp_ff78a1dac2975f0887a6,3,0,0.052533153,0.020465229,12,0.89587134
rec_bca4bd7098472005ff9f,grp_4531f4516154b665fcc1,4,0,0.05554902,0.040438786,57,0.99478894
rec_bcaa8c396931199f6b00,grp_705b4e1e9bac855ba19b,3,0,0.07821241,0.029180264,22,0.96197665
rec_bcabec15fcf3afcfbb44,grp_e6f8f6327f17a56d1729,2,0,-0.0894015,0.0034630103,19,0.992129
rec_bcaed2391d09d004a97b,grp_061af05b273a0be2a6df,2,0,0.055799026,0.028330017,6,0.9391005
rec_bcb1911a381629364e85,grp_be181883c09a64390395,1,0,0.016852854,0.024466494,43,0.98642284
rec_bcb1e76d48d4d7d61799,grp_c9d070019849252fd228,1,0,0.048948944,0.04199994,7,0.9543882
rec_bcbc8594bdb526caa266,grp_ea7326510c2168c14caf,4,1,0.1088694,0.09472226,36,0.99645984
rec_bcbcc0d10aca30f7b14c,grp_b1e94b070ba3277b80d2,2,0,0.08764768,0.04442373,62,0.98246926
rec_bcbd4b937a7b54068ae9,grp_38e99c6d639731fc4a2e,0,0,-0.06755596,0.0062269997,39,0.9918416
rec_bcc4235ee0cd4b79b272,grp_8fb19342419cc8a8c376,4,0,0.026082305,0.024861721,2,0.95180035
rec_bccc7be6a2f3c4041025,grp_efff0a55dcf97b80f6a5,3,0,-0.0065326383,0.0089695025,47,1.0001832
rec_bcd735fe7e15cdae310e,grp_79b56cdf438ab48e979c,1,0,-0.024172213,0.012133805,63,0.9462667
rec_bcd896787a5fef287d1b,grp_d63df9dc9cc2da7075fa,1,0,0.010116578,0.021819353,32,0.987162
rec_bcd8c6756bf05790f4c7,grp_113d295122ffaf795ad1,1,0,0.12151229,0.13417785,21,0.9835863
rec_bcde777bf226141111c1,grp_110506082b5ca4a1b798,1,0,0.14921194,0.20060539,47,0.97028583
rec_bcfa2eb36375d8dc75f0,grp_65e266195a16851f5b89,4,1,0.102642454,0.08599907,36,0.9951411
rec_bd085fc51e902aad3634,grp_786a1960069fb134735d,3,0,0.041778713,0.017624762,34,0.99372715
rec_bd0d12a9e6ec8254ea33,grp_e93f2eec0732c8d9bfa1,0,0,0.09432762,0.079435356,9,0.97704756
rec_bd0ef0d749050914d524,grp_0121a10827aa0285859f,0,1,0.095927574,0.081351526,44,0.9961163
rec_bd0f14bbc255768dcf7f,grp_1ee86d8bb2cf501de9bd,2,0,-0.036129806,0.0075265253,19,0.9906
rec_bd10dfde70bf08c44bcf,grp_05833e6fb30b49bd37e6,0,0,-0.0982007,0.0037995346,61,0.8777125
rec_bd1b93b588e3648c08d5,grp_36a20fe3a2d2e6c46421,1,0,0.048363205,0.04159175,50,0.9868555
rec_bd26cfa344130febd5fa,grp_ced441e1bfee5a8445be,2,0,-0.039831594,0.007132081,2,0.9593909
rec_bd26f496434f7c4b29b1,grp_79a607d3498132a2df09,3,0,0.053738076,0.02081015,17,0.93023604
rec_bd26fd3ec96c6c34d0f3,grp_9c643ec1ca05c1a6752c,0,0,-0.035573147,0.0104104355,31,0.96239346
rec_bd295a5de217d78aedd7,grp_efdfd8778ae18a991d31,4,0,0.017663559,0.02160827,55,0.9344696
rec_bd2ea7f43b0a64186b57,grp_46ec453144bdc5af02b8,2,0,0.060031123,0.030087449,32,0.9587962
rec_bd3bc40d76acedd03cf3,grp_351ca7cb81f9d8130eb2,0,0,0.046336196,0.03814307,27,0.9521486
rec_bd45b361a84a295273a6,grp_347f26193dd5e6cbdb1e,2,0,-0.0033667563,0.012106668,43,0.9838477
rec_bd54ae0a7b547e49b08c,grp_399b2a9da2808f48b7d4,2,0,0.008972992,0.014470704,43,0.99320406
rec_bd6b4f1b59d71c33638b,grp_428cac70e6e63570c0f9,0,0,0.075538084,0.059836343,9,0.9963756
rec_bd6bc0067b28f73b7023,grp_0acd4379b42bfe46dd3f,3,0,0.13441345,0.062464397,31,0.95911765
rec_bd82238baf1f9768bf00,grp_1abc49b6056b2953a57b,2,0,-0.053097144,0.005879873,2,1.0006968
rec_bd87517ab32b9ebc11a4,grp_968bd0d76a01ad52345b,2,0,0.15913221,0.116978645,15,0.9710184
rec_bd8ac1a157ba6ec8ffd8,grp_9acb74f7d90eec3588dd,0,0,0.037697136,0.033327483,15,0.9573229
rec_bda8fe5fde723205aa7e,grp_c79fecfd7be3eee14055,2,0,0.1715318,0.13708492,15,0.93143237
rec_bda9edb975a2f59cc140,grp_cc576c03d2be07826887,0,0,0.0054601845,0.020041063,50,0.9921621
rec_bdacb3d36167c4a6daf8,grp_b598f624a0754db9cee9,4,0,-0.0018887385,0.015576334,17,1.0081656
rec_bdb67e2bbbcc158d5bd3,grp_3ab92c85551a33cbcc7f,0,0,0.056656428,0.04477357,20,0.9818834
rec_bdbc0172045418559fe2,grp_b7eb3020bde6d8f1f535,0,1,0.04113201,0.03516753,44,1.0052841
rec_bdbd9f39a3f8ff640127,grp_e6a072a7ab0266ca105e,2,0,0.08780244,0.04452007,62,0.9675501
rec_bdc3d84935f2d17b1809,grp_6b11e011c82133f0e689,1,0,-0.056908257,0.006900834,26,0.93392617
rec_bdcad3841a4600058f28,grp_a6d65130875cf402d9c9,0,0,-0.009091629,0.015899012,50,0.9941501
rec_bddb04b5d1d3aa3361ec,grp_3550d6396c878db088fb,4,0,-0.021609046,0.011177198,13,1.0073043
rec_bddf9aa2cf68e25765fb,grp_91e0858cd9813262a5f1,1,0,0.13386397,0.16116527,31,0.98434526
rec_bde2a037486f803d0662,grp_8d5d4c8e96f181c25607,0,0,-0.104343235,0.003440881,28,0.99477905
rec_bdea33869b1347e95d9a,grp_6f35d0c8b9787d95d402,4,0,0.09319458,0.07414939,30,0.97387064
rec_bdec3253611ca3e94223,grp_6f97a5c72c3ab74263f9,2,0,0.022565091,0.01760275,19,0.99244565
rec_bdf3dc973a6675d4851f,grp_1dfa12bf76d620b62120,0,0,0.047175236,0.038644906,8,0.9229915
rec_bdf46728291391ffe0a2,grp_515b0264535ccd48c796,3,0,-0.0042841295,0.0092570605,48,0.98391485
rec_be00947e761d58d010c2,grp_5dad48a1e8f4a7aef26d,3,0,0.091093846,0.03481723,22,0.95220035
rec_be0ce66efd6d19c2f8fc,grp_a5a52c8482b263ae0285,3,0,0.027367814,0.01441773,23,0.9901138
rec_be0d4eda56a02f583847,grp_e3a16e74da6615e50fe3,0,1,0.14758182,0.16976309,44,0.98968065
rec_be10010afe4e58ce6283,grp_55f969a23ecf45c7bb8e,3,0,0.09874772,0.038649652,29,0.9908564
rec_be106b63dc57fd4093eb,grp_700e67d49a178dd0355e,3,0,-0.019884638,0.007435524,5,1.0028296
rec_be120436d892a2efc0e0,grp_734de58aa6d26fbc5ced,0,0,-0.026386233,0.012060919,26,0.99680793
rec_be15edef288fa3e00988,grp_e1f9900f08a62ee99360,4,1,0.14159049,0.15456645,36,0.9898302
rec_be1793027dc601959274,grp_1a469aae90e60c087911,1,0,-0.041709032,0.008971343,55,0.9394487
rec_be28e036a7b2ce651007,grp_034c2b5b7303f85b32d6,0,0,0.0681768,0.05346927,1,0.98290366
rec_be294b2e61a4a8615490,grp_366be0580f45c427401f,0,0,-0.032670025,0.010906283,55,0.97066605
rec_be2a2ce292e1a41f771b,grp_707eefe47c6fc829c5a0,4,0,0.064974695,0.047158726,25,0.9952729
rec_be2b1b8108e1e8854452,grp_6ded47f06b633b84691c,3,0,0.02230245,0.013433012,5,1.0022426
rec_be2e06087c37c11c3781,grp_9aaf2bb07a7dd614dc2a,3,0,0.06632063,0.024769165,46,0.9211985
rec_be33de076d1e2de21ffa,grp_02e850167002c6ffb7d9,3,0,-0.012690913,0.008226483,48,0.988721
rec_be35192bd34901fe6e03,grp_435c5ba96903379d4f18,4,0,0.0062080463,0.01784175,16,0.926769
rec_be3aa1adac7ddb61292e,grp_773effa75319ca0399a7,4,0,0.0070267934,0.018088106,30,0.9398083
rec_be4a4b8643737755786a,grp_9703af5906ec36a947b5,2,0,-0.09368056,0.0032532813,59,0.9892762
rec_be5668d241e1f6632162,grp_fc6ebe14fcb5dec5ccc4,2,0,-0.10156936,0.0028992612,14,0.98619795
rec_be58b1c66b27b0dbd801,grp_3761ad6beb3764f98b21,4,0,0.10585147,0.09039969,35,0.9710162
rec_be6046c1c96d8579226c,grp_72a054f9edb0536deeef,4,0,-0.03490348,0.008929904,25,0.9716048
rec_be6748e8b79e89d9f082,grp_58d00c8d09e77e9b301e,2,0,0.119759865,0.06925907,29,0.95646226
rec_be709fc15024a76dcf82,grp_8cd0937fcca7e38e3de9,4,0,-0.00530578,0.014707475,20,0.95410347
rec_be7301bb6380225d7d2e,grp_3c40410b762c5465c766,1,0,-0.1304028,0.001930473,34,0.9797902
rec_be772ecc1eb069399773,grp_0232977c701aa5b0ff02,2,0,0.029392213,0.019418309,43,0.9827198
rec_be77e881b66b6546add8,grp_506e2de5f98898718f73,4,0,-0.11409902,0.002328775,13,0.9831128
rec_be7bf7cf21d193eb8e80,grp_66fee34aa4bd1813304c,0,0,-0.07520851,0.005504944,39,1.0043819
rec_be8d005ff57ed5cba5d7,grp_833aa8f49b4febda8db3,3,0,0.23337665,0.21298663,30,0.940447
rec_be8e77eccae4cc0a9975,grp_05941a1d27134f0437f3,0,0,0.0508438,0.040914454,3,0.98381567
rec_be9142aa2a99d44baa03,grp_a738c915fd617b1150f0,1,0,0.011834839,0.022466712,6,0.97991484
rec_be9f026a1522be3966e9,grp_997b08d86940214d7d12,4,0,0.013814376,0.020263094,26,0.96544105
rec_bea1b710c8a4802caf40,grp_b3570b917581ced0d056,0,0,-0.067661144,0.0062164627,17,0.96421397
rec_beb0081b4cbb0c5c8fb6,grp_33667b14732e400764ef,1,0,-0.019913912,0.013054863,30,0.9445652
rec_beb2899fd26b70c568d0,grp_bd9d059d8100cffb6aaf,2,0,0.03772888,0.021885442,1,0.9827472
rec_bec1af0e0963cf32a03d,grp_3eec921e36b2dc82a4c8,0,0,0.019826196,0.025160613,31,0.9582784
rec_bec47e92fe34c96c3a49,grp_3d1a35d83e6526be962c,0,0,-0.00033310126,0.018278528,26,0.96999377
rec_becfd5575ee0ecfa98d4,grp_02ae7281b57860e17186,3,0,0.038513895,0.016841756,44,0.97507745
rec_bed379c2dcdfd1e1ee02,grp_10b6ac87e6743ba6bf88,3,0,0.15577178,0.082704596,8,0.93043524
rec_bedf7cb81651e3657eea,grp_e236788ef7251a1240b4,0,0,-0.018643772,0.013650696,11,0.96532565
rec_bee3edf411bb18e38031,grp_b7833aeb65e2aa5678c8,3,0,0.016017223,0.0123029705,24,0.97887903
rec_beed7ed9ff4ee727b76b,grp_cd525e49e2385085e7d3,2,0,-0.033966906,0.007766935,40,0.9917758
rec_beede4a53778209d2b15,grp_865f4dfeeb9d2c713c23,3,0,0.053589154,0.02076721,2,0.99054027
rec_bef30668785ab911a757,grp_d48b3ce3c71de61f199b,4,0,0.051389772,0.03777416,54,0.99185437
rec_befb3550deba703a3e47,grp_8d22ef8d365eb222ddc5,2,0,0.17660508,0.1461157,8,0.97163016
rec_bf073d6fa277384b5280,grp_768ea03ee5ac9636d681,1,1,0.09797772,0.09329626,46,0.9970479
rec_bf10054f3ab0801761f0,grp_bfce5cb5146a4148242e,3,1,0.23766395,0.22334239,59,0.9724729
rec_bf1049d548c8f0c30af2,grp_9780abc1ce8b038fc7d1,1,0,0.031301577,0.031241762,6,0.9970757
rec_bf16a5422ff0b8aa0df2,grp_7424d986d69509fc771c,1,0,0.012976427,0.02290714,59,0.989766
rec_bf1e2c382bc50cd0be9f,grp_1088ab5b8666ed97286e,3,0,0.059178583,0.022439672,50,0.9524724
rec_bf20cdb2af59c73cf757,grp_225b764126f62e5cb450,3,0,0.13056892,0.059350546,24,0.9498359
rec_bf239fd8d73c36fe9a8b,grp_b810a95506407816c5f5,4,1,0.11380334,0.10218833,36,0.9975832
rec_bf27a235c2160e2ba20e,grp_270d091e37f2030ac5fb,1,0,0.04973024,0.04255038,49,0.91114706
rec_bf2a6ebae49fb41b77a5,grp_4e2ad819e2e70b5e7619,1,0,-0.020637095,0.012893712,38,0.88142717
rec_bf2b048d45b6028b15ea,grp_f04aa3051e825cd8b7e0,1,0,0.013491605,0.023108648,12,0.9834536
rec_bf2d3a6e8130a0c5be56,grp_d0e964528bbceaa51c2e,4,0,0.12897578,0.12849037,8,0.8784525
rec_bf2d9173e682e3b3bbd0,grp_9a972db3ccfc707963ae,4,0,-0.036844164,0.008641685,2,0.9753966
rec_bf573da45a353890b595,grp_28791f7fef9521101b93,3,0,0.031773716,0.015331861,33,0.98247284
rec_bf5df83c62b7fdf0eed5,grp_4a2d51f693d991895551,0,0,-0.041848592,0.009413559,12,0.9970835
rec_bf62f452d429010ca228,grp_66753656618d5148fd3d,2,0,-0.04289982,0.006820753,48,0.9784067
rec_bf71e5cf5b75fa80d416,grp_d8969a43cc1d150b6116,0,0,0.013626825,0.022811277,26,0.96259505
rec_bf8808489e11098b3ef8,grp_269cb7fadf6a23b0272b,0,1,0.032284096,0.030615035,44,1.0044179
rec_bf8893f4490b02dbaffa,grp_dd43f890db27c0f2b561,2,0,0.019534033,0.01685113,6,0.97884935
rec_bf9b20789c81a0aaf96f,grp_3a3d75d1261c134b6657,0,0,-0.012108755,0.015152067,35,1.0098753
rec_bfa8be7a43c96cb24d02,grp_0bfaa7686c65732a69b7,3,0,0.13420823,0.0622944,54,0.98877746
rec_bfb2bcc661a6e118005d,grp_85f08463d577915326e4,1,0,-0.035132118,0.010048185,26,0.9478
rec_bfc4dce0366c912d464e,grp_440542dc275569e3b517,4,0,0.028438674,0.025854873,37,0.97647446
rec_bfd4bd50396ecf74adb5,grp_25ab2b5b95a2d10078d4,0,0,0.098579206,0.08462017,3,0.9547222
rec_bfd5d2ca936684a26dea,grp_e39428943dab3ea4fa87,1,0,-0.054806378,0.007156064,43,0.9804237
rec_bfdd05b4f1c48c9b403f,grp_0193bd02978d7d229dd0,4,0,0.049048383,0.036349196,20,0.9525021
rec_bfead2961374ee1562c1,grp_b0e49d05031f93bbda3d,1,0,0.082356706,0.07270544,40,0.95209163
rec_bfeba2ae9251023ae444,grp_e8f04725655f7e996952,2,0,0.036748715,0.021580178,58,0.98035705
rec_bfecd6e3c68b4ba98952,grp_cfedcb370279277433a0,1,0,-0.07884561,0.0047214,38,0.941352
rec_bff0bcd724c68a7540f3,grp_1daad59004b8d424f936,0,0,0.08654027,0.07068583,63,0.9655591
rec_bff47ef92e5753cccb7e,grp_b74ef4e16cad7cb4c4f6,0,0,-0.17271155,0.0011393337,7,0.9337518
rec_bffdf622373af58e6d9e,grp_49f415c81bc0b7ffa44a,2,0,0.090776235,0.046410378,53,0.97874373
rec_c00756fccbb58a857875,grp_c5a9bdd5614d7fce92d3,1,0,0.03270811,0.031991076,63,0.986715
rec_c00bb3f1e70d1c053df2,grp_74df87a5ea64fc3a922f,3,0,0.1410822,0.068229675,31,0.9377491
rec_c00c68f4bae328e83b0e,grp_3fb0eb92e4d3262c855b,2,0,0.008863299,0.014447805,27,0.99462706
rec_c00ced1c7853d01b8046,grp_e984efdc9940345e95c0,3,0,0.027752098,0.014495273,11,0.99007267
rec_c013a6771f4eda9d3c8a,grp_28691c913abe55dc1548,2,0,0.020343505,0.017048713,1,0.9768257
rec_c019f899f5339ff98e91,grp_4df2e2dde8fdbcd2ded5,0,0,0.057385433,0.04528141,20,0.949071
rec_c025ae9e90e509ef9d9f,grp_e298a967bbabdd744c41,0,0,0.0677342,0.053107545,39,0.9849774
rec_c03338f97243e3d7bcf1,grp_08a709dc02ce9ccf286a,3,0,0.11886953,0.05074759,8,0.9918524
rec_c039d3f7f1d80817bd42,grp_512af12d079f8f9edc26,3,0,0.1459272,0.072723605,11,0.9714777
rec_c0401d543a6744b9379d,grp_eb5f0a82422423c7e5ab,1,0,0.030017667,0.030572629,38,0.9233165
rec_c0480aaea74b9f4915c1,grp_787ce69dbe591da457ed,3,0,0.060504917,0.022855464,44,0.9486107
rec_c04abcbd16f34244c219,grp_80b242552a2a52da1b23,1,1,0.12791564,0.14765793,46,0.9914787
rec_c04c31f583a165f71d22,grp_0667bb55df8e65a4b4f3,1,1,0.08302086,0.07348846,46,0.999791
rec_c06256535423f74dc077,grp_99c8778de26bc4e4838b,2,0,0.0669433,0.0331872,59,0.97968113
rec_c06507f731084e2c9b1e,grp_0f3f4d4b9cf29d00adc1,4,0,0.023694154,0.023893146,50,0.9802436
rec_c0671660e525cecafd9d,grp_f9954b5c9de309041ce0,0,1,0.18932727,0.28679195,44,0.9801182
rec_c0672795e2c2944e56c1,grp_f27632b6500b743eaeed,1,0,-0.024627045,0.012039303,17,0.9457351
rec_c068d3f57a18f3f2b94a,grp_e1a898cfe6ada40a346f,4,0,0.12985782,0.13018441,17,0.9911048
rec_c074c2b4fabdd12f19bc,grp_b871c1d5157c613a90fb,4,0,0.080710635,0.06079374,52,0.9899994
rec_c08107291e71445303af,grp_613b6b7fc3ee0e3b7361,4,1,0.07140207,0.052336354,36,0.9999005
rec_c0871f41489af905e86f,grp_075948a28c0980a7ac8b,3,0,0.21699479,0.17667538,12,0.91567385
rec_c08fc3d02564d73a9821,grp_4cf8b9616c29290e80ea,4,0,0.037163835,0.029879395,1,0.9908533
rec_c0a171bb007cd0d62f2e,grp_8603cb8207f8b191e7fa,4,0,0.03500506,0.028830428,9,0.9546641
rec_c0a54e377f68d4744fbd,grp_a0ace86442fb31b95745,2,0,0.0075099976,0.014168222,3,0.97157985
rec_c0a9c4744cd6f80fec3b,grp_44ea62ced4ab0081f7e0,3,0,-0.028206967,0.0066142394,48,1.0042344
rec_c0b76758b08cb2187a96,grp_217fea2d1b84e8336a5d,2,0,0.09542864,0.04952158,61,0.9530712
rec_c0bf54735d306b116a53,grp_0a9a4631a62f92105f99,2,0,0.01889425,0.01669656,32,0.99313486
rec_c0db4bf39f86ebd402d6,grp_dc88c1e127a8f659625d,4,0,0.08189043,0.06195284,37,0.9828203
rec_c0dc8cc94f578dece2f4,grp_8a0e16d26f1c8c561cb0,3,0,0.029172638,0.014785512,26,0.9681639
rec_c0e01368a8bc1f3b8275,grp_253ccda60b8f977ac3d1,1,0,0.040816307,0.036660902,11,0.9810862
rec_c0e17b1795f691fbc909,grp_a36c08cb368d7383fc11,2,0,0.06957288,0.034445643,34,0.92703706
rec_c0e1d4e8754c52aa4e96,grp_d52e3b7ae7e37e03ee1f,4,0,0.027853645,0.025604745,57,0.9702818
rec_c0efaa334f7ef46a19e0,grp_78accfa6b80e7b783e2c,0,0,0.019436922,0.025006397,61,0.9640421
rec_c0f7f85cf9cca1629aa6,grp_e6eddd60e0946e3d95ed,4,0,0.013152516,0.020040207,35,0.99243784
rec_c100b0656195c1004c66,grp_92c3eee73ff8d86d9c1c,2,0,0.09921539,0.05219883,24,0.99098223
rec_c10dcc406cfbae019ca2,grp_65dd6fbfb9fbaa0ddf44,0,0,0.021703852,0.025917584,35,0.97934586
rec_c110e76e86eff5bf0fb3,grp_8ba0f27b8b5ffc50c332,4,0,0.05920732,0.042930506,29,0.9512052
rec_c117d6535dc631cf5288,grp_3e2ddb6a1f005db771aa,1,0,-0.07869008,0.004734133,50,0.9963638
rec_c12124ab6db886b0c7fb,grp_545c2a39f46385c4fafa,0,0,0.06215203,0.04873943,33,0.9914691
rec_c12314769cac9977343b,grp_53cabf3240f046a38588,1,0,-0.049932815,0.0077844732,63,0.96860206
rec_c1255ee9d7235b952b2a,grp_447b202fe3db8bdd8384,3,0,-0.09922133,0.002429373,47,0.97665596
rec_c130ea094b301c9a5f6d,grp_69aff759b7e7c312d794,1,0,-0.066377476,0.0058586467,55,0.968246
rec_c1373261c7398ca0435a,grp_74a78a799f41d99df85c,3,0,0.06201001,0.023336414,12,0.93459463
rec_c13c39fcd046750d00eb,grp_96478431e0e6c045dd0b,4,0,0.0069028703,0.018050605,20,0.9158457
rec_c145226db9777a2af4bd,grp_1d236915ce2c1991ad20,4,0,0.0018226844,0.016577305,3,0.9379941
rec_c148c53ad8678e3defac,grp_3497be2ae8e33aa1bdf5,2,0,0.10035824,0.053033352,8,0.9832807
rec_c168aa597a8ffb660ad0,grp_e9feea4a543ac860d0f7,0,0,0.03975291,0.034417275,29,0.9688813
rec_c169d07c79fadc635376,grp_33dd519085fa4eb26481,4,0,0.08973798,0.07020241,26,0.96179014
rec_c173d112264ee50a0753,grp_d7ec475c2e7d8bc06393,1,0,0.050232243,0.042907678,5,0.9983196
rec_c17480389e7d2a5936fe,grp_ff18ee90ea826b5c43ec,3,0,0.0843688,0.031754423,12,0.9146664
rec_c17bd72a5c1642ec4b19,grp_fe40a4456fbdc7fb428b,4,0,0.08524884,0.06536628,37,0.9835524
rec_c17c411c73205d35478d,grp_6c9596cd7ee7289481b7,0,0,-0.08144777,0.0049783476,4,1.0014032
rec_c17f9d6b3b0016265cbd,grp_dce6fcc3cb598b8bdd62,2,0,-0.031935185,0.007999698,2,0.97233975
rec_c183fa55d8a190969f9e,grp_786f71372b6588f0e1ee,0,0,0.06808837,0.05339682,17,0.96417236
rec_c18d654882eda86561cb,grp_9fe0c5122c22449dca71,2,0,0.027835773,0.018988885,19,0.99622464
rec_c18ecaad779d4dc3f4bf,grp_272bd1de3a9e57983401,1,0,0.08742509,0.07888014,35,0.9061051
rec_c19b82ee880c89dfe0f6,grp_d8b289e8ee8e0191944c,0,0,0.080947995,0.06496117,4,0.99235904
rec_c19c99e68cf432c1ecb5,grp_450b06f1a152be965a14,3,0,0.13876227,0.066170156,51,0.98564404
rec_c1a2092b256d120ddf68,grp_8056ea3b280d356f5a61,1,0,-0.011852934,0.01499122,32,0.9430183
rec_c1ac4b2bfce7701d14cd,grp_2c370746931d9fd5d25f,4,0,0.07146552,0.052390043,57,0.964559
rec_c1af78c7be1a849548fb,grp_d71e422d8d9da6774d2d,1,0,0.18252574,0.30942142,40,0.9752679
rec_c1afc489b7ae6900db25,grp_fb98b04d16b3d547d7f8,2,0,-0.0357434,0.007568927,20,0.98431116
rec_c1b3e92d62a9a209b431,grp_da4481d20932a9cc6d38,4,0,-0.08357777,0.0039129886,2,0.9304705
rec_c1bcfa1e85cfecd86691,grp_4b480aaba87b16ef5397,4,0,0.04041741,0.031530533,35,0.98475754
rec_c1c0b21ad65114357ed2,grp_41d0b1f70a734373e280,2,0,-0.006694863,0.011537227,17,0.93239355
rec_c1c5d4100fb34630dbd7,grp_0e1a1a2b5eebb7ff6f65,3,0,0.052589532,0.020481246,5,0.9977587
rec_c1cbf370692b9039794a,grp_bff07b1450dc760c4007,2,0,-0.027396373,0.008544977,39,0.92819434
rec_c1cfcdf97c3a5a970ea0,grp_f2a061d0689ebffa5cd8,0,1,0.07982314,0.06386302,44,0.99976236
rec_c1d651da56dd4de66251,grp_834b10226c9c0e214de7,1,0,-0.09973077,0.0032874923,61,0.99105453
rec_c1ed0ff7c08ded9f4565,grp_2b55b932bcf435df30f3,3,0,0.119105764,0.050909005,51,0.9724287
rec_c1f8c7e253fa042791f4,grp_5c73721303a2fd8661e2,1,0,0.1639846,0.24500035,9,0.98662484
rec_c1f9791bf0b818c7a277,grp_8781d4bfa1a30894001c,4,0,-0.0059365467,0.014552392,2,0.94724655
rec_c206e7b5164a12500ffb,grp_c82aa87bc065cd6b2ee0,1,0,0.01988913,0.025759721,4,0.959744
rec_c2079295009aca2eb124,grp_e7cc288fca19d924187f,4,0,-0.011197096,0.013320247,8,0.9581258
rec_c20a5f02addb829a0ed7,grp_aace98e64ac52704f113,0,0,0.03487775,0.031886935,55,0.9548613
rec_c21b7734257a5c0b8af3,grp_d28f6625e08b2e3f1048,3,1,0.084592514,0.03185199,59,1.0021002
rec_c21bc98a16376f443872,grp_3ef994b1112410f70efc,3,0,0.18064532,0.11366255,0,0.9773209
rec_c21e08425c42e867673e,grp_4dd98ccbe777eddaa215,2,0,0.19890453,0.19174205,8,0.9687802
rec_c222855b211f29aee0f9,grp_1f578a385c6e9f43e184,2,0,0.13702367,0.087445825,47,0.9759349
rec_c223b5e966c3c23b7341,grp_0dcae3d848c9b2343680,2,0,-0.028747302,0.008378936,29,0.9599745
rec_c225b81209420eb099ee,grp_00f860a484e13a4e691b,2,0,-0.028915828,0.00835845,39,0.9082188
rec_c227782cb3872c836859,grp_b64cf334057286a92a6a,1,0,0.03854953,0.035293046,28,0.98325086
rec_c22b0f114896236a677b,grp_ec464494b70a0aa7c708,2,0,-0.030203082,0.008203592,17,0.9706717
rec_c238e4e036ac78994e14,grp_a2519da855a085535c8a,1,0,0.03698071,0.03437529,47,0.9975484
rec_c24057b2ac791c97f0c3,grp_b152955a12b5c80eca7d,1,0,-0.038835127,0.009427054,20,0.99710786
rec_c2496b0019be18a26ea0,grp_2f3eda3126461373074b,0,0,-0.07728568,0.00532375,12,1.0038621
rec_c24e56960b2e93063e91,grp_52d51c07bec2016078a5,1,0,0.04581484,0.03985962,11,0.97086495
rec_c250d3ae78b2553f794f,grp_c77391b433d6a6d60c9a,2,0,0.21293136,0.22561307,15,0.91133803
rec_c254874414175d6859e4,grp_e6a072a7ab0266ca105e,2,0,0.08780244,0.04452007,62,0.9675501
rec_c25730a8a5cbf0ba6eac,grp_d6608dd7ceca2407496e,1,0,0.12974067,0.15169963,4,0.97250456
rec_c257ef1d8356fe68262d,grp_9598a69ce03e96a7ad91,1,0,0.026834724,0.028973097,50,0.9605616
rec_c25aa10f4e71e6ac5727,grp_d43dd680e6c71bd7a784,0,0,0.11089475,0.10141042,14,0.95038444
rec_c263c1fddb63bef92f1e,grp_bb994e6469856c66520b,0,0,-0.091831334,0.004210795,32,0.92863137
rec_c269978de97bc3e9491c,grp_80bc00eab5ae415cc07c,4,1,0.14406809,0.16016929,36,0.99057204
rec_c27281da5ceb5524338d,grp_bf037f57b44ba425db06,4,0,-0.023073325,0.010904524,5,0.9281682
rec_c2766f6f71d8a144e34e,grp_9b765938954606f46407,3,0,-0.104127936,0.00226665,24,0.98420244
rec_c27b523dc09becb718b0,grp_747a987d9bc85af7fc1d,4,0,-0.001222113,0.01575163,34,0.96047986
rec_c27ba7d41d533b3c0f5b,grp_e42c09ecc0cf2ab81dc1,1,0,-0.030229483,0.010933243,6,0.95972276
rec_c27f6f1f95e4777b338b,grp_46d93ea5af0a8b17279d,2,0,0.05218028,0.026906678,42,0.9543181
rec_c283a69fc76407f0fbab,grp_51b8ac76816d30bf72ab,2,0,0.08695332,0.043993935,2,0.9786861
rec_c28e6b0424f23b035cc6,grp_5b750b4066389c739c43,3,0,0.11188785,0.046190307,44,0.93977886
rec_c291ad1d1660b706666e,grp_a94e08d87e9e576dd243,2,0,0.14813484,0.10133673,10,0.96881485
rec_c29526298f3e10bfbba2,grp_b89fa1caf828c99b2a8c,2,0,-0.04360034,0.006751586,53,0.9410825
rec_c29850fdddf55c654ad6,grp_99f32e768deb3f6d40d3,2,0,0.06738762,0.033396672,13,0.908436
rec_c29a79dbbca3eea8d110,grp_f38f764e9586b85532e1,3,0,0.023953121,0.013746392,60,0.99032295
rec_c29b94912f331ca44807,grp_f4ba739d535c674e338c,0,0,0.03607095,0.032489095,15,0.96440953
rec_c2a9a244195027e776e6,grp_20b6830fce763e7fd693,1,0,0.068305925,0.057847828,4,0.9723838
rec_c2b464f6099253c097a7,grp_968b3162d542b279fd52,3,0,-0.06733499,0.003810888,48,0.9975309
rec_c2b5b187350f4003b89f,grp_d95cb4884374dd5788c2,4,0,0.11583816,0.10541654,52,0.9834189
rec_c2ba1c1fdcb3c60672ba,grp_347cfbc5f6ef04720088,3,0,0.1309911,0.05968525,31,0.96334875
rec_c2ba48be228c8201113e,grp_b0e611050920c1d218fe,4,0,0.018482566,0.021905564,30,0.9474749
rec_c2c57287e8b5fabe0bcf,grp_aef41d1105255590c52d,0,1,0.1947498,0.30509132,44,0.98321396
rec_c2d55746f299a55fba31,grp_2ab0f398a9c242daa0d2,2,0,0.17490126,0.14302906,9,0.9482483
rec_c2f06f80c9b8e776adda,grp_48ccd8ab1552c61395d2,4,0,-0.03752484,0.008542796,0,0.9522339
rec_c2f74f7ce9e7b224c669,grp_ee2cc69d9c359b85369b,0,0,0.09951956,0.08580768,16,0.99044615
rec_c2fca473ed0f1af5f9dd,grp_d9f716b2ab65b616c024,4,0,0.01189356,0.019622844,31,0.95025504
rec_c2fca89418c22c4830e1,grp_29ae8c7bc1e292a72cbd,3,0,0.21133015,0.16530609,12,0.9314095
rec_c30375f8d23aed8c36d6,grp_2ba236df7e970df32e83,1,0,-0.019084683,0.013242085,20,0.97288954
rec_c305bee296494d928eae,grp_619a4d70c9fa0e6a253a,0,0,-0.019991415,0.013359843,28,0.9644586
rec_c3113ed4b50e78770dfc,grp_cfa1225221c2d126f6f4,4,0,0.031976018,0.027418634,12,0.98384964
rec_c32c0cb78a9d8a9f2120,grp_8c3049b0f65805d7c700,0,0,0.008826341,0.021140564,32,0.922677
rec_c343ef3cc2cfde947537,grp_55a7d43837f3c1050411,3,0,0.0064603426,0.010762228,35,0.9817669
rec_c357dedd41e9e5872a53,grp_1183992d0123bdbce575,0,0,0.016510347,0.02387612,42,0.9959221
rec_c3602b269d1aaaca1ff0,grp_c1d804c49c009ac8c6c0,3,0,0.11876232,0.05067449,55,0.97997975
rec_c36428d73570c0abd344,grp_de0b0d8cc58957a82075,0,0,0.031177467,0.030087436,3,0.97073656
rec_c3703dfcbb5b37a1e223,grp_dbecc8942791522445dd,0,0,0.055569686,0.04402661,26,0.9592772
rec_c37d1577b68d67e467a7,grp_50c816b93aa6a007c317,1,0,0.028621031,0.029860506,62,0.9738985
rec_c3958909dd53db90e9ee,grp_2785114ab8f0e54917da,4,0,-0.081946224,0.0040229578,57,1.0005034
rec_c3b57d4a304324974f16,grp_4c2e736ffd2f5c15f46f,0,0,-0.0029544337,0.017531876,42,0.9966088
rec_c3b741f85fa9bf1e29fe,grp_9a91f8024acd77213acb,1,0,0.03644515,0.034067284,7,0.97419626
rec_c3bcf45e68039aa3fd8e,grp_ddc0ae43dd3e508dc7c8,3,0,0.06238378,0.023457374,47,0.9908222
rec_c3bf40d69ec32182e558,grp_c6a6873c024518fe8772,3,0,0.082117885,0.030788723,31,0.9637098
rec_c3c494fcb69d685959cb,grp_111d069836c9b5ab06d3,2,1,0.11410231,0.064103566,57,0.99076325
rec_c3cb303c0471812153ab,grp_69d8e1cdaf6f0a37e3fc,3,0,0.036452223,0.016365018,50,0.99116665
rec_c3d1c4780ffb7d74870e,grp_62e2e1176bded83bc94e,2,0,0.0718952,0.035595205,8,0.99792767
rec_c3e5dbd6359ec0c97ef4,grp_773885ab51ddaf524b42,0,0,-0.06052319,0.006973216,11,0.9533764
rec_c3fc5ff2da08a15c168a,grp_53678e9766a129a5840c,3,0,0.013211178,0.011829274,63,0.97085094
rec_c4010edf7b0bd7f4fc8d,grp_a47a28ae57a7a3b635ef,4,0,-0.01410533,0.012683841,9,0.92397404
rec_c401a85f4baed3d819db,grp_616abd3c3cc8ab97f532,0,0,0.07696822,0.06115308,3,0.9532808
rec_c409890cea9d1c5cbf03,grp_346cd98b9ed531e07d61,1,0,-0.08820229,0.0040148515,43,0.99430084
rec_c41307669d691409529e,grp_43a0f93dc75190ceb881,1,0,-0.014249421,0.014387737,61,0.9906267
rec_c42062f72b6442f453c0,grp_e2fb9490e779cc3d629b,4,0,-0.010972665,0.013370644,12,0.961924
rec_c4219e30f0f3ed0a6f6c,grp_f6de3d50e3905041b156,3,0,0.1192995,0.051041752,0,0.991798
rec_c4226ae7f5db3bd4e727,grp_b3da6b95b409e6f7ef86,0,0,-0.005781982,0.016760059,2,0.91378576
rec_c422983600a5ceb98e12,grp_21faa5a2dfdf13bb9cc1,1,0,-0.03303798,0.010417207,60,0.972948
rec_c426eabc7e01a8d1afb9,grp_4bda5cdde9a0c7cf2ccf,2,0,0.008022847,0.014273546,4,0.94154274
rec_c42a3330bd8a04f91d14,grp_b1c050851404525b2c5d,3,1,0.21572052,0.17406543,59,0.9780773
rec_c42b2cf18988cfdf5378,grp_fc7940dba0ba953ddcb7,1,0,0.09383248,0.087370954,33,0.9778892
rec_c43381933fbb3e46e9c5,grp_705bb8452e63752e48a6,2,0,0.12869285,0.07818499,9,0.9680033
rec_c4338450254a06a43c23,grp_2291344757a42361a46c,3,0,0.021999573,0.0133762825,47,0.98918176
rec_c434358d53aebf19ecdf,grp_00d3d72d0acf162c793e,0,0,0.03266149,0.030797007,61,0.8788222
rec_c434a67d6113ab1f2f94,grp_ea920583555794af3f42,2,0,0.14543137,0.097786665,10,0.9479443
rec_c43e93650947664f18ac,grp_5dcffc47b664dca9e635,2,0,0.09572563,0.049726762,59,0.9811337
rec_c444bb32207be3d666a5,grp_63b270d4e667880edf71,1,0,-0.009794786,0.015529354,50,0.93076056
rec_c4538ce1bd49f3ad8ed2,grp_85761a7c45e1cb99e6d3,2,0,-0.061283413,0.0052188584,36,0.9491725
rec_c456e08a71f2dc4b12a1,grp_5a60be00e07ffa23abba,2,0,0.09122432,0.04670175,52,0.90601814
rec_c466ecc24d9049d11b11,grp_f4e519ebf4f2e4574239,2,0,-0.018173775,0.009768966,59,0.975251
rec_c467df7602b7f923409a,grp_119e4c986fa6568447d9,4,0,-0.07434171,0.0045775217,13,0.9882709
rec_c46a2a4f0f79574f41e8,grp_d831efe7da97b0175489,1,0,0.023155322,0.02722516,50,0.9779997
rec_c4720772f00b64753a1c,grp_0f47b206799af747cd6c,2,0,0.04016647,0.022663025,36,0.9807788
rec_c47312a38d6fe774759c,grp_91ea4638e96f98786231,4,0,0.068834946,0.050206903,13,0.98239243
rec_c4738048bd2139e4a3f5,grp_80c418ed620396cb5da7,3,0,-0.03731352,0.005818525,37,1.0027499
rec_c47ca8122ecaf0d358bd,grp_9874f9fa9bcf908da854,0,0,0.052765407,0.04215365,42,0.98519933
rec_c47f373f93a05f394b2b,grp_47075e27f08e80753be1,1,0,0.20033123,0.3791884,23,0.975232
rec_c4817fe7a1490fb91fc1,grp_25066bff34ee85f479ed,2,0,0.017772334,0.016428864,3,1.0064826
rec_c49054ef2ee23d44082a,grp_b9bd1712f595bfe424c4,0,0,-0.07007952,0.0059790486,42,0.99878824
rec_c49808eaae0991ff8d61,grp_fc89c4762b5b7b715117,4,0,-0.07007418,0.0049214154,37,1.0003033
rec_c49d8a9e43fdca7b0e56,grp_be166fb2c21c411f4f4b,2,0,0.0018189666,0.013049727,2,0.9879599
rec_c49e545b757c9ed807b8,grp_d11eb77110c733bf5fac,2,0,-0.084792785,0.0037039854,14,0.98754734
rec_c4a6fcfc3fd09be9f08f,grp_0c6a3b694e68d7f8fb4c,1,0,0.04845321,0.041654233,6,0.9741813
rec_c4b4174d8c2cda41e6ff,grp_4b5b81191112d5db9198,1,0,-0.014800622,0.014252353,5,0.9645132
rec_c4bd5b7947db57fc1612,grp_d2277ec99a6798debc04,1,0,-0.015143673,0.014168736,16,0.9511673
rec_c4c14a72a0a496956bba,grp_466e788e6b60c3e634cc,4,0,-0.10935805,0.0025244025,49,0.9481443
rec_c4c1672150a815ad8b1c,grp_cfb68e19f5724d32503c,2,0,0.026043735,0.018505983,20,0.9571825
rec_c4cf745926d50b2315ed,grp_74bd0925b9919bc0c984,1,0,0.038357284,0.03517932,24,0.962235
rec_c4dba4b7e0a0fc0fa925,grp_7ef26a770be7a54751e3,1,0,0.035747014,0.033669785,62,1.0026876
rec_c4e8446030be79ed768d,grp_11b8f8b63f717e9cfd82,2,0,0.062869765,0.031324953,18,0.9576275
rec_c4fdb335b6ba7df533be,grp_2559342e8d76f79e2d04,2,0,-0.020719728,0.009414702,58,0.98204154
rec_c50a3924c6c0c8c839fb,grp_045f55e3bdf71b547d2f,0,0,0.010935498,0.021859337,12,0.98314595
rec_c50b89c9a7a3e5ae2484,grp_93c241d219184316a09e,1,0,0.21450488,0.43871957,18,0.97453445
rec_c517d8a2bda30be8c8bf,grp_3226fbacb0be7aed61f4,1,0,0.014206681,0.023391219,23,0.9638794
rec_c51b27aae1278420f7db,grp_a390a4463ec4665cc314,1,0,0.06879896,0.058317184,11,0.9812188
rec_c51b51b5046d67e6643f,grp_974edfa5507af3cffc3e,0,0,-0.0076269982,0.01627455,15,0.9354386
rec_c525fdbfc473112a9627,grp_c165b4c86ab0b7fbbdc6,4,0,-0.08131568,0.0040662778,4,0.9795023
rec_c52637bb862cfcadbd18,grp_ee06dfdf9d2a66234aa6,3,0,0.08286306,0.031105239,35,1.0006142
rec_c528a01f8477d65cf3b8,grp_c8363b54f45e8eac52fb,4,0,-0.0645964,0.0054007573,7,0.9088549
rec_c530de02b66b41df72d0,grp_b087b37e3ed7a16bcf33,4,0,-0.044371095,0.0076084943,25,1.002339
rec_c5336e53398c109d9412,grp_f50d89b6dd657a419c5c,4,1,0.10235035,0.085608296,36,0.9958241
rec_c538dec09a19de2a38d7,grp_50269fc0393d0bcdee92,4,0,0.09560349,0.07701969,30,0.93867666
rec_c53b3491424e4fa00070,grp_6dafab0520f85e181e2c,4,0,-0.019046051,0.011670791,17,1.0028067
rec_c53ef702b42e1de1bb22,grp_dd7a7c2e1147f1163395,0,0,0.030210026,0.029633418,43,0.9373484
rec_c53fbb4193f07c5c6e90,grp_62acb43b74e4867de9ca,3,0,-0.007799652,0.008811388,34,0.9356455
rec_c54b67b652c26475dee2,grp_bcdaafe7070bc069c3b7,2,0,0.13336496,0.08326236,39,0.9421247
rec_c55cd60703a4fb655a7b,grp_3d675c3ebb2445835fc1,2,0,0.07101078,0.03515313,36,0.9585147
rec_c55e1c5895c0c8f1dcc5,grp_afca914dbb4fb3b385c3,2,0,-0.05630189,0.0056117256,19,1.0049763
rec_c569a1bb7202aaeb8423,grp_f6129ab5df38498ffc8e,2,0,0.07652075,0.037995916,24,0.98666024
rec_c56f12ac24e2c9e13dba,grp_d13175a9fcf14b35c093,4,0,-0.021951238,0.011112881,35,0.9969325
rec_c57d5d4c71d1c15102c6,grp_e1a73ccbfa84422b32f1,0,0,0.05790119,0.045643993,17,0.98321646
rec_c58888e99e617be779e4,grp_fd70b8231d6377625047,3,0,0.13025057,0.059099328,22,0.9481168
rec_c589629ce56f37c281d7,grp_4cd1252d1c745fdc40b5,1,0,-0.013817406,0.01449473,63,0.9382251
rec_c58fd1476dafb37331b5,grp_ae7796e81f99db464628,2,0,0.09578723,0.049769424,21,0.9851113
rec_c59959a2ced036d8b14f,grp_bfc97af4235569b50773,4,0,0.006659939,0.01797731,4,0.9792981
rec_c59d1fd53cd5b5dd92c5,grp_217271bbea974119c390,3,0,0.013675725,0.011906436,48,0.9873422
rec_c59d324e370fdcd2a102,grp_a47ff3bcde61cc479caf,1,0,0.07396424,0.063453525,43,0.98554003
rec_c5a302f24f7857ea37db,grp_65579abc85815f31f982,2,0,0.10764562,0.05865763,43,0.9959148
rec_c5ad94d11a6d88ece847,grp_8c68562c3324f1d409ff,2,0,-0.02325802,0.009074175,41,0.95562524
rec_c5b05ddbec3fbc216c94,grp_4f23bc108c07ea49a548,3,0,-0.07677304,0.0033356433,17,0.9537931
rec_c5c9a140e88d365234e0,grp_11181d2c5f750c1599f2,3,0,-0.005684809,0.009076877,41,1.0012083
rec_c5d0f8c1ec2e8b7d0f2b,grp_efcae2db0d0dc0912c63,1,0,-0.12474635,0.0021297247,26,0.96511304
rec_c5d2f3f09570ad8868e6,grp_f55fbd28845645b38770,4,0,0.0635543,0.046082035,35,0.97173476
rec_c5e13e3e549c5598d418,grp_0e920ca0213a30cb77b5,3,0,0.15802105,0.085153766,30,0.9734002
rec_c5e5b1b69a3b371ff35c,grp_c4da38efc45fcb0e7849,3,0,0.075995065,0.028303633,60,0.98582524
rec_c5eb426eece3ce77dae2,grp_25b0b8700b9de140afc9,4,1,0.12005889,0.112400435,36,0.9927039
rec_c5ec12d135dd58bbe0ba,grp_824f78cccf4fd7de971d,3,0,0.10981295,0.044912737,51,0.99102473
rec_c5ed354eef1749268664,grp_42849016a691dee0e443,2,0,0.08229476,0.04121139,2,0.98601097
rec_c5f250a10748ef83e36b,grp_ecbef8bb03b9228a8f5f,2,0,0.07491223,0.03714394,40,0.9895639
rec_c5f7109415218dee6316,grp_ac26444fb275454dbb2c,0,0,-0.031751346,0.011068005,15,0.9150142
rec_c5ff0bb5f0143bce980e,grp_2b11f5d3f93444825ccb,2,0,0.16058825,0.119199924,7,0.9841297
rec_c5ffe4af844af77f5e29,grp_c57c07fa7c83016bb1d0,4,0,0.007212858,0.018144555,31,0.96897066
rec_c601872ecec3aa7e84b1,grp_803e29ddff3006f8edb1,4,0,0.114339694,0.10303064,17,0.9922594
rec_c605d5e2e4b68c72e5d6,grp_fc298b105994fc7e8d32,1,0,-0.03257565,0.010500471,60,1.0039276
rec_c6164928c4dbeded4f26,grp_212f5e8f11319314c0ee,3,0,-0.09224227,0.0026811005,2,0.990633
rec_c61cb1a535ca35d5189f,grp_4dfe3237d0768641cce3,4,0,-0.059454303,0.0058928756,57,0.98380846
rec_c61d32f60e1f4f414997,grp_49d36a8dbe73c4dfa193,2,0,0.07805934,0.0388284,8,0.9902678
rec_c61d5b457282be6803d8,grp_d9d512c9934320a8fded,0,0,0.10472066,0.09265222,1,0.98163795
rec_c61e9334f7876ab9f7d6,grp_eeb3bf105706773c1f7d,3,1,0.17313153,0.10337417,59,0.9853284
rec_c61edbbd69dccc07f72f,grp_b0a7d4cca53a3abd24b2,3,0,0.0041829734,0.010424195,47,1.0053937
rec_c62467b06c16368cd3ac,grp_df9f2f4a49c3d8564bb1,3,0,-0.13428816,0.0014798252,24,0.96121556
rec_c62850764d24c2b16330,grp_b519504c488fe3b33179,0,0,-0.012416808,0.015077774,42,1.005787
rec_c63446a371df4994e8f1,grp_238496dc6d039d2b6927,3,0,-0.021481778,0.0072704246,56,0.97576106
rec_c647eabe5939d5beaa27,grp_7dba42256ded40030d7f,4,0,-0.015555052,0.0123779075,9,0.9695881
rec_c64c819a714a01c079a3,grp_9de5d62b5029285c06b2,1,0,0.007991258,0.021043833,47,1.00189
rec_c6537634e3348fab3003,grp_a601bd4049294dce1e59,0,0,0.032112498,0.030532638,10,0.98048675
rec_c658dbc5dd56a3226814,grp_57d7588e881341684b83,2,0,-0.019185834,0.009626585,19,1.0123446
rec_c65f9b8a9fa2aae2fca4,grp_9841cd29bbbef401c242,2,0,-0.055320792,0.0056924997,1,0.97645926
rec_c667a48d077dcd10a200,grp_bac618766672b6cdb9da,4,0,0.02841318,0.025843922,57,0.9643309
rec_c66f3d482b2803d235ea,grp_88f00aab351f50cfcc75,0,1,0.1400147,0.15317704,44,0.99007547
rec_c672dbd309c866f036dc,grp_7445aeafde9f45b447b2,1,0,-0.00039465222,0.018238714,28,0.9641515
rec_c67dbc8cfe6309904865,grp_081198adc9a1aef8ccb1,2,0,-0.031612385,0.008037311,61,0.96712244
rec_c6855129ac4df58a7825,grp_d20d62911eb94caf743e,0,0,0.039979465,0.034539454,39,0.98969233
rec_c6900d5a41c9f20607f3,grp_828a3f70153a3333ea45,4,1,0.22873276,0.44695306,36,0.9768718
rec_c69432a29b040eb9af6e,grp_52297899fe38019313d8,4,0,0.011410382,0.019464936,2,0.96882814
rec_c6a23343021f77b4869c,grp_f9177e0535fd5b609fc2,0,0,0.013052803,0.022604898,26,0.9831192
rec_c6a332fbb8395f0b60c2,grp_d0f868febbd5ad416a2b,0,0,0.007918214,0.020838253,7,0.99556917
rec_c6a359c7f27593383bec,grp_a1bc776631a5deca1106,2,0,0.14311226,0.094830096,58,0.9580077
rec_c6aeac986796c5a1ae0b,grp_4d3a072bcbade8c09ffb,2,0,0.07335363,0.036335938,32,0.9925208
rec_c6b7360da74fdc66479e,grp_71510ccceb8f15870ee2,1,0,-0.03765081,0.009621458,20,0.95610154
rec_c6c1584ab439c83b5e4b,grp_dd20ed5613c326a03170,1,0,0.100697674,0.09737778,13,0.98658013
rec_c6c76087e654455c3dba,grp_a520b3926f0ad7c6d296,2,0,0.010820786,0.014861855,53,0.9822764
rec_c6c7a84a6e63d5e851b1,grp_cbcd408658f74c243905,3,1,0.25214675,0.26092434,59,0.96856284
rec_c6ca40918f2a5ff1bce1,grp_a420ba05f7d1f7f7f6dc,0,0,0.020659417,0.02549383,26,0.9667876
rec_c6cab9715ae8f5e02d68,grp_d98ddfc8af573720373d,3,0,0.06180507,0.023270352,0,0.9892537
rec_c6cdebc7c421b6af6246,grp_56abb7a551f624a58aa8,3,0,0.025134305,0.013975055,41,0.9701477
rec_c6ce3a4e2b2de7642054,grp_5b342d5f0c0fc7412015,1,0,0.02193001,0.026666135,48,0.99239075
rec_c6d2f57213dacb968454,grp_a6a48d1fb36e1a748f2d,3,0,0.05058244,0.019918654,26,0.9867313
rec_c6d720da465772c66ff9,grp_547bcb64deaeac0ca2db,0,0,0.081211545,0.06522099,62,0.9369532
rec_c6d7425bcab23186cfaf,grp_64848df78786f504b0f2,1,0,-0.05016584,0.007753218,26,0.9420789
rec_c6d803066ffdeef05aa4,grp_faa046859a2ba42940e5,2,0,0.0036461167,0.013398994,38,0.9684282
rec_c6e031c411ac91d13fa4,grp_ee6f5fec81ca870b3e37,0,0,0.08758648,0.07180733,35,0.993619
rec_c6e0d4212da24b62df76,grp_e6b2c5de7be505c18f30,1,1,0.16756503,0.25670695,46,0.9835308
rec_c6ecdc57b5737d2535b0,grp_c97685146ad032a57581,0,0,-0.025599878,0.012213665,42,0.98636997
rec_c6ed41dcf116668fc917,grp_b30a115448908091f1f1,4,0,0.06182654,0.044803888,34,0.9866996
rec_c6f324da7456fe45f2a6,grp_729690143950ed6333db,3,0,0.16848394,0.09743031,40,0.95181054
rec_c6f5aacfae82ba751ba2,grp_3a855f89ab16dae0450d,0,0,0.015822284,0.0236177,63,0.9905582
rec_c6facc5f65e26d970b3f,grp_c872c34af1bf35c7aa5d,4,1,0.04990911,0.03686692,36,1.0054646
rec_c703c5e8da0aebe7432e,grp_c5439acee9ab1e4d3973,3,1,0.16907042,0.09816321,59,0.9885356
rec_c70a8befd9e222139011,grp_625f689416dd010d3489,2,0,0.053215496,0.027306598,13,0.9744255
rec_c70f4318f949e634ad1d,grp_0231fd268684e4a8c6f8,3,0,-0.0009803991,0.009696207,48,0.9845633
rec_c714aef27608d7ca2cbd,grp_9fad491df13db86faa68,1,0,0.05288742,0.044845637,32,0.98426837
rec_c71b7965fc1e2c795cf1,grp_afe85cb25c4647b7c552,2,0,0.008567434,0.014386223,5,0.97415644
rec_c71ceb8ac3a54498eab1,grp_7ec6e22bac7c98c7814d,0,0,0.15637806,0.1908024,8,0.9651156
rec_c723c807259ffbc79f42,grp_372864977699b721c8ad,4,0,0.17440923,0.24241354,26,0.9748825
rec_c729aa81157b39657e18,grp_5d31aa3890cee5c5d0af,4,0,0.014649109,0.020547662,52,0.99793315
rec_c72caa733258ae7d38b4,grp_3a53e35af7d778559242,1,0,0.0503862,0.04301783,4,0.9621757
rec_c737c5488b5bedb444ab,grp_dce2cbb197a9f29548fc,3,0,0.08407125,0.031625103,12,0.9279052
rec_c73e4cb9a669299d1b0a,grp_dc510b009676ac0eb069,3,0,0.10195776,0.040374823,30,0.9514089
rec_c74285a34ba2b91eb135,grp_5ef23f0c7f07b3ff97d1,4,0,-0.06269026,0.005578224,10,0.95584136
rec_c744931fa2d70aec3f94,grp_e068a4138257c9b70c9f,3,0,-0.019766046,0.007447932,34,0.9984077
rec_c74af4e23a6db4668393,grp_4b0bc01c43f7ff2a1146,2,0,0.119016975,0.068560846,22,0.9841156
rec_c74b4265b5cd88d179b5,grp_4263f4971218b46e74b1,0,0,-0.0009737704,0.01809321,42,0.9982015
rec_c75d391581b8f0697581,grp_672ced115e8912d726b8,0,0,0.057952456,0.045680184,16,0.9707666
rec_c769fd96e54acfdd4e4a,grp_a4b154116758d75a007c,4,0,-0.0029808178,0.015293294,27,0.9663414
rec_c77f2756c948162c3b99,grp_e2d8ba78311230b0c62c,2,0,-0.0028672344,0.0121945,43,0.9978387
rec_c77f43687f180a9b6d24,grp_bec18d73537b19f33ac4,1,0,0.07557109,0.06513556,21,0.9843374
rec_c783879f163cb4554213,grp_ae44e907d87dfc44b2cf,4,0,0.12939268,0.12928873,56,0.986289
rec_c785c670a3e39fbe50d1,grp_bd8937dd855687d1d41b,1,0,0.04146921,0.037064258,11,0.9692204
rec_c788c5a77f20b4e53837,grp_24af762bd10ec689b7b1,1,1,0.12746334,0.14667016,46,0.99280995
rec_c78d3f3dac59094a2bc5,grp_0dcb6df7ea1e746464fe,0,0,0.05950219,0.04678723,50,1.000045
rec_c78f6bf1528495c11e9a,grp_5a38a7704cb41d0c6b25,4,0,0.05528715,0.040265832,1,0.9785632
rec_c79701bbb8577590f24d,grp_896134abfb269beb1e1a,3,0,0.0805257,0.030122869,40,0.97754633
rec_c7a0ade6ebb147382ff9,grp_d61243552fa675e3aeb1,1,0,0.06327814,0.05325999,55,0.96476775
rec_c7a0daa940f4ff2de7b9,grp_952e9985d2d6537f7b6b,3,0,0.048533816,0.019360045,2,0.9675956
rec_c7a4dee6f6c588ecf68e,grp_7e6e69bc3e323efac861,2,0,-0.07949781,0.004001532,19,1.009084
rec_c7a874edace7a3bf5b32,grp_038c27d8d11e2ddb6f2f,0,1,0.10583745,0.09418446,44,0.99437785
rec_c7a8f4417c8355822ec8,grp_28d7bc93c19412280f12,3,0,0.06871238,0.025600743,5,0.97627896
rec_c7ae69d307592fc72bd0,grp_87f6f225fe73eca7ea29,3,0,0.007258247,0.01088321,30,0.99320304
rec_c7b0e8163a15f02b09a6,grp_20878eea0a31b7b1b721,3,0,-0.024455642,0.0069726477,16,0.98648846
rec_c7b5a0d5d6566b70293c,grp_12b58237182adedffd52,2,0,0.049436018,0.025873892,1,0.92974985
rec_c7b8eb7a607970d8ec6c,grp_1e1216b75ff8033aa116,1,0,0.057961587,0.048783403,4,0.9808218
rec_c7bf97c7de81f9184f6f,grp_aba5b2fdae2e771d840a,2,0,0.07284089,0.036073845,58,0.9778716
rec_c7c820a7c12e03416870,grp_73a88b3b30e83c3f3234,4,0,-0.02197262,0.0111088725,20,0.9062619
rec_c7cfd279a9f4abdda287,grp_4fd50aa0882808562a54,2,0,0.11158816,0.06192914,61,0.9512892
rec_c7dd2b0ae5caaf310053,grp_7bd094dfcf3e8006694f,2,0,0.004416818,0.013549065,5,0.9358508
rec_c7e0ac63619da0690c25,grp_86f4ab8e6378d25c53d2,4,0,0.08566292,0.06579908,37,0.99736416
rec_c7e12bd6d33e9fac6b3d,grp_55806603ce5b1f031ebe,4,0,0.064451694,0.046759527,26,0.9547968
rec_c7eec8fa0464e19f6983,grp_0f2b748c835f8600c41a,2,0,0.051656198,0.026706394,9,0.94833386
rec_c7f1e335f0f4182b21ae,grp_2c1933b0691916eacc04,3,0,0.13695921,0.06460956,0,0.9478489
rec_c7fb30fccfd60df752db,grp_f562180635c16d054078,2,0,0.10249955,0.054630965,58,0.9606685
rec_c8047f65f69df69f0adf,grp_d5bb0ee9f6f342ac6794,0,0,0.09060684,0.07513776,29,0.98034215
rec_c808a67c2e3a50d3bc69,grp_a3a4574e14647c3c736b,2,0,0.117870234,0.0674958,58,0.94999045
rec_c8113a20636427771d0f,grp_264ed7746657efd17989,1,0,-0.020791322,0.0128596015,4,0.9133157
rec_c8136e6753a0f309f7fc,grp_e8fce5796719d231d277,0,0,-0.024511235,0.012428279,15,0.95051914
rec_c81868cfba479ba076ba,grp_4b826952ba9ebb61cd11,1,0,0.10672344,0.106990956,28,0.9574434
rec_c81c93b36c8fb9cf80da,grp_e62c50a0c702f7df6b4b,1,0,-0.0032399902,0.017372986,31,0.9721544
rec_c8229c9eaf07a0bd7a78,grp_3f249462aa15d8d34583,3,1,0.11933451,0.051065773,59,0.9982642
rec_c822c197961337859840,grp_0cb5599d2a2c4f24cba0,3,0,-0.032501526,0.0062263506,35,0.99330467
rec_c82935be0d4bb8270da6,grp_fcbf96cd35465ef67118,1,0,-0.024987295,0.011964965,6,0.9598541
rec_c8312d9eeac1b9288617,grp_5618debfbb42d453fa27,3,0,0.030126767,0.014983659,24,0.9229448
rec_c843e53a50c288116fd6,grp_d95691f3d15051380225,2,0,0.038691703,0.022189412,24,0.99748063
rec_c846dbd0c321e5ccee99,grp_9a7ab3e44c7e6fef24a7,4,0,-0.04717586,0.0072556813,7,0.9681664
rec_c84b2988bfcb08b437c4,grp_9dbfb1ff9086ba0ce38b,3,0,-0.09022553,0.0027585719,23,0.9864848
rec_c84b7583483d9c588e11,grp_450ec782d70629117482,2,0,0.0015658615,0.0130020585,47,0.9982507
rec_c84c96327f8bece6b830,grp_ad90b7ff7233fd1a74dd,1,0,0.062560454,0.05263379,8,0.9651884
rec_c84e196b8e8c915d5fda,grp_3dca771c74df1a942007,3,0,0.05204187,0.020326208,12,0.9723446
rec_c84e4cca7726c31818a4,grp_afd82cd7fe5f6e145c32,4,1,0.09390397,0.07498428,36,0.9977409
rec_c85d93d9172ce7d7f03b,grp_1337e5a049e237c30d8f,3,0,0.17021585,0.09960878,24,0.91325194
rec_c85e6aec2259f08b1a2c,grp_7ff32497a04b1512b049,2,0,0.031855114,0.020117346,9,0.9668106
rec_c861567f3d4d5cc4cce7,grp_6f8b9f1d42d9471c1698,3,0,0.059850775,0.022649469,12,0.98040015
rec_c87185083ee23b27f769,grp_4976d9afb9bf7c329dac,4,0,0.022166222,0.023292862,7,0.9715068
rec_c88792c5e5aea60a11eb,grp_4b754fc007dcfdf61f0f,2,0,-0.015609501,0.010139118,42,0.9897289
rec_c894b788e8a997d85eeb,grp_3f25c47bf554160122b0,2,0,0.010688618,0.014833538,13,0.9687597
rec_c89967ef0d93ea382b1c,grp_061934f76314ac97a94d,3,0,-0.0014759401,0.009629045,58,0.9961487
rec_c89d4cde8b7030909c64,grp_51a118b4952d6faf32fd,1,0,0.1427392,0.18315054,37,0.9794049
rec_c89e0c6140ebcd6c0781,grp_3ddb60817126fa9ad32e,1,0,0.008450787,0.021209193,11,0.9540337
rec_c8a75c6c08044f4509e7,grp_17fdde38fd29a2a4270d,2,0,0.00376671,0.0134223625,46,0.98554236
rec_c8aae099ccfb202db711,grp_343d568323138f128816,2,0,-0.016802588,0.009965202,7,0.9797161
rec_c8acf9ef4e2a790f80ce,grp_3d3b2a5f3ade43757973,0,0,0.085037686,0.06910342,14,0.9856619
rec_c8b50cc4b1e63d6fe8d4,grp_ef5b9b15ffdce4b075e7,0,0,-0.0053086947,0.016886882,55,0.9790621
rec_c8c3c9e3c04cf0c48c58,grp_b4fa4be13c24f0584ab5,1,0,0.053507153,0.045309834,43,0.9834005
rec_c8c778dd6c3718b0cd22,grp_c9a0eaf65e26091a43bf,4,0,-0.0039887973,0.015036547,30,0.9427516
rec_c8c9143c187cac4b400b,grp_1ac95d2a8011178c89e7,0,0,0.038941115,0.03398288,8,0.99252284
rec_c8cbf0e0528de52cccb0,grp_b91685e704025d21cb9b,0,0,0.042441383,0.035894424,11,0.99369097
rec_c8d2aaebaa18e64e3280,grp_57701ae9abadd470729f,4,0,-0.0004098487,0.015967855,57,0.9868191
rec_c8d6e09473a3b2aa2338,grp_f1a0049910cf824e7cce,2,0,0.022000644,0.017460326,10,0.9607808
rec_c8dc58884821ab571b86,grp_4f0dad6a6f071700b200,1,0,0.04299966,0.03802654,48,0.98820275
rec_c8dfe793a9c36fe3a786,grp_7c62b7b9a35cca336adc,3,0,0.04352,0.01805689,12,0.95878905
rec_c8e035eb0205ffa615cf,grp_911859afbcd02df72c34,4,0,0.093004614,0.07392726,1,0.98161525
rec_c8ea4f19551ebd9f502b,grp_bbbdbae14e00d4884fcc,4,0,0.012571858,0.019846639,26,0.95477813
rec_c8ef4e939b2d29244c6b,grp_830b5fd40ae757c14155,1,0,0.0068852296,0.020650983,25,0.9222571
rec_c8f4189c656d4c250148,grp_803022148559e977d879,0,0,0.11468139,0.10713884,8,0.95601493
rec_c9019491b011b0fa615b,grp_ac9b38abb105d316fb4b,0,0,0.101712756,0.08863619,9,0.966638
rec_c904cf8b32d84f5ad170,grp_5cb85408f9b7f91067e0,2,0,0.018461715,0.01659285,32,0.9900112
rec_c90a461de62408d9df83,grp_0dfb6f739db65362b3aa,3,0,0.04249647,0.017801639,44,0.998371
rec_c90ca2046c5618871480,grp_803f955e6683c98fc182,3,0,-0.015157216,0.007946327,44,0.99836653
rec_c91218f1bc3b3f5866e5,grp_1f6c079f72fc97803a7d,0,0,0.062559165,0.04904614,50,0.9666359
rec_c915639cbf85095181e5,grp_2cce294435bfb13f5b4e,0,0,0.06655102,0.052151863,27,0.9629769
rec_c926c898edfabfb30fbe,grp_daa9780a6b9011def43d,0,0,-0.07760488,0.0052964357,38,0.97359616
rec_c94a90349309fd4fa20f,grp_ec2ae2d1d3f9073dd73f,0,1,0.05814136,0.04581378,44,1.0031159
rec_c94b7e3af000c38669c5,grp_646202c9953f82d283de,0,0,-0.054304905,0.0077065933,62,0.969783
rec_c952e3c55e2870dd1fd3,grp_0e7b3a79aeb5543c3b6b,1,0,-0.0506399,0.0076900125,59,0.9846001
rec_c95938b0950576327ada,grp_e8048b46b82a0c91a05a,0,0,0.0947203,0.079901785,50,0.98661155
rec_c96287c7c0057829c253,grp_87810257de168af3d91d,1,0,-0.04373268,0.008663618,44,1.0016992
rec_c963209e357b4d20ca0e,grp_e7ae3f895742daf19a2e,3,0,0.22852245,0.20168966,42,0.944054
rec_c968a49888f621ab54ef,grp_af8435370233ed12bb98,0,0,-0.034932826,0.010517845,30,0.9634804
rec_c9728e74868bf70894a0,grp_bb1c68c7e75f008a2c20,2,0,0.09408663,0.048604395,6,0.9449636
rec_c97754b257e64580adb1,grp_034af31ce2ffa7ceb072,1,0,0.08334438,0.07387266,61,0.9816737
rec_c98348c40aa1b27eaa76,grp_3018aea5c9af6138fff5,2,0,0.1997084,0.19357368,12,0.938234
rec_c9893c29cb4f8100a15a,grp_104fd34c7820f39f8a35,4,0,0.08241963,0.062479436,49,0.9696177
rec_c993d043708fd3a085bf,grp_090ba9ecbd0c53bb52f0,2,0,-0.023749575,0.009009656,13,0.9839591
rec_c99c4bce8df130b83197,grp_1905b43d6efb2bc42d69,0,0,0.022494623,0.026242979,33,0.99404377
rec_c9a7a2b78a3f0370adf8,grp_2093bc82daf69f5f82ac,4,0,0.099705026,0.082141966,37,0.98686206
rec_c9ab68db30c8abe35af2,grp_61cfe0846c6d523992ff,3,0,0.0495822,0.019643966,56,0.9516506
rec_c9b4096a8e3ed8d65d58,grp_5cabd98027c1e7c6090e,0,0,0.0051131956,0.019930962,26,0.92698944
rec_c9b946ba75a60468029f,grp_e814fc0f5989f08cf29b,2,1,0.042166945,0.023321275,57,1.007754
rec_c9bf03f1b3709d7ee4af,grp_ee5d82e7cf0da7c94bd9,2,0,0.0044518993,0.013555931,22,0.98429024
rec_c9c4c06d34876adfb162,grp_742c71111cdbcd235b75,0,0,0.07251631,0.057141002,53,0.9607185
rec_c9cdc3ffb5c9bddaeac0,grp_62d1e2229ae9a7e84a25,4,0,-0.01300441,0.012921148,30,0.93326795
rec_c9cde75e19d86cdc6ef6,grp_0570f6602638ab83473b,2,0,-0.041730274,0.0069378,27,0.98650634
rec_c9d250aa89dcfb0fa81a,grp_8cb146fef7dc8c2491dd,2,0,0.10868485,0.05950391,8,0.9714692
rec_c9e75000d3d2fb02248e,grp_d2a66083e414d8207d81,0,0,0.032143313,0.03054742,15,0.94469076
rec_c9f7153401371cdae94b,grp_e2dd714057dcff9c6239,1,0,0.11360075,0.11897412,49,0.96256566
rec_c9fb5a1b32b99a8817ac,grp_9bf5009af1b52a42c827,0,0,0.10352567,0.09103752,35,0.98202825
rec_ca02697de21299828f2f,grp_1be5c3c005f4480ba16b,2,0,0.05935336,0.029799057,5,0.94077927
rec_ca083642e82fe3f27f75,grp_9689e79af9f914e60944,4,0,0.021192681,0.022918092,57,0.9947145
rec_ca0e9ce0a45f7ffce1e3,grp_8d783ab1286c805a0ebc,3,0,0.024300855,0.013813326,50,0.95946026
rec_ca1561bd01cb02108e66,grp_27309b7dcb620f1455a7,4,0,0.071155645,0.052128296,8,0.9493801
rec_ca1d19cde2b3be9b11a5,grp_6664356a93cb784bbcd1,2,0,-0.028739432,0.008379894,17,0.99244773
rec_ca21936e7194a1e66823,grp_a07cd9438e4aa1ee59cd,0,0,0.15036158,0.17620495,42,0.9880348
rec_ca233380f6c3ff7fea71,grp_52d5c52328d94f18db9d,0,0,0.08299496,0.067004725,35,0.9971462
rec_ca3349af852d40cfeb87,grp_a5625960a15eaf28ed2d,4,0,-0.07338997,0.004652082,19,0.95264184
rec_ca560c2d4e14ef7bdba3,grp_3be3e77482645371b01c,3,0,-0.018009815,0.0076340814,9,0.96700585
rec_ca5c93cfe2b8060f9bcf,grp_02802e3ed268e846e425,3,0,0.087728485,0.033250496,31,0.98834234
rec_ca62426fb27b0d045df6,grp_20bea3c1fad37a6c55d7,4,0,0.16437757,0.21238892,42,0.97788775
rec_ca65a90fe6d5604571d3,grp_28c874df84ff909ba66a,1,0,0.035885967,0.03374854,37,0.95377016
rec_ca678c2f9cea8014c900,grp_4f1e12aa8ba719486379,4,0,-0.13410048,0.0016567947,50,0.961916
rec_ca6d0346383c94ac931b,grp_428eac06eb276d5f844d,4,0,-0.041811757,0.007945264,37,0.9569462
rec_ca7a998d33f05aa351be,grp_4ab93e03af729bf5e421,3,0,0.11227599,0.04643311,0,0.9581508
rec_ca9460b3bbce7f1ce4fb,grp_44d10f1fa4177c883ed7,2,0,0.048889328,0.025672806,43,1.0050606
rec_caa5ba61187ebc06aea9,grp_d03e4eb035e5ff4b2031,1,0,-0.02467741,0.012028883,62,0.98356086
rec_caa8da74a6dca41c1331,grp_f7a3d81405c7e866f6fe,2,1,0.075165994,0.037277117,57,1.0019153
rec_cab01a563d72a1b7aced,grp_9462e1ac03925cf5eac4,1,0,0.042788267,0.03789222,30,0.93384945
rec_cab3037ddf6a060b9b4b,grp_579fbfe6a6d7e84f7a36,0,0,-0.060407992,0.006986152,60,0.93907046
rec_cab3ad097b73e80052c0,grp_3e5b64c254ce99628743,3,0,-0.06433694,0.0039755353,63,0.9581791
rec_cab4266523eba8dfe0b1,grp_081afbc12551ae1ace5d,0,0,0.23062155,0.43978506,5,0.96938187
rec_cab59344148b9071a9fc,grp_3b812647797a8a5a3e79,3,0,0.10704563,0.043261137,23,0.9890785
rec_cab70791522a35200720,grp_ed7d0121e94b6d9b72c4,0,0,0.07818818,0.062297687,24,0.9908557
rec_cab9e9e4085dab55b9ad,grp_3ce131ea1975e5583d68,4,0,0.13926029,0.1494441,56,0.9657481
rec_cabfd5079a01448e2b7e,grp_75f6cbcf118c78a04d50,1,0,-0.01747328,0.013613521,9,0.9898894
rec_cad74653deecbfaed4a2,grp_f91f97ac12071e1615c5,4,0,0.01316436,0.020044172,26,0.9825148
rec_cad92f64346cefbbb305,grp_371505e3b6fb1616153e,4,0,0.14012916,0.15133755,22,0.96965027
rec_cae465517175ad15ce8c,grp_b7d739c3183f664d22ad,0,0,0.023994528,0.026871119,8,0.9497229
rec_cae83179817daf204821,grp_f04b11b42644fce35a17,0,0,0.047113124,0.03860754,8,0.9480189
rec_cae87575579261d05b8b,grp_56d65ea5b18d7b2ba3ab,1,0,0.10909823,0.11100376,48,0.98870575
rec_caec4500965811043cc3,grp_5d7129a30ebd98ee7c26,1,0,-0.10000564,0.0032718566,9,0.9943597
rec_cafbf1c92bd3755fa1e6,grp_10d433e48a650cc877fd,4,0,-0.048001133,0.007154997,35,0.99893945
rec_cafd5045d402e1518e4d,grp_a7dfc70336c59835579d,2,0,0.1784192,0.14946268,5,0.93124866
rec_cb007d1f485981c3ced9,grp_ac5fbc3f5c24917cd462,2,0,0.036306452,0.021443803,12,0.9738482
rec_cb03be984555a701f78a,grp_0cd07708687a903269da,2,0,0.03747294,0.021805324,40,0.9518914
rec_cb08a1098dbaff4de8b4,grp_1b2b50b6aa015bcc8cf0,4,0,-0.028590921,0.009934899,20,0.9678462
rec_cb285d54fd670d10cc1a,grp_7e37c4b63f1eb605e998,2,0,0.13330688,0.08319745,48,0.97828233
rec_cb348c216e3e7d35f75b,grp_8693f89dc5a26f9f92f5,3,0,0.02370967,0.013699725,35,0.9987882
rec_cb353cca9422ed6beef0,grp_2cd6cc960499eecc5358,3,0,0.06490465,0.024289316,22,0.97874695
rec_cb3aec571b19c2e1d529,grp_15cdf3c68397133e3c6f,1,0,0.010409868,0.021928549,44,0.99402964
rec_cb3c992c940462638b99,grp_9f882654fdae01d989c6,2,0,0.06342484,0.031572625,19,0.9988255
rec_cb3e00316747768a9c08,grp_b7551662d049e2792c7e,4,0,-0.07315919,0.0046703443,24,0.9878991
rec_cb42c183fa8254070bc5,grp_f277b0528a19d204e3ca,4,0,0.16204743,0.20581698,6,0.9654116
rec_cb44b465a65a072d42ec,grp_65b0dba5f08ee1a25398,3,0,-0.025073066,0.00691236,15,0.9921181
rec_cb4598636f5109e52270,grp_aaab2037cab5d359515f,4,0,-0.018816585,0.011716022,26,0.9567132
rec_cb67ce45154198872dd3,grp_faad54cb431ec1e20a35,3,0,0.030479811,0.0150576355,40,0.9487276
rec_cb68399ee7034ee94422,grp_880b6a317ac56d5d36ce,0,0,0.04170224,0.035482336,53,0.9949648
rec_cb6e5f243a15fd1b794a,grp_524c4aab12e5c4645a85,4,0,-0.022281293,0.011051191,57,0.97091633
rec_cb745d5d69a62f14e78c,grp_164fdd7fc5ae41d35253,0,0,-0.040001333,0.0096967565,15,0.91978824
rec_cb80239fae3fd217a2fd,grp_a0a09e102350a590d263,4,0,-0.086203,0.003742294,17,0.9869566
rec_cb810871cecf8cecdd7b,grp_08eb30a7444e5f307607,4,0,0.06370851,0.046197787,57,0.9949727
rec_cb8a1acf6339f351dace,grp_203f48d477b349072981,1,0,0.044495337,0.03899013,59,0.97512054
rec_cb90eaab92c54e907723,grp_4c86d148ad8b8dc18401,3,0,0.08445265,0.03179096,15,0.9945856
rec_cb972e33e49b06b9800f,grp_724575647e07714f1600,3,0,-0.010551953,0.008477367,35,0.9935859
rec_cb99c80d107648731bc2,grp_e88250fa536781108f75,0,0,0.16491455,0.21307129,50,0.9832536
rec_cb9b013235af047f65d3,grp_9baf23128f7360f51e78,4,0,0.03456729,0.02862211,55,0.9253976
rec_cb9b6f8e62f0462bfdf2,grp_1b905d6d3661ff3657b9,2,0,0.038618423,0.022166135,61,0.95885396
rec_cba553afce7a37cd2da9,grp_c4fab93658ce383a0f46,3,0,0.08775556,0.03326283,2,0.9835205
rec_cbac4e99515e26c672e2,grp_e188d3c9c7b5bb7852f2,1,0,0.059630275,0.050148603,11,0.9890131
rec_cbb3c1482c3fcccfb21c,grp_b964737cbbf767b0bc5e,4,0,0.06351962,0.04605604,3,0.9272261
rec_cbba84cf9d087be94c1d,grp_96b2a7c68668e9e89bae,3,0,0.1406272,0.06782114,12,0.91795003
rec_cbca3c5cf49890c7d1d1,grp_03aca123b4f5b5748fbd,2,0,-0.017539172,0.009859306,43,0.997301
rec_cbe71ce80816403fc385,grp_0fcdb77ccd07e4ebe745,0,0,0.032724477,0.03082748,35,0.9918045
rec_cbec17abd7b50c239e89,grp_0e141008cbd6ae13e872,0,0,0.01991832,0.025197247,56,0.9687617
rec_cc0539d82f905ae7b20f,grp_51fe0ec99150c0691bd3,1,0,-0.024322769,0.012102437,52,0.96717185
rec_cc0fe3cea2810249e59b,grp_b3b7ff786f60205ccf05,0,0,0.06105119,0.0479192,63,0.9896668
rec_cc15668b129d2fa3b980,grp_03102b683c6c16ab66d9,2,0,0.14570872,0.09814569,2,0.9887701
rec_cc28a00c0d177045871f,grp_169c96498616b01b2bda,0,0,0.008114448,0.020903219,3,0.97214097
rec_cc2ac7dd6c80faa97658,grp_436dde65cd972fc34d7f,3,0,-0.091456115,0.002711039,37,0.97401464
rec_cc2d99f74095b744fa51,grp_9031904e608804d31763,4,0,-0.124388285,0.001954688,57,0.9906015
rec_cc2e5e694b13a815e9bc,grp_0f1c7a33d44fa3667cab,1,0,-0.0050602295,0.01684047,6,0.9880449
rec_cc376ba7751a49105846,grp_22e6cb4a1db234ebe358,3,0,-0.037950933,0.0057665366,17,0.9788291
rec_cc42857c77acfcbde02a,grp_59ceb8107bd8264481e7,4,0,0.037649773,0.030120572,52,0.96919966
rec_cc48e8e6752d5679b52b,grp_d950b09ba50fed8f71c2,1,0,-0.044230986,0.008589464,23,0.9887591
rec_cc4ba3637cb830d3f4f8,grp_e658c49d92f3ec8f5867,2,0,0.037912503,0.021943096,1,0.936061
rec_cc4cf402e8daf1a4bc9a,grp_d4a88552b4eb30e2dae3,3,0,0.27181685,0.318087,52,0.9321944
rec_cc533576e10eed436345,grp_cf9a5c29bf12cb730ad6,0,1,0.13491915,0.142773,44,0.9912624
rec_cc5a4b9e8b89ecb75ba5,grp_831081858256fe09486f,0,0,-0.03434977,0.010616609,22,0.9978698
rec_cc5a6512c59767517b34,grp_0096b2e966ee0ff29d5a,4,0,-0.124895535,0.0019378832,2,0.9527662
rec_cc5e21a5be39cffc46b8,grp_e8328dceaa4f59002fa2,0,0,-0.05165838,0.008041479,12,0.96436864
rec_cc5fc3c438b42433c68f,grp_4a80a1148df992131e4c,1,0,0.057962183,0.048783887,21,0.97539526
rec_cc644bf6286184df9ae6,grp_4c90aaee81caf8b8de04,2,0,0.05690713,0.028780302,16,0.9810205
rec_cc6b23f06adfe6c9ffaa,grp_ed794d509f7aa7b57ae9,3,0,0.05207307,0.020335007,1,0.9872003
rec_cc6e743c6317a513541e,grp_52b0f999a56e6079d41d,3,0,-0.0060761017,0.009027162,63,0.9518025
rec_cc7adf2a5c7a043d5556,grp_12024e41b13dd8bf59de,3,0,0.106701,0.04305957,63,0.97641003
rec_cc7fd41b80882ffcb11d,grp_ab081954087e40201425,0,0,-0.23325717,0.00042754118,28,0.9857035
rec_cc82781176e0172d8770,grp_de8120af5e862fc32a8e,4,0,-0.0018231543,0.015593488,49,0.9139746
rec_cc82c738b85016601faa,grp_c670bd9ffcceb0071877,1,0,0.05039318,0.04302283,13,0.9460709
rec_cc842f93340db03c3699,grp_7d62555238020feb00fb,3,0,-0.055047564,0.004532021,35,0.9988342
rec_cc878052f867ce892116,grp_71d7a538e9e435b8f23a,3,0,-0.039640717,0.0056309323,60,1.0029091
rec_cc88496362a8754a2ada,grp_c04f1db5985bbb5421cc,0,0,0.062187944,0.048766408,31,0.9735981
rec_cc8a1c0b0b0d4ab6662e,grp_28f4e7dd2c200a36ddbb,1,0,-0.0036601557,0.017248621,11,0.95751446
rec_cc9b509b775a6d395093,grp_1bac02f6189f10de49dd,2,0,0.081361294,0.040674448,59,0.97025996
rec_cca04f01ed46132505c6,grp_39f4510eac5d933187ae,4,0,0.084381595,0.064468436,26,0.97342783
rec_ccb2cf3847ea85b492c7,grp_9bc65afe23c18f1524e5,1,0,0.021700662,0.026562747,41,0.97340727
rec_ccb36a51264b3bbb31a6,grp_318f505d322c5488110d,1,0,-0.023284702,0.01232032,22,0.96615547
rec_ccce200f897070690390,grp_235bafe8f154cc471990,3,0,0.029088547,0.01476817,35,0.99866295
rec_ccd054798d04af2c9981,grp_e39b4d8435d8e5078594,4,0,-0.06463686,0.0053970516,30,0.9458388
rec_ccd911f1e7650e4f0a29,grp_ee53575b5ed9582cb30e,4,0,-0.050729565,0.0068318965,24,0.98853254
rec_ccdaa72f9ef87b72dc42,grp_48a2fe4ff4232defd600,1,0,0.1133324,0.11848552,44,0.98784983
rec_ccdf94bae06506df9b8c,grp_66678cb76b99a59d78be,4,0,0.0108999815,0.019299483,30,0.88903105
rec_ccf199982a0be624054b,grp_a31b1b4a3dd79f86dbe9,1,0,0.005948089,0.020323746,4,0.96643335
rec_ccf7528854b89fb43c01,grp_39a69f0f60bb474e5b53,0,0,-0.05166909,0.008040095,50,0.99397475
rec_cd08da08f4b94b448c22,grp_f1764df01ce277b8592a,2,0,0.028560605,0.019187693,47,0.9928973
rec_cd1a3673469817ad65fb,grp_03d3de3873268c403c15,0,0,0.062399175,0.048925407,14,0.97269654
rec_cd1b2f5449b81d037294,grp_10bdf50c73cbe8ddd5b7,2,1,0.095686026,0.049699362,57,0.9959097
rec_cd1e8f9df1a3b08ed716,grp_41972e228c1be633a3dd,2,0,0.023099845,0.017738726,14,0.99109757
rec_cd226cddc4776a4091a0,grp_9b3d8f2631f6b862cd1f,1,0,0.038086895,0.035019975,17,0.9661666
rec_cd2eb53f052fd4ae85ff,grp_2c29b6b20f3f366d50f5,1,0,-0.061458644,0.0063788453,48,0.98728406
rec_cd3b92afb76e357169c6,grp_7d4110b55cef20f63463,0,0,-0.07705371,0.005343687,39,0.99702805
rec_cd3f5fa13a914ad4b2c8,grp_d50b067d1a4d4ed347b0,4,0,0.011161894,0.019384213,27,0.97780645
rec_cd4dd74cd694f373c036,grp_c9f9c722dd081ecc672b,4,0,0.039874874,0.031249195,7,0.9743645
rec_cd55b2656226beed2aef,grp_89c6c8fa493866cbfbe6,4,0,0.23100558,0.4565534,44,0.97000825
rec_cd66734dd0d14e71b78f,grp_a90926f5bdd48e4d1904,2,0,0.017780043,0.016430689,48,0.9758155
rec_cd67b607638d70249d25,grp_f87cbf3fe7a423ed1cd1,0,0,-0.0273949,0.011867756,61,0.9619582
rec_cd713aa8abcd4bc3b088,grp_c19d83ef2dd400de5b42,0,0,0.021663055,0.025900904,8,0.9770742
rec_cd758faf0d0543146678,grp_41ffb3b348b2030b2248,4,0,0.027595911,0.025495306,8,0.9101451
rec_cd7695e6fe6b26d8cd64,grp_021be4e89fb63fedb87e,3,0,0.21835278,0.17949052,12,0.9550788
rec_cd76dff23984fe1d8cf1,grp_4069f30b87d1f3965838,2,0,0.023111045,0.017741583,19,0.9952784
rec_cd9168d92e3179e7fa51,grp_eee8e944bb74093add64,3,0,0.10518469,0.042183273,47,0.98046345
rec_cd92752dfe4f968fff3d,grp_850f4e988c8428ee9859,4,0,0.08717104,0.06739792,26,0.96187156
rec_cd9d9b1b47b5ea741964,grp_5c217ec8ae8b9721da1d,2,0,-0.040424384,0.007070852,20,0.96513087
rec_cd9fce1e22fdfdfd350e,grp_86e6403ce9d0dec9cf08,3,0,0.03181931,0.015341611,35,0.99911433
rec_cdaadfc53eeafc262997,grp_ca45a0fbebad3d85c816,2,0,-0.019931877,0.009522948,7,0.989396
rec_cdbfdb209dc1c3872c05,grp_495ac6906fb6b6056255,0,0,0.15204501,0.1801987,35,0.9817574
rec_cdc09f26c2b58d69ed18,grp_89a79abce5299f3f57e0,2,0,0.1297489,0.07930727,6,0.9487371
rec_cdc120b2f2d032775f96,grp_e8dbd76005c5acdabbd9,0,0,0.0042853295,0.019670662,35,0.979375
rec_cdc1bc9308312a03ea3c,grp_c15caaef382a80b7375c,2,0,-0.09299555,0.0032859847,5,0.9390196
rec_cdc2f700a7153d6afbbb,grp_ef94a71a2e62fe9ea30c,2,0,0.025448564,0.018348284,15,0.93621445
rec_cdc31b7077c8568e7d10,grp_fcc1482f13e72d13939f,0,0,0.117585234,0.11172288,38,0.9717306
rec_cdc619dc290e90fd6d3f,grp_89f01c07d71a48c20c2f,3,0,0.14420201,0.071092986,11,0.9833419
rec_cdcc3a1d83f312203f54,grp_f51cd636878684bfe54c,1,0,-0.008321912,0.01592608,7,0.944958
rec_cdd393fe5b66453dcaa5,grp_188d851135f6bbbc1696,4,0,0.057966605,0.04206942,12,0.9870658
rec_cdd8790e7d7b49981395,grp_c338da789239328ac069,3,0,0.10677386,0.043102108,44,0.96284956
rec_cde27d33e74df4ed53f1,grp_eb686190a0bb9380f4a3,4,0,0.04364786,0.033257097,0,0.9692738
rec_cde7849c0f27c3ba2157,grp_97a16ed963103924284d,1,0,0.053822428,0.045547742,11,0.9862214
rec_cde937cd923a54039a93,grp_5296fb9f6093315053f5,4,1,0.1276132,0.12591043,36,0.99233466
rec_cde97a007379b53b41ca,grp_a6d6b3e865eaf78a1a76,4,0,0.069796614,0.050994825,8,0.9914748
rec_cdf1311024af6bf8bfd1,grp_268738c763f130ec9107,4,0,-0.086322255,0.0037347174,30,0.97839457
rec_ce0c295ff67fd3ba323c,grp_c2300a22a683c5af16b4,3,0,0.20006591,0.14445078,31,0.9687478
rec_ce10ccfc62631c3b50f3,grp_330d4ce9d7a7320ca90a,2,0,0.042432673,0.02341011,22,0.967935
rec_ce251c7624fa68964a6c,grp_99b27e042466fb2fd5df,4,1,0.10816295,0.09369411,36,0.9950774
rec_ce34ffb64191ea90de08,grp_6f12fd263e7135a33e56,3,0,-0.009656649,0.00858462,56,0.8493545
rec_ce3ac8bace0b49083cf1,grp_76aab123260bdc1b7fb2,1,0,-0.0028120123,0.017500577,1,0.9350777
rec_ce5cd9ddc7c1c58c3a9d,grp_e51cad9428fa734ee500,2,0,0.07846955,0.039053284,42,0.99602526
rec_ce6efd3e4fff206741de,grp_8d9e48e2b0f99291b87c,4,0,-0.01713755,0.01205227,17,1.0030276
rec_ce7a7af6173aa7f87474,grp_22b41726fe4079d7e4da,2,0,0.17850561,0.14962368,10,0.9821467
rec_ce7cd8fb372e5d409162,grp_82aff9b021c07752b2cb,4,0,0.077138126,0.057406444,17,0.9686308
rec_ce7e590f926b5fe7f4e5,grp_f450a460c5cae9c65171,4,0,0.094303325,0.07545808,21,0.945783
rec_ce82af7817a539840520,grp_aee9edf922e7d7386b9b,2,0,0.07357464,0.036449477,2,0.9805521
rec_ce991fec47c3ed1cb67a,grp_19763f515386c67ca9c8,0,0,0.13413812,0.14123142,34,0.9482073
rec_cea22f9131bf16f67817,grp_a1fa024d0922fa2e0861,4,0,-0.084292695,0.00386575,20,0.9559264
rec_cea6d8bc1528e12b7909,grp_c39260bc38cb2c984476,0,0,-0.052446783,0.007940236,32,0.95674545
rec_ceafa1210e212184d85a,grp_61924a2e546ec62a54ff,3,0,0.093343,0.035903737,56,0.96811926
rec_ceb0705a6fa4b5952b19,grp_b8ad2654f614fe397480,2,0,0.006706739,0.014004804,32,0.9763279
rec_ceb48da7c4e405ce49b7,grp_5ea539a662d3cdec5380,2,0,0.10045337,0.053103395,1,0.94881624
rec_ceb8a4d4059e24e9baa7,grp_9d4e156c5386148b57eb,1,0,0.012849997,0.022857953,48,0.9940013
rec_cecb76541b7f16483bb5,grp_4ee6ed293827e6202a8a,0,0,0.02843218,0.028816342,61,0.96178085
rec_cecc18091ef975a055f4,grp_83c0caef456e007d1c9a,1,1,0.09768898,0.09287213,46,0.9967977
rec_ced5475edc0f8cf3120f,grp_69bfa8ab966d51205347,3,0,0.2361723,0.21969916,22,0.9331263
rec_cedf427ecf2285b93164,grp_a26e1e26f9eaa6125379,2,0,0.04576608,0.02455286,5,0.9079601
rec_cee8ef9abcf68151dfb0,grp_f6d88c56e77660f66f48,4,0,0.05237947,0.038392495,56,0.9825403
rec_ceeb010ee7f50218a5c0,grp_41419731ca500cc81218,3,0,0.044721577,0.018361123,19,0.9862218
rec_ceee442a9a4366497066,grp_831cf5e11d09ea94d6d1,2,0,0.042539537,0.023445927,43,0.9895095
rec_ceef4ee779c0b3517fd3,grp_82e43da924070a3d6b24,3,0,0.20331547,0.15023227,52,0.9673902
rec_cef2c10e52362dcdc602,grp_920c2759be0846605a54,3,0,0.058914643,0.022357818,50,0.96757853
rec_cef6ee12284479e5b54d,grp_5a8b82d423d6d52c49c4,3,0,0.12051754,0.051883854,40,0.969798
rec_cefbc20cdd1ae4c4353d,grp_7aa8cb3b62c799244805,4,0,-0.030010007,0.009699637,25,0.99752367
rec_cefe2c97b2a39dfe1dda,grp_88477a48520f0ae4d4f3,3,0,0.08256492,0.030978218,26,0.98655593
rec_cf06472ea9a41c3f6fdc,grp_ba2743519920fb3408b7,4,0,0.06090593,0.044136707,7,0.9759159
rec_cf0ba880fe0d5c027483,grp_87bbe7e5f0b7ea7ec5f5,0,0,0.050019596,0.0403937,3,0.9788993
rec_cf0d7955b8cb64bee6dd,grp_d150ea10322bf0da5897,2,0,0.037570637,0.021835873,59,0.9775656
rec_cf0fa2d2d42e8eae1353,grp_d4f5cf987cb68a966c65,2,0,0.0012480072,0.012942439,9,0.9896304
rec_cf16d8f77d6c043a5e11,grp_5023b304473a138ad3d9,1,0,0.06717538,0.05678492,59,0.98517364
rec_cf1ca06e53201cb8b44b,grp_f8690095cefe57b9c3db,0,0,0.016250031,0.023778025,9,0.96748465
rec_cf1ca5fdef09b3408c3b,grp_55623f288781e13bb52b,1,0,-0.005381331,0.016748205,42,0.955332
rec_cf26414d3b65a6420d95,grp_d16718bc1f80ba70c76f,3,0,-0.12232024,0.0017526961,37,1.0033581
rec_cf29e47ac3f2a284747f,grp_0f6efde9d14a7e903b14,2,0,0.12265496,0.0720434,8,0.98859197
rec_cf305f1793b8ee8e68a8,grp_e5cf5b6e56ce1a88afd4,4,0,-0.099877805,0.0029661055,51,0.97908
rec_cf3a1424dbd750aecbde,grp_983ab0a06d3f33dd555c,0,0,0.005731067,0.020127429,42,0.9945613
rec_cf433e5748b1780c41d0,grp_1c492597bd0abce4bdce,0,0,-0.09622332,0.003922736,26,0.90837324
rec_cf5be406dcc0c8917396,grp_6991c705464bce9334e8,1,0,-0.016394222,0.013867971,26,0.9596638
rec_cf5e3a103c2f9accb02e,grp_82596d63bde70b409051,0,0,-0.06167048,0.0068456833,56,0.98123264
rec_cf5f046a5dc0debf02ee,grp_9c95b1c661bf19abf878,3,0,0.07861093,0.029340588,2,0.9932974
rec_cf67d9a55e16b0af13b7,grp_4a8403029b3bd3dddfa3,4,1,0.12791023,0.12646903,36,0.98764986
rec_cf747dbb501e97276527,grp_556399c016cbc37676a5,0,0,-0.014085044,0.01468164,50,0.98037046
rec_cf7e77da22680424834a,grp_eb942fa290be49c0c3ba,0,0,0.08931782,0.0736994,23,0.9833385
rec_cf86a10d9312af46cf0a,grp_065bf87a72aff369b2a9,3,0,0.09054711,0.034557942,35,0.9879886
rec_cf933a7fc75daeb118b2,grp_55c9b2ed159eca743d34,4,0,0.08128464,0.061355133,9,0.9714263
rec_cfa3c26465dd8c193c3b,grp_afc5b71da82eaf0bc59c,3,0,0.04824519,0.019282587,2,0.9918572
rec_cfb16fc76550d0cab4b0,grp_eb2d1293f212fba83be5,0,0,-0.029592209,0.011457488,28,0.9435554
rec_cfc126054e312cc0d799,grp_87789e6b74d66335d50e,2,0,0.044860717,0.02423721,19,0.9889116
rec_cfca7fdae148fcff8e9a,grp_8948ccb2acc3ddbbcaea,0,0,0.035913352,0.032408934,63,0.97410434
rec_cfcd24d0edb8e4b50889,grp_2fc3545cea3feb4f49ba,1,0,0.06619472,0.05587783,17,0.9386061
rec_cfd6c58cecb833fe8571,grp_5cdaf1bd9dcf3dce53e7,0,0,-0.021809343,0.012977146,52,0.98159814
rec_cfd91cb0d0cd4f41c62d,grp_fdfbbabf1a9111898dee,2,0,-0.036875907,0.007445321,22,0.9783481
rec_cfd9bb5ccffb05cac08a,grp_6512c42d3bb7eb40eda3,1,0,0.06505258,0.054838553,59,0.97540647
rec_cfe438fc1438c5a79c19,grp_f995de2ff16113c7a699,4,0,0.062614046,0.045382217,3,0.9358785
rec_cfeac4e192a9ae99cb2c,grp_456a1fd71a9bcb8b0b6d,4,0,-0.12945236,0.0017932379,3,0.94074404
rec_cfebe60a63c43e8d2831,grp_76486b9c7b87737f5904,2,0,0.16957788,0.13373408,32,0.9745976
rec_cfeeaece308771bb7c74,grp_7763d815c0ea6a4d5242,4,0,0.045688357,0.034394354,24,0.9828314
rec_cff6c8ea68e69ae40ce0,grp_d8a94d5f98d729424bb5,0,0,-0.013476223,0.014825011,0,0.99425685
rec_cffca8435512c7ca4537,grp_d866d7c60f2721972021,3,0,0.07320759,0.027237825,17,0.9885844
rec_cffedb004a0907d9df8c,grp_0d797ae87b6d456311cc,2,0,0.0079911165,0.014267005,46,0.98169327
rec_d00c7abc726fa65e9105,grp_d6c17f3552d9310e7982,4,0,0.04391965,0.03340646,26,0.96837544
rec_d016d4ea41deeeae9585,grp_db97f414fa1197b8f9a6,4,0,0.072771795,0.05350717,2,0.94042605
rec_d01c30a98709280d8e2b,grp_621272bbc467323132e3,3,0,0.1256322,0.055565212,51,0.93337494
rec_d01d524c9b4c19e75aaf,grp_62bac10c02befced90f3,1,0,-0.06839956,0.0056572333,59,0.9824904
rec_d02437b999c80f033eef,grp_952883af7ca3540c9f93,4,0,0.024754802,0.024318693,26,0.99098545
rec_d026c78a81fbe4f73895,grp_f3eda6ac44cafc38dcfb,3,0,0.06569387,0.024555635,11,0.9771552
rec_d02af869de917fee4abb,grp_826829af73671ef2aa33,1,0,0.026952568,0.029030845,24,0.9980625
rec_d030ed5c0ebc5ac4a153,grp_0ea5ceacfada22155d11,2,0,0.0015580421,0.01300059,29,0.9665302
rec_d039df1be134a34fdf1e,grp_2e5ae8ca2c8335db1789,4,0,-0.061427675,0.005698956,50,0.97028315
rec_d03f357ac70957012746,grp_5ed53d5632d451766eda,3,0,0.0541138,0.020918863,15,0.9969902
rec_d040b873d9858f62d685,grp_9ee7c4911bbdd5be2c34,3,0,0.0074044014,0.010905516,35,0.9949236
rec_d041eb44ab9f59fd0c75,grp_cd7daf33b97b703ddb8c,0,1,0.14748397,0.16953981,44,0.9896127
rec_d0474aed8163dcc6c836,grp_5ba1ff27409e23524961,4,0,0.08526851,0.065386795,24,0.98279804
rec_d049cf4d2533ea2fad42,grp_dcea03ba7fba3dca6439,1,0,0.07599545,0.06558666,39,0.94296193
rec_d04d137ae627e8698ddd,grp_2a04cc88061d07d9f514,1,0,0.04071927,0.036601316,38,0.98094827
rec_d0539f1d1441a6562ac0,grp_1890037ed480ac946afc,2,0,0.081861645,0.040961415,10,0.9571074
rec_d0565521eeee0765b73b,grp_faaab1dd17798b413bee,0,0,-0.024852797,0.012360543,8,0.9581275
rec_d05827980486f6aa4cab,grp_2d60a25449e5c681b427,0,0,0.10859086,0.0980595,3,0.97183913
rec_d059b1c6e349dd50cb88,grp_cde4b8078e6532fb335c,4,0,0.1347209,0.13986783,35,0.98253703
rec_d05a1a611466e6da56b3,grp_e83edba151685a7bb66b,4,0,-0.06947435,0.0049717687,0,0.95068365
rec_d05c94c1ea8b1bdbba93,grp_760442ad215b90643750,4,0,0.030876081,0.026922785,25,0.98557615
rec_d0633f378e775146a09f,grp_e8cbd4bd9d86c9a2b404,4,0,0.13190126,0.13418198,37,0.9770778
rec_d06909f8138fc74d4a4b,grp_bf8d98cea008819efb9e,1,0,-0.08683307,0.004111259,47,0.9823707
rec_d06bf2a275c4106a892e,grp_2b45f0408ce5063af2a4,1,1,0.07385601,0.0633417,46,1.0013673
rec_d07adfce3327825e83df,grp_2be1769dd8768893a4d2,2,0,0.051811278,0.026765505,12,0.98448
rec_d07f475263990ccf7c10,grp_1e796d04103e98139c43,4,0,0.072153926,0.052976005,26,0.9733268
rec_d0817eb502baffcefef8,grp_bd6d2e1caaf2c1babcc2,2,0,-0.055685975,0.0056622997,7,0.9377326
rec_d084b28b6b4b2a358117,grp_3e8fd3dfbadc0de036b6,2,0,0.008564796,0.014385675,18,0.9774709
rec_d086dd16de726bd3fe57,grp_7249df3a4cee614c3bfa,2,0,-0.049650487,0.00618249,61,0.989199
rec_d08bc7e3fab84a3df4c2,grp_539dec2d21b96d0154cc,2,0,0.15583907,0.11208688,58,0.9673867
rec_d0941c26140a1d97363d,grp_bb975b18c7cc33690298,1,0,-0.09362572,0.003654611,26,0.95871675
rec_d098a1630f1de55a0dc7,grp_d7366c5d6e2e6921ce89,1,0,-0.033502236,0.010334262,44,0.9912376
rec_d0a7c65bdb3a26932da9,grp_fcbe969b32bb281f92ac,2,0,0.050118558,0.026127096,43,0.98495567
rec_d0a9cf857a56a69753e7,grp_4e1d27f4a2586f8b1ae8,4,0,0.04707787,0.035190158,20,0.9406007
rec_d0ad94db8d16edc8c14e,grp_70c8f3ec20da0518736f,0,0,-0.014377118,0.01461335,42,0.97801536
rec_d0af9394b2d9342e4141,grp_6d26d2196e76cf7d7ee5,0,0,0.067303136,0.052757468,15,0.91584706
rec_d0afbb923d563c2d9463,grp_faa3e821c2799c702124,4,0,-0.11122679,0.0024454077,27,0.98406297
rec_d0bc5b0dd14867d9d1fa,grp_b5c28000b5a9a0184cbb,4,0,0.030771,0.026875867,57,0.96600693
rec_d0c6b72cabbe0ee6beba,grp_7c076eaea2250b9e7c8d,1,0,0.049001653,0.04203686,22,0.92935854
rec_d0c6ee03a8ef67928742,grp_615df04d44f389edc096,3,0,0.08331361,0.031298123,40,0.96162593
rec_d0c7f9048e5388345ded,grp_f8de45d4133283e94562,2,0,-0.13212347,0.0018550518,9,0.9766413
rec_d0c80bd4a42ef4319315,grp_3ea942535bf286184403,0,0,0.01820186,0.024523178,32,0.9481222
rec_d0cac94ad7ece49e3806,grp_926e8dd935574edb21bd,3,0,0.12553932,0.055496216,30,0.92044884
rec_d0cbf0cbac9ec41e8987,grp_36c5de296cdc00578467,2,0,0.0043334244,0.013532747,17,0.94478345
rec_d0ce44599db8d16eca2d,grp_c5e8fe398c8f5ced7198,3,0,0.02010502,0.013026741,62,0.976614
rec_d0d1f81f3bdf87d3b07b,grp_924be725765c8ae188ff,4,0,0.051556297,0.037877522,27,0.9629146
rec_d0d5822fd4acc9389072,grp_90a55b3aab3363f23658,1,0,0.021834033,0.02662282,62,0.9979174
rec_d0db24403c0188c62060,grp_da92da627106a7876514,2,0,0.003776716,0.013424308,16,0.99167895
rec_d0deaecbbc153bb7eac3,grp_d67b025fe7f9fae2d367,2,0,0.031593684,0.020041991,58,0.96166486
rec_d0e3bf46d8475de3d998,grp_7bee8fcaaabb03ae6c77,4,0,-0.098252594,0.0030492176,24,0.99776876
rec_d0e6a6e2283f4d47cfa9,grp_bed0f6be98ba1376032b,4,0,0.0070394953,0.018091956,57,0.99428624
rec_d0e8289bda70fea32e4c,grp_be769cec74148f174b2f,3,0,0.18448228,0.11925334,11,0.97223985
rec_d0ea3ea8238af25ab3b7,grp_0a8e905b9458fb9e3a80,0,0,-0.08118231,0.004999696,31,0.9607257
rec_d0f35b44bd34c71ed8fd,grp_15fad06e6811cbce7fc2,3,0,0.043058287,0.017941307,36,0.9574126
rec_d0f5fb52e96be01f23db,grp_aa7bcf15ab8ab3dce3ea,1,0,0.037704237,0.034795653,59,1.0040402
rec_d0f9598af00b0d675127,grp_ffe4341d0d3ff7e87b66,0,0,-0.09924201,0.0037362133,58,0.9172121
rec_d10dcca1d9a6369fb9cf,grp_5d07a4759a380530b6a7,3,0,0.041421033,0.017537264,35,0.97902364
rec_d11e8904aff3bb8b6125,grp_989df0553d3b0807e17a,3,1,0.25199333,0.2605055,59,0.9663738
rec_d126fc0f026066858bfd,grp_81850cfbc53a428aa995,4,0,-0.08714098,0.003683122,12,0.9915544
rec_d13482bdd160384ad361,grp_ee79d1a29601ba8f10bd,4,1,0.12067189,0.113447726,36,0.9934457
rec_d13b3dc0a98327a1e852,grp_713ae46fbbbe7c11c2dc,2,0,-0.0037615723,0.012037686,43,1.0032777
rec_d148382d6a648a5b1cc3,grp_1fc8189c2b9511f03209,4,0,0.016584389,0.021222562,57,1.0003716
rec_d148f196f4f88f23e3a1,grp_b1c7ca9f6b37e09353d7,0,0,0.03723226,0.033085704,61,0.8580166
rec_d1523058f2abc7b696c3,grp_a47f6da2d2e0e98aacd1,2,1,0.28939474,0.47174716,57,0.9637194
rec_d152bd07da829dff2141,grp_9abafe38bc71dfebc201,2,0,-0.056459427,0.0055988617,51,0.97135013
rec_d1596f1978ce0d307592,grp_cefed598e21a77bad51e,1,0,0.041797463,0.037268657,26,0.9767886
rec_d16247ead3219aa87f61,grp_ef4ffde2bbdedc1ce351,1,0,0.07866125,0.068487436,59,0.97690815
rec_d166fd8b7047ba7c3739,grp_f3a7c0bb8bc818d2e636,3,0,-0.082898535,0.0030592983,5,1.0065328
rec_d1688db481b81dcc2ca5,grp_3d386ddc4de14c9e6734,1,0,-0.05159727,0.007563925,16,0.9092897
rec_d16dde688e7edb97799b,grp_eef9087915f0d3f2e70f,0,0,-0.06258057,0.0067461715,52,1.0055604
rec_d1742b4c62c809336003,grp_f5176d1fbefdac662206,2,0,0.09591206,0.04985599,8,0.9833054
rec_d174d2867eda4662a0a5,grp_99836297a13f8555c80b,2,0,-0.07166202,0.0044860737,9,0.9867423
rec_d17568a8d4f43913840a,grp_f56bc5209d6a30f6aebf,0,0,0.08298434,0.06699398,23,0.9647704
rec_d178b553c440adfbe12f,grp_33bfbe1166e461c0678e,4,0,0.08183967,0.061902568,59,0.9644764
rec_d17c244007f11f6825fc,grp_c7e4696c99c09561b7ef,0,0,0.10533409,0.093491055,50,0.9926637
rec_d181e1ded0c409248300,grp_68651b41eef3f63c0c27,0,0,0.052910786,0.042248845,4,1.0022905
rec_d18fecc27389450693a1,grp_3ee4143160f1a4d74480,1,0,-0.055313222,0.007093674,55,0.9494793
rec_d19d9436548c0d01b994,grp_847aa35ced80bdc714a3,0,0,0.06796513,0.053295996,26,0.955246
rec_d1a0b16c9dcf11aab86d,grp_20e8dc047656dfb7e4b9,0,0,0.016068818,0.023709977,38,0.9413226
rec_d1a35511dfb792c724a6,grp_c221b00312658c7a3eb6,0,0,0.009291907,0.021297209,52,0.959156
rec_d1a6b03b4cfcef99eb3f,grp_c6e7c14dbf7cc63380f7,1,0,-0.11183541,0.0026647714,57,0.9788452
rec_d1a83d6ba3f4ae9e1fc4,grp_66877b54853725a76579,4,0,-0.06971953,0.0049511255,37,0.983103
rec_d1b1564d381771184a80,grp_cb85fdf18474d392fad8,2,0,0.22634532,0.26177797,51,0.9596278
rec_d1b1ed819a3174b67a03,grp_8a9dc0a2814420c4145d,1,0,0.1598933,0.23207168,31,0.9579321
rec_d1b3939d08ac129ab913,grp_25dd207435b6250f9e8e,0,1,0.13017637,0.13362488,44,0.9921064
rec_d1bcb6ea34eb342e838d,grp_b7478ba1d8bc32b9cfec,2,0,0.040194012,0.022671962,14,0.9874949
rec_d1bde9fad2969e655de3,grp_b374ea3585ffaa262a22,2,0,0.031523813,0.020021897,9,0.97277117
rec_d1ca40a10d21b44724df,grp_ad11c3fd68d3432d1e2c,1,0,0.032376137,0.031812668,4,0.94321483
rec_d1ca8c64a736599c1cb4,grp_8c2eef7a578e74b66614,1,0,-0.0145179005,0.014321641,63,0.9260098
rec_d1cb27647a9053c5a66a,grp_721717af2f97418b44cb,2,0,-0.046377573,0.0064841644,42,0.95990986
rec_d1cda44ddb3f54e132ce,grp_ce532d9bb8c476048c62,2,0,0.006579379,0.013979063,19,0.9991675
rec_d1ce619b3fa29083ce6a,grp_d80288309fe83534ed9f,2,0,0.111745514,0.062063176,12,0.97504723
rec_d1ceacf525169db872d8,grp_42ab4e3854f92a623cf1,1,0,0.004330877,0.019770937,55,0.94292194
rec_d1d50dde665a478a58e1,grp_3f69c5c2bea83814f922,3,0,0.18557967,0.12089551,60,0.9786073
rec_d1d88968e365f5ad51fc,grp_cbf4f567c8d6fce74ee8,0,0,0.042651083,0.036012173,53,0.95034873
rec_d1de1dc4cc69faf5e560,grp_566fea73d11622d3c88f,0,0,-0.032403518,0.010952958,26,0.9392474
rec_d1e3e074e1293c31aeab,grp_d74c95e20420972d771b,2,0,0.020732218,0.017144402,5,0.9026622
rec_d1f7c89d1e29c75a8683,grp_c2f436507f895b014fde,3,0,0.12132283,0.052447785,44,0.9565641
rec_d21223df7032a2e3391c,grp_bc8785ddffb71f52c6a6,2,0,0.30525765,0.529776,5,0.9503498
rec_d21967082ed7bc5ef20e,grp_d49a2d1feb25b265a20c,0,0,-0.049665887,0.008303095,26,0.95673907
rec_d21d426713d080a5ddc9,grp_dd69a8b2eac3289cd10f,2,0,0.06408955,0.03187171,59,0.99225444
rec_d21e52747d5724e6cde2,grp_8b5e54156e6d464c3966,2,0,0.024289079,0.018044839,9,0.9817766
rec_d2261e1fcc26a07513c6,grp_1acbb2f653804b26c9e4,3,0,0.22983798,0.20470636,61,0.93700457
rec_d2444664ac85621a86f8,grp_2d718712073ebbd18bfb,1,0,0.013446453,0.023090921,50,0.9516055
rec_d24639824f9e60bffc7d,grp_7eb492edac96074ce46d,3,0,-0.0012220186,0.009663401,15,0.9896969
rec_d24cadd39c9d69749e5c,grp_666762e17ede15218301,0,0,-0.06714252,0.0062685837,27,0.98670745
rec_d252cf476f82ce831122,grp_b6669ea6ab0d6c4059e9,2,0,0.045147564,0.02433679,32,0.95326436
rec_d2550b4d489c783d6220,grp_fc14e242cdee0d1f5969,0,0,0.0780662,0.062182337,10,0.95638204
rec_d265a229cbb6b7b41c8f,grp_fc82cfb6cdc735269a9f,0,0,-0.0645728,0.0065333135,0,0.9790916
rec_d2741018a7b16e551dc2,grp_bc411ab706d0d3b99b34,1,0,0.12732059,0.14635953,55,0.93366015
rec_d274603898a4f3c810ec,grp_b347315caa8fa4a3f432,4,0,-0.10382055,0.0027737445,20,0.94266486
rec_d27dd635a9a3e7e222c9,grp_3a642a27e5d57adf70ac,0,1,0.13175507,0.13661356,44,0.99188733
rec_d28007b66899cd6730cb,grp_5adc737e92e9ccd92da2,2,0,0.014650099,0.015705906,34,0.9830704
rec_d28c0f63629169edcad2,grp_0eb1cb0f1d7124f36bd1,0,0,-0.08364905,0.0048047774,61,0.96368957
rec_d2a4da6d6bff622ea7bc,grp_ba0e397c8323efc67a7c,3,0,0.08999123,0.03429623,19,0.9826399
rec_d2b2c2f9c6160f9ec359,grp_78e30f7554ed3dff7fdf,4,1,0.04726383,0.035298,36,1.005381
rec_d2bc49ab744e286abac2,grp_84996b981c70e1cc66f9,2,0,-0.016351067,0.010030668,48,0.97247756
rec_d2bd50e4dd07ecdc41bf,grp_4faaf3855b5507efe85d,1,1,0.16674654,0.25399882,46,0.9872848
rec_d2bdb4cc024a6f39cdc9,grp_61c476b3b2de6f5d5cfc,4,0,-0.076025255,0.0044485317,2,0.96756715
rec_d2c24b92c4e9e71d5496,grp_1f2cec69a07476ad1756,0,0,-0.056450333,0.0074452995,16,0.9489457
rec_d2de76a1cbd13af31162,grp_fdc4561729ab7df6cedb,2,0,0.07224815,0.03577313,12,0.99038655
rec_d2fbc4946241a5ef0a84,grp_c95af6c2d9fcd36e76d2,2,0,0.063206255,0.031474862,29,0.985154
rec_d2ffc73062a415773c3d,grp_3eb992127b9f8d7a14b2,3,0,-0.020493925,0.0073721074,58,0.9809639
rec_d3261fb8b597257db785,grp_db70918635e2644727a6,2,0,0.06619431,0.032836948,19,1.0008107
rec_d32cc269b520a00afa1a,grp_00d7f5585a9623fb1429,4,0,-0.143948,0.0014010038,37,0.98980236
rec_d32dc01b71d12edcc239,grp_09816cd266cf016f0590,4,0,0.09053608,0.07109612,53,0.9978358
rec_d32dd7a5f06b0fe1b887,grp_0a79cfd2d8ea870cfcd3,4,0,-0.014168697,0.012670318,21,0.9747932
rec_d33148c396938a12ad36,grp_f1ac5b80803362c4b75a,0,0,0.124841034,0.123931445,20,0.98563725
rec_d340fd73745bb7761f73,grp_c396ad99d7956d9e21a8,3,0,0.11359017,0.047264248,29,0.97440404
rec_d341ca5c954170995165,grp_5935c2de90a7800f9486,3,0,0.024861727,0.013921957,47,0.9894829
rec_d3424d88055abfcaafc2,grp_e5fe63faeea54f49d38f,4,0,-0.0019444718,0.015561761,8,0.9289878
rec_d342519757e90c0c50fd,grp_51789917cadd454d3432,4,0,0.046984166,0.03513594,33,0.93849856
rec_d34342c81deb6afa7b9d,grp_f2eeaa143070cc30d3fe,0,0,-0.0093574915,0.01583176,2,0.9465494
rec_d344284ccbfe40ae6a29,grp_70ea52a6589b9b25f476,3,0,0.06406042,0.024007544,40,0.99450743
rec_d3471e4fac0df3d73d07,grp_dfa35999a8afe8997131,2,0,0.043388378,0.023732327,40,0.9507614
rec_d34b71f14a03fd81cf5b,grp_707bd772f5d69cdca8d9,0,0,-0.06859278,0.006123913,50,1.0025343
rec_d355e8b02ad17c55f731,grp_24c0469064828589f4dc,0,0,0.06138027,0.048163015,27,0.98708886
rec_d35cf015f441fb2edcae,grp_1780297c5c80b952cf7b,4,0,0.015567325,0.020865215,50,0.9445876
rec_d35df923db7a019ff3cf,grp_e6127c6943a74c5067be,1,0,-0.07643433,0.0049227206,61,0.9726216
rec_d35edc8dac171ff53291,grp_fd3696c03ec5b2e16675,0,0,0.030451747,0.029746233,32,0.9428262
rec_d386e4cc14ff9a0db665,grp_909f96de2aae48bcad6a,2,0,0.07162414,0.035459153,7,0.9860142
rec_d38a6c2d71368d59e997,grp_849fa69f0940d038f9d8,1,0,-0.09590703,0.003512875,49,0.96324706
rec_d38b180cf2d6750e722e,grp_9c3d77d223727dc3fcf6,0,0,0.04401014,0.036784366,56,0.9714022
rec_d39d0eeeb1ebea2e11ac,grp_5ade4a911bbbcdac4e76,1,0,-0.064917676,0.0060084662,62,0.9597342
rec_d3a06bdf6b627a1dac50,grp_200d0f4903acdcfc6e97,3,0,0.05317639,0.02064866,9,0.9886427
rec_d3a21462c118f0b07604,grp_25c095c0f05da816c854,1,0,-0.08228901,0.0044480334,10,0.97509724
rec_d3b185cdeaf9caddb262,grp_0fb823656b47d3269e2e,4,0,-0.083398834,0.0039249016,0,0.94591784
rec_d3b33b246e5801faf83c,grp_efd18a249d1aae67f24d,0,0,0.037768487,0.03336474,63,0.9691723
rec_d3bce529de9003192f4d,grp_e3f3469d200d10e5e6d1,3,0,0.07567298,0.02817844,40,0.98072875
rec_d3c34a8ce794e14e5fbb,grp_605d85394475c3804a4f,3,0,0.09829309,0.038411107,24,0.9497379
rec_d3c4eac6ea03d056dc06,grp_976614b79d374be7d8bd,2,0,0.051048122,0.026475828,3,0.9716397
rec_d3d3441a702ba9261ef3,grp_7f210a8472ebcba5879f,2,0,0.08889807,0.04520781,4,0.94313484
rec_d3e760f8f2aeebf6085a,grp_6dafadd69f18cb9c81f4,3,0,-0.026578214,0.0067675486,41,0.9675392
rec_d3f98a2f0c3d82be58b7,grp_a33565cd71be82b70195,0,0,0.086595796,0.07074495,35,0.98416317
rec_d4043520c2190213a298,grp_88d89d8e72b2712693df,4,0,0.035828926,0.029226465,57,0.9636129
rec_d405d935fb9a8fdfe079,grp_3c3c88005ceb43c25927,2,0,-0.09101397,0.0033824425,61,0.9645712
rec_d40cf090ebdcd656a3f1,grp_cca776267a69808bf2a6,3,0,0.12996638,0.0588759,15,0.9666581
rec_d40d82aa0b468167bd07,grp_6aafcbefcecb881146b2,3,0,0.021379989,0.013260966,17,0.9528835
rec_d41010567503baf1165f,grp_1e47c61940b331f6e40c,4,0,0.10154676,0.08454149,37,0.9943344
rec_d41c821eca44d76ffd8b,grp_b7ef8a99c9a51b411a76,2,0,0.057038575,0.028834179,51,0.96681386
rec_d41cd1590b50d2c39ad6,grp_4aa2328baf56e99fe0d2,0,0,0.049785554,0.040246982,29,0.97549003
rec_d42813e0089caf6ce322,grp_edababb4167a9e1dbcae,1,0,-0.02293708,0.0123941405,43,0.98697084
rec_d42b74713d3cb29a82f3,grp_852449ed8712f280cafa,0,0,-0.014570225,0.0145683745,63,0.97305435
rec_d432a6702f891515986f,grp_51863d1ec2a2287317c4,2,0,-0.10153097,0.0029008866,36,0.9817272
rec_d433dfd8b38c8aa7a82d,grp_7aad164409a1c97150f2,3,0,0.03151277,0.015276163,11,0.9639253
rec_d43a3995a8badb161aca,grp_bdb955aefe0c155aec22,4,0,-0.009988892,0.013593801,56,0.98282385
rec_d43a50759ed7192ed456,grp_bcac957bfc4e4a99d060,4,0,0.05698174,0.04139768,52,0.97278595
rec_d43e18231931740f7beb,grp_ae331b773bad33c40789,4,0,0.071171366,0.052141536,26,0.9792927
rec_d43ed7b77924b28ef70e,grp_2565f024726b929edddc,1,0,-0.12852092,0.0019946073,50,0.98296595
rec_d43f3621f5fd2983c9ab,grp_79468467f07e98875a0a,3,0,0.047456656,0.019072516,24,0.94684374
rec_d45518e59d39ea5a089d,grp_5d406fe9171d41d1c425,0,0,-0.019899422,0.013379498,22,0.96513283
rec_d455d9ae2b97f34e1209,grp_1c5b2d9557d937e0503c,4,0,0.04110925,0.031892847,26,0.93518656
rec_d468387b800920dbd285,grp_7a4c02576dd9deff7efe,4,0,0.09701675,0.07875073,26,0.9951975
rec_d46a9fc2f6a5b6838e18,grp_e3173adf3863f6240f4b,4,0,0.027776785,0.025572063,31,0.9708186
rec_d46aa9163a01ae8a7b24,grp_7838fb366bb46b2bc1b1,1,0,-0.048617896,0.007963208,47,0.9976422
rec_d46b5ccb96bdf9d2dbfb,grp_c128e0cba85d3647bf13,4,0,-0.055307664,0.0063219927,54,0.9752055
rec_d46e8a8a95f0c1413a85,grp_ac091175810b9a326bb6,0,0,-0.010236225,0.015611471,31,0.967541
rec_d46ebbbf4a7edc6e0e10,grp_9e9318ddd16012db9e49,3,0,0.09006706,0.03433182,44,0.96318007
rec_d4765716b580596386b8,grp_f7131dad1a71ed7bbb45,2,0,0.035488058,0.021193672,61,0.9767064
rec_d47705422a049577d3d6,grp_2c3a2b58ffa7996e4f54,2,0,-0.037851036,0.0073404945,47,0.96363556
rec_d477534a16ae3b002085,grp_2d14faf42fb34581111f,1,0,0.0059888936,0.020337887,61,0.97454035
rec_d480db6059b3d0972968,grp_4f8d364bda00e837b6b1,1,0,-0.036549512,0.009805788,31,1.0011992
rec_d49c1bc792b0cee93fbf,grp_0e802ca802146ea24e28,0,0,0.054507162,0.043307796,8,0.9660322
rec_d4a1dacb52075d427fb2,grp_0183d62b257ef6cb236e,3,0,-0.012202045,0.008283164,62,0.98496455
rec_d4a8a461d2a6bf55abf5,grp_156f56e5e738180ca5c5,3,0,0.066899575,0.024968008,11,0.99631315
rec_d4a92cbe0d02f86ef7cf,grp_a6f133699982fd806cd6,2,0,0.067540966,0.033469267,19,0.9901906
rec_d4b5b618d770458eeef8,grp_754a4ba326920198ad55,1,0,0.066413336,0.056078862,13,0.9826235
rec_d4b9caa6d446d47df8f1,grp_db9cca768a3a9b6a2e6d,2,0,-0.016766215,0.009970458,2,0.9542535
rec_d4c203fdb197cf820c4d,grp_10e50272489f9912c053,2,0,-0.038208105,0.0073024803,61,0.9702745
rec_d4c2d50438a1898c95e6,grp_58b584592670615fef82,0,0,0.061953377,0.04859044,42,0.9902419
rec_d4c90a4f525ff65550be,grp_2c72a8420d1ec64f755b,2,0,0.0029494774,0.013264754,6,0.96062016
rec_d4daca4d165e9dfe073a,grp_07d00883d316537e20aa,4,0,0.014136241,0.02037236,37,1.0007201
rec_d4f3d3de8911375b8d1e,grp_a08f9056df20fbd18287,4,0,-0.121325456,0.0020592941,0,0.9846673
rec_d4f4c9f62e3f2c4a8ec7,grp_0d6bcc58e10e2b30ae71,4,0,-0.06268591,0.0055786367,8,0.9719033
rec_d5022a189c5397f9d64d,grp_05a78ee553f6abf4e666,4,0,-0.06625168,0.005251209,0,0.9734072
rec_d503bb5ee792b57872b8,grp_befbe70dd3335a9f9bc5,0,0,0.018149368,0.024502842,42,0.9829426
rec_d503d57a2a0b4e5478f3,grp_a3018994631d32aff148,2,0,0.0358637,0.021308126,43,0.9903843
rec_d5040e4894dc401ad8b4,grp_5014f3a3c5c97e0d2608,1,0,-0.07073536,0.0054331315,50,0.9632593
rec_d5068108363051bc457d,grp_14f2876476dd7a10c0f1,2,0,0.02742545,0.018877232,14,0.97720003
rec_d50a5596732aa08d7566,grp_8e62007c6e9d63895f85,3,0,0.1597227,0.08705016,30,0.9641146
rec_d50b4cf209ae1602b65b,grp_eb1c34b6da1f6041519c,2,0,0.06771576,0.03355219,59,0.98337233
rec_d516aea4ce0463a211f9,grp_1dcb94a9e46751bbda01,2,0,-0.0119923875,0.010684959,14,1.0006615
rec_d5186dc101e09b4e651a,grp_f8f32427954a26bc5f3d,3,0,0.24113554,0.23198712,15,0.96977377
rec_d51c902ff8c961024658,grp_8554f0ca1bc35e712380,1,0,-0.0515931,0.007564472,55,0.9494704
rec_d52a12caa08227d4a7ce,grp_beadda12b1e7e5f8ce7b,0,0,0.09084458,0.075405836,28,0.99241185
rec_d52b3e6c6c489af4576f,grp_739594c370a82e020d8b,4,0,-0.13673526,0.0015841073,57,0.9796138
rec_d5386d1ca3d85baa1ab9,grp_16042ef58175e6e8d1c6,1,0,-0.0050434927,0.016845286,24,0.9538723
rec_d539e402be88e033ece8,grp_8baaad0a56ca614e5cf9,2,0,0.018456135,0.016591514,59,0.9964763
rec_d53ab7b1a48ba8ba1839,grp_282a3ce3fbc953183fbb,3,0,0.008444008,0.01106549,35,0.9961492
rec_d5432432092a5e45c2c1,grp_81c2d4680b0859faedde,2,0,0.09026035,0.04607707,13,0.9374559
rec_d549372ad93041f74b03,grp_b29fc6a80576cdd181fc,4,0,0.0034146854,0.01702581,50,0.98497295
rec_d54a5881d74da02a593d,grp_4850171935f8417bd207,1,0,-0.004372965,0.017039614,15,0.9926427
rec_d563908bbbb87c145d9b,grp_596c33576b0351e2e015,3,0,0.12315714,0.053754024,16,0.98891467
rec_d564b05cc9a8c7f58504,grp_81fb0592abf6bec7f4b7,1,0,0.060064726,0.05050993,26,0.9623763
rec_d56820abe7540d267a98,grp_566e38d61f981c3ecbdd,2,0,0.06169043,0.030804947,61,0.96271694
rec_d570e39fc85d34a975f9,grp_2c3fa10ad141d3730575,0,0,0.06033011,0.04738905,34,0.9572346
rec_d571432dffadb415c18d,grp_e2eb6f64f8f771944b4d,0,0,0.010694786,0.021776112,56,0.9483367
rec_d574fcd2c1744c53a5e4,grp_76c7833906c8a241179a,2,0,0.05860721,0.029484669,15,0.9551892
rec_d57dffb88d81c690130c,grp_af1465831049a96bed1c,4,0,-0.11399053,0.0023330771,12,0.9527026
rec_d59f84e7b7a8e0e0c92a,grp_bb7c41a401aff86b52de,0,0,-0.110915884,0.0030944059,32,0.96728987
rec_d5ab80eeec2c4b6e4e34,grp_1d0e8844a43157af6d12,3,1,0.25207892,0.2607391,59,0.9678743
rec_d5afccd2a328e9c2700e,grp_59b0c0aba8d4fa1355c6,3,0,0.17641208,0.107760794,26,0.96359766
rec_d5b4bd70bc4ab6d3554b,grp_a372e9880de581b4ac22,1,0,0.07165058,0.061102644,31,0.9954632
rec_d5c9b4c26446e741dc72,grp_9ac1f7213c7083de1ee3,1,0,0.08981124,0.08195022,37,0.9729344
rec_d5cf399d6e4f7ceee582,grp_94214b75c3c02a562f4f,3,0,-0.018341132,0.007598614,35,1.002518
rec_d5d32a621e95ded88849,grp_d75b6b7d4c29b4f80b23,0,0,-0.027882146,0.011775545,15,0.98327345
rec_d5d7d315264f3b933df1,grp_d2476b72ffea964dccc9,2,0,0.06332893,0.031529695,19,0.98876727
rec_d5e55c165207d5d6ae0c,grp_fd58eb599302e9f22f9c,4,0,0.035806436,0.029215582,26,0.95239025
rec_d5f4f5bb27fa588b8286,grp_b9078bf3ddcf02146577,1,0,0.10142864,0.09850151,61,0.96748954
rec_d611bb5269447f575706,grp_f18e0c443deb9e131a06,4,0,-0.0723473,0.0047351555,21,0.958711
rec_d612afd3177551795d3c,grp_272225234b5b53ceeeb2,4,0,0.15109229,0.17694712,20,0.91521233
rec_d623c1a9cb2f705e8757,grp_0448d3cedcb932373993,2,0,0.14271066,0.09432632,58,0.9507383
rec_d6275045f05375c66c15,grp_7ccd94a8fe80a8470d43,0,0,0.15753525,0.19371362,17,0.9712122
rec_d62b2e071fd6f692278d,grp_225673b4c3583172a774,0,0,-0.12835222,0.0023346983,16,0.99072695
rec_d6464a205c00791bf184,grp_8eaebc8bb19df207f980,3,0,0.16565242,0.093960196,0,0.9518548
rec_d6530419b270ebe22732,grp_09bf5e5d11d17ae598b4,1,0,-0.091422126,0.003796924,39,0.97686064
rec_d654d0b3731714628cd1,grp_d1620b3429154115239d,4,0,-0.023064401,0.010906169,3,0.9561923
rec_d6582a4c87d1940b3f08,grp_920257b4060dbb5ff60e,1,0,0.027236495,0.029170433,21,0.9892066
rec_d65b882ed106f9135ace,grp_a608194f682359a7c6e5,4,0,-0.040385317,0.008139339,30,0.9950993
rec_d668aab27fb65e4c2e3e,grp_481d350ead4f01144320,1,0,-0.0074712075,0.016159747,60,0.9463423
rec_d6738337d272cb97e4ff,grp_1dc8ac2a1d8cd2abcc43,3,0,0.22107054,0.18522954,52,0.93708575
rec_d674e999bc5baad860f6,grp_72b8a22d873c1149438e,1,0,0.010510709,0.021966215,11,0.97687566
rec_d678b93b3a413eb1c808,grp_3ba48fc742cf7fc34229,1,0,-0.0579346,0.0067795143,26,0.98346347
rec_d67fd306bf0bd4db6366,grp_5045b465ad6e7f38ea58,2,0,0.119819,0.069314934,5,0.926998
rec_d685bc36457155634498,grp_437d54bb3405ee326bff,1,0,-0.031435087,0.010708701,49,0.9412299
rec_d68a61d460dba67e1b61,grp_7d7a356c9511c639953d,3,0,0.03638122,0.016348837,26,0.9573366
rec_d68fb8ddb37aaf9b0a3f,grp_2ced3736b4184b8988c6,2,0,-0.04586917,0.006532317,38,0.9929418
rec_d697444bef72245303d9,grp_bb9c48829a9069117973,4,0,0.011716095,0.019564701,37,0.9873849
rec_d6a46706d829fef491d1,grp_b273a6c23d7d87622c5b,4,0,0.045177765,0.034106307,54,0.97456336
rec_d6aa53202c91cf834354,grp_6ae44a0842d5afdaac45,4,0,0.049939528,0.036885343,59,0.95357466
rec_d6ab09965feb5db50cf9,grp_6f7f88feb315ef64ed20,4,0,0.0011702786,0.016396878,13,1.0048665
rec_d6b0d2ba7751d36bb5e3,grp_fa43311a8c7527ec8667,3,0,0.10304947,0.040978163,19,0.9824366
rec_d6b8b2678b15646eabe3,grp_ae22b23940e73d2078fb,2,0,0.0075629726,0.01417907,19,0.9814046
rec_d6beccbb1954371245d0,grp_1e42f1b5a15d7e66d110,4,0,0.07396095,0.054543667,34,0.9631783
rec_d6c4639be3f1c9fd681c,grp_3e32ddcf04d95958ba82,0,0,-0.020857919,0.013176066,11,0.99246055
rec_d6d2cbbedd9d9aedeb42,grp_e390eaea0f6eae7b28c1,3,0,0.059879687,0.022658536,26,0.9806466
rec_d6d5d4a9322e1a977854,grp_388efbfb0a64c27a128d,2,0,0.0008766609,0.012873131,48,0.9945064
rec_d6d7ce6b97ae6f6f18e4,grp_302d0021384361d554f5,3,0,0.09842944,0.03848251,63,0.9934343
rec_d6e0739be0f5de6931cf,grp_50378bfa8d411a00e902,1,0,-0.021799495,0.012638795,28,0.95430744
rec_d6e19bc518c6af46fb34,grp_2b89e06f6ad707e8321e,1,0,0.106289886,0.10627229,63,0.9623159
rec_d6ee6a3ba36470761da1,grp_81aa306506e7d660644d,1,0,-0.008679643,0.015828816,11,0.9817944
rec_d6eeda28c8e46c65d50b,grp_e5d72e944ddc98e73dec,3,0,0.10617852,0.042755675,26,0.9802228
rec_d6f866cc51016a096d95,grp_f8617d1fd3700629e947,2,0,0.00068445446,0.012837399,46,0.98511153
rec_d7004ab5e93d4eea29c0,grp_f99fe80c3a873342e62a,3,0,-0.049069084,0.0049305097,50,0.99239177
rec_d7081180e73ab0426472,grp_2ce2c63a2256f107cc8f,1,0,-0.09675614,0.003461533,61,0.9807876
rec_d709cd7ddbb679a3290c,grp_148d73ce72c1cde8df00,3,0,0.06523254,0.024399618,5,0.98121595
rec_d7154b44976a5c60a2d5,grp_9838d8f293808d15c2b1,1,0,0.02316427,0.027229281,59,0.96260387
rec_d7164a8cb65f4ab57aec,grp_7d9195f5564ff5842ff3,1,0,0.062675275,0.052733514,18,0.95158273
rec_d7182e24651506d7d301,grp_b729145ec1cc3fe42a55,0,0,0.013305147,0.0226954,14,0.9531201
rec_d726b8d225eec4ceb1b4,grp_927861547dc1b6875185,0,0,0.027950794,0.02859889,15,0.9725633
rec_d72dadb4d535c2a892af,grp_abd498181d3813177f78,2,0,0.079091735,0.039396778,1,0.94119257
rec_d72fa69d3a248ebda60d,grp_f79768b4de708db648a7,3,0,-0.08553327,0.0029475708,47,1.0030241
rec_d73042be2b74f7534ee2,grp_ad42519813ae180b2492,1,0,-0.037293874,0.009680822,33,0.9798863
rec_d731924c6d05a68291d8,grp_36a20fe3a2d2e6c46421,1,0,0.048363205,0.04159175,50,0.9868555
rec_d737761f122934b43edb,grp_ea1843afc2b1fea8f28f,0,0,0.11687594,0.1105876,20,0.98825
rec_d737cca4313f3ddc38c3,grp_420ff681637ed8858dfc,2,0,0.073411524,0.03636565,43,0.99508446
rec_d73b777e26435164ff81,grp_59ad1dae86e74d1f1f26,4,0,-0.06884252,0.0050253635,55,0.93017614
rec_d74264155a5ea230ea0c,grp_9a0a9623640262a7aef8,1,0,-0.029450506,0.011080799,37,0.9309793
rec_d74de8b1c54a73670181,grp_abc8b25a6c984b03e945,4,0,-0.02351719,0.01082318,10,0.9991563
rec_d752de581ca21443e19c,grp_70740b7e8267e4ce76d8,2,0,-0.045972418,0.0065225083,1,0.9547728
rec_d7548a98306dc20c43c2,grp_a4dc07738eeaa1b948d5,4,0,0.016444385,0.021173019,45,0.9775313
rec_d759fe8144b294f89d89,grp_c473dedc13cfcc68679a,3,0,-0.023624552,0.0070546237,58,0.9940699
rec_d75a0138bf0ce6f54c18,grp_b09d130ac7b665910a19,0,0,0.069632754,0.05467568,28,0.9702122
rec_d761f3eb26aa4b73e1d6,grp_ce216f1a94920b2e9c83,0,0,-0.10479106,0.0034160921,50,0.985004
rec_d76ea0f6b519b7db9f97,grp_09c06cf06d84dd6031a0,0,0,0.14617234,0.16656904,14,0.97347224
rec_d7753f118da9fc6e93fb,grp_e65e3dd8ea5b71708e28,0,0,0.073727414,0.0582073,17,0.98141307
rec_d77c0c0d4a20b1196ff5,grp_74d6902629d3f839ede0,4,0,0.05302566,0.038801447,12,0.99953336
rec_d782d1fc67916d8fa913,grp_350e388569b8fb42fcb6,0,0,-0.07010336,0.005976754,25,0.9692044
rec_d7839a0ce83d5c766377,grp_d590b1a7a78643b1ddc8,2,0,-0.0389404,0.0072251256,47,0.9966673
rec_d78a727f9a5385adbd17,grp_689b15d450cebb2fed01,1,0,0.02310966,0.02720412,17,0.94466645
rec_d78d986faa2e880103aa,grp_08ff51453ba3a419d0ea,4,0,0.061514318,0.044576533,17,0.98733866
rec_d79791a03a9a603c9ace,grp_8955b392d67ee152224d,0,0,0.061743088,0.04843319,2,0.97137237
rec_d79e3412a10195ae163f,grp_0aa30042af2ede441a12,1,0,0.058387797,0.049128707,38,0.9609368
rec_d79efc3e988a5a55baf3,grp_b542ef7fe675e3c04b5d,1,0,0.092094414,0.084989294,41,0.98994577
rec_d7a10cb162d3a53348d2,grp_44fae98fb21d3c224915,4,0,0.00041336997,0.01618997,21,0.9859387
rec_d7a3c692d198287b7e21,grp_f12844488a323e2dbb09,2,0,0.0675901,0.033492558,34,0.9123875
rec_d7a8d3714c81c953955b,grp_08f8937ea99d90adf724,0,0,0.060578335,0.047570918,56,0.9861014
rec_d7b830e1a32f10f409f2,grp_10d94df0b3b7fb89348c,3,0,0.02109998,0.0132091725,48,1.0098121
rec_d7ba17581e555242f408,grp_9ad63a1ca25261d1d388,1,0,0.1591978,0.22992194,61,0.9769504
rec_d7bc3d5b6f05ee0385dd,grp_c23659dbf9e72cd0172b,2,0,0.08860074,0.045020185,43,0.9728547
rec_d7c2acc13bb62b6027f9,grp_428576f3b1995c4a63f4,1,0,-0.048304632,0.008006383,60,0.97612494
rec_d7c77d37ca3117346a1e,grp_8b44870db74c749e8074,4,0,-0.06732874,0.0051561194,30,0.9519571
rec_d7ca12a53c081d4690ee,grp_2b97ae1cbe083342a5a9,4,0,-0.01200072,0.013141304,57,0.9877051
rec_d7d0548f16743292611c,grp_2b661ce4995cb8b00457,4,0,-0.0120920455,0.0131211225,24,0.9863775
rec_d7dd5c3ec89e0b9fd75f,grp_da13544945713573bfcb,1,0,0.048383158,0.0416056,26,0.95109737
rec_d7e5f77e5482e3ea8cbf,grp_8b3c44881468fccf5ec9,0,0,-0.06167503,0.006845184,16,0.9237442
rec_d7f09f100415191a6261,grp_ed7cc767b5e31d84f110,1,0,0.035190336,0.033356037,55,0.95549804
rec_d8064c2c3a35c9972f92,grp_cf216bc7a65d0dc03d66,2,0,0.13402684,0.08400545,39,0.95540565
rec_d809c193a5f3b780bd14,grp_47b02bb50b07573053f7,3,0,0.016408486,0.01237049,35,1.0097967
rec_d80f2a84f0d9949c1c9e,grp_67b15d99cb03ca63cda4,4,0,0.10291515,0.08636536,50,0.9894466
rec_d811820d3671afd66a7f,grp_b16a36a24fe067251bd6,2,0,0.061602175,0.030766377,1,0.9629655
rec_d81254745f3155b03b0b,grp_59bf507ab8f87c1302c5,1,0,0.04376241,0.03851505,18,0.99410045
rec_d8259722ba109a033d13,grp_780c44eee04f833264f9,2,0,0.10884268,0.059633423,14,0.9898932
rec_d83491e1e58c234d1078,grp_a9afc7b5f3f7c5d3e703,2,0,-0.009819958,0.011026656,5,0.949809
rec_d834e3640ddb423a57a3,grp_cc33cda6480ff8d0c060,2,0,0.09725079,0.05079321,51,0.9676715
rec_d83c347c3423a4175977,grp_faa3e821c2799c702124,4,0,-0.11122679,0.0024454077,27,0.98406297
rec_d83c904b7e9eeb83a2c2,grp_daf03495f800e81a58f0,4,0,-0.035451386,0.008847581,40,0.9808455
rec_d84abf1527cebaf58834,grp_e5afc92b65bfb897451c,3,0,0.06323656,0.023735646,12,0.89873266
rec_d84ba2c12f9f59a61969,grp_84123b67a11ec6702cf7,3,0,0.02411814,0.013778118,26,0.9433724
rec_d84c3c55895d33d79267,grp_85c45d43b308645132ca,4,0,0.14770865,0.16869864,9,0.9707383
rec_d84fdc7837b90f648984,grp_ac8e286c85c0e759369f,1,0,0.033200048,0.03225723,23,0.98421127
rec_d85164e3b02fd4334194,grp_20d313442edf3aca91fe,1,0,-0.0539394,0.00726405,34,0.98409426
rec_d85722459ec3a9ff5bc9,grp_e9a1c8e566350545f9b6,3,0,0.050980724,0.020029075,5,0.98621607
rec_d857e087a28fff1bba8f,grp_b2206658ffc07de95dfa,1,0,-0.00461316,0.016969752,59,1.0108467
rec_d860a2c76092cd1fa018,grp_f42c89b602529d47d64d,1,0,0.027585737,0.02934303,17,0.9320838
rec_d86871caf285939c3de6,grp_6837e94ce89e39d30994,3,0,0.07845695,0.02927854,37,0.98094124
rec_d86bd350cc064468b5b2,grp_8748dfbb5a3f0f1c373e,2,0,0.08729653,0.04420588,10,0.94478637
rec_d87a5845616278fd25e1,grp_29c20b2ca2080504dce1,3,0,0.031874403,0.015353399,40,1.0004045
rec_d87d073271641ed30e48,grp_e8d21b7134ff7ac90fa8,3,0,0.021324746,0.013250731,47,0.98428047
rec_d88094b586d53270415c,grp_b855d00a859854c2927a,1,0,0.07296681,0.06242988,63,0.92771614
rec_d881c19605ab2f25d3ff,grp_d08ee3535130be0a3d2d,1,0,0.014901159,0.023668874,63,0.95972186
rec_d88c791b3cb4a5fc026a,grp_e0deba5cc6a0afae0b69,3,0,-0.0065381825,0.008968804,32,0.9873963
rec_d8933348d181aee04bb8,grp_9b8eb75c5fd66dcdfac4,2,0,0.16344357,0.1236619,51,0.9475574
rec_d89a90d17b2caf0b5401,grp_9c1345a0e3b6a63a432e,3,0,0.027882231,0.014521631,50,0.96727645
rec_d89c33efab2e39409930,grp_b9d1c92b6d2810dd05e5,3,0,0.121207625,0.052366752,30,0.9585141
rec_d89d6cbc16fa6c5905b9,grp_d4c84f8423e9a06f7352,2,0,-0.054792847,0.005736441,5,0.94980985
rec_d8a4802884b51dd4da4f,grp_a6a435d77bfc7a7a7d74,4,0,0.13009426,0.13064171,2,0.9692854
rec_d8bf08e447142760ef84,grp_3b66635b796dd8dc545e,2,0,-0.016587427,0.009996346,58,0.98329204
rec_d8c0fc1221f6477b79d9,grp_13726734af34deceadb5,4,0,0.09855423,0.08067426,54,0.98008764
rec_d8cd6259b47df0e7ee68,grp_bb5c840a264fd31e9e8e,1,0,-0.075534716,0.0049999994,17,0.95696753
rec_d8cfa1849ba6c988ab43,grp_02e6547ef18d9505c7c2,4,0,0.05239944,0.038405076,22,0.9971581
rec_d8d56f980e5659232546,grp_3783ad940842cc9428bd,4,0,-0.049665067,0.006956192,47,0.9937381
rec_d8d9198cddb87b6a7ac8,grp_e52feede10db4250041d,0,0,-0.031077875,0.011188066,58,0.9598107
rec_d8ec6e91989bfe9d20e3,grp_f7fca3fc64e5734bac34,0,0,0.00842341,0.021005906,14,0.99593097
rec_d8f21988d88d8137370a,grp_d20c6894e5c4469028c6,2,0,0.01040126,0.014772146,12,0.961677
rec_d8f6d6af27c52f3c72e8,grp_444653f9347e1e99982c,1,0,-0.041598037,0.008988529,47,0.9893539
rec_d8fca23d618eb7ee0661,grp_12ae2b48bfa99530eac5,4,0,0.09365618,0.07469167,55,0.97064465
rec_d8fe0297d8c92913b096,grp_20515b90e28b945357f7,2,0,0.16740787,0.13009405,32,0.9784888
rec_d904c1b8155e6b436993,grp_be73fe23b73ebd7acf89,4,0,-0.064089485,0.005447396,26,0.94490945
rec_d905d0e6fa1007ff830b,grp_d879b2f149396a8ebf7e,0,0,0.07491005,0.059266534,9,0.9636514
rec_d910be51b5dacb80c14f,grp_860ef3f397b2ffd05833,3,0,-0.05838315,0.004323799,2,0.99897766
rec_d911f1b34e721338f9c8,grp_9cffe9339db6a09e08fd,1,0,0.06526878,0.055033874,15,0.9697469
rec_d91480581659645f9f25,grp_cffad93c4ab33352b91f,0,0,0.046561547,0.038277242,33,0.99014425
rec_d927633f92c58d5c479e,grp_ea1a01184ff4fd454762,4,0,-0.04300075,0.00778701,57,0.9634329
rec_d928162ac741f3cf9461,grp_bfe07fbca2985c62a9e6,4,0,0.052447475,0.03843534,37,0.98420715
rec_d92a9c3ed2fdbaf6b5b5,grp_bb0672890f6b4ecfae0d,3,0,0.1167552,0.049324285,16,0.95008826
rec_d9308e83a42dfc463612,grp_a9b7251f6b1164d088c9,0,0,0.016846322,0.0240033,15,0.9390872
rec_d946e33d711a86be33aa,grp_f665d80f1b8fc8b7f7bd,3,0,0.07171449,0.026683077,0,0.9752874
rec_d951ef57d50935079afd,grp_f3caf7afd1d8292d3fa5,4,0,0.10157724,0.08458175,8,0.92875147
rec_d95430f8038e118f7756,grp_b3e09e93f9f398000999,4,0,0.080584876,0.060671385,17,0.97438955
rec_d95856ad00e976470fd4,grp_0f1fd8bfd8ea01ce0dc8,0,0,0.0047954703,0.019830663,7,0.9926877
rec_d95ba5797b0740fbe41d,grp_1f95b8275d6d3d883510,0,0,0.07512328,0.05945941,38,0.92672896
rec_d95c289a10124172ee57,grp_e0b2c27efb16c8031b66,1,0,0.15892479,0.22908185,14,0.9633239
rec_d96858794a436549ae0c,grp_b92d015b2197d239c693,3,0,0.041215647,0.017487219,11,0.95730126
rec_d968d694bc479ab55fe1,grp_b6f538d148c441c9e220,3,0,0.16776183,0.096534625,30,0.97682154
rec_d972a374f70b598263da,grp_a2c335b258fae0a7285a,4,0,0.12648606,0.123809926,28,0.9764067
rec_d97cd15c02cb9e06ea30,grp_b2727e63e2d5511ab071,0,0,-0.01587406,0.0142682195,11,0.9931712
rec_d98e4d264772337d224c,grp_898df2b56ac219c4b460,1,0,0.06723692,0.05684231,31,0.9884942
rec_d98f5e584510bb42d3b3,grp_38923c9e1a7de6b6204b,0,0,-0.033508718,0.0107606845,31,0.94350344
rec_d990bcee17b398d8c526,grp_a2bbe24ba7c7ddc8092c,0,0,0.053579897,0.04268965,31,0.96743727
rec_d9985777baaf54ddfa07,grp_7dff9b49c54928330502,4,0,0.068902194,0.05026162,52,0.9809417
rec_d9a5ea60a268c3eaa450,grp_7814a2f586f133e04e0a,0,1,0.18306461,0.26649603,44,0.9828559
rec_d9aa4c03767f2d9335a2,grp_fedd34edaad0e66e639a,4,0,0.062536225,0.04532475,57,0.991249
rec_d9b730e9846f53d9967a,grp_41caefd066c3f4945e02,4,0,0.0057025943,0.017691322,0,0.960736
rec_d9c2aef2064ec88d0348,grp_4f9fe6479f01c9a1af7f,0,0,0.04706859,0.038580764,15,0.92972577
rec_d9c2e32b7b8504ede322,grp_a8422a303cda0586cc73,0,0,0.15678024,0.19181038,14,0.972197
rec_d9c5cdd1e21d8ba02848,grp_f5b1044f18df536dbdfe,4,1,0.22296022,0.42276284,36,0.9783889
rec_d9c899211aed44d5b02b,grp_2b0c2f8cb7b56ff63ce4,3,1,0.15984403,0.08718682,59,0.9869007
rec_d9caeb02524603a6616e,grp_4a6c7c300fac1e058170,1,0,0.019583562,0.025626615,24,0.98912907
rec_d9cec8c5272a014417d2,grp_a7c0977a4c96e250ae1e,4,0,-0.016476175,0.012187323,0,0.9341545
rec_d9cf1f9a8d24f87347db,grp_a448b762534c89690ec5,4,0,0.12507485,0.121222466,2,0.9820293
rec_d9cfc3c7110657274aea,grp_543926a83db1807b8a57,2,0,0.0025200606,0.013182671,41,0.96700066
rec_d9d09354e381e7970d40,grp_15f1f5a87c904ae93a5a,2,0,-0.021738864,0.009276485,32,0.9974987
rec_d9dd8c8bd4af50df6cc5,grp_b22f8f4a39b5bab9afea,1,0,-0.053896062,0.007269488,26,0.9352448
rec_d9e95caf76c7cde28ae8,grp_a0faa11aac31bba01d86,1,0,0.07914209,0.06902317,59,0.9916463
rec_d9fd953058d6d24133ae,grp_452c31e2860bdf1ffa0e,1,0,0.0087343585,0.021311874,63,0.9675627
rec_da00ce1b28bb9e512f0b,grp_a54adba1b7763a5ed9ab,2,0,-0.061712906,0.005186297,16,1.0043223
rec_da078f1710ea62e76797,grp_fe866a535a71ba383876,1,0,0.02122654,0.02635025,21,0.9765958
rec_da08eea1d8e9fdc0d049,grp_1cef22ac1a1de956b2ca,2,0,0.21866393,0.24062188,15,0.9237462
rec_da0f03e8b8e8909244cf,grp_26f2e7bf12f1c4cb4bcd,2,0,0.0028717024,0.013249852,16,0.9843481
rec_da138fa70f96d7e31790,grp_885bd29ecf9aa8e5e9cf,4,1,0.15854454,0.19622314,36,0.9873053
rec_da165a7f538f0e91e97f,grp_fed5ae56c3b2d7b647f0,1,0,0.03448605,0.032963138,18,0.994802
rec_da26c042a10f6026c9f4,grp_fb56c130fd0451f10fd9,2,0,0.02022668,0.017020058,39,0.9550184
rec_da28f7a4634785ceae39,grp_29cedee62ff3a3fd22b4,1,0,-0.015699692,0.014034222,62,1.0047579
rec_da3adf304afb2267c199,grp_1bc7041d64e8d0d34adb,1,0,-0.0072137155,0.016231142,17,0.94002897
rec_da5235fdfa9d19e982d0,grp_3d05df5812c061fb2b4d,3,0,0.17741935,0.10914017,15,0.96104205
rec_da5285060f36005526ec,grp_5aade58433663dd251ab,4,0,0.0636591,0.046160676,37,0.96828884
rec_da53d66281581cb94a4f,grp_125b18accadebfd2e1aa,3,0,0.064965725,0.024309823,30,0.99369895
rec_da5bb4dae922aeda3b8f,grp_3b1ab5522313cc3212e5,4,1,0.19724363,0.3208114,36,0.98271066
rec_da5e75bccd43e3444048,grp_6b42bc6fd0ac484c40f1,0,0,-0.061284974,0.0068882774,34,0.9731777
rec_da6972ef93e69b6d41d4,grp_da55d77c9a3ee0e3afde,4,0,-0.005603441,0.014634093,11,0.90225327
rec_da69c518cb1cfa4d7f7d,grp_78c9b96851f947e0527f,2,0,-0.030225825,0.00820088,16,1.0015575
rec_da78b495320686c7ef70,grp_21f4e472fbd2ef6895e4,2,0,0.05479955,0.027929753,23,0.99683636
rec_da7945d10841fbcf185b,grp_6e59c57a64a63882f3f6,1,0,0.112012565,0.116107695,59,0.98331475
rec_da845b99882f7cd359f8,grp_ecc3580d369f4ef4a493,1,0,0.07161231,0.06106445,16,0.95274246
rec_da86cc56a76220253fe7,grp_3d79c5ae370c84cb8158,1,0,0.08845959,0.08019802,21,0.99156475
rec_da876bada64e4dfa372d,grp_5fb178c238072ec407ca,0,0,-0.07491284,0.0055312314,1,0.99501044
rec_da8814d0c527572fabbd,grp_4fd66481616f08b84a46,1,0,0.017088536,0.024564574,9,0.9891066
rec_da953ee6d4dd4b2c86d4,grp_049e9d1e0e1f4a360e89,3,0,0.005546066,0.010625237,17,0.9806885
rec_da9d9337b316d29ecbf3,grp_29be247501f4cb412bad,1,0,0.060114793,0.050551724,52,0.9938626
rec_da9ed05a7ff2a3b4de70,grp_2c8d27a6026d49bb54ca,0,0,0.014181067,0.023012282,27,0.9708971
rec_daa4ee987b03bef2f28f,grp_4496f172ddf58056afae,2,0,-0.032859188,0.007892992,5,0.90970886
rec_daaa6e63f12cdc6421f1,grp_97dc8e600040a06c2831,0,0,-0.035878673,0.0103595685,10,0.9759981
rec_dabbff369f5c9bcfa576,grp_9144a6f115e96478099c,0,0,-0.0037504984,0.017311115,61,0.9508496
rec_dabc0e991d621c4ddbcb,grp_4458a152379b65dcc750,0,0,0.010307504,0.021642864,42,0.99227357
rec_dac8ddf8145c6f13b580,grp_ce77cc0a0c0437bb979b,2,0,-0.023734592,0.009011614,18,0.95601386
rec_dacdd356fb82b8891cf4,grp_568740971fb6665741a6,1,0,0.062825374,0.052864134,41,0.97416073
rec_dacf211bb6ab8ee8935a,grp_55f93272e5336e5415c9,4,0,0.03264161,0.027722977,42,0.99357
rec_dad1ae2c5a9325a1fff8,grp_18a5ab4a1559718f3bd5,0,0,-0.036436547,0.010267318,15,0.93092656
rec_dae5f260290764941f13,grp_65ef4bc5b7e5dbac0546,1,0,0.087670766,0.079191305,21,0.9744775
rec_daed168068187b2f6e66,grp_daee35e3da455e245c04,0,0,-0.024094956,0.012511326,31,0.9296162
rec_daef7bbed5f0ce874064,grp_70774be885d4865b42b3,1,0,0.12996571,0.15220423,33,0.9691592
rec_daf687e73cd907271497,grp_43166983c712a95e0bcd,2,0,0.2080464,0.21335655,39,0.93432456
rec_daf80c994320935322c7,grp_c8fb01a3c629e4e5d3b2,2,0,-0.03821399,0.0073018554,7,0.98780566
rec_dafac93a29fbd7cdf7f5,grp_3894e0b4ba34a6e0a22d,4,0,0.13078403,0.13198364,54,0.9779877
rec_db005f50f1e847808a10,grp_67acc22c5bbc41ee37cc,0,1,0.13574551,0.14441931,44,0.992501
rec_db0a459a140272ad2a10,grp_770dd04fdaf78b9dd7d0,2,0,-0.0542563,0.0057814443,8,1.0028498
rec_db0c5805c1875b9cc16b,grp_0207d5a9dc737fb9279b,0,0,0.014673683,0.023192393,45,0.9893813
rec_db21134eacb58712bff7,grp_45fb3799c6ac32f20714,0,0,0.031242196,0.030118048,56,0.9803597
rec_db26a139e76c0aa2d24b,grp_f828f5bf688fc94fdf9c,2,0,0.108331256,0.059214685,43,0.99036855
rec_db2901be5b7a1ae6ab32,grp_24c76c7c1f0d8be36d28,4,0,0.1368616,0.14431821,2,0.938348
rec_db339543d13a99dbbefc,grp_699d0acd668dd56baf31,3,0,0.0008136458,0.009943256,47,1.0071669
rec_db340840b3b5e0087ad2,grp_5865e817de39348720a1,1,0,-0.04059393,0.00914551,21,0.9753944
rec_db3a009f3330c2f94716,grp_576eccabde821bfd596f,0,0,-0.031571448,0.01109995,13,0.9916726
rec_db4187d6615e116b1f58,grp_fa9baf4bfec5a441f26b,3,0,-0.0009614044,0.0096987905,55,0.989617
rec_db44544824be1f2dd066,grp_fb379c96d142d7ecb243,1,1,0.1180569,0.12734501,46,0.9938038
rec_db44eb8af333ba0bc8f0,grp_b3bef5a1ac86b09dc5e1,3,0,0.023553375,0.013669848,22,0.98409873
rec_db46a35f20a9ec5360de,grp_06c31d97a48c638f853d,1,0,0.010449247,0.021943249,48,0.9996464
rec_db525bde64301d5908e5,grp_e201ecb48d742ed2a114,3,0,0.074965805,0.027905457,36,0.89379746
rec_db54fca6bd2e07678211,grp_58b2713638de9e5b0811,1,0,-0.046408065,0.008272795,5,0.9404486
rec_db5bec215fc8f99d96ee,grp_79f0ff5341c220ff1d24,3,1,0.1956929,0.1369637,59,0.9825841
rec_db5e9fb8a5e0348d5eae,grp_09076cb3a0999c4afcb3,0,0,-0.075962655,0.00543846,11,0.97899693
rec_db5fd128a1bb009ab2a1,grp_b6d63e0d9e3bdff3fc88,4,0,-0.07353389,0.004640729,20,0.96447176
rec_db60c5fca0fb32da0a12,grp_bc8681d73b7f7f942843,3,0,0.10101381,0.039859995,27,0.9674796
rec_db7431861193cb73d6f5,grp_920095ba7b989f0d3e9b,4,0,0.07729234,0.057548933,50,0.9895624
rec_db74b510f17a492ca39a,grp_b67413ec9ed208cedb7d,1,0,-0.057499133,0.0068307286,18,0.9891348
rec_db74e3e9f7cca3972dd7,grp_c86bdac74e5f8ae718dd,0,0,-0.02498371,0.012334683,52,0.99212945
rec_db7929530414cd030743,grp_ed16e9087999d63998d6,3,0,0.11976238,0.051360235,12,0.9439197
rec_db7ac810579a2a13c19b,grp_df6873fdcefe3c6f26ad,4,0,0.054828025,0.039964307,35,0.9698567
rec_db8ec43d96c1cc616a45,grp_9a2e7c89a240ea4ce262,4,0,0.15637022,0.19044013,4,0.9684393
rec_db9387789c9e81b8252f,grp_1cb3840eeb59b1a79658,0,0,-0.0006005005,0.018200953,2,0.95752174
rec_db9f5654998dcb70a849,grp_82609a5481cbb9c8096a,0,0,0.03622741,0.03256886,10,0.96822673
rec_dba1cb6654b5164b629f,grp_85c05e13dc9ff60b6aee,0,0,-0.0040565287,0.01722698,27,0.9536099
rec_dbabe408523a428cb08b,grp_02cc112ddd5f5ec8347d,3,0,0.096186996,0.037324388,47,0.99393946
rec_dbac3bee9d3fb09f117e,grp_72f375b8e2889f91a7d8,2,0,0.08747029,0.044313554,6,0.9524263
rec_dbb8c27c38e9fd1db9a4,grp_90b6eef14244a8638079,4,0,0.14136393,0.15406223,42,0.9651091
rec_dbba2f71f252455414b9,grp_1562faf71d2f586db3c2,0,0,0.16729794,0.21961713,8,0.9792018
rec_dbc0a82d203316ef3f2a,grp_a4f6bf6655a9dea0a230,2,0,0.10763916,0.05865241,14,0.9809357
rec_dbc36c8c2c35bf0eedb9,grp_a64740c49e5a8bcce4f2,0,0,0.034150787,0.031525373,39,0.9889302
rec_dbc68d0f1ed75f445ec8,grp_66aa1b279f7623c86008,3,0,0.15177588,0.07851121,0,0.9768328
rec_dbca7b9e2d3308c1941d,grp_076c4988358d5a60b229,4,0,0.025192307,0.024496365,3,0.9476326
rec_dbd8e726819f75086850,grp_4dcd3e884abe786e28c4,3,0,0.029279647,0.014807603,9,0.9941674
rec_dbe744f195fdf2eb9384,grp_70e166ca4e3977c8426a,1,0,-0.005160282,0.01681166,55,0.93384004
rec_dbeee13394f14ea75e56,grp_1de1b1385c0c43275b21,4,0,0.13546464,0.14140083,2,0.9558085
rec_dbf4ff039c94d6c81da1,grp_1369e885bd4939e49229,4,0,-0.056108937,0.006236721,54,0.99788636
rec_dc0a0282c5d480c77d73,grp_b061c754b10fa786631a,3,0,0.12492771,0.05504392,19,0.9632915
rec_dc0a3eec3919e237511b,grp_b63b4326bd3218911711,3,0,0.2373261,0.22251344,30,0.9275112
rec_dc16dedbc980f893c4b8,grp_9feef3d29fb613ccbaa6,4,0,0.07859515,0.058765978,49,0.9182966
rec_dc179847a3a62c983287,grp_f5179835a723b4239ea8,4,0,-0.08887004,0.0035764768,21,0.99859226
rec_dc18eb201940c03e3781,grp_dfb4a199d7a20a4320bc,4,0,0.03870556,0.030651083,21,0.9155391
rec_dc1d97a6dbd7aa1d811b,grp_d835349e7c48f85ca5f9,0,0,0.032366235,0.030654553,2,0.9520879
rec_dc2fe2a35cdfb67bd4f7,grp_7007ef828ad389c634f4,0,0,0.15729773,0.19311334,9,0.96783787
rec_dc35f0f7495c3a2fde9e,grp_0d60c4732677a91a605f,1,0,0.01714397,0.024587698,62,0.9579028
rec_dc38527bd9656ebb0490,grp_0b84b0d5a5f6c2b99ae8,2,0,0.05256733,0.02705553,29,0.97403973
rec_dc4b2b72d89ddd72c434,grp_d90ee7a3dd74aa64bb6f,3,0,0.0856335,0.0323098,34,0.99304384
rec_dc4fdd7e0bb9c1e1c22b,grp_38eed827e5517d74e382,4,0,0.011018546,0.019337796,2,0.9619561
rec_dc50ee85bab691f56ed8,grp_f8613241995368e90ff7,3,0,0.22189996,0.18700902,31,0.9561198
rec_dc543e830106ecf7f941,grp_eefbe71a51628d55336f,4,0,-0.085059054,0.0038157427,54,0.97265
rec_dc54a726668fc45c5d62,grp_4bf8a251068dfd3115f7,1,0,0.0049177404,0.019969817,23,0.9992548
rec_dc5b6db71b8bdd16e233,grp_ae32b1001047255d0d20,0,0,-0.011003985,0.015421474,23,0.95847404
rec_dc5b8200690706a14277,grp_554eda497ae1e517dc95,3,0,0.28284028,0.35286963,30,0.9298281
rec_dc6daf9620bb0813fa47,grp_bb23231a8b7f9019b8ce,4,0,0.08717672,0.067404024,54,0.98929006
rec_dc96cce6d9ac6601d0d1,grp_6b8d8da9650740c1c71f,2,0,-0.010478737,0.01092191,61,0.96617067
rec_dc99540482121d3fc8f9,grp_afb0c7cf0364464b68b3,1,0,0.03651571,0.034107715,6,0.996381
rec_dca6eeb20fb0369b0bfd,grp_ca5613b0bd1222c44c8c,4,0,-0.04822759,0.0071276114,57,0.9773753
rec_dca921814446e7cf3072,grp_92601110a2bbf16bf3e1,0,0,0.013409308,0.022732858,29,0.92975825
rec_dcadf5db6407c5a04f46,grp_2f769dbaee230fa1de04,4,0,0.013330698,0.020099971,37,0.9898405
rec_dcb0a29fffd7b9a07936,grp_a29eb11127dcf2e7ec77,0,0,0.0147361625,0.023215331,20,1.0089923
rec_dcb73c0e9a0bd5e6156a,grp_d848b85e76d4054a20ce,4,0,-0.016536979,0.012174843,24,0.9873803
rec_dcc53178c420f9c1aa9c,grp_4ec5727c3d1ffac2d84b,3,0,0.0368375,0.016453091,51,0.91914684
rec_dccc960d6f539e417baa,grp_ff2dec314c504bf953f9,4,0,0.05917959,0.042911075,8,0.9315974
rec_dcd80a296247c6f4d83a,grp_f215d3ed2edc85c3eca3,4,0,0.16837318,0.22401172,52,0.98636943
rec_dcdf8a346a15846570b8,grp_9e0a39de65bd39eefc7b,2,0,-0.005544244,0.011731038,19,0.97421175
rec_dced0bef4587e601e8d6,grp_855cb35131458b38e04d,4,0,-0.041378412,0.008003733,27,0.97376126
rec_dcf9bc6f9007eceb3c15,grp_327f5f9a08cc96bf3fc9,0,0,0.06101454,0.047892123,35,0.9534265
rec_dcfff605b66fcfd32f56,grp_bad048fa96cc7fb122b0,0,0,0.056456592,0.044635322,1,0.9746833
rec_dd095ae8f997524abdda,grp_6a3fcdf9d33151256e97,2,0,0.0887211,0.045096047,61,0.9969555
rec_dd0a99dd35f9a26fe381,grp_59e812c573429dbfbb2e,3,0,-0.03228062,0.0062457384,40,0.9942209
rec_dd1bff95361b87b97b68,grp_ae1603877009a43dfd8a,1,0,-0.012770612,0.014757241,9,0.9877994
rec_dd2f70425683048443a4,grp_5d03c45be7be875e7518,4,0,0.09662904,0.07827235,2,0.9349607
rec_dd332ef77bff37ae561a,grp_fe2bd09f233704df6e39,3,0,0.05081158,0.019982109,10,0.94812006
rec_dd3a150147c8ea596554,grp_9dda63ac0084dfeda20f,3,0,-0.14102921,0.0013452548,17,0.925535
rec_dd3aae15cef9d0bbdda9,grp_7ed61a8593a72102071f,3,0,0.22609822,0.19621795,34,0.9503542
rec_dd3b74dca9a539f07317,grp_63ee9e60229536478b38,0,0,-0.120160215,0.0026651616,39,0.99656266
rec_dd42946396f9faa36589,grp_7aeca5b5774d876b3ee8,2,0,0.07797963,0.03878484,12,0.9713177
rec_dd4427b4a2e4321a8f99,grp_d4d09c5c03c8ff6af614,0,0,0.09638872,0.08191159,7,0.9856242
rec_dd469702d6374fe7d477,grp_3d836be4b693a87243c8,0,0,0.05740565,0.04529557,53,0.9747094
rec_dd4737238321c2e6f942,grp_55ba0c69b0c893b02689,2,0,-0.04298988,0.0068118204,22,0.9902364
rec_dd5806a7da17e9c60414,grp_1a8ec9c3336dc4d56ca1,2,0,0.13708644,0.087519236,17,0.9595612
rec_dd5807b53c2c6af67861,grp_b7fdc960243ebc1688e4,0,0,0.039082155,0.034057975,3,0.9864933
rec_dd5d89943e3955e557e7,grp_f3625fcf853eb176ba86,0,0,0.12359468,0.12175582,17,0.9876748
rec_dd5f4f7ca37d22c78e12,grp_098f0662014880ce67b8,1,0,0.02495715,0.028067939,20,0.9954959
rec_dd6ff4a9b10f27c36dbc,grp_a6a876132ee4180800c0,1,0,-0.022479013,0.012492087,59,1.0037953
rec_dd71856bec9a889f9037,grp_e5b5057b210dbdb923be,2,0,0.005375332,0.013738017,20,0.9634768
rec_dd7e21b2a4b6dcf9ada4,grp_3d30c18dad12d4b41a68,2,0,-0.041783825,0.006932398,39,0.9504613
rec_dd8ba57f1a640570207d,grp_622c3813f55f594114b0,1,0,-0.03975069,0.009279439,28,0.9364958
rec_dd99ce8ca6ea3c2cbbaf,grp_234f4ac390bdde9bdee1,0,0,-0.018457295,0.013691436,9,0.99051255
rec_dd9a9049ad782d0a299d,grp_a2d3c98304e5f5e3cbdd,0,0,-0.021924753,0.01295322,32,0.9280096
rec_dd9d3f8e223b56b3a71c,grp_955abeb9961434a63855,1,0,0.10111802,0.098022565,57,0.9794481
rec_dda39ca42b2c8224c4d3,grp_7237fe74ef34ab309970,0,0,0.0103039825,0.021641653,8,0.9826467
rec_dda5f922598ebb9ff25c,grp_a8f28116386826ebecf2,1,0,-0.01220548,0.014900904,26,0.94913846
rec_ddb5f4d24dba4fb31f38,grp_baba5dd6eb024830af40,1,0,0.023315739,0.027299182,15,0.9684326
rec_ddb5fbc37d8628cedd03,grp_98b4612f8972456155e6,3,0,0.13970408,0.0669992,51,0.95196414
rec_ddc157778404328e1f6a,grp_e01674b09f8a0a30ae98,1,0,-0.036804654,0.009762777,16,0.8696033
rec_ddc58590998df4492b66,grp_8e30b8c26878fea1b4bd,0,0,-0.015578166,0.014335798,42,0.9931485
rec_ddcbe55e85024659c591,grp_13db467763a7d09e3270,1,0,-0.073045395,0.005220185,50,0.960016
rec_ddce8241f6a6b4f1ac22,grp_8234254dc255e80f7264,2,0,0.04466678,0.024170114,62,0.9723444
rec_ddd53c5492601be67bec,grp_cc520baa78f3a740cf9d,1,0,0.110264346,0.11302203,13,0.96526575
rec_ddda07951516afd17734,grp_b2207439dc431dfc82b4,0,0,-0.0384655,0.009938619,53,0.9919167
rec_dde03832be89c248a8b6,grp_40de3c6722b4d832f699,1,0,0.059729096,0.05023057,21,0.9842975
rec_dde4cfdf3b3f81685deb,grp_93e600ebffc75c1d0390,2,0,0.11021421,0.06077013,7,0.97759944
rec_de0265e6c8c7b1e5252e,grp_2a87f5c62bae746729f3,2,0,0.056021407,0.028419834,36,0.94753736
rec_de05edd6fcaa338d6d86,grp_ec059b92d2a67a637e9c,3,0,0.047894407,0.019188855,23,0.9785149
rec_de11fc1dddfb95bf0af2,grp_3ba6d0b5bf093fe72254,0,0,-0.0057238163,0.0167756,10,0.9701915
rec_de2012e201d108e8aee2,grp_05cdf9b0f5d88fec8b18,1,0,0.033643734,0.03249911,32,0.9974553
rec_de2200e6076a1da4c0a1,grp_b154dfc8ce7c1db26d6c,0,0,0.06916938,0.054288972,58,0.9966371
rec_de23b14d907688410a36,grp_a12c0a9a61f7c61b06a0,0,0,0.026626896,0.02800904,4,1.0060612
rec_de26c7c58fee4ad2c2e9,grp_58a0b60c13a91547804e,2,0,0.09282579,0.04775738,1,0.9879072
rec_de278f7ad7d990cb1f73,grp_701e77a8a048b05cb7e9,0,0,0.07026784,0.055209894,20,0.9640443
rec_de28d864ac185e87f1f5,grp_33639103133b595bacd7,2,0,0.074475326,0.036915712,12,0.95552176
rec_de310b02d13110b1dfeb,grp_8f2485dc5ccb56da3d2f,3,0,-0.12017091,0.0018067738,44,0.9956141
rec_de3cfadeb58475a91b89,grp_e75d74121418b128ad56,4,0,0.15030183,0.17499226,22,0.9763496
rec_de499c6c1b06033c4355,grp_6bb7e3e43e519a4e987a,4,0,-0.008074118,0.014038729,26,0.94790673
rec_de4a01cffc2c93c52381,grp_08d6e90abf762b4734c0,1,0,-0.018627252,0.013346499,31,0.9883438
rec_de4a235cdd1bc79783f8,grp_7d9955a7d487f704cb7c,0,0,-0.014517734,0.014580584,10,0.9641148
rec_de4c9ca515805c6f00af,grp_3f62341fc950a93a5a50,4,0,0.026972855,0.025232619,50,0.9581662
rec_de51e17332ba2773ecbd,grp_e260f08f0d45ca322acf,3,0,0.15475495,0.081618585,15,0.97534245
rec_de51ec27d5db13013a90,grp_1d932c8960d61b8ce3b8,2,0,-0.050973926,0.0060645025,8,0.9626783
rec_de60eccdb2cde54d8c26,grp_ef8a29a538a79f74d5ff,3,0,0.075659625,0.028173268,21,0.9441396
rec_de7085fbfea897078f0e,grp_762bba3a5e202c061cef,1,0,-0.024666836,0.01203107,6,0.9857765
rec_de70d55b6c5c18aee707,grp_4afc88e451870b7e50fb,0,0,0.06825598,0.05353424,42,0.99460864
rec_de729389a154c988f661,grp_3743dc4bc23f20cebc3d,4,0,0.13888738,0.14863747,42,0.9776476
rec_de74f4971c402495e756,grp_a7b92c5da9b46fbef24d,0,0,-0.009775841,0.015726507,16,0.95386004
rec_de7871376a3b00e5edd9,grp_37d71f39eda59172265c,1,0,0.037940584,0.034934044,41,0.9621136
rec_de7e437dd314e8cbb81a,grp_6fbcba2bf4ccfe82651a,1,0,0.0015332932,0.018849239,63,0.9841731
rec_de7eb55056c0d78dba43,grp_fd8c879979ff64d133b0,4,0,-0.048074137,0.007146158,57,0.9698941
rec_de85f3b829f03517e682,grp_d0c903df343fec0e3787,1,0,-0.07369406,0.0051618977,40,0.97622424
rec_de8bc4b1602674077166,grp_01d43f994c3ddfcf3f59,4,0,0.06114459,0.044308744,17,0.98640716
rec_de8d05362838d13822dd,grp_a7937dcb51a5f88dbd9c,0,0,-0.032808956,0.01088203,43,0.99134284
rec_de9fb73ae77a2dcb1cf7,grp_9f8cf5a90ff9b0460e5c,1,0,0.04024858,0.036313605,32,0.98219347
rec_deaa3896c0b7eb51e23d,grp_30ce73bbdfb23c9eabae,2,0,0.08140114,0.040697224,62,0.946582
rec_dead07b5eca139a1e1f2,grp_cd65f7e903acf344e83e,2,0,0.0037486814,0.013418871,21,0.99984145
rec_deb6ebc1b50a55f86576,grp_8d02b2e5c21f73328854,1,0,0.038713593,0.035390377,21,0.9591871
rec_debe2df419d04ccf84ef,grp_52e253fe71f1c36ae5ba,3,0,0.104194485,0.04162025,4,0.99418855
rec_dec42741e269c197fdf2,grp_73e942f56c5fe82d0a50,3,0,0.18879564,0.12582059,15,0.95671046
rec_dec98647857fa21d89c2,grp_330cef0938a8fab42a25,3,0,0.04204469,0.017690104,9,0.9784207
rec_ded391cc61b6c7567dd9,grp_d2acf4150ad5817caa6c,3,0,0.18267971,0.11659781,51,0.9376362
rec_ded64a3e07e98bf1e9ac,grp_e20f23d7778f534c049c,0,0,0.073839605,0.05830703,9,0.9767846
rec_ded77220ab4bb86100e4,grp_588524089943d6af3114,2,0,0.021456184,0.017324025,7,0.9856241
rec_dedbed8b356e5b556950,grp_e25ad6cb57c24ccd6a15,0,0,-0.031535253,0.0111063905,28,0.96253794
rec_dee3b9ed4b56d34ed26c,grp_ca0667c0c6701069b7bd,1,0,0.16365604,0.24394432,21,0.9850436
rec_dee9fb0c3a875102336c,grp_f7750e8f0f5d1a8c50e5,2,0,-0.078916684,0.004035604,43,0.9821676
rec_df06750ea4ed78afd3e9,grp_453b5a30a7f7c4b023c4,3,0,0.17629771,0.10760516,0,0.9750189
rec_df0c51992cc05f78b8ce,grp_223cf61731cb05992108,0,0,0.08489283,0.06895263,12,0.9853469
rec_df0ed0744ee9b84716bf,grp_2b39784b7be8b1b1f47a,2,0,0.13594548,0.08619363,48,0.9770268
rec_df23720184737c348179,grp_b1059e89f06a0ecdbca0,0,0,0.114161655,0.10633604,6,0.9887979
rec_df24e6bf011d27c81676,grp_d14eec575f5eda80a702,3,0,0.1080315,0.043842766,51,0.94146484
rec_df26c9d3cd32b62bff6c,grp_e7dd823907b657a01a7c,1,1,0.122188166,0.13555002,46,0.99291706
rec_df2ad394a66cb4a35cf2,grp_002b70fe8e70028c9cc6,4,0,0.0934076,0.07439919,50,0.98524654
rec_df33b88b2b971a376242,grp_c2613c2094f01f39a62a,4,0,-0.048179165,0.0071334583,9,0.9766209
rec_df3a77bc93178befd55e,grp_eba7373f645726b99a6f,3,0,-0.011488793,0.008366563,47,1.0000643
rec_df3ce3ce3c6658a5a8dd,grp_421f3a888b164eda0415,4,0,0.17105678,0.2320682,56,0.9714019
rec_df3ee3ce1c1eb30f1fa6,grp_6958c3086547eefa2779,2,0,0.092649244,0.047639906,58,0.96582335
rec_df41765475b0ea3dea47,grp_b7648edd8fbac9862c2e,2,0,-0.022042483,0.009235695,48,0.97810036
rec_df41c657c7a3cf4b1162,grp_dd1cf8138780a5972d90,2,0,0.025513707,0.018365482,2,0.9837846
rec_df591e1e6ae7591dde4f,grp_036aeecf516c6f52d6ca,4,0,0.010092777,0.019040633,56,0.96910745
rec_df600b874a0ea74849fa,grp_a79f9eedd578491814f6,2,0,0.045138367,0.02433359,59,0.98994917
rec_df60a24ec6a9fffee8d5,grp_968e2f374f55492570d7,1,0,0.17825694,0.29377776,60,0.97176397
rec_df6941f3c078175de880,grp_ac39aa0a72423c3713a2,2,0,0.07538928,0.03739468,10,0.96679395
rec_df781c4902001bfc095c,grp_982277b5ee3e548d82db,0,0,-0.055559244,0.0075527397,52,0.9982665
rec_df7de580e4b1d1ed1ace,grp_10eb79399a1c70201c05,3,0,-0.058519565,0.004315489,37,0.9858454
rec_df8342f3615a6aba5d9c,grp_57fbf70ea7df7044e88a,1,0,-0.066971675,0.0057987315,62,0.96425676
rec_df87fae16fea29cd054c,grp_97dad538736c6e128527,1,0,-0.06865375,0.0056324094,48,0.99643105
rec_df884c60b438cf6336ee,grp_073ab707fec3826d63cb,1,0,0.07961152,0.06954992,32,0.9816581
rec_df8ec47f77e3c8066847,grp_1556c51af25939d72386,3,0,0.07826669,0.029202048,40,0.9847452
rec_df9450728e4535e23695,grp_eb597815f0a3da925f63,2,0,0.14900635,0.1025053,39,0.9186054
rec_df9d1a15f563c0c40433,grp_3c449da3037437129470,0,0,-0.12026469,0.002660667,63,1.001246
rec_df9e8d74445b7363e040,grp_77cf1e48585c438c9eb1,3,0,0.11210987,0.04632905,51,0.9363568
rec_dfa0e5d134c33c3ee82d,grp_731033b81154e5e41088,4,0,0.00014603307,0.016117508,0,0.960572
rec_dfa378053c0fecfb4e79,grp_b4154e58cfe99565ab57,0,0,-0.110513315,0.0031145895,62,0.9784943
rec_dfa65eab4acdf57b8476,grp_eac176bc379256421b45,0,0,0.00483742,0.01984388,34,0.95709085
rec_dfb41ed9c04c25a4a0d8,grp_3f0cfdb9a1a00af4dfe5,0,0,0.052196562,0.04178312,9,0.97374725
rec_dfbdf5ae3ab937151024,grp_275832106b41ccbe762a,2,0,-0.0043006185,0.011944137,39,0.97160685
rec_dfca9cb541098b980447,grp_75842381644a42392910,1,0,0.06590008,0.055607967,23,0.9549537
rec_dfe6bea6abd356a53c46,grp_506390d9eb1d6322e7ec,1,0,0.08187211,0.07213898,31,0.9888365
rec_dff3923d467cab523ffd,grp_21f1d38b49315749448d,3,0,0.026987474,0.014341383,36,0.95341057
rec_dffa81f81ddbc841cef6,grp_6dd043bcf1b3ee1c277e,4,0,0.1679935,0.22288807,27,0.9754228
rec_dffaf8024e4407dd4f3d,grp_2b6cfa3759f477d77427,2,0,0.081801325,0.040926717,12,0.96413404
rec_e0040b34c75ead9ebb66,grp_b7df20e28ada026a5337,3,0,0.09526202,0.036856506,8,0.9716879
rec_e007b9e2008bce6fce28,grp_b68e3654b22223b8d9b7,1,0,0.01836287,0.025101537,38,0.90692717
rec_e00d36ea3216abbf28bd,grp_230f88e1cd57af1b8781,0,0,0.07936601,0.0634217,7,0.94338024
rec_e0113715b27cedd6f52b,grp_d2c03772ec974307e20f,2,0,-0.053660043,0.0058318684,36,0.96361697
rec_e01946b80d8ff142d59d,grp_7675e66a49a24369459f,3,0,-0.010176433,0.008522191,24,0.9512128
rec_e01b5906f8bf76127169,grp_e8d73d2e1f97ccaf668a,2,0,0.039125714,0.022327779,1,0.983202
rec_e03ade1d7b64483ae06a,grp_f05780467e613d42b4b5,4,0,0.06775352,0.04933464,57,0.9686063
rec_e03ce61a8f1243ebe228,grp_7d2e0fbfd62793d37638,4,0,0.14996657,0.17416827,20,0.93728304
rec_e03f970b319f1642021e,grp_4fa5f48fb85d5c8e82f6,2,0,-0.066249706,0.004854438,40,0.9740091
rec_e0422d70460e9fba6d47,grp_25eeb709688fac60daeb,4,0,-0.06669689,0.0052116937,12,0.9811986
rec_e052f01a604afca347a4,grp_a376fbe22c7a5e491113,4,0,0.08897238,0.06935485,17,0.99624646
rec_e060514cbe07db5886fc,grp_0ea4fefde581b47d19d6,3,0,-0.10313582,0.002298651,23,0.9832494
rec_e0763b8bd63ceb668d4f,grp_c50d147de21e734cac0e,0,0,-0.029732993,0.011431685,23,0.9739439
rec_e076ac0753f41cf0a0ab,grp_78349e59498b070e3a16,2,0,0.12991457,0.07948464,23,0.97195536
rec_e077c45f91d186543016,grp_1ca8f6064c112b85e8ce,3,0,0.13449731,0.06253399,52,0.96089935
rec_e081151a203eb1e6dffb,grp_b569f3b98fb61f79f60f,2,0,0.06988111,0.034596138,17,0.9441321
rec_e0852ceccf5681b1badc,grp_6e6c6bedd300c82045e9,3,0,0.036789924,0.01644219,26,1.0064303
rec_e0964c3c10742e0d671f,grp_e7b0eeff6ac4adb9706f,1,0,0.056560248,0.04766424,44,0.9909825
rec_e097b232efe94f78d048,grp_c709d98e4d57100f84a7,3,0,0.08316578,0.031234711,26,0.9585779
rec_e0a10a13c3b701f82ff4,grp_49543c21209f6f07a384,1,0,0.05213075,0.044285014,39,0.94048816
rec_e0a1540675001f4289bd,grp_c7a5d93b1d5751f90855,0,0,0.09126955,0.07588723,5,0.93796456
rec_e0a50db3f6cc7cba9469,grp_c8619dade1a18df321a0,2,0,0.09411635,0.048624534,4,0.9692091
rec_e0a90ca3b015eefe7c34,grp_f41947e0e65003c58e49,2,0,0.045156684,0.02433996,39,0.9263387
rec_e0aa9f5cd202c32766dd,grp_a51aeda9e04aae802cbe,3,0,0.0333864,0.015680524,23,0.97018117
rec_e0af69fabe05ccfc001e,grp_ebdcb6a714abe84b4a08,2,0,0.020002395,0.016965179,18,0.9493676
rec_e0b3ed6ebc5f9439d8df,grp_07c150695fca047bf833,0,0,0.0009235102,0.01864744,56,0.950459
rec_e0b64e88c972f42dae94,grp_d4a0174a9de3785ab40e,4,0,0.024248073,0.02411447,52,0.9885781
rec_e0ca2a38b278610a8348,grp_d525c867dba9df28d5ff,1,0,-0.04824579,0.008014519,34,0.9995322
rec_e0ccf8e995fd0b442198,grp_15f3dcfe1a3609897595,0,0,-0.061079044,0.0069111357,31,0.92181236
rec_e0ce502be23d66e34c49,grp_12e3a6d3f00a153f014c,2,0,-0.05643848,0.005600572,40,0.95989555
rec_e0d3108d32481dea19cd,grp_dcddb1ab20cc441a5803,4,0,0.07770095,0.05792808,9,0.9454956
rec_e0ecbaee75531e7812bd,grp_94b09425b485071d3232,0,0,-0.01617045,0.014200842,23,1.0034404
rec_e0f01c552e285537615a,grp_8ffb825a9315f321fcb9,2,0,0.009545203,0.014590735,2,1.0032508
rec_e0f0ef28edf94b5e11e7,grp_bdadbcb87bc30b94843d,1,0,-0.096703745,0.0034646795,33,0.9735615
rec_e0ffa8cfbf27a0da37de,grp_6e36bd17b651febd6b5c,0,0,0.052537248,0.042004663,15,0.924564
rec_e1015089e727856115bd,grp_54aaa817f99cc56b6b4b,2,0,-0.04724387,0.00640292,8,0.9869503
rec_e102e8e5725ac3c6e27e,grp_1bf8b7f87abd27ed3979,4,1,0.08620601,0.06637074,36,0.99987894
rec_e109adecbe41e5bb35ed,grp_7137ec85bc6781d7697a,3,1,0.1960829,0.13761795,59,0.9803173
rec_e10f06e55ff54f99af85,grp_58076a63f26fb33eeba1,2,0,0.078628,0.03914049,61,0.9576168
rec_e11093277ad990204e28,grp_70a677a7c22a50aff264,0,0,0.048170827,0.039248597,22,0.9736695
rec_e11cf394a671552101bc,grp_6e59ed3a69a7db29ffa3,0,0,0.061222844,0.048046235,12,0.97725534
rec_e1261374d237483c48d3,grp_d83b2ec6437c93af0630,2,0,0.022430709,0.017568741,3,0.99084264
rec_e133999587c82b9a7268,grp_0392fc8a7f2aa954d733,3,0,-0.05491767,0.0045403303,37,0.99780357
rec_e1397a54fa9e67b0a772,grp_1b4cabdf863f3a3508f3,2,0,-0.020018883,0.009510934,5,0.91002285
rec_e13f39c54a2fcad07d18,grp_5e3d88f40c8fcb069c59,1,0,-0.031176476,0.010756478,11,0.96348244
rec_e149cddb8dec3bc06eae,grp_391cb6e1ce464c566e01,1,0,-0.019695275,0.013103968,36,0.9185489
rec_e14c2e81a670c4b8d1a7,grp_969381145918e04f138d,0,0,0.042285997,0.035807405,8,0.9303237
rec_e150c85be11280f0bb7f,grp_ad356d51ace368526d6d,0,1,0.072077535,0.056759246,44,1.0010109
rec_e151cbce56042c5763ff,grp_e7ee49b5d67f73ecb32d,3,0,0.0066102925,0.010784863,36,0.9677052
rec_e153af1344dc8acb4312,grp_d99b56a3ef5ed0ae9825,4,0,0.049993437,0.036918018,35,0.991603
rec_e157848b27c4324b1eb4,grp_0238c59f35b129951bda,0,0,0.07387855,0.05834168,30,0.9637487
rec_e15c7a24d59df12a5600,grp_b3185143c190c6ac3017,1,0,0.042261455,0.037559435,39,0.9892753
rec_e16c90b0e1c5689f0373,grp_c895909d2f559a4a9bbd,4,1,0.15777889,0.19417173,36,0.9863083
rec_e174c476e865c8c5969a,grp_e3a4e46cf842a2df6186,4,0,-0.14197592,0.0014488575,49,0.9645047
rec_e176cce2c7d0c04e7a0b,grp_6fa08ff4de40d1188720,1,0,-0.0010153197,0.01804633,49,0.972155
rec_e178d8295a085cc19988,grp_f9404a124a11ac0f6086,2,0,0.03608729,0.021376537,16,0.9655943
rec_e17d4ef012e48ed4daa9,grp_be4cb4784d6f34c3115a,2,0,0.11776074,0.06739493,59,0.98217183
rec_e1827269137964d60451,grp_ee1aa58527f64508f856,4,0,0.034559354,0.028618343,0,0.96284664
rec_e1956490a96e261a8853,grp_204aedd9c829c36665a4,3,1,0.12110792,0.05229673,59,0.9915765
rec_e19677f72f5291df42d2,grp_4e50b51905bbe15486fc,0,0,0.013764094,0.022860898,4,0.980857
rec_e1a229ccce624b452f2b,grp_a5d28eab551b6e1c26e5,1,0,-0.05670669,0.0069249147,55,0.98584896
rec_e1b476f594ceaf4c9a67,grp_920124cc9998f0720683,3,0,0.026321651,0.0142086875,37,0.989201
rec_e1b4902cdac45949759f,grp_6c0b68fa2cdaff9cd6ae,3,0,0.024377666,0.013828152,11,0.97877914
rec_e1bfdec1802029e1a484,grp_b7eefb68bfd8660f396d,3,0,0.02105328,0.013200554,30,0.9912879
rec_e1df1c0ade57c22900c6,grp_76314d20389ebdc22251,4,0,0.041596852,0.032150615,31,0.9821939
rec_e1f5dc68ddad0dd50bcb,grp_af191324d82c0c3dddf8,2,0,0.15080865,0.10495984,16,0.9845944
rec_e1f6ce0090e19777eaa8,grp_a6371bcb0877d092ef8f,1,1,0.1162583,0.123907395,46,0.99216896
rec_e1ffe77fa968236ddbe5,grp_e9dfd85f236419e6cf16,3,0,0.082397714,0.030907216,48,0.98705953
rec_e200cbc152ebdd78f1b9,grp_382790ce5d5a6286e1f7,0,0,0.10449401,0.09234401,33,0.9832306
rec_e207690ffb789796a889,grp_51179a35f2b8a0bdd313,1,0,0.028778728,0.029940104,59,1.0036724
rec_e20a1e65b72356b4e693,grp_ffda627163fa8cfceb64,0,0,0.11188452,0.102880955,53,0.96138495
rec_e20fd7db6255f9831cca,grp_5e8283dd1aaba433584b,4,0,-0.08132731,0.0040654745,2,0.920339
rec_e214a15cfb8287a1d062,grp_e390240cced25725fe8b,4,0,0.11898529,0.11058657,8,0.9396675
rec_e21aa7fe992fdcc35f0d,grp_17277657da73b3ee543e,1,0,0.021288568,0.026377957,55,0.9635134
rec_e220a6d740ff72b3677a,grp_e247a766c0576f8f2948,4,0,0.02886787,0.026039876,47,0.9944784
rec_e22dd217375ed47612b7,grp_279f3135606c41127027,2,0,0.09269141,0.047667947,6,0.9305155
rec_e23cebae9beb2f35ada1,grp_96808721b8be9e9f776b,2,0,-0.0030376369,0.012164468,41,0.98073244
rec_e24756499cc24f5b768f,grp_fcfa96015a9c9d420a04,3,0,0.14886124,0.07557614,2,0.97224545
rec_e248a1c28e2797d5652c,grp_9d158293e4e881c125e4,0,0,0.007204743,0.020603715,33,1.0051832
rec_e248d50d205bfebef247,grp_cf91fc03cd2b095a02fe,1,0,0.048473224,0.041668132,37,0.9548439
rec_e24e5504b0b966db1d85,grp_f259af26bf10f2c9a31d,1,0,0.15584953,0.21976863,60,0.96880645
rec_e25727eb38c132fe8c35,grp_3b8038274b9df31b0017,4,0,-0.03763316,0.00852716,17,0.98701966
rec_e25774dbdbf7aaf2d881,grp_fdcc44d8d6e01525471e,4,0,0.06384252,0.046298597,27,0.98689455
rec_e2599331be74765b8143,grp_21d313c2819bd9ed6c16,1,0,-0.005151513,0.016814182,17,0.9758624
rec_e2817a260bc3ce51c11b,grp_1d41aa6649e36e7d2e8f,2,0,0.048362833,0.025480585,17,0.9616082
rec_e28d92bdeab2f8a77f01,grp_9a69d5fb9b55d5c5dbcb,1,0,0.0013285769,0.018783472,6,0.99185395
rec_e292a208e716840d37d8,grp_1047d9de710011fbe86c,0,0,-0.00013974449,0.01833482,12,0.99624085
rec_e29f53d1b2b4cd580d77,grp_9cace9c95b35ac31f0c3,0,0,-0.031703383,0.01107651,42,0.9775604
rec_e2a8822f0eb26b2eeac9,grp_38f0d5528691cdb25187,3,0,0.017160075,0.012501226,5,0.971178
rec_e2aa3e87cc1d0dad1e7d,grp_02c352c37f97baac1161,4,0,0.06415203,0.04653225,53,0.9941778
rec_e2bd4785740c110ad56d,grp_74a9c013bf367f19dc85,2,0,-0.0313639,0.008066386,14,0.9941317
rec_e2c01b4d1cf0fe0e9d37,grp_318d11fae69273c0d91b,2,0,0.040735513,0.022848401,15,0.93914014
rec_e2c793460ba9b96f73e9,grp_738528106a39b6dfd7e4,3,0,0.13173258,0.060277387,5,0.9739553
rec_e2ca333257a6cc6baa53,grp_667ff0d1f68d8868c198,1,0,-0.037059024,0.009720078,9,0.972019
rec_e2cfdbe065ade237ba28,grp_43909072e137c3502cf8,3,0,0.12747128,0.056948055,5,0.9682109
rec_e2d1172e0b29ae2ca5d2,grp_2d6d1ba7173e3041e5e9,2,0,0.029190276,0.019362058,15,0.9971605
rec_e2d234a1713c13c5bda2,grp_b81f1d7dc413067f548b,2,0,0.058280192,0.029347893,15,0.9623775
rec_e2d2b47fc4e9a9289571,grp_f3972ee815c295a70c89,1,0,0.04221282,0.03752885,43,0.9902866
rec_e2d5265656800e91af55,grp_851420d7f4ca595c9405,3,0,0.06488866,0.024283947,24,0.96110064
rec_e2dfffbbc400365298b6,grp_0e08fa8bd2a05c39747a,2,0,0.13003731,0.0796163,5,0.9540404
rec_e2e4feea067203796e43,grp_77b3a1652f9b94decba6,1,0,0.0209511,0.026227564,20,0.9988038
rec_e2ecb5fb28546683f876,grp_68306bc929bf28c7ea15,0,0,-0.043732274,0.009133216,39,0.988092
rec_e2f28e3037b55dc38a57,grp_29c91f44848478f38afd,2,0,-0.060436435,0.005283669,40,0.96246094
rec_e2f437d47ff26c33a45b,grp_b6a7289c3c89b9e84dd5,3,0,-0.09519228,0.0025716692,5,1.0089408
rec_e2f8382f93ffe2d22e0a,grp_3f8cee5def19c65da4b0,1,0,0.09355586,0.08698792,16,0.9438013
rec_e2fe22755e72a18cc51a,grp_5e7feca7c141ba41d14e,0,0,0.108613215,0.09809151,20,0.96188766
rec_e2fe60c1871a067e0062,grp_c7a53c139e29293cbaee,1,0,-0.046821788,0.008213942,62,0.9683161
rec_e2ff9125dae405df761f,grp_2d24b832f6dea5b3c01b,4,0,0.03654332,0.029574154,10,0.98472047
rec_e30480a911a65e0bb730,grp_502583a3195b85dd9046,0,0,0.008522703,0.021039011,9,0.9493908
rec_e30ffc3d7011f0b9cb71,grp_617492d2e210d160083f,4,0,0.008438094,0.018520609,47,0.99398303
rec_e3166821a45b6c2b75ea,grp_7579cd762fd46a42705a,4,0,-0.043314446,0.007745782,55,0.9694121
rec_e32b0960f38b2fe618cf,grp_6ad31d23f8c911e5416f,2,0,-0.084215425,0.0037353297,53,0.9391752
rec_e3339f575da4698dfce4,grp_7749ad008a4d01b76099,2,0,-0.031062793,0.008101754,9,0.97416896
rec_e3375cf50f6e6502805e,grp_666ab0e7fddef04b5b3c,3,0,0.055175617,0.021229103,0,0.9861334
rec_e337924ce2e01dd2d5f7,grp_3e6be35b0e519cc9ba90,0,0,0.0067057284,0.020441214,30,0.9879187
rec_e33fe8723c83014b7680,grp_14a05fcc9928dcbf4188,1,0,-0.04699692,0.008189153,33,0.96582127
rec_e367bf3c5e45c1dba80c,grp_62686f2fc089908b05a5,0,0,0.015177844,0.023378145,29,0.96076286
rec_e37724f8356826f016c9,grp_1bfdbb94560714cdb537,3,0,-0.07555381,0.003393547,6,0.96696883
rec_e37c018892bbcf5d8209,grp_8b56388f90e2455cc86e,0,1,0.17290851,0.23559101,44,0.9813009
rec_e37c3864d9e763931000,grp_7153896ad38887f26c27,0,0,0.10226516,0.089361764,47,0.9817115
rec_e3935c14a4e1c4610359,grp_c30d79d84d98653cb403,4,0,-0.03757794,0.008535126,37,0.964679
rec_e3a060062eca09cead34,grp_8adb27e21a8bcfe7c4b6,1,1,0.11477369,0.12113018,46,0.9924822
rec_e3a1be73ad8155a44a19,grp_acdcc2b11130a9a467ad,3,0,0.10086304,0.039778356,60,0.99209523
rec_e3a45869dd95b909c589,grp_a8a241c7b00efb9aa850,1,0,0.014456831,0.023490861,21,0.99014246
rec_e3aa877b22d64f530cf5,grp_52086b318b8ee7b51ecd,0,0,-0.023697486,0.012591125,38,0.9603656
rec_e3b1cb736e80b3e48aee,grp_bdaf80cb5ea496e5fe31,0,0,0.04635463,0.038154032,22,0.9971475
rec_e3b7766a95f048d1e65b,grp_2bd1cb6c5a73a27eb035,2,0,0.04230793,0.023368364,17,0.9601261
rec_e3be1c83e3621a20e25c,grp_5b54d85ee926ac87d543,1,0,0.04256584,0.037751365,41,0.9913699
rec_e3bea30025e0cf0d687b,grp_878e90eb02e3d482ffed,2,0,0.12007132,0.06955376,16,0.96795887
rec_e3c11c0ef69430ff814c,grp_5c7cec0ed166e5b387b0,0,0,0.10731188,0.096242145,42,0.96313286
rec_e3c648ec93e0336943ed,grp_983fe0d33b4d07bee8b2,3,0,0.16194794,0.08958767,0,0.9852108
rec_e3cf9bd7de3c6158122d,grp_ed86f7ce444ffc703121,4,0,0.018554818,0.021931985,2,0.9257195
rec_e3da025327a69613b2ef,grp_7ac4ed83b46db861a496,2,0,0.00072697963,0.012845298,15,0.9664234
rec_e3e3ff3863565b990aa1,grp_bebc3a2fbc67323f0ac9,2,1,0.09364791,0.048308067,57,1.0003251
rec_e3e4c56c922294c75e21,grp_cd2622854ebcf325ca30,3,0,0.122987926,0.053632244,52,0.9678588
rec_e3e6104656aa8a465fec,grp_09795805182d59552e24,0,0,-0.061666828,0.006846089,16,0.9647666
rec_e3e91cb5249e705fae9f,grp_2789f23bee9195ec45a7,3,0,0.03507834,0.016054716,63,0.971113
rec_e3ec34cb716f86b87305,grp_079986d01f3985f6a30e,0,0,-0.014586155,0.014564664,14,0.96073574
rec_e3ec9f094d6ee7a109c4,grp_afd9063b1e03e4bd21dc,3,0,0.18567252,0.12103533,22,0.94185007
rec_e3edbca13384a853d48e,grp_45ba7587dd1f0f10fc5e,2,0,-0.11502235,0.0023819052,62,0.97953075
rec_e3fa831e921b3a5bdf64,grp_76011a06a03debf39f96,0,1,0.083326444,0.06734122,44,0.99943477
rec_e3fae83eeafb484527c5,grp_1c6004ddb40450589847,3,0,0.040689185,0.01735956,56,0.91955894
rec_e402c8d431b4443be7d0,grp_a991ffe34d76bca52c36,0,0,0.025030036,0.027313285,31,0.945222
rec_e415e5bc9a7b39495c79,grp_7d3436be75f544f419d4,2,0,-0.100724936,0.0029352421,32,0.9772148
rec_e4271c27e853c42b6571,grp_1b4e082f5b1b890cd44c,0,0,0.035282563,0.032090012,22,0.9994951
rec_e42be3b2ecf53d580bb6,grp_5f9f7d4097842c3af19a,3,0,0.119865365,0.05143135,19,0.9584492
rec_e42dabc4c27da8023da4,grp_7260fb9c32e177520d5d,4,0,0.05445984,0.039724078,49,0.96064764
rec_e42ee2a7ea91afaab38e,grp_385868735b3fa828dafc,2,0,-0.041902475,0.006920443,38,0.9742038
rec_e43aaee814197b64ee03,grp_b91a56cdbb4dbe2fa3a4,4,0,0.08564387,0.065779105,9,0.9502829
rec_e43dd61aae0c26ae58ec,grp_23bce005698ea061b706,4,0,-0.055327285,0.00631989,31,0.9291552
rec_e44a7afc037f556aef74,grp_b6d1f871d646c1e5c181,3,0,0.08311421,0.031212613,63,0.9842249
rec_e44be32f27fda00af5d4,grp_d0bdb7798f45f97b232a,0,0,0.06077071,0.04771232,0,0.96775705
rec_e44f88eb04e48ab3872d,grp_ed0c0616cc7414191f0f,0,0,-0.06185295,0.0068256157,32,0.9451883
rec_e44fa5ff373dd9d0e56c,grp_46602ca95da4391937c9,0,0,0.099742055,0.08609085,41,0.6908988
rec_e457a42d2ebe9e7e761a,grp_a25ff361bdd3fe825dfe,4,0,0.07757527,0.057811208,49,0.9367332
rec_e46289dec6b3b0ff826a,grp_675740a843ea0ddd8e20,4,0,-0.07247071,0.0047252467,54,0.986339
rec_e4740d4080757059303a,grp_79586e2be65ed27d3a37,1,0,-0.0066579413,0.016386285,62,0.9728637
rec_e47a8a139f4c4073c691,grp_a7021f14c5b62429e3db,3,0,0.037048765,0.016501581,24,0.9728946
rec_e48059a41f6ba1e2a7cd,grp_b4689c64907d5a1083ec,1,0,-0.015922312,0.013980719,39,0.97342515
rec_e4845c65135f771cb766,grp_b076a6ad661cfea2c247,1,0,0.011951309,0.02251126,41,0.9779392
rec_e484dfb837f95329cb0d,grp_b8ff99ec5a547bfdd9bf,3,0,0.12650616,0.05621838,2,0.9920838
rec_e48616302ae4117ff6f0,grp_e189c16035b812da992f,0,0,0.052220955,0.04179895,15,0.9077862
rec_e48700021c1d8534f501,grp_267d4731717246b268b2,2,0,-0.0039324486,0.012007955,32,0.9864044
rec_e49946be266d5d1c23c8,grp_7af5ab780fd58586f269,1,0,0.026085932,0.028608767,48,1.0005126
rec_e4997b9a736f84b642a1,grp_e71f3c7c9bc809ff7074,4,0,0.06395806,0.046385694,0,0.93038267
rec_e4a2ea186d009f35837b,grp_1a08d318f8b3090825e2,3,0,0.14842066,0.07514133,30,0.95317155
rec_e4a30dc9b7b39cf8ec11,grp_a71cdcd0017babe1fb80,4,0,-0.012781041,0.0129698245,20,0.94839877
rec_e4a671a14352b78bc627,grp_ecd749c0e605bf4ff12b,3,0,0.03148967,0.015271244,44,0.9749861
rec_e4af8d02d83816bae0eb,grp_d4963c1b1eddfe3946b3,2,0,0.041544896,0.023114616,38,0.9526904
rec_e4b03beb1e19428ca510,grp_82526a0d07db9af30dbc,1,0,0.1590336,0.22941637,14,0.978635
rec_e4b722fa41a4a7a4c5cc,grp_3870ba351a15196e2f57,4,1,0.09466256,0.07588663,36,1.0017405
rec_e4c628b3743004e42bd5,grp_2b99bb9b785e3e5457ae,3,0,0.07622433,0.028393077,42,0.9834367
rec_e4da8d6a5c624b879675,grp_cffc2e01cbab360c8266,4,0,-0.014076349,0.012690036,2,0.9353281
rec_e4e40b83ac97c3760239,grp_5d973b62c1e9d7bc666c,2,0,0.06056052,0.030314595,19,0.97578037
rec_e4e599cd244cb4990f30,grp_ad18f590d312528d9e57,0,0,0.053935412,0.042925645,53,0.98026264
rec_e4e6d33a0e7a84813cde,grp_aa61792edf94eee1412e,3,0,0.22186825,0.18694071,52,0.94382674
rec_e4e9a58fc8f90f9e8e7e,grp_ddfc0c92aaebe784365c,1,0,0.09546372,0.08966098,55,0.95561814
rec_e4efd905038e16aa79c6,grp_e1a7041749b3ec140926,1,0,0.061238375,0.051498413,39,0.9826201
rec_e4f0f1c9ded86c496f3e,grp_c84ad87a1e91aae0a1c0,2,0,0.029899698,0.01956037,24,0.96361285
rec_e4f2984e6a0959fa62b2,grp_59515c4e7b731f63b219,4,0,-0.115107626,0.0022891478,22,0.9843349
rec_e4f986de6d75944d4a41,grp_0f8b182e513387074c24,2,0,0.0032236618,0.013317427,53,0.9611003
rec_e4fb1c0f5625c2962799,grp_8762b771ce1157079558,0,0,0.013955525,0.02293028,56,0.96225196
rec_e4fc8823ca084dd19946,grp_07f7ac84a5a9aeac1d61,4,0,0.009691534,0.018913232,13,0.97790736
rec_e50222e55fa1ba7a7871,grp_9e1378157d33938c5936,1,0,0.072206534,0.06166,57,0.9983118
rec_e505b3ee38931a26d5ba,grp_48f1ddf56185982343a0,3,0,0.024577402,0.013866783,50,0.94904333
rec_e50d8e3c99a365682911,grp_48bd74886f61d7eb7bb9,4,0,-0.017449947,0.011988997,37,1.0030456
rec_e510fb9be03f232d009d,grp_d402a2927186d92391c8,1,0,0.0670199,0.056640197,43,0.9891105
rec_e51228cdde4ea700dc4f,grp_f0b9d97302477edf7b65,3,0,0.037072234,0.016506976,37,0.9651269
rec_e5177eaed56db6efaec0,grp_9998ef4c532a8dc5b05c,4,0,0.051696505,0.037964765,26,0.9758821
rec_e519af51e5fc50115ac3,grp_93f311ff8785a8792a73,3,0,0.11368206,0.04732288,33,0.9810719
rec_e519bcc57de0cc8dec83,grp_d329933c33fb5df86be2,1,0,0.08220153,0.0725236,24,0.9925019
rec_e52042af970689a85aea,grp_927b81c9d4972e973328,4,0,0.11639193,0.10631054,35,0.9860241
rec_e530bc92c190ca7a4ba4,grp_e970d6565c83a80b025a,0,0,-0.017207023,0.013967664,16,0.9641579
rec_e5362632e94a37dbbfcd,grp_710012cf731532e1dc57,1,1,0.16509336,0.24858664,46,0.98532814
rec_e5392b9a2a5a0bcc06ab,grp_1afac8b4c9b3139e678b,4,1,0.15021218,0.17477162,36,0.98687047
rec_e54e580467e6e23ef1d7,grp_43743bd38a76a190214a,2,0,-0.030606551,0.008155643,27,0.9470053
rec_e54f01c567a39f5c2bdd,grp_b2979ca08042f3486d56,0,0,0.08656474,0.07071188,4,0.96622044
rec_e553f153f5494262bcf0,grp_656e234ea1015b3172a3,3,0,0.11138858,0.045879778,15,0.9738431
rec_e55eb63c0d745459819b,grp_5fdd522b3d690a4c9968,4,0,-0.027004296,0.010204627,21,0.98294944
rec_e56976ab9f6e9c5f2334,grp_d513ab46eec95967333f,1,0,0.09246072,0.085486315,31,0.994145
rec_e56ca5c1cb73fb1bef90,grp_81144699f5e8a88de4e7,2,0,0.10045855,0.053107206,59,0.9902159
rec_e56d62561daf9a05852c,grp_23aa7f12bddc18afb8fc,4,0,-0.031120192,0.009519436,24,0.9634695
rec_e56d637accbc404bdfdc,grp_0ae24a1a6e59d7d0e35f,3,0,0.065985404,0.024654735,36,0.97761685
rec_e56df2ffc8e03529c955,grp_c5992535cea750841e71,2,0,0.075906955,0.037668623,21,0.9477353
rec_e57440d513ae1bc3f70b,grp_e15c482e9534292368b6,4,0,0.06364905,0.046153124,17,0.98291504
rec_e5789b664446c25c17da,grp_1e514b434408f32503be,3,0,-0.033296928,0.006157029,36,0.99499637
rec_e589c97f505cea641529,grp_df5abf1bfd9c85ff364a,4,0,0.027613835,0.025502907,9,0.97662944
rec_e59133b73a14d1eef95f,grp_19326352742cbecec89d,4,0,0.08737621,0.067618206,47,0.9966484
rec_e59e7168934e7f3291e4,grp_5009cfe649931489daae,2,0,0.09867844,0.051811058,43,0.99387574
rec_e5a56296ef0269efc589,grp_ad3c83c3e1b5ce1a24a6,3,1,0.22571367,0.19536038,59,0.97769696
rec_e5aab64ddd7d39d293cf,grp_1d7009c88c672a35ab8c,2,0,0.0770228,0.038265657,21,0.9831472
rec_e5adae457d9fa537ac62,grp_797993698ee0d6bc896f,2,0,0.1019888,0.05424583,16,0.9724174
rec_e5b007a8cb4a0e3763e7,grp_f3b2660bfc6aa4e76619,2,0,0.05547173,0.028198333,5,0.947439
rec_e5b9d2618a497e7bdb87,grp_dbfa64394784d86cd5ef,3,0,0.053742476,0.020811416,31,0.9893614
rec_e5c6ff52c6d7faa21819,grp_accc9fb9f02718c9fa63,2,0,0.13761576,0.08814044,4,0.95681727
rec_e5d012a647e24a2bcc8b,grp_e627f6fa46afa2421cd1,2,0,0.02272133,0.017642371,25,0.96034896
rec_e5d6496cf866cd567bc1,grp_18ab5ee8978940afe519,4,0,0.024685334,0.024290591,30,0.9894426
rec_e5e86c458fe4a211477f,grp_e9c8e041b785c5910f4d,2,0,-0.100774325,0.0029331243,38,0.9884054
rec_e5ebc2eee87db02328c1,grp_dc571a1ecfea8dcedb21,1,0,0.047696944,0.041132063,9,0.98555654
rec_e5ed5311674aa5500805,grp_7ac3db31741ffa87a7d3,3,0,0.0034996197,0.010324829,48,0.9743126
rec_e5fa62bf1303ce2451e1,grp_badbb4991086d575bd25,3,0,-0.0022509908,0.009524924,39,0.9838256
rec_e5ff26f1e67c79059ffe,grp_c9981f3499728cd9d11c,2,0,-0.008537213,0.011233465,51,0.9768035
rec_e60050356192df1a1108,grp_32d8a9ecccbb98207abf,1,0,0.047078926,0.04071001,61,0.9777513
rec_e607fa4079bdc033e610,grp_0a646355efbfd44eb7c2,2,0,0.0966341,0.050359417,29,0.98348296
rec_e6092cfcea8a0266f449,grp_7b44ebf7c470f6d0ced9,4,0,-0.06943267,0.004975287,16,0.95964605
rec_e60c2bb88056f93a0b4a,grp_208eab936685809c6dad,0,0,-0.06184585,0.006826395,20,0.97549224
rec_e60c4b71609317a4f370,grp_5cc8720e314351649eff,1,0,-0.002184446,0.01768934,38,0.95579386
rec_e6151976e833e50b7c3f,grp_cc8896bd29fbc909c2a6,1,0,0.06312552,0.053126253,62,0.99836695
rec_e615609b1ec1c56fc0ee,grp_08dfe02ce939b3a99b59,3,0,-0.06469499,0.003955505,37,0.9915634
rec_e618b4f851116991f96c,grp_6c2fa5d22f628c788e0a,4,0,0.10905919,0.0950002,50,0.9719945
rec_e61d77c66c36ecdea963,grp_80416408dfde46dff306,2,0,0.08771573,0.044466067,29,0.98542356
rec_e61e5f0b27bf76518457,grp_ee96e841b5235a37af77,1,0,0.08718281,0.078574374,34,0.98661655
rec_e620b363399f21b2162b,grp_13985f751c998133892b,4,0,0.1043175,0.088271365,9,0.9625033
rec_e6218e400a45c92ab526,grp_7a29a5b472fb9aae1d2e,0,0,-0.024115585,0.012507196,29,0.9809188
rec_e622d7162e9727a84738,grp_825c37ccf705bfa5cf0a,3,0,0.016834753,0.012444472,17,0.9663871
rec_e629641ac41e6109503e,grp_b074e29a0498f283f23c,2,0,0.003302028,0.0133325225,43,0.99646646
rec_e63314dea5e76f7dd780,grp_f6a451efc3f543c88beb,1,0,-0.013773614,0.014505617,43,0.9857281
rec_e643224d95a3a09824de,grp_32427b2f742102ded67e,0,0,-0.016578244,0.014108658,3,0.95500237
rec_e643885380a491f0903e,grp_08ec1c6ca7e634d5dba7,3,0,0.13148646,0.060080227,30,0.95493495
rec_e6495a4c9efb7effb2d5,grp_502cce1db41603a1dc0e,3,0,0.12537922,0.05537749,51,0.9522963
rec_e64c59f5e364dadbafc8,grp_f602d0f770a3bf4dc0d5,3,0,-0.020247985,0.0073976414,1,1.0091379
rec_e6534b62e8023f00e0a0,grp_cbf26abfdfd0bb6decb4,1,0,-0.016055156,0.013948894,7,0.9377869
rec_e655e1a1bddf651d191d,grp_03421089814e985b9fea,0,0,0.10487029,0.09285622,8,0.98244303
rec_e659e5f8f89a44c8d864,grp_a38fe59b50b89373967c,2,0,0.07962051,0.039690968,14,0.98124635
rec_e65c4370082e42cb4f98,grp_27c4daea071d281a7274,4,0,0.03026672,0.026651844,10,0.9478496
rec_e661bdc6bf1aa62d7aa2,grp_f4d238a43e8b7508f37d,1,0,0.053003706,0.0449324,50,0.93751484
rec_e668ed9ab93fdeca2d62,grp_968651f679936a409d1a,1,0,0.034438074,0.032936536,11,0.99017006
rec_e6732cbedb3ad37d638d,grp_9b048a9bd03bbaad505e,3,0,0.17494455,0.105778605,5,0.98602116
rec_e67cb4fcb724a4f17a7d,grp_c7bb27b7703fc781d7f7,0,1,0.09440881,0.07953158,44,0.99689054
rec_e68b924ea41723cd6a49,grp_9bb13aad98343f8cc2ab,3,0,0.031291407,0.015229072,51,0.9611864
rec_e69fa6e545a96a0c479e,grp_b833b2bd6071191c0a8a,3,0,0.0038300778,0.010372762,12,0.9844487
rec_e6a7b77781bb3f4dd4cd,grp_a143924ce1bfd8d91dc1,2,0,0.09415552,0.048651073,1,0.97053957
rec_e6c03ab5ffc2c47c9698,grp_40ff53f1a154819e2f96,1,0,-0.0021236907,0.01770772,21,0.9725013
rec_e6ceccace66a078fef75,grp_5b7c5c2bcfb50b0400b2,1,0,0.078857705,0.06870586,44,0.99094546
rec_e6d1e49d0ae5a0493518,grp_207132d628117f8f05b9,3,0,0.073382646,0.027303604,58,0.9739208
rec_e6e12401842fbc0d1559,grp_8752dcaa69625b281605,1,0,-0.04137574,0.009023051,21,0.9813843
rec_e709a184cb4226632f00,grp_2b2bebb1807adcaff93b,0,0,-0.09041253,0.004308281,53,0.9602261
rec_e70cc4e5e4268b2a21e0,grp_8957a54ecd0d27c656f8,4,0,-0.03286597,0.009242758,27,0.99177635
rec_e70d7c2fb1eb88356212,grp_9dfcd66762c14cf7bc41,2,0,-0.17577036,0.0009796134,29,0.9752603
rec_e70ff692b131438e646c,grp_09a5d263c5eb7c7d78cf,2,0,0.020667393,0.017128404,21,0.9894241
rec_e71405ce349b65e4391a,grp_746961584ddcd3044c6e,2,0,0.13577914,0.086001895,61,0.96684194
rec_e721355cc3cc9c8ecb6d,grp_6cbccf10a749f7a68816,3,0,-0.02006926,0.0074162493,16,0.933802
rec_e72bd4ab26baf9dfb35c,grp_c2099d9478c61233d7f5,2,0,0.07300869,0.036159415,61,0.9625666
rec_e736e9228890384b698f,grp_c05b1dff90ad7d114e72,1,0,-0.0047025275,0.016943831,15,0.9756192
rec_e746badf7ee7201bc399,grp_d239dc81fbcd3742544e,4,0,0.052095916,0.038214352,38,0.9848177
rec_e74ce8a1efb8ba59080e,grp_f452adb833b58f33b59b,3,0,0.10365754,0.041317966,44,0.9720778
rec_e75343e6f7fe3091f514,grp_30da8fad62cda1a716a1,4,0,0.08356239,0.06363088,8,0.9251883
rec_e753b55c71fc5324de3d,grp_52283c38c4e15be3c664,0,0,0.06206323,0.048672777,42,0.9854571
rec_e754b170822b7f247949,grp_24091d1eaa1524c5d351,4,0,0.0004225138,0.016192455,37,0.98959374
rec_e759771504a084b8b514,grp_8dd7aa0a1a67bcb0a1d3,4,0,0.016629223,0.02123845,9,0.977562
rec_e75ab0b7d27800240c0e,grp_73c21c88bbfb646867a4,2,0,0.027483348,0.01889295,53,0.9705583
rec_e75de028aa8f2fb0fd0c,grp_8e7da08eb9a511308eb2,2,1,0.09610415,0.04998945,57,0.99514186
rec_e7667cd2154ad07e71b8,grp_3f11cfd4e73755dcf55e,4,0,-0.019839723,0.01151568,52,0.9923736
rec_e766b56b25e95903ca93,grp_65c01c9b9c50dd169223,1,0,0.01233386,0.02265821,20,0.9963419
rec_e76a2114d5af83a9355b,grp_22a23000ee925fd17d41,1,0,0.12314252,0.13750772,26,0.9565581
rec_e76dc7e545cad001f5f8,grp_f52b96e4885ed4da7bac,1,0,0.039583243,0.035910614,9,0.9880865
rec_e77c501a23f6cdf057ee,grp_32048409e0a3cee104c3,2,0,-0.03334601,0.007837347,1,0.95457244
rec_e77c87e2d2ce7aec6e87,grp_5bb635d0d6b327e9e9cf,1,0,-0.013204966,0.014647756,31,0.9602024
rec_e787e7fa602dff9cd00d,grp_5687d62efd724a68c7be,0,0,0.032263484,0.030605128,42,0.9903675
rec_e7a6449a1daa2ee38013,grp_c581ca221029bab9929f,3,1,0.22979628,0.2046102,59,0.97269326
rec_e7aa83b23185ee2d0238,grp_1e30d1d207311351c625,3,0,0.03294677,0.015584707,48,0.9941744
rec_e7b2f4ff0548eb9b2dd9,grp_f78febb9eeb8d468cd3c,0,0,0.035418157,0.032158308,53,0.95862603
rec_e7bd47c46a8f5d72e3db,grp_ad042946353b7835c2f4,1,0,0.0766741,0.0663141,59,0.9919973
rec_e7c02890140a6a7fe9c1,grp_42567a92c49c9269030f,0,0,-0.010017595,0.015665995,17,0.9628518
rec_e7ccdafaa33816ed33eb,grp_fe04fd657c10ec8fbca1,1,0,-0.06066527,0.0064669447,11,0.98011506
rec_e7cf0b8e6190f160e65a,grp_af0c5ca1d7603c2fedac,1,0,0.031497378,0.031345047,16,0.92512304
rec_e7d8d7ceebd89db35915,grp_496bce06a639aa9ba528,1,0,-0.010614434,0.015312802,10,0.97683126
rec_e7e6bf7009904b7ba450,grp_e4a93330afcf32e52807,1,0,0.06286137,0.05289551,21,0.98815924
rec_e7e9a6a9f90beb546356,grp_ce30b8826b69f3aca79f,3,0,-0.009354104,0.00862117,61,0.98782843
rec_e7eb30752498c9a9d544,grp_41ed795ffb7b5d65f44e,1,0,-0.011965778,0.014962251,21,0.9976336
rec_e7fccc6b71e79571f118,grp_1edab973fa179b78d2eb,4,0,0.10072298,0.083460465,17,0.995119
rec_e80248a670960db80a6d,grp_eabaff85c09648a39721,1,1,0.057736885,0.04860228,46,1.003142
rec_e8037ac287e2a66eb4a1,grp_3df2673d4f8ea5ed0cef,4,0,0.061364304,0.044467706,0,0.98375875
rec_e80c738fe0172ce374b9,grp_29325b5eb14829d1917d,3,0,0.046738528,0.018883156,1,0.98499614
rec_e80c88910c4d662e2f41,grp_20bc37839ad8bdcfa442,0,0,0.06138508,0.048166584,31,0.9533267
rec_e80f64bd3f35579b7082,grp_cfefb8afc7629b182609,4,0,0.00048817284,0.016210308,26,0.96073174
rec_e817c1b624e76127c2c3,grp_31009d7fcf147dd17aac,2,0,-0.06883925,0.00467458,32,1.0046113
rec_e81c994857a5308d2069,grp_fe171ded888faaae1a14,3,0,-0.05080637,0.00481125,48,0.99792033
rec_e8212903dbebf3ee373b,grp_9140860cb95e2087c55d,1,0,-0.015280011,0.014135633,29,0.98645955
rec_e8287e97c16376a8d8a9,grp_7242f8de2dc5a774da25,4,0,-0.046999797,0.007277342,17,0.98517275
rec_e82e2a1992b2c75daa52,grp_6a2380f8532b3ef21e4c,0,0,-0.047986723,0.008530116,13,0.979558
rec_e83490765640858a596e,grp_2c54179715009a60afa9,4,0,0.106177874,0.090858504,9,0.9552437
rec_e838eb12f8d771999139,grp_ec8a92cbb0bb877c855f,1,0,-0.0030223345,0.017437762,26,0.9590129
rec_e83fdd881351dc25b048,grp_9851a2631323c795718f,3,0,0.096512526,0.037490413,61,0.8992442
rec_e842b0c4b5d9c7458a0a,grp_7180594584e51b82814c,4,0,0.006636327,0.017970206,54,0.9847023
rec_e8435fcd47739a7e61d0,grp_70629e304d76a1b1909b,1,0,0.07593501,0.06552225,47,0.9907763
rec_e8490f3f7365f244338c,grp_8b4f264d7b000fd7a4e6,2,0,-0.049545385,0.0061919573,16,0.9696043
rec_e84c58514ca4a3066384,grp_84a1b4e7541438eec4e7,0,0,0.093710996,0.07870791,60,0.9562849
rec_e84f2b19b2d23796ca27,grp_3278dcebfb76e9e393fa,1,0,0.08126626,0.0714365,17,0.94704354
rec_e8564c09498ab8257e22,grp_14bfe7d691c6be12d9f6,4,0,0.06888244,0.05024555,9,0.9666257
rec_e856fdaf0d803e669950,grp_845017ca77a31fb82ad8,1,0,0.09818711,0.09360495,33,0.9599913
rec_e8578e0fa8703608d662,grp_a9df159d175e5e08e438,1,0,-0.025352087,0.011890156,28,0.97179043
rec_e85c8ad3040f7a21997e,grp_ec2dfc89eed238dfe542,2,0,-0.04857002,0.006280506,5,0.93787706
rec_e860a507a6918784f22b,grp_12590eb7db2e0c92118f,4,0,-0.01597248,0.012291179,37,0.9878008
rec_e878471eaa2a28c95bf9,grp_56b1eff230f4f31cde3c,2,0,0.018546667,0.01661317,19,0.98638654
rec_e884ab37c57f90037487,grp_1636ef2e4ed67a8f0648,4,0,-0.0627582,0.0055718003,8,0.95932907
rec_e88cfb58849e4ee1692a,grp_22aef55423ecc12f09bc,4,0,-0.004231512,0.014975356,57,0.9933845
rec_e8a9468921a17b58a670,grp_8d9a4c781508af187a27,0,0,0.01614164,0.023737298,27,0.9809825
rec_e8af31c9ea4189a70cd8,grp_aa4e33c9ef9e5cefcb0e,0,0,-0.112103105,0.0030356366,17,0.99381816
rec_e8b3f1bbe42e52061d9c,grp_8ad3df8e5e0daa4ebe78,3,0,0.083316244,0.031299256,24,0.94217074
rec_e8b5d8e09a9a8476fddd,grp_bf67d362777a5c928b3f,2,0,0.073750325,0.036539968,16,0.9530305
rec_e8b72cf97d811daf1c2c,grp_e3ac1d2359301a9d42d9,2,0,0.08234921,0.041242912,61,0.9857063
rec_e8bd87815a4d9d611296,grp_6784d8fcbf257d1f4116,4,0,0.11499453,0.10406736,0,0.9222202
rec_e8bee15904ac5a6a3e59,grp_358ce1096d19fdc9f17c,3,0,0.048352372,0.019311314,0,0.977255
rec_e8c063947adbc2bf64cd,grp_de4ca51be843d2152eaa,1,0,0.050344445,0.042987928,21,0.99419564
rec_e8c9ecf1bb8b2ad2ccb2,grp_8ecf3e5188955b4aeb4b,2,0,0.051900037,0.0267994,61,0.98867583
rec_e8ca20419a09df707460,grp_e870cdb8ea5466be0232,2,0,0.16111106,0.12000636,36,0.9386738
rec_e8cab4360f32e7898a09,grp_32ca7aca3c603a2bfce1,0,1,0.11012264,0.10027624,44,0.9986041
rec_e8d2c87333371ef7749a,grp_7ba24079e16c93cff1b8,4,0,0.033311255,0.028032495,24,1.0034108
rec_e8d764be37c72f714d52,grp_6856c0c9ef3367f7e9c4,1,0,-0.015438411,0.014097274,18,0.95992273
rec_e8d93e4352dcc11bc2cb,grp_85dddaf2c6ca2f1aeb3d,1,1,0.15066878,0.20470151,46,0.98654664
rec_e8da6d3620bab6cd7031,grp_897baf4ad8e8a3edf26d,2,0,0.03671033,0.02156831,2,0.98154247
rec_e8ddc45411fafac1cf67,grp_fd04f5520c7a3ab83c41,2,0,0.15782663,0.11501749,8,0.9343402
rec_e8e3ca4647d1cdc74ac5,grp_643f69c3d1936eb1aabd,3,0,0.055000503,0.021177629,3,0.9829503
rec_e8e42bec7f22d2006cbf,grp_c42e829c442ea410cf91,3,0,0.12334019,0.053886052,32,0.99144125
rec_e8f13990fae2c51f56a7,grp_a5dac24c934aa93bebb7,0,0,-0.0043778373,0.017139077,13,0.9878446
rec_e8f9cf3e7235c9a8fc14,grp_b0bfed1d276555375c75,3,0,0.14483725,0.071689434,58,0.9820781
rec_e8fcb81ebd54ce853518,grp_8d45f5be2345aabf64a9,0,0,0.07519738,0.05952658,63,0.99626803
rec_e8fd01c871f780a258f2,grp_85e04f88380a78653fe2,0,0,0.11805888,0.11248666,31,0.92611253
rec_e90a529c3f36fb6418b6,grp_cae997f636fb6e4aa503,0,0,-0.046389215,0.0087517975,10,0.94705254
rec_e90b3d84589f52d88631,grp_80c7bec322755333a293,4,0,0.050684746,0.037339527,12,0.96714437
rec_e9132b761b37eb27331c,grp_95fae59cf56bbf574253,2,0,0.15300351,0.10801898,39,0.93978447
rec_e9181cc8b912626884ce,grp_2ca06bd2c49d1b7dfba9,4,0,0.07923385,0.05937142,57,0.9959644
rec_e91a84ae29aae5a5c472,grp_cd959581af6df0703ea6,1,0,0.007860086,0.020996861,63,0.9307564
rec_e91ae519a4da56b115e5,grp_addd6ca717f519a1ba13,4,0,-0.10529819,0.0027049014,34,0.9673424
rec_e928e7cebdcb9a5933fe,grp_f2b586924f873ec5c3dc,1,1,0.11499223,0.12153559,46,0.99514943
rec_e92ae6e39221ed90b3f9,grp_72b64ed3fb0914b12ad4,2,0,-0.00939752,0.011094346,39,0.90821767
rec_e9300e898966977ac19d,grp_7f222251482a9936608e,1,0,-0.026898598,0.011578105,26,0.9657686
rec_e93ceb4f33b9ae38758d,grp_bd439b80673da391d7f3,4,0,0.034479905,0.028580703,8,0.9304728
rec_e94284d2dd61903556cc,grp_247d11e0b91b05bb411d,1,0,-0.029841965,0.011006401,15,0.95253766
rec_e94893ad090feb65c68f,grp_46dda6735635f8f7f406,0,0,-0.004210866,0.017184705,39,0.96976966
rec_e9629cfa263c5f6ca57a,grp_3d560f50741b223e3779,0,0,0.042038757,0.035669383,42,0.9692101
rec_e96b7054dc03fa6c7728,grp_ed09cc326d7c91d8fc1a,1,0,-0.07868358,0.004734668,55,0.9641965
rec_e974829e859f3cc5edd4,grp_8244965d403f6cce9b38,0,0,-0.030898865,0.01122019,61,0.93622553
rec_e9790f9c130a40d1be9e,grp_02af5e42a7f9cb04788f,2,0,0.17907353,0.15068531,16,0.9095576
rec_e97f71d0b44b9738dd04,grp_7e9bec6f519fedfe1d60,0,0,0.0690796,0.05421434,9,0.9936761
rec_e9874a8ef055456ce1c2,grp_10c3e201eb8c905201ba,1,0,-0.0121846665,0.014906223,36,0.92323035
rec_e9a9f5e616b2d798aaae,grp_a3ab99b7332e55574c00,0,0,0.12194833,0.11893245,5,0.98838764
rec_e9aec87f4044c582e1fd,grp_bf3b56533f0fdca18a7b,3,0,0.121200785,0.05236195,5,0.99432117
rec_e9b19d1fecd86f7db477,grp_486c3c4a7dd55553b3c5,0,0,0.0379042,0.033435725,34,0.9344269
rec_e9b9e91830b2211e6ca5,grp_6a13eba2a7b287d3bb55,3,0,0.10354152,0.041252915,26,0.9409486
rec_e9c1b9f20a0747624df3,grp_ff207af143e33ac62854,2,0,-0.065356284,0.004918075,14,0.98468477
rec_e9caf9a53cff59196ab1,grp_171f22f83d463e616906,3,0,0.14751552,0.074255265,16,0.97001094
rec_e9d57e5eb942a9df3d19,grp_7fe819297361399e4b50,2,0,-0.008944453,0.011167395,46,0.9937726
rec_e9d809f3438c5111e0bd,grp_c479596e5b5fa0872952,2,0,0.053471424,0.027406354,14,0.9814695
rec_e9d8fe29fbb1ddd9a8fd,grp_bae51911e1fc953f29e7,0,0,-0.099533744,0.0037186618,53,0.94906807
rec_e9db58a2dce2c291ed43,grp_18bd934a4225f8dce628,2,0,0.039481994,0.022441994,43,0.9927558
rec_e9e17d6ffdf3cb77b67c,grp_0b97e32ba40b151e1b37,3,0,0.046719037,0.01887804,56,0.94062823
rec_e9fbe3a38dd2c4615c9d,grp_b09b2f98b1128e4db227,1,0,0.04025939,0.036320187,22,0.99207526
rec_ea049577a27f457be802,grp_d6a96f7136fd8efa0be6,0,0,0.040478386,0.034810007,15,0.9193634
rec_ea05a470fe0d25e847b5,grp_c99770776a8e145e3c2c,3,0,0.15844145,0.08561879,19,0.9805915
rec_ea0707bd45026b5a7a4a,grp_c861b3620700e171e627,1,0,-0.02860566,0.011243056,36,0.95061284
rec_ea09f9b56fa233641099,grp_5b0a65ab38a76323a939,0,0,0.017768413,0.024355756,32,0.9448787
rec_ea0b811ed074f355a582,grp_95bf593e972c2a487803,4,0,0.076798916,0.0570942,24,0.9906127
rec_ea0c8da19f13d04398ba,grp_c30e257ca2a0b9e0293e,3,1,0.2040114,0.15149495,59,0.98133516
rec_ea280e2202dac26244fa,grp_92a9d2aa77fbac2d7e90,0,0,0.124683455,0.12365455,61,0.95656335
rec_ea28860c59c87d459cf3,grp_dd3de4835ff0c79ac9a2,3,0,0.024383893,0.013829353,55,0.94892263
rec_ea31ce5484285837403e,grp_02ed982293e5e1543010,2,0,0.089577496,0.045639373,43,0.9855651
rec_ea37cffe042bf78a661f,grp_2946f3d25507f45174ae,2,0,0.08758496,0.044384748,12,0.99107087
rec_ea3a667384e18c6a058a,grp_3af8ca83256d9eadc56c,1,0,0.0071444716,0.02074241,62,0.99362856
rec_ea3a7bd5b763233200e4,grp_b4ada3d20d57a5bb62d7,0,0,0.09099436,0.07557518,15,0.96584904
rec_ea4417404a5095edf912,grp_ee2c09d5f8f27fad6660,1,0,-0.0073477984,0.016193928,61,0.96232593
rec_ea4a92452a664bc90098,grp_f2fcd7362c3842962bfa,2,0,-0.008363658,0.01126174,10,0.9191343
rec_ea50e61c8591e6e0ae00,grp_e0b24b9ec6517873a1ae,2,0,0.11318752,0.063304275,1,0.956361
rec_ea52a4d334bda46e847a,grp_ec52e4e86b7efc4009af,1,0,0.06806816,0.057622742,63,0.93100286
rec_ea627f7e8900e9e4e3c1,grp_6ec4dbd8337161761344,1,1,0.060261425,0.050674334,46,1.0049394
rec_ea6e8f7dd9dcb94b3543,grp_3b0876285694e7c2262b,3,0,0.07936132,0.029644782,8,0.9212782
rec_ea777265321cce1806d2,grp_363851a2034244dabe44,2,0,0.038728002,0.022200953,49,0.9694251
rec_ea79a8b487310761e4f1,grp_fdc41452555166793757,3,0,0.08248881,0.030945886,47,0.98337334
rec_ea7d1347a408c08313d3,grp_33e7e570afbcf66211b2,0,0,0.11159056,0.10244226,38,0.95761245
rec_ea827b88378d66318bc7,grp_c402c931e90a290ce708,4,0,0.04765627,0.035526626,37,0.97297764
rec_ea82c3542bd5ea6ec822,grp_fdb9fca6eb91da963940,4,0,0.021994602,0.023226364,7,0.9603967
rec_ea842ec7e43955a1b7c6,grp_b1d259d092bb3b8acaed,3,0,0.1491226,0.07583515,8,0.9175174
rec_ea86ac62912ebd576bf7,grp_5f1100e10b8fa40260dd,0,1,0.09250395,0.077301584,44,0.9977497
rec_ea9cb9f514a06914bb07,grp_a78f5370b2c32f3eb708,2,0,0.04442766,0.024087634,2,0.99741256
rec_eaa2a785b0da061f78e4,grp_d4b51ef7ad30f4d5e787,1,0,-0.083382785,0.004364541,28,0.96378124
rec_eaa9e929b4de36153498,grp_5bd262bb2a8efc159af3,1,0,-0.011986697,0.014956891,22,0.97717756
rec_eaab47bd2e7c94bab876,grp_2552fc37b0457f5292ec,2,0,0.027133597,0.018798212,16,0.99311364
rec_eab2a4ddc603c371662a,grp_da86e9164d909d65d51f,4,1,0.21028677,0.37107894,36,0.97687
rec_eab3198054e55d74e36a,grp_66eac77e9f6220be8dd4,3,0,0.07630682,0.028425325,31,0.9576991
rec_eab63635742c6d845583,grp_025ed5c473334918f249,1,0,-0.015989572,0.013964598,17,0.9560692
rec_eabe0169862647e7e3b7,grp_58a9752fee0330a5486c,3,0,-0.001781126,0.009587911,56,0.91770566
rec_eac53de6f405984ac3a4,grp_085f484d16765705a9e6,1,1,0.17005163,0.2650496,46,0.98566955
rec_eac6a953d8644ba72a4c,grp_b63f256128ff6102c3e3,2,0,-0.039486866,0.007167928,61,0.99902844
rec_eace83dd4e0d409cdf1e,grp_c9182428c09d556b8387,4,0,-0.06991538,0.004934697,2,0.9468978
rec_ead00370282c497b44c3,grp_73a39ee0595458b441e2,0,0,-0.039498143,0.009775352,55,0.9692043
rec_ead710eb6dbbbeb6ee8c,grp_9458da7b9473226b21d0,2,0,0.21115609,0.22110192,12,0.9741209
rec_eae61958f6cf485496df,grp_80575c25447aac4aa2a6,0,0,0.004941621,0.019876737,4,0.9656203
rec_eaef52235bce2895e1ef,grp_ab1d9b9ce97c5bd84c3c,3,0,-0.15677187,0.0010766827,63,0.97844213
rec_eb014c5c8668e415408c,grp_62817495fe5b25e0d977,3,0,0.051979207,0.020308541,2,0.9902593
rec_eb0f0eb0739673aa09bc,grp_5b4ff068857e827a47da,4,0,0.00861904,0.01857679,3,0.93378717
rec_eb11691ad9dd42706fd0,grp_d5956646416c2cc8a1c9,1,1,0.057656154,0.048537366,46,1.0040302
rec_eb181b99fe73abc8f623,grp_c5df7b44d1a199318aa2,3,0,0.0887074,0.033699073,9,0.9677484
rec_eb19a0c1185e466a7c10,grp_02145f46057ef199431e,0,0,-0.071033664,0.0058878777,3,0.9883037
rec_eb2a15f78fed37831f35,grp_64113aba4ea6317f8d9d,2,1,0.14606526,0.09860898,57,0.99141484
rec_eb2cae503fbf3785d3b9,grp_056e92542dc934714887,0,0,-0.08199304,0.004934779,4,0.9759464
rec_eb2e9e86263fc852bb87,grp_f7c766ea542bd4dd4821,4,0,-0.0037006869,0.015109497,37,0.99649954
rec_eb35af85acf60ed7e76e,grp_dd94f0fc2e00e6b89b27,0,0,0.019603863,0.025072422,34,0.946262
rec_eb4356eefebba4f016ec,grp_c3f700ffb2f3c5a29cc6,3,0,0.17733379,0.109022394,32,0.9668413
rec_eb47789683965badf17f,grp_8f662de58b11b892cc65,2,1,0.15357222,0.10882429,57,0.9894646
rec_eb550d97cca4c839ca24,grp_743a680cca51543e99f6,3,0,0.085127026,0.032086264,42,0.99943453
rec_eb5b64a86061da33d005,grp_f642e4cb9992fedffe64,0,0,0.16446699,0.21185811,34,0.93050325
rec_eb66ac445aab511b6caf,grp_672616ffdc42350b71f0,2,0,0.09986468,0.052671414,5,0.90127057
rec_eb6ab749e7399d62d277,grp_2be12f9f1726af9bbe9c,2,0,0.09089237,0.046485733,15,0.93733627
rec_eb6c64aa0ece7639116d,grp_ee34b91b04ed79710f8d,3,0,0.020752558,0.013145181,48,0.9835412
rec_eb7266ae5d5ee64fcb56,grp_f81c818ce78e7fd10329,1,0,0.037916653,0.034920003,39,0.96614
rec_eb7531be4c6fe6127991,grp_864e91f49823172e6396,1,0,-0.07474704,0.005068653,20,1.00185
rec_eb76879c6a607177a6a7,grp_4316bc95eee90a776d73,1,0,-0.08266928,0.004418825,55,0.970958
rec_eb92b831df90639faeea,grp_28d1b872778ccb3c6f78,0,0,-0.07353951,0.0056549674,45,0.93795824
rec_eb9bca9664d94e579d8a,grp_d963ca2ed6d0fa2a7b8a,3,0,-0.013900597,0.008087868,37,0.97675824
rec_eba12046853592d66cbf,grp_fd6d0fbef09dd5cc1378,4,0,-0.06259697,0.0055870577,42,0.9949391
rec_eba7740ec59d7c130b0c,grp_2d762781ee4864ca4a7b,4,0,0.04974324,0.036766596,14,0.9819434
rec_ebaa0773942c4c3410bf,grp_d51e290cab39f4fde3cb,3,1,0.16010256,0.08747869,59,0.9878423
rec_ebaa493160dfce2b29f8,grp_292ae5090a1ee9fdbc6c,1,0,-0.11945498,0.0023346494,22,0.97084415
rec_ebace182e8f7ab4667d9,grp_1d27ee2c2e10bb4c5b44,3,0,-0.02554885,0.006866255,48,0.95422184
rec_ebaea36fea66de82cc1b,grp_e4a8a65ad29ebd33ed10,2,0,0.008374534,0.01434621,36,0.9414212
rec_ebbcbad86d52c23bd000,grp_16dfb05d06784bb058ab,4,0,-0.15257035,0.0012096415,39,0.9428683
rec_ebc3320578dcb6c9b222,grp_6d72faa0f1deffee33ca,2,0,0.0041038925,0.01348793,5,0.91648746
rec_ebcfc2e1aa0af98c4ca3,grp_b0b9bfb83ab3b35e6cb8,0,0,-0.029778294,0.011423394,8,0.9605652
rec_ebd4c9d341454a9e7290,grp_93a262d2494a27dc1a62,0,0,-0.06464772,0.0065254415,22,0.9795668
rec_ebd4e8d747b29ebeae43,grp_22391e24a01629b3c274,2,0,0.06227794,0.03106294,58,0.9597305
rec_ebdb5e38327bdacd9e72,grp_7096a3d807b8c019e1d2,3,0,0.15413709,0.080965035,31,0.9608647
rec_ebddd553c97bbb5cd6df,grp_2f36dce25018ea0e6d63,1,0,0.034997467,0.033248,59,0.98276925
rec_ebe152129723c382534b,grp_925a796fb19450f28e42,1,0,-0.091940664,0.0037629462,30,0.9784005
rec_ebe351b96462d07ae015,grp_0351bdb275ccb977a696,4,0,-0.11013498,0.0024912555,24,0.99972916
rec_ebe65cb2f4182f042833,grp_0bee88df30881b2af106,1,0,0.011280265,0.022255749,62,0.96470886
rec_ebe7627d9808b3c71e42,grp_7c30f3713ab8ddccb7c3,3,0,0.20313089,0.14989884,11,0.9552458
rec_ebe8aea16fffda0bbf77,grp_b4c08b15e9c71313ea9e,3,0,0.016117018,0.012320157,35,1.007603
rec_ebe9d39d9c3d984d7a17,grp_530c5654a6e9b17b4e71,0,0,0.02368893,0.026741965,25,0.9962224
rec_ebecdc2ba9dfe9118f88,grp_5c7faf56f13c71742b98,4,0,0.074165866,0.05472418,8,0.9515682
rec_ebed62c5d0fe193b5c47,grp_abe08ce7aae1ea2fe227,1,0,0.14396875,0.1863731,23,0.97487414
rec_ebfeadc2a3d0123951fd,grp_24015dc93148cf0b4739,2,0,0.0015867462,0.013005988,9,0.99207425
rec_ec05198961705e653827,grp_e030ccd577f62f0a81a0,3,0,0.068154946,0.025404537,12,0.9069354
rec_ec0c7f96c1ac1cbfe854,grp_ed93093433e1f832815c,4,0,0.07826225,0.058452714,14,0.9600873
rec_ec0d021082943631251e,grp_e478f2a20a9cecd16f75,4,0,-0.018403249,0.011797928,42,0.9810457
rec_ec0ed9a05d8a95af2a94,grp_e4e2b2379b6d9b5088f2,2,0,-0.012130058,0.010663658,2,0.9837954
rec_ec13ea7b5e66fa483673,grp_018aca2298ad6d31bf9f,0,0,-0.027516196,0.011844735,61,0.9053158
rec_ec1dd3f378b0a1950f48,grp_0bf2bc66ccdf335236dc,0,0,-0.114185326,0.0029352407,15,0.9029509
rec_ec24a328ce09a0f904f3,grp_f6a689917b0652d9bb0e,0,0,0.009419371,0.021340292,26,0.94334394
rec_ec318d5d558cf5219cac,grp_b63354d275598a8065dd,4,0,0.035755962,0.02919118,20,0.95200324
rec_ec3bb6a7099582380599,grp_53ca4fc79c6ac9e42841,2,0,0.029371316,0.01941248,46,1.0043696
rec_ec3cda477dd1adcc7504,grp_c4310c508bfea87a5df3,2,0,0.052631132,0.027080141,8,0.99104434
rec_ec42fa6360a2af536fc4,grp_b4f5fc28f71defc9acc5,3,0,0.11084114,0.045541555,30,0.9483267
rec_ec490ad9cad9ccd090d0,grp_5893e7b8327e634bcbb9,4,0,-0.04916118,0.007015811,20,0.94718313
rec_ec4f85f60d0c28fc33fa,grp_216216261815821a795d,3,0,0.06363196,0.023865763,9,0.9591679
rec_ec53850b8e2c3ebf4184,grp_092a60d9f87a7ba1bc10,4,0,-0.03706849,0.008608968,49,0.92799556
rec_ec5ac904434fdb24b9fe,grp_d72738a84894e1932eb8,3,0,0.016823495,0.012442509,48,1.0007817
rec_ec6654a893d1bab1cb4c,grp_e435f6eec5d7dce65346,4,0,-0.07096561,0.0048475163,20,0.9060765
rec_ec6c78b33393755fffb7,grp_2bb7d9547597f756517a,4,0,0.07392145,0.054508943,26,0.9454924
rec_ec7ae672e3b0bde1a894,grp_db61505c1423a643c8df,4,0,-0.018327719,0.011812954,30,0.86779636
rec_ec875cc2d39b074698d0,grp_8b234e96ad2486eb3e29,4,1,0.09515888,0.076482385,36,0.9976207
rec_ec92fa6eea644c547361,grp_e680163d8d443aa89f2a,0,0,-0.06338189,0.0066597387,61,0.95598674
rec_ec9b8f42e06499a694e1,grp_b771982b48353fa3507f,0,0,-0.07320483,0.005685535,25,0.99949026
rec_eca1720a29e7ad010579,grp_cfef02d78df65e9404a6,0,0,0.0059238663,0.020189125,50,0.9976864
rec_eca8178270aa5adc1845,grp_d3c36a2a6540395a28dc,2,0,-0.07594225,0.004214577,27,0.9876033
rec_ecc17b50333db061b29a,grp_06de23cbc62459fa2d65,1,0,0.014399858,0.023468131,15,0.9743129
rec_ecc185dec9fc5099f737,grp_470f09bb452f430a5241,0,0,-0.009531828,0.015787814,24,0.94275373
rec_ecd0f00bc7e75d13c529,grp_d6cb3ce64eb5803275aa,3,0,0.18353756,0.11785514,11,0.9767792
rec_ecd1688bc06837e05435,grp_a159a065ad4467975bf4,1,0,0.094173774,0.087845676,39,0.96770924
rec_ecd6331cbee91dd66f60,grp_4a609e4744fb9e427405,3,0,0.13684101,0.064508446,58,0.9788141
rec_ece61e57ae6febdd9508,grp_180bad2422b497d42d80,0,0,-0.0028069215,0.017573087,13,0.9630446
rec_ece72f1390fba38adc52,grp_9291c7449752aa1d6095,0,0,0.13982569,0.15278026,17,0.9427635
rec_ecf1c36bd3f938557ed2,grp_626d5bfe81f8e72c7672,4,0,0.01242632,0.019798411,24,1.0013351
rec_ed1c823c80bedae853a2,grp_199155c2c59feae14829,2,0,-0.028914286,0.008358636,47,0.9805059
rec_ed1e8e2d5e2e73f1a867,grp_3aa100cd19de297c0dc7,2,0,0.058514494,0.029445827,40,0.97566944
rec_ed2d376ab5b3f305d219,grp_761206eabc1f3aafeabc,0,0,-0.040044494,0.009690046,42,0.9732929
rec_ed3b7a51e4acc660790f,grp_3fbc46ef4adc38db9f8e,3,0,0.10458945,0.04184395,17,0.98765504
rec_ed3bce86f5fd5907dd02,grp_81a0ca3aa7005a1681a2,3,0,0.03538293,0.016123004,58,0.9770496
rec_ed3cf9c686dca67a0810,grp_f915d0ab44e2f1c31632,1,0,0.15628806,0.2210799,23,0.9816151
rec_ed3e14b8f7061983d993,grp_b2b1532ba071af22c1b8,1,0,-0.0064794803,0.016436417,43,1.0058591
rec_ed40b5430fe89b16dc0c,grp_881a61961d763d6eba98,3,0,0.09024536,0.034415644,51,0.95984966
rec_ed41b866ec299ce37551,grp_b3f4304a6d6aec3527ba,3,0,0.024314977,0.013816049,32,0.96247274
rec_ed45623804c23dc2cc83,grp_35dc15e4aa3b4e9a4653,3,0,0.02863558,0.014675117,9,0.98914343
rec_ed5355d1c614a34e5352,grp_f7c18595a98e668ef89c,0,0,0.017602183,0.024291847,50,0.9880557
rec_ed5a7579be1900d9d497,grp_1f48812f856aae0c31c5,4,0,0.034314673,0.028502563,57,0.9723308
rec_ed5f62707bdc4498a975,grp_3dc132ce238e5b402939,4,0,0.029165415,0.02616889,24,0.98824394
rec_ed609fe5ccdf22867ca4,grp_09fbda85182fba69f4f7,2,0,0.03940013,0.022415701,59,0.9863304
rec_ed633376ee4ff704e46e,grp_2d5028086ae61fd15e34,0,0,-0.054656886,0.0076631075,19,0.94027364
rec_ed66369cdd7a1cf07daa,grp_f79dee5fd667b5a6b550,1,0,0.038630594,0.035341103,39,0.9876799
rec_ed66c02fb2f5fa8632b7,grp_e049da42ecbd6adeed25,3,0,0.010050479,0.01131727,1,0.9822986
rec_ed67cef928fc23fcaa06,grp_e7b1b01c856cb51ecbec,4,0,0.10048404,0.08314928,54,0.9771176
rec_ed6a226c825529008c19,grp_7544c8b4b614b166c7cc,3,0,0.038752977,0.016897913,0,0.9743194
rec_ed6faf49d7af08bb94a1,grp_f79396cd119f2322ce0b,4,0,0.033264227,0.02801065,8,0.91189647
rec_ed7c46c9afb3da4dcd60,grp_3e0e488ab6ff5b111b6f,4,0,0.021398107,0.022996679,2,0.9626211
rec_ed921c8866c5d8b76f17,grp_d72c6180e17cc7bdf63a,0,0,-0.0072276797,0.016378447,33,0.986288
rec_ed9489c2c833e97ec33a,grp_b64d1deea7e948a785fb,0,0,0.009934028,0.021515118,29,0.93954694
rec_ed99d255064f46c61c54,grp_ef4a8f2bea5eebb53818,2,0,0.09202127,0.04722426,36,0.98572934
rec_eda18500b9c700f1596f,grp_fb312a073bd219bdd107,2,0,0.1222182,0.07161683,15,0.97180563
rec_eda6ad4372b4cad6a989,grp_4dd047797e3d6eb9ad91,0,1,0.024965867,0.027285676,44,1.0072213
rec_eda706012becf1f95a48,grp_013a2da3a4e24a1e0ad2,1,0,0.080106676,0.07010956,62,0.98874754
rec_edac92780d6eb5e2ebc0,grp_2ca9b13cb4990235bfeb,3,0,-0.03334418,0.0061529367,5,0.9736446
rec_edad904701b833a7fa44,grp_06c5b2a48e3156a5e776,0,0,-0.07556452,0.0054734596,34,0.9750296
rec_edbbb1905b041009191b,grp_d087e41ce5c0f01d9793,3,0,0.11589851,0.048758425,58,0.9902949
rec_edc16e9aace319adccb3,grp_f8b01455b9633e64cdd2,4,0,-0.046393,0.0073524914,33,0.962352
rec_edc5b4e7a823fc6e2e8f,grp_47d53d3cd7828083fd4c,2,0,0.12097431,0.07041473,12,0.9679299
rec_eddf8c6af7b63fc87fe5,grp_264b4e70c77321953d44,2,0,0.056278884,0.028524168,5,0.9254777
rec_ede2be8d78843dce4eb7,grp_2f12c07ad8eea6d7017a,2,0,0.024550961,0.01811294,43,0.97542334
rec_edf56021081ccf75c8fd,grp_95e23e97097e8499b641,4,0,-0.031757183,0.009417544,34,0.97701484
rec_edf636ec328d3170f1b6,grp_ab96a3a7fe01a88e29b6,0,0,-0.04339708,0.0091824895,26,0.9733511
rec_edfe4104ee4de3a404f0,grp_665b6627d6fcf294b521,3,0,-0.18904996,0.00068189274,24,0.9341186
rec_ee113d6526b3e6221420,grp_a470738e9508916fe9f6,2,0,-0.054015778,0.005801734,3,0.9851461
rec_ee11803c98e30fbab2f1,grp_cb4cfb8ba4ffd31796b5,4,0,-0.0023630345,0.015452777,21,0.965795
rec_ee205773b2e5f44f8045,grp_b991a30307d40bc4cd53,2,0,0.13577941,0.0860022,14,0.97653216
rec_ee2282b94aad533014ab,grp_53fe6af704fa1ab026a5,2,0,0.111636184,0.06197003,9,0.97896034
rec_ee23aa2004d6dba7243a,grp_e6f9cfa0c2237d118a20,0,0,0.022804115,0.026371405,3,0.9835671
rec_ee2523c77b9b61a9ba9f,grp_86ef9943488189361c47,0,0,-0.026863663,0.011969109,26,0.98042667
rec_ee33cede969d2a9999dc,grp_5ddb11298f06c51e65cc,0,0,0.07481423,0.059180036,15,0.9404834
rec_ee3d542db935d4503069,grp_df5783bf3e9e51633bf8,0,0,-0.056616277,0.0074254586,61,0.9505569
rec_ee3edc8fe8f136feef30,grp_a2fd3eb10f095528d580,4,0,-0.06247602,0.00559853,56,0.9882365
rec_ee4513160cc10966fb0c,grp_1ed330552bd07365050d,0,1,0.15582895,0.18943267,44,0.9895102
rec_ee534c91838dc5f1e2a8,grp_b16aa9f299779bfe2eab,1,0,0.025253179,0.028208807,47,0.98950505
rec_ee60b3f2972ad2155760,grp_d87e16924226e7e34ec3,4,0,-0.017449984,0.011988985,9,0.95638406
rec_ee626171cf4ee235fd36,grp_6666c62758bdaf6a48f4,1,0,0.039746646,0.036009185,11,0.9865131
rec_ee643391728c96454b26,grp_a2cbe5d7f0dea50a5c73,2,0,0.03688224,0.021621514,48,0.9780253
rec_ee64e675b550fcc57094,grp_545c5265a835d4bbb3c4,1,0,0.05993147,0.050398845,21,0.9636123
rec_ee66e9fdebf12ec505e9,grp_f53b272d2eb6b173647f,4,0,0.08796387,0.06825284,25,0.98079795
rec_ee7331a1f4f49aabb15c,grp_0ade061c94b831ab5d50,4,0,0.09450345,0.07569653,22,0.9894714
rec_ee73cd12bf40b4d55e7b,grp_daff0aeb8b2da45c7d45,2,0,0.010376358,0.014766839,20,0.99992275
rec_ee74ddbb736e8cc1e564,grp_cf7d5215eba3183c0c7d,0,0,0.12395485,0.122381136,43,0.97957474
rec_ee807ceeb4ab049e2aec,grp_e4b4cf8c8cf9a6855158,4,0,-0.10438968,0.0027470237,8,0.9534595
rec_ee9175510d62dea46c0a,grp_46da281db0181663a341,1,0,0.015346326,0.023848541,57,0.9875912
rec_ee974ece4222a2d55579,grp_8dcd733363b3f4790a62,1,0,-0.058611404,0.006700673,39,0.9771794
rec_ee98ac3d24e0612120ae,grp_c84a90f22b6f92d9d1eb,4,0,0.041835666,0.0322776,0,0.961474
rec_eea2a5fe0c87f6678399,grp_425549e61018fda5efda,1,0,0.053539682,0.045334335,13,0.97926974
rec_eea6c5baad0c0c3d952d,grp_8c49be3c670acdcad665,2,0,-0.020269217,0.0094764475,38,0.9677203
rec_eeb4d88894aa95079b81,grp_f21f9f4fec9177eedefa,2,0,0.029240169,0.019375945,40,0.95290655
rec_eeb522052643a1c2633c,grp_9aa2b74b3acefb426d22,2,0,0.07760113,0.03857866,3,0.99688494
rec_eeba232e557b7e58d76a,grp_04c56ee3715efea22572,2,0,0.02480086,0.018178165,18,0.9280958
rec_eebae749be3b77e19af9,grp_eeb0f463b1f59eacbc38,4,0,-0.046712883,0.0073127784,49,0.95430636
rec_eec2bdcd697b1d76edde,grp_bfaae2d51278323ceac2,2,0,0.22796015,0.26637518,10,0.9570172
rec_eecadf9010eab4594dcb,grp_38b147fbdedd74fce096,4,0,0.092992045,0.07391259,17,0.9812161
rec_eecf1dd3744d80daf10c,grp_b82276448ded157686b9,1,0,0.14664093,0.19352704,34,0.97863024
rec_eedd7c095574b6cfa4ed,grp_47de16c927a2b06bb26a,4,0,0.118179455,0.10924201,29,0.98529917
rec_eeebdf9474a5ca5674ce,grp_5e75311ceb2871143ed8,1,0,0.056130007,0.04732556,61,0.9662854
rec_eef5d66832b516c71af6,grp_7b362a1b25090c563a08,2,0,0.0634257,0.031573012,43,0.9963942
rec_eef782527c842dbcf648,grp_f87369b905de5b0bd390,2,0,0.056842383,0.028753804,10,0.9335914
rec_ef04df51ffb0cb76e005,grp_581906fcf6e841d987dc,0,0,-0.024195196,0.0124912765,3,0.9513099
rec_ef0a4f5a35a3792d9b2a,grp_b4782802dc8ff3d05cdb,2,0,-0.0031317146,0.01214792,20,0.9539349
rec_ef0a8b7361d7455f8552,grp_e5cdd97713a65891181f,0,0,0.067777336,0.053142697,20,0.9817844
rec_ef2071ca460e7ccfae92,grp_5d470d2b6265370af1d6,3,0,0.10038367,0.039519824,9,0.98507464
rec_ef20b1eb53786825b229,grp_a1353e32c6b638aea7aa,3,0,0.18559313,0.12091577,52,0.92865616
rec_ef2206b40847a8d9c81e,grp_60093c683c76f70b2699,1,1,0.16310784,0.24218927,46,0.9872233
rec_ef34e29ff760987e21c7,grp_c877208798fa157d5334,2,0,-0.035798308,0.007562887,19,0.9933923
rec_ef38c25cbd6db832aeb0,grp_dae8d1372f60833d711d,1,0,0.054802805,0.046295144,38,0.94158685
rec_ef3ea01de2dc2b2c5c28,grp_49c9c97acf11f25b4868,4,0,0.04567448,0.034386497,3,0.9630267
rec_ef3ef1a9db5ad4084949,grp_e260d36a86f844b13359,4,0,0.05701175,0.041417997,59,0.9915865
rec_ef4a3133416bb2b22566,grp_191e7656529c5af7cb87,1,1,0.050666552,0.043219108,46,1.0050144
rec_ef4cc1a114bcbf77d045,grp_f922073bfbf41c17f0f5,3,0,-0.017607614,0.0076773562,1,0.9525472
rec_ef57b4cdfe733238ea93,grp_61f3fccc009d541b2bc1,4,0,-0.028778931,0.009903407,3,0.9240356
rec_ef5e8aed39c62b98e3ab,grp_8c6a6cbb1ea023076a91,1,0,-0.0108421445,0.0152531685,38,0.89825934
rec_ef61fc1163b93a97e76a,grp_ac3afa398213acb3cb29,1,0,0.022153262,0.026767153,18,1.0041815
rec_ef6b2750f6c280f52e76,grp_08cd98062c4e6bf464a8,2,0,-0.06019068,0.005302624,18,0.9791069
rec_ef77891d4b03bf9ef58e,grp_9dc736e43d8f2b1e8223,2,0,-0.01733916,0.009887951,6,0.97321135
rec_ef7bf4e27154acc48bb0,grp_e38f5f8683b8b55d8968,0,0,-0.098203756,0.003799347,11,0.99773014
rec_ef814ab1362cc5841419,grp_7b775a0bc1753e40eb5c,4,0,-0.0715101,0.004802926,24,0.9417869
rec_ef86ecdd26fe7e5603b8,grp_14e2f2d778df7b623cf4,4,0,0.052108873,0.038222477,3,0.9687503
rec_ef8937156b4230527100,grp_35c2899305a4232fe12a,1,0,-0.00965821,0.015565729,44,0.9999085
rec_ef895c4dcd64c6506d15,grp_cb6ad4eae06fbe12f9e3,4,0,-0.01651267,0.012179834,30,0.92919827
rec_ef89d534a5a814605b77,grp_bf188d700ae816b9b5a2,1,0,-0.043753203,0.00866055,15,0.9934209
rec_ef8c5ec10bff869f3fa1,grp_f5a035104424c49608b5,3,0,0.05315277,0.020641895,5,1.0017403
rec_ef8e2870a60d4a15cb42,grp_9b16f68dd5516095cb06,1,0,0.06788386,0.05744884,11,0.96980834
rec_ef8ed72c2ab001e8b7db,grp_91b11c012fa154a7877f,0,0,0.013053394,0.022605114,63,0.9736359
rec_ef8f5cfc1c7ece23443e,grp_ac763998323ebe73142c,4,0,0.019406948,0.022245914,57,0.9821364
rec_ef91405419911e02af94,grp_498902efb157423db7a7,4,0,0.051154662,0.037628677,0,0.9421036
rec_ef93e48d29ad21c290cc,grp_982b43c9d04f05ee3953,4,0,-0.07975376,0.0041755964,13,0.9925
rec_ef95acb6db6906ea7fc4,grp_8e7babc14ad9ee87a362,3,0,-0.01546343,0.007912212,47,0.96292466
rec_efa2867386d9d8f40b79,grp_3288c46e6d636d3f1ace,1,0,0.124873735,0.14111969,39,0.964327
rec_efa5756f08cc999bd774,grp_10293b286f939fa6683a,4,0,0.015273189,0.020762974,2,0.93261695
rec_efa611d50e5603fd2a73,grp_0b5aec0693f8e67304ac,4,0,0.008781266,0.0186273,47,0.99366796
rec_efab7c1fad2f0be9bb54,grp_6d6a33840ddcec61b18f,3,0,0.13747603,0.06505335,12,0.97078097
rec_efaff3673ea504c67a6b,grp_7b5585beb2d1b278c814,3,0,0.092519596,0.035502233,56,0.9363753
rec_efc1fe17362d32bbcc3b,grp_96d7032d05d17e6bf323,1,0,0.05562648,0.046932094,62,0.9816748
rec_efcebe07339083efa806,grp_2828cb0133a4ac909388,4,0,-0.15421376,0.0011762466,24,0.9859639
rec_efd3abe68f7c7e391df6,grp_42611686aa32911e88aa,3,0,0.23440161,0.21543013,44,0.9673057
rec_efdbfa76952310c24295,grp_5db4c475f7647cb54b54,2,0,-0.010281345,0.010953191,34,0.9313578
rec_efdeb16813c063cb8776,grp_b729145ec1cc3fe42a55,0,0,0.013305147,0.0226954,14,0.9531201
rec_efe3285f36502ab37f73,grp_0f6f8d3e91c1283e2c09,1,0,0.08692999,0.07825646,4,0.96992785
rec_efe37c0b97da062d9710,grp_9eafa8f2840cf29d2340,3,0,-0.04819703,0.0049914806,48,1.0053875
rec_eff321c607acbd1bbe31,grp_2a7bf8da87544820966b,4,0,-0.04031306,0.008149292,1,0.9934489
rec_f006120f9b49e499f15e,grp_a4215fe23efdc30a5791,4,0,0.10101503,0.08384228,54,0.99208224
rec_f00f8402604dc7f492ee,grp_b7bf7e09022472661689,0,0,-0.03329615,0.010797404,53,0.9468742
rec_f011bf80b9b587ec7475,grp_ca6c4e64c0f6db40040e,1,0,-0.03495225,0.010079366,61,0.9895222
rec_f012dc48b9ce0d855f2c,grp_a818d85fa2397bdbbb56,3,0,0.00072994735,0.009931593,42,0.9302399
rec_f015787b54d6c1d1dbdf,grp_c162f94dec3a288f2f0b,0,0,-0.028069101,0.011740356,61,0.9230866
rec_f02b00fc70e2f220091b,grp_443728f296b2a7fa60ea,1,0,-0.053772118,0.007285069,20,0.9909932
rec_f030adaafac111ec562c,grp_67bbcb1728afa9a64925,1,0,0.06421277,0.054086033,10,0.9565761
rec_f031a833e65c0bd50aef,grp_e129db6d1037c3eac9f4,2,0,0.05155197,0.026666738,17,0.90334755
rec_f03fb10e6d98519d6175,grp_26687172d377a0c8e362,0,0,0.026974251,0.02816265,10,0.9807529
rec_f047e8dc6f74e792c2d8,grp_28edd912cac1ed069e80,2,0,-0.046903066,0.00643476,38,0.9835374
rec_f04b3f20aa8276ac414a,grp_98d4e41e481c53ee30af,0,0,0.05941785,0.046726327,10,0.97499
rec_f04d79c775ccaea0deb4,grp_61571e157f736db773c5,4,0,0.01501484,0.020673575,22,0.9327217
rec_f05870c2eb7ea3b4c83e,grp_2e358cbcc6d044ad30fb,2,0,0.12411164,0.073483065,34,0.9429934
rec_f05a1890ed21b938a7e6,grp_58596bfccc2e0254d791,3,0,-0.008218543,0.008759723,11,0.97536963
rec_f05fa584a37af3600741,grp_d3b67c5aa4e2ffb3c50b,4,0,-0.07037344,0.004896483,25,0.9883295
rec_f0661752f1bfa2ac8873,grp_b23856545cdf852365a5,2,0,0.07225468,0.035776425,43,0.99723285
rec_f06a35c92e3fdc5c2d0f,grp_bccf2bf4e3326813a467,3,0,0.2257412,0.19542164,30,0.9158894
rec_f0772b87d2a5164e6ebf,grp_fafa6791e0b552b416be,2,0,-0.01618685,0.010054585,40,0.9855934
rec_f0784fd0f207e81a3dc1,grp_61ae4299c1cca8b74ddb,2,0,0.08231862,0.041225202,15,0.95295006
rec_f078cd451298cca23990,grp_1c932e46eb2a00c2e6e4,2,0,0.0334418,0.020580681,9,1.0025681
rec_f083c54d24f38bf26d13,grp_b8afebdc084c2bd27502,1,0,-0.031169256,0.010757812,31,0.98029095
rec_f094141e65091ff75e1a,grp_8be3ed76493d33264d18,1,0,-0.0011270856,0.018011898,44,0.9963436
rec_f097a1503c4fc63cdd8a,grp_058947ec94d956bec169,3,0,0.055366937,0.02128548,26,0.99959254
rec_f098afb35ef368f19993,grp_ab5241032193159fc6a4,2,0,0.029567454,0.019467248,33,0.9862035
rec_f0a82e480105a9ae2416,grp_c84ac87870651480d29f,3,0,0.14159368,0.06869167,21,0.9929515
rec_f0a883bab271b24bb0bb,grp_85b11a0b1452b97d2c9a,2,0,0.12875903,0.078254886,47,0.9874733
rec_f0b276aa31550d358a90,grp_248c6198ec9145081bdc,0,0,0.065150425,0.051041562,1,0.9654876
rec_f0b5ddfb78c43f499920,grp_c73b52fa0af895e153f1,4,0,0.1547005,0.18608831,9,0.9664764
rec_f0bb0da7a120594e9910,grp_44642778c118e04db056,2,0,0.057737105,0.029122105,43,0.99499226
rec_f0bf6de2d5907eb4b5cf,grp_c0ee6da33fd42bb7fa7e,0,0,0.07772737,0.06186301,11,0.98311037
rec_f0c4a176164a532e6241,grp_55416bff2911900872e5,1,0,-0.09272797,0.003711937,43,0.9987451
rec_f0ccff5d86dcf49d65d3,grp_c2e28f429e6abba9afe2,0,0,0.076164626,0.060409904,11,0.96714044
rec_f0d115107ecd256c8115,grp_ed90836a938dc5b35140,1,0,0.03791392,0.034918405,59,0.974827
rec_f0e49525ea60a111b50f,grp_abc0cfe5ee87219025a9,1,0,0.12714414,0.14597635,37,0.95408005
rec_f0eba729b97edb65081b,grp_c7bdd711d78fcda24c63,3,0,0.0057467017,0.0106551545,42,0.97700584
rec_f0ec9d5fb08279feba6c,grp_56fd6b3ae7020581324e,1,0,0.012862603,0.022862852,61,0.998405
rec_f0f0f93f9503c7043c7c,grp_388fda8a735d50bd27e0,1,0,0.120669186,0.1324826,53,0.98095655
rec_f0fb1461414f67400765,grp_73e57bbed4a0ead5bc31,4,0,0.0021058284,0.016656213,57,0.9948532
rec_f12758e1919c3bcee868,grp_0e297b5461b77b4ac756,2,0,0.055053797,0.028031051,39,0.90703833
rec_f12c16f46a0070717be1,grp_92d78b4c05d161e14844,1,0,0.04409823,0.038732033,59,0.999682
rec_f137ac9f971f1f629f86,grp_989999403994fdd4f06a,4,0,0.052530702,0.03848784,53,0.9959325
rec_f13832817c5695c0cfb8,grp_b8d20b35a62ccd91284c,1,0,-0.02880989,0.011203617,38,0.95125496
rec_f13beb597e9797c1add1,grp_d6841d6596a12e5f159f,3,0,-0.014556907,0.008013635,15,0.99761754
rec_f14c392431276f5e9de5,grp_0d6af88a5d42e357918c,0,0,-0.038062524,0.010003064,16,0.972249
rec_f1549a91f9c7d9912ef4,grp_42c9c9687cbd93aa8336,4,0,-0.031442694,0.0094677145,54,0.99959403
rec_f15ba8efdc33f7679f21,grp_ea02c91909b7009d2ea2,3,0,0.05843177,0.022208817,3,0.9848497
rec_f15daeba954e7272ae2a,grp_e2ac3725dd68ad0cfb87,0,0,-0.12623377,0.0024160186,50,0.9589011
rec_f15de9d1e6ec7631c8b0,grp_4d1de73ad25ff0bdc995,3,0,0.02563553,0.014073218,45,0.97561383
rec_f16364f3d092e25443fb,grp_5eb019d72d18c1968d80,1,0,-0.0154947555,0.014083655,47,0.9730627
rec_f16ad2320e8346ed1213,grp_14d8b54db5e90eea9b0c,1,0,0.052990425,0.04492248,49,0.9398697
rec_f16efcd994fa933cf1c8,grp_1d92390c10f218482743,3,0,0.15247211,0.079227574,0,0.9388136
rec_f17542c5713df5869481,grp_5c57ad84ef01261c62b8,0,0,0.030811355,0.029914832,53,0.97801834
rec_f17616bc5d875050f859,grp_9f0ce1052457d9ae4443,4,0,0.11630087,0.10616307,57,0.98792654
rec_f186cedc1889a3e82e45,grp_39d866226ba0ede566d1,0,0,-0.13004157,0.0022718117,4,0.9879687
rec_f18aa1440856fb165dc3,grp_544e6b4e53816a7b8a31,4,0,-0.0099188555,0.0136098275,13,0.99502885
rec_f18c3ea101110090b3f3,grp_ec659e90c40c7c65750f,3,0,0.15218744,0.07893395,3,0.97129875
rec_f198319d98064cd6784f,grp_55a64c6aa04aedfaa0d5,4,1,0.17307131,0.23824759,36,0.9862402
rec_f19ddc1515c2339beff2,grp_d3e433e735307a0ba849,1,0,-0.076318614,0.0049325945,7,0.9821542
rec_f1a2e5d26db260ffacb1,grp_220bc6b93653db1424a6,4,0,-0.0057657436,0.014594231,37,0.9897117
rec_f1a3ed76c20fc1172242,grp_e93cfbb4e01a8e76a11c,2,0,0.009978781,0.014682344,40,0.9592853
rec_f1b3a602b02c8e7fa269,grp_d32ce656c4b741f02295,0,1,0.010448635,0.021691326,44,1.010996
rec_f1b492ba3088ce698fac,grp_a5cd8fa03bfb778c509a,2,0,0.12155992,0.070978306,5,0.92102623
rec_f1b7a1a124f9f97cd6f4,grp_4a683fd91efb7fefdc25,2,1,0.09317318,0.047989342,57,1.000403
rec_f1bf3efb5af686d9b9eb,grp_b9e5d04052c9f49daa72,0,0,0.1757362,0.2439404,17,0.96382123
rec_f1bfa715f87d90e880bf,grp_ce609616f6dd34fc5077,4,0,0.054854926,0.03998192,57,0.9997895
rec_f1c126cc09eafc0cbaa8,grp_9661c620cfc2d8dea629,0,0,0.04338824,0.03642905,56,0.9813105
rec_f1caeedccffef851ef9e,grp_dec832358a3e9f4ca64d,3,0,0.072734416,0.027060822,47,0.9832069
rec_f1ce1a32d17481b253e1,grp_f982a79db6aafa791ee5,0,0,-0.0011234004,0.018050196,34,0.9752268
rec_f1d269c8f13e223f7e58,grp_7fea13d290815aaf6753,0,0,0.049937975,0.040342476,42,1.0032264
rec_f1d35ef0230a90bf00b1,grp_8940da6041fa9823c640,3,0,-0.009514144,0.008601817,16,0.9748385
rec_f1d90902f4fc5b507419,grp_1f5b0530db8c91f515b7,1,0,0.005396424,0.020133492,49,0.9112943
rec_f1eab656ecbea646fcc4,grp_6d1e4f07b77defa1611b,1,0,0.10504613,0.10423417,14,0.8892547
rec_f1edcfbc238c7cbba941,grp_22e623b053ae88356674,4,0,0.09826645,0.080311,0,0.9394963
rec_f1f4621d14d041ff8abe,grp_f6ff0fb85d1061899c3a,0,0,-0.0017378232,0.017874612,29,0.946326
rec_f1f830cdd2026300e2f7,grp_1915cb182d45258099f9,2,0,0.061574966,0.030754492,14,0.96378875
rec_f1fb204dabb627532fe4,grp_9132064144f7697d1547,3,0,0.23564883,0.2184308,30,0.9407898
rec_f2041c8eb5a235338633,grp_d09083be2665f82ecbec,0,0,0.047501415,0.038841706,15,0.9033771
rec_f2053eeaddc43b24c31a,grp_cab1d20572e1b1584c10,2,1,0.14083329,0.09200294,57,0.98837906
rec_f20aa123a69131d1b4da,grp_028aa0abbed2f8788469,2,0,0.042866964,0.023556,61,0.9774969
rec_f20bd430dce109a62525,grp_819c1e9c2dbd1cbd53b2,4,0,0.03533864,0.028990151,17,0.9784536
rec_f2130ff24943c371077c,grp_7b710cb5a93c31f20e61,0,0,-0.010730772,0.015488822,8,0.9813871
rec_f21c72bf37b66c49c953,grp_d0c8956abee96e0ff7fd,2,1,0.27711675,0.42727116,57,0.96499884
rec_f2239b9680068054580a,grp_fa0fe61e26ae55cb80cd,4,0,-3.6796788e-05,0.016068136,30,0.9555526
rec_f22da8ab872061109392,grp_be05952ea47a41482590,2,0,0.046873756,0.024944497,9,0.9816473
rec_f2312bb71c8ac9f6052c,grp_4c970a195e71ae34d6a0,1,0,0.10036551,0.09687093,57,0.9879168
rec_f23338769c814f2d0522,grp_1aca361c252167b4bfa7,4,0,0.059121534,0.04287043,51,0.9571152
rec_f234af2c7d261305ebee,grp_d3d480a710d3fe139396,3,0,-0.041815717,0.0054610483,23,0.96932364
rec_f2376624621835a49c03,grp_dd160bb899dda7e2473e,4,0,-0.04462918,0.0075753303,4,0.9773253
rec_f242061511288392a6ba,grp_27e72fb60014cf909900,2,0,-0.01801512,0.009791474,59,0.97730196
rec_f24557c2dbb66a67cbc7,grp_208b6dda89c68c2bc7d2,2,0,0.15804832,0.11534845,32,0.9672273
rec_f24ef05ea0863c82063a,grp_f2162f4f09c360c89485,3,0,0.028466653,0.0146405585,0,0.9555877
rec_f2585b62186ac8656bc2,grp_88c06c2498946d812c9e,3,0,0.16626787,0.09470489,52,0.9087624
rec_f265bca07ace4b0948f4,grp_68c4337e91fbb186a9b3,2,0,0.08414134,0.0422936,18,0.9287371
rec_f26770ef8e0de4662372,grp_735ebe5796e9072bd6d1,3,1,0.15881523,0.08603414,59,0.98649764
rec_f26ba6a053f5b0fb13c6,grp_955d21d14147451aa8c0,0,0,0.062118374,0.04871417,9,0.98392123
rec_f27635e477a94cb0350f,grp_444cb38bb9fccfc38406,3,0,-0.0067435456,0.008942991,1,0.9865229
rec_f27c26f819bfa9a59ae5,grp_da1e642594ca3bb7e147,4,0,0.043063395,0.032938093,20,0.9292638
rec_f2957de61b7b049a49aa,grp_7129dad3c3c2c09ed39e,4,0,-0.027983356,0.010037342,56,0.9543114
rec_f2a3d1bb087fe9adc75a,grp_8ad0717983f969dcfc81,4,1,0.14149891,0.15436247,36,0.98848987
rec_f2a54f335eb4a382a25d,grp_2779171504b7027bb852,1,0,0.10374781,0.10214353,44,0.9914571
rec_f2a6ba909bfa803558cb,grp_805dcb6abf9fa7e04c1f,4,0,-0.028582342,0.009936339,12,0.9543559
rec_f2a78b3cfb7089b158ff,grp_60abcf028194a303b37a,4,0,0.048580017,0.03607042,28,0.9726496
rec_f2ab2d0cbd8160b9465d,grp_7e38ed41fce11934e532,1,0,-0.01654243,0.01383275,49,0.9487612
rec_f2aff2047834d87d739a,grp_cbc3a520ce23ff3ca93f,3,0,0.1700923,0.09945196,3,0.95272726
rec_f2b3bf832d0cbbb985b8,grp_7dabc9a14f025c1ac30e,2,0,0.053472273,0.027406683,17,0.96808153
rec_f2be74b7e84f656196e9,grp_f22e096b21381929a08b,4,0,-0.06597161,0.0052762185,44,0.92093617
rec_f2c102d7bd33e4776780,grp_a6cc5a40c40777424cfd,0,0,0.097323135,0.08305721,1,0.98647064
rec_f2c96e73f5c43308f7dc,grp_cb1b75fe6f69b70f60df,2,0,0.09437506,0.04880015,19,0.99529517
rec_f2d04a2df81cdd7b5089,grp_0687a0b6cfc7df740be2,1,0,0.05331912,0.045168515,32,0.97455853
rec_f2d18c387b8bd49942f0,grp_54892d28bd47d45bbe68,4,0,-0.08483405,0.003830358,7,0.9625926
rec_f2dc6cba00825a7582dd,grp_65bcdf65ae65ac7386fd,2,0,0.042257085,0.023351373,61,0.94801617
rec_f2e7214aa848ddd12eea,grp_842de5d09b6109a3ac39,1,0,0.09848267,0.09404218,21,0.9950236
rec_f2f4808e329fb9e098a3,grp_a9b670eb28fb65828d3b,1,0,0.055490125,0.046826076,44,0.9476178
rec_f2f555d0102493437dc0,grp_6df23f08c0c50a439c86,2,0,-0.079937086,0.0039759674,2,0.997223
rec_f30193a0d789eaba0351,grp_ea1ad40eb614b2ce568f,3,0,0.15554096,0.08245692,5,0.9832016
rec_f313f45077145eae9e1d,grp_ac44f31fa2600e82de05,0,0,-0.115556106,0.0028709604,53,0.95953035
rec_f3143976f3b1dc1b5ad3,grp_4e1ad3eed7fa42929b02,1,0,0.09177389,0.084556565,60,0.9647158
rec_f32059c568b3b3e8801d,grp_c9099e709eb7fa93f3e7,1,0,0.01557376,0.023940843,59,0.9640772
rec_f32582b64d2c75aa8dfb,grp_8ef2ac46bf10440940ef,1,0,-0.06456417,0.0060453187,11,0.98638994
rec_f32ccc9944f6c232d7de,grp_8f5f129031f6b80b5a73,3,0,0.093670756,0.036064778,15,0.9970548
rec_f33a4a0d2ddbc65a43cd,grp_41d333a3eafbb7b26b06,1,0,0.036159396,0.03390404,32,0.984479
rec_f33a6cf5800070d820cc,grp_86ba2d2d91f58975e93e,1,0,0.037029263,0.03440334,38,0.96084166
rec_f33a9c6ed9bd05d1a861,grp_b50b9dd99aff0270718c,1,0,0.06255504,0.052629106,20,0.9931232
rec_f33e7cbd52b41d420149,grp_b59cd70bc280f887394a,3,0,-0.04958615,0.00489471,35,0.99194443
rec_f3495b15421abb4bd7bd,grp_176a0f3c723c8a42a39e,3,0,0.1119333,0.046218675,9,0.97640413
rec_f3556711fd3f4e34ad9e,grp_48f4b8edbea1fb853d33,0,0,0.033298,0.031106286,12,1.0035893
rec_f359ef215c52f54eb91b,grp_bfa7c7efb2c99aee9046,3,0,0.102706954,0.040787946,26,0.9702437
rec_f35ac5aff34e6980b3e7,grp_7326380fd9a5e775c537,0,0,-0.06846342,0.006136682,38,0.9683829
rec_f35b61cb26e291875033,grp_d220537398d40e6492fd,3,0,-0.0017623128,0.009590442,51,0.9546433
rec_f3619e80d79def2db0f2,grp_17c65736889167d3ec4c,3,0,0.06346299,0.02381008,44,0.9924369
rec_f37297631f0fc2fa458b,grp_cf6d12377ff7e291b373,2,0,-0.012463668,0.010612222,39,0.924682
rec_f37526c728db287a9a82,grp_dfc2bb3cc0476e876705,2,0,0.050496683,0.026268408,17,0.88454515
rec_f3789643bb902fa62459,grp_6f38fba07aacc41af81d,2,0,-0.002876115,0.012192933,34,0.98411846
rec_f384bed0b45a407ed4c9,grp_7d57543e36444ba4900e,0,0,0.030992743,0.030000228,8,0.93403757
rec_f38782e14b39819e97c5,grp_8a937b1d7222ff2268cb,2,0,0.051841024,0.026776861,31,0.95104706
rec_f390794529454f13a33a,grp_d1e1486b9eb015485ba8,1,0,-0.020272205,0.012974777,24,0.9460537
rec_f397f72f8679dee35db7,grp_3a9eb67b3bbdf86e994a,3,0,-0.036276676,0.005904093,35,0.98559594
rec_f39dfb80866b8fa59a5c,grp_648da43c97d94d2b6953,2,0,0.10458813,0.05623283,4,0.91943985
rec_f3a13c1d49ebf4bba79a,grp_9f368018dee83f32b4cb,1,0,0.0533819,0.045215655,37,0.97177285
rec_f3b187e5a14cf949c230,grp_ecc736fedd7e9b561726,0,0,-0.012157852,0.015140204,27,0.95362824
rec_f3b8eeea98af2035e800,grp_c7be098645fe8c9bc972,2,0,0.011318205,0.014968922,60,0.98101526
rec_f3bb9e61f310e7b18cdd,grp_2e2d496f5f88694c7d18,1,0,-0.042105105,0.008910272,11,0.95618254
rec_f3c6ad11a2d5747a72a8,grp_b73520201ae1652a44a7,0,0,-0.034562323,0.010580498,12,0.9906973
rec_f3d05fd323d05a07b1d9,grp_fe053b9d8bb8f5076f43,0,0,-0.011860667,0.0152121615,43,0.9564773
rec_f3d16973f7f7bcf334fb,grp_cc2d2604ee5b91180e7a,3,0,0.06447927,0.024146939,63,0.9969389
rec_f3e09ccb5c3be06ef9c8,grp_5f4f4f487ee127f0a199,0,0,-0.03227132,0.010976181,3,0.9311768
rec_f3e0e4519c33406795a2,grp_1f39ed923c9f3babe2d5,2,0,0.05688282,0.028770352,59,0.9775499
rec_f3eb3f105a6c3f443e04,grp_7627c9401e5139ef9091,3,0,0.1423144,0.06934757,12,0.9294168
rec_f3ebabe25bae50ba4d73,grp_26ca40914fa511c8d81b,0,0,0.13054964,0.13432652,14,0.98246866
rec_f3f4a60efc68346907b6,grp_ebaa9e3de3e3bae05810,2,0,0.044689808,0.024178073,33,0.9732445
rec_f403832424f496db28a7,grp_dc104573d97380e62eaa,3,1,0.1827069,0.1166375,59,0.98387355
rec_f4064c1fa7f3674bc6e5,grp_4c210ce380028acc9c9a,1,0,0.15427315,0.21510132,42,0.96711844
rec_f40789af111a2697189b,grp_d9937c4b55c88de7d409,1,0,0.005718779,0.02024445,43,0.99726623
rec_f40cb61ac43f95e7a629,grp_234bb07d086fe3656fd0,1,0,0.03517977,0.03335011,39,0.96839565
rec_f411633a653c27fbb696,grp_7e8a7c674024c311e13b,0,0,0.05063952,0.040784784,33,0.9959482
rec_f4165e88b790015acfb4,grp_6994f1732e5b76574ea9,0,0,-0.054340888,0.0077021355,61,0.9522938
rec_f41a12d564a430a87545,grp_4e1979ba0d20e6c0324b,2,0,0.12048269,0.06994477,32,0.9616866
rec_f41b697658ea476ea572,grp_c75299975e5dbea799b2,4,0,0.016916005,0.02134036,59,0.9593028
rec_f41ccf876e1af1e7f865,grp_d385422fd51b32aa9905,2,0,-0.07482844,0.004283611,19,0.984477
rec_f422d0fad9f286a5b9b7,grp_67d2551e9e37bf52b356,1,0,0.03083379,0.030996341,53,0.9883105
rec_f428e9c087012b054500,grp_2e8bf56000376aad165a,4,0,-0.10169356,0.0028759185,42,0.9900879
rec_f43589d6a3b2460c327b,grp_244a4e0d57bc3ada6803,1,0,0.07070449,0.06016498,62,0.99776554
rec_f4413bc5d9d1619d15f7,grp_06e914c32338378d8b08,0,0,0.06778918,0.053152353,56,0.9723603
rec_f446c761e1f937060728,grp_3c005c779a16487c66ea,1,0,0.107573576,0.108412564,23,0.9726139
rec_f45b6f4e189915428dbe,grp_8827b867f3e9430c3296,1,0,0.028894084,0.029998457,49,0.9213869
rec_f46e38472f99b353f89f,grp_35f5c39eef20e255203b,3,0,0.15491456,0.08178818,42,0.9807352
rec_f471b035feda5dd2596d,grp_3a46f0239101cced4765,4,0,0.07621782,0.056562994,20,0.92848206
rec_f472a3c42380bc83a544,grp_0171dfa573c2c78bc1d3,1,0,-0.020383105,0.012950086,6,1.0037383
rec_f47959ad1d8168e85460,grp_02c0c5bdd3ca1f577725,0,0,-0.069938175,0.0059926733,16,0.980844
rec_f47adecbcccfbc137598,grp_2caa4d0c3b06ac76379f,2,0,0.014485802,0.015668737,47,0.9988548
rec_f47b273faf4c0a5aa8e3,grp_9c7a9924a3daab59fbae,2,0,-0.06359581,0.0050459094,13,0.9722865
rec_f47f63fcf9b679898c08,grp_3d82ddb73c41cef90d1a,2,0,0.048974432,0.025704008,13,0.95693064
rec_f47fb0b57979dd811e3b,grp_8239dd0671219c44aff6,4,0,0.04536873,0.034213766,27,0.9702074
rec_f486a4b4b171348506c4,grp_932aac01c966ecb271c5,0,1,0.07123744,0.056034982,44,0.99943
rec_f492fa5e59abfba3fa88,grp_9582badd770d18a6ab08,0,0,0.09692534,0.08256772,42,0.9685282
rec_f49853a108df1521421c,grp_6b122abc30ef6457e1a8,0,0,-0.029683266,0.011440789,29,0.94349563
rec_f49a6c2ad8885730eec4,grp_a6f2ebc768cc6d779776,1,0,0.044575095,0.039042164,6,0.99894756
rec_f49aec5b31d006ee6a31,grp_aff5f369eb2532d7ad66,4,0,0.1598467,0.1997495,56,0.9559634
rec_f4a707b11a4d8df84868,grp_65eeffdea5db77173835,2,0,0.20675905,0.21020856,21,0.9602481
rec_f4a8dad570f026f6d9f6,grp_618bca0e154d6a1e9ed1,4,0,-0.13898033,0.0015246884,3,0.9440604
rec_f4ae5111e0784becbbbc,grp_7d470be40f1c8599561f,1,0,0.08578378,0.07682981,23,0.9770863
rec_f4b4c179a9bb2505377d,grp_501a5afed89ea51dda05,3,0,0.16572449,0.0940471,30,0.9596079
rec_f4b4df7f8c6913356adb,grp_a2d3ea8ff5ef9d05c9ed,4,0,0.12750167,0.12570125,56,0.9823565
rec_f4c0e70791056c6bc5c8,grp_1c948280283b58fc20b6,1,0,0.051052716,0.043497827,21,0.97810656
rec_f4cedbc085bad3aeea66,grp_02a6629763ec33cefd4f,0,0,0.024217512,0.02696574,60,0.95069826
rec_f4db996eef655c666129,grp_672cf734c4bca2f6b135,4,0,0.021242127,0.022936983,13,0.97630686
rec_f4de79e96bd9b0d3658a,grp_5b66d5cd70e4ea1af58d,2,0,0.12591442,0.07530147,23,0.9779834
rec_f4eb2f30073701309a61,grp_3b8294c8eb85987b3aab,2,0,-0.056569923,0.0055898586,8,0.9857654
rec_f4f5915e35bdae3034b6,grp_76ed9498a47f22f9c730,2,0,-0.13208897,0.001855988,59,0.9643219
rec_f4fe5f1019aab98d7faf,grp_d89e6c849e5bb856a307,4,0,0.07994535,0.06005274,35,0.9843978
rec_f50c0a251035cc19dba6,grp_929413cfc9373a49eca8,3,0,0.15251143,0.07926822,50,0.9603465
rec_f51209f23b4a47c640aa,grp_373dd258512c4be53b5b,1,0,0.10511127,0.10434004,40,0.9946513
rec_f529e36992b85363f44d,grp_c52a7da61342d0a313c7,0,0,0.040843382,0.03500922,33,0.97967917
rec_f52cd518779774a01dc6,grp_93bbf12d24a16acf51a0,1,0,0.025705852,0.028425543,3,0.97938055
rec_f52fa029ef598144e5cc,grp_19b0f6b949719ea5eeb0,2,0,0.26057673,0.36928406,39,0.94726044
rec_f5344ead426f22e4591d,grp_5e9905bf5ff5cacd6165,4,1,0.071669444,0.052562978,36,1.002734
rec_f53e1517d6889ea34248,grp_4a474b3e5c9ac465b93f,2,0,0.08164748,0.040838346,10,0.9828621
rec_f545ddcc3421fdef41df,grp_90fa2cac7ba59d7b0626,3,0,0.1889464,0.12605563,62,0.9704753
rec_f5490b7252ad8e61e397,grp_0866b938fd90e4cbf265,0,0,0.041542318,0.03539377,9,0.9940784
rec_f54cbeb658202bcf7a93,grp_e3ce3e7050adb4fe9f77,0,0,0.11111922,0.10174228,53,0.9358641
rec_f55333edfd789c24fe7a,grp_0ba9be93aac4e3f6d4b7,1,0,0.0057640923,0.020260094,3,0.9574446
rec_f554bedd504ea9dda7b5,grp_60f49110351bc55eb18c,3,1,0.20685929,0.15675303,59,0.9781852
rec_f556932642edb74ad68a,grp_d8ad3bd3092cdaa461ec,2,0,0.03950169,0.022448326,9,0.99791944
rec_f55854c2f2fab0b2f550,grp_a0a48d874d5e01733b5d,3,0,0.10400322,0.041512333,60,0.9862671
rec_f559dd2e114f9dcf3c2b,grp_dbca8423ff5d43a89ef4,3,1,0.17241007,0.1024309,59,0.98629993
rec_f55b517e621da686ebb2,grp_9d778b3de3ebea48b7ac,1,0,0.062123872,0.052256275,60,0.9790765
rec_f56b14b5064345fcd5b9,grp_bb54006e2e1fb20ce65d,3,0,-0.05127972,0.0047792555,26,0.9903071
rec_f56dd05a9d6ef8ac8d6e,grp_b8ac79d51cff8649acd6,3,0,-0.14658359,0.0012436084,44,1.0106034
rec_f56ea6632a6f7e1e7295,grp_5ef76e0987042a5fa7be,2,0,0.08269922,0.04144613,21,0.9729158
rec_f5732b085e2d4de6a854,grp_5eee4651e3307d573780,1,0,0.083899096,0.07453577,6,0.9952509
rec_f57a459cdd1d1eb9e98d,grp_c4449760907e679ca811,0,0,-0.014633228,0.014553726,32,0.95702827
rec_f57f210e3131f54ffabc,grp_a1316a02e374d43c3ea8,4,0,-0.014306424,0.012640967,20,0.9249375
rec_f5857820b4e6eb6855d9,grp_95f3dfed18a42a3ecb64,3,0,-0.059302904,0.004268078,37,1.0077467
rec_f58e190e7e92e6e91717,grp_0b7e07c29b9032c1df4a,3,0,-0.051602535,0.004757559,35,0.9932564
rec_f58ebce9a093458358b8,grp_1db2f70b89bd517d0582,3,0,0.264928,0.29730895,15,0.96010196
rec_f58f2a82d6173be6289e,grp_307e0090fd9bc4a76940,3,0,0.09375907,0.03610828,3,0.9837735
rec_f591626e6b12abfb9d7a,grp_7992a22de270071fa47b,1,0,0.12911576,0.15030558,21,0.9852049
rec_f599a6bc82ffb5de6599,grp_a245d8a48bc8666fa2fe,2,0,0.10456697,0.056216378,32,0.97241056
rec_f59bd146438300e68ee5,grp_2225bd9332ae0aa62526,4,0,0.066593096,0.048414644,49,0.9830071
rec_f59f191bba2e271a3ab3,grp_6e08b849b57762f0f76e,0,0,-0.06190457,0.006819948,62,1.0019515
rec_f5a21692403c1d69ce7f,grp_bd972d8ecb1c394aa63d,4,0,0.04443353,0.03369062,49,0.9239293
rec_f5a97fe2bfd0bb995a8b,grp_a34bdc30eed56e9755ff,1,0,0.026735935,0.028924773,38,0.9371915
rec_f5bd0713b5f9df2c65a7,grp_a1cfe6acffb50528db98,3,0,0.07754356,0.02891309,2,0.986226
rec_f5bdf26b77e219d53c49,grp_b8a57eddf8ae295ca49f,0,0,0.090187065,0.07466652,8,0.94531894
rec_f5cd92b896f8505387d5,grp_14c3d23c865a8bcc17eb,3,0,0.111395694,0.045884185,36,0.9751376
rec_f5ce3922c77d102861e4,grp_a4236241b13c83e4e77b,3,0,0.09472306,0.036586497,8,0.9883171
rec_f5ceae6ea434f1763862,grp_901574f4a4dd1e1f9480,4,0,0.19016486,0.2950929,37,0.97723776
rec_f5cf7363de78fe914e12,grp_cc36ef6c19fe8932dc25,0,0,0.09294269,0.07781009,15,0.9123177
rec_f5d711cf20563d55c9b6,grp_55d654a49c02ecfc3a1d,1,0,-0.061019562,0.0064274543,38,0.9359601
rec_f5e7ac128bad39d1e31b,grp_1aa7f69d4d4c076afb55,4,0,-0.029142901,0.0098427255,53,1.0036377
rec_f5ee74ccf233e0004d71,grp_b007dfb9c2898315198e,1,1,0.14998434,0.20276941,46,0.98808867
rec_f5f05e1a67f18594c3a3,grp_dd13a5c19e930c03b5a4,1,0,0.07940376,0.06931633,9,0.98730695
rec_f5f9c99943c3a7c89789,grp_6c13197c44ffb77a7b71,3,0,-0.0070072887,0.0089099435,15,0.97484756
rec_f602714b000e01a2f3c2,grp_b9f3f20e2b5b05dba76d,2,0,0.17347018,0.14047866,8,0.96361166
rec_f614dac166f816dec7af,grp_ce9acde2369097613859,3,0,0.11191146,0.04620506,30,0.9498955
rec_f61a80059e772b5c45f3,grp_eef60c32b2856d98123d,1,0,-0.009077684,0.015721275,35,0.9602245
rec_f61e29c650c7d7cbeb99,grp_6174c8a9edd4549160aa,3,0,0.11981515,0.051396653,9,0.9789299
rec_f61f59765a44a37057d3,grp_c85cf49f14d2d6e86af5,0,0,-0.100669764,0.003651097,13,0.98425996
rec_f620dbcbbc7b031b97a2,grp_1d7ba1eb93214d176cc5,0,0,0.017081127,0.024092576,20,0.994821
rec_f62dc655a8d28498c114,grp_78aa1837f6188995bbda,3,0,0.14032106,0.067547515,0,0.966141
rec_f63705e53d745d0a70e4,grp_e4904546b8a23be561a3,1,0,0.00095144473,0.018662903,28,0.9527866
rec_f63bdb2dfe1636f7750d,grp_3b256837ef8898daf1c1,3,0,0.08305555,0.031187499,58,0.994254
rec_f64a9d6673e63a7f49f4,grp_36547ac46eedad4b3c74,0,0,0.101322666,0.088127024,10,0.9887921
rec_f64cea035aaff30d1742,grp_db2c8efc39decebc02fc,0,0,-0.05100507,0.008126345,61,0.93624914
rec_f64d2e638febb61df72c,grp_cc322890da7e63c21808,4,0,-0.12120971,0.0020633552,55,0.959012
rec_f6515a3f87929a0446af,grp_71433a7609e687ee7e78,0,0,0.08028892,0.06431562,6,0.95306104
rec_f655b0d480ccbd21adf8,grp_a0685dbf2153d1aff399,2,0,0.09308371,0.047929503,12,0.98899394
rec_f65809414b7aa8ce7ea8,grp_c35b6ed4260f118bb51b,3,0,0.027087541,0.014361431,47,0.98913634
rec_f6586d6cf1cd1e9c83bb,grp_2264332bb62aff7b5796,2,0,0.0887944,0.04514231,32,0.9879394
rec_f65def62e944381d74d2,grp_bb1dd2bcecebaf23b4cf,1,0,0.056191616,0.047373917,61,0.98822916
rec_f65f5f4b3d0488d66379,grp_a6db5c6457f611d87371,2,0,-0.045134027,0.0066025793,46,0.96036685
rec_f66e5574e35db325dfa2,grp_d091347b9bac3ffa9324,4,0,-0.10865104,0.0025549487,2,0.95451534
rec_f670f566e1bec080abf5,grp_609e7ed7cf4074bbd095,0,0,-0.114502676,0.0029202322,27,0.9950097
rec_f6784efa6817143a7399,grp_9d0b0fb01b55770b9bdb,3,0,0.06952505,0.025889436,35,1.003896
rec_f680cf8faa5ecd3382f0,grp_4c52a95bcbf2b5dc1892,2,0,0.0050294967,0.013669546,20,0.9823581
rec_f68100b51533f1298890,grp_0ff0cbe0e4b5e0f910ba,1,0,0.081143074,0.07129445,17,0.95110005
rec_f6aeb986b5f4d190656f,grp_9651f8c1b953fa288e5a,3,0,-0.12593193,0.0016654403,4,0.9858187
rec_f6b57c3d8db488b4b0cf,grp_f38f38f9d24ae83ef7ab,4,0,0.10067614,0.08339938,26,0.97876924
rec_f6b5ea7c92067aa2f37d,grp_83010bf63379370e31d9,4,0,-0.09769902,0.0030780537,2,0.939655
rec_f6bda2db7be6575f59d4,grp_a1c9e38ad464ae4d6f62,4,0,-0.05830562,0.006008763,11,0.98353237
rec_f6c94cf79836d0b22789,grp_1fc75a9e2cbaf75d50b5,0,0,-0.05339828,0.007819728,53,0.95684904
rec_f6cb12008b144a6534f1,grp_e86af281ae7ced620413,0,0,0.016889015,0.02401951,50,0.9942255
rec_f6cf934c8e36cbfe040e,grp_6a03511295105db04632,0,0,-0.088543676,0.004440126,39,0.9891958
rec_f6d415b2ad9b589cf9b5,grp_f8cffbeb41a3860a8309,0,0,0.06462655,0.05063206,16,0.9201909
rec_f7057dc588a45d2de40f,grp_2047ef1b34384100dfb7,0,0,0.010306142,0.021642394,15,0.94817096
rec_f70d32225445a9049d7d,grp_cf614d04629dc4c2e8f5,3,0,-0.13670719,0.0014300545,48,1.0032345
rec_f70ff70a3e01a969df18,grp_884bc721b58b176c6fa5,2,0,0.06368362,0.031688742,7,0.97959274
rec_f71878d4ecdec9a91bcd,grp_cb4ef3dc9ec7c3f16e65,3,0,0.1355135,0.06338307,52,0.94108194
rec_f71e50ed3446b82f3a5f,grp_f0299c06c6044486c128,1,0,0.0003022416,0.01845713,38,0.93994445
rec_f71f69943a480adef460,grp_6489cd9c03f9049d081c,4,0,-0.05997061,0.005841514,59,0.9280797
rec_f72583ae339e290e3a2d,grp_225732ded5ba58c15cd6,4,0,0.07340148,0.054053698,0,0.9541404
rec_f728ab853abdea4bbc92,grp_a302286caeb0e763543a,1,0,-0.042244155,0.008888931,32,0.9572174
rec_f7331c50917a0d852945,grp_ec2b9c5385899818a9e3,3,0,0.094269134,0.036360558,12,0.9538367
rec_f733978daa0a9722f0da,grp_9fe9299c4581ee67a23a,1,0,0.15004507,0.20294029,47,0.9767215
rec_f74afad0a4c570935a7e,grp_4d55489c098423574814,3,0,0.13993382,0.06720289,52,0.9328671
rec_f74f2d33a399824c0421,grp_8fb20abeb846beee6f53,3,0,0.10883433,0.044321913,0,0.9494455
rec_f759aa1fa60c377b9cfb,grp_733420019ef9fc96c702,2,0,0.060141083,0.03013449,58,0.9545431
rec_f75e77ef60ac3d0c3f03,grp_aa7a667c1283ebba6323,2,0,-0.115377896,0.0023695605,7,0.9861778
rec_f7640a2d4d29c89c490a,grp_e59dbc97726168475a33,3,0,-0.03821262,0.0057453252,58,0.9953539
rec_f770265238f5d7cb6478,grp_036214c9b76149ba8614,2,0,-0.00678237,0.0115226135,62,1.0012078
rec_f7727ce4ab8e465081aa,grp_0cf598f53a59043ff3d0,1,0,0.017743133,0.024838986,17,0.9561795
rec_f77ebc99047f4fb12d42,grp_136044cb3284c3980eb3,0,0,0.08005217,0.06408519,10,0.9441268
rec_f7824a36904956cf7c2e,grp_6bb598bb1509fc22b38f,0,0,0.037294127,0.033117782,14,1.0044634
rec_f786b6c19f2daf78d537,grp_bd1ade950004814c74f0,1,0,-0.08315654,0.0043816813,31,0.9848334
rec_f788b717f3ec2c918698,grp_14fbf6cc1ebaadd6de6f,1,0,-0.006084618,0.01654786,26,0.95176536
rec_f788d180b531d0ec001b,grp_94684e65233c7b818215,0,0,-0.021725712,0.012994516,15,0.95249987
rec_f78f050d5e3afff057ef,grp_34b4e38cd10e60ae9f4c,0,0,0.09706355,0.082737505,10,0.98877364
rec_f79927410a9da6ee5e7e,grp_4cb789cb73b3dc04b1d9,1,0,0.04880202,0.041897193,9,0.9951347
rec_f79a76b49c71f60a0c16,grp_bded7620020eb470d019,1,0,-0.02672399,0.0116129285,31,0.98046464
rec_f7a2217cf10e7b85c071,grp_6c5799433c72813ecaf7,0,1,0.10131707,0.08811972,44,0.9987669
rec_f7a3af60249eb1f814fa,grp_337443dd50dc6b3d1ee7,4,0,-0.07589696,0.004458231,47,0.98495895
rec_f7a5e5e372b54e5d0af7,grp_a4cf8cd7aa0254654041,2,0,-0.034926668,0.00765933,34,0.9828594
rec_f7ae85edd11f47d51fc3,grp_7ad17ecb918add1c3a92,1,0,0.011603885,0.02237862,26,0.9724726
rec_f7b3c974c97fc73eb467,grp_e7d106203401761d39f0,3,0,0.23344003,0.21313712,30,0.9448652
rec_f7b8bda1c853b29fd3e6,grp_4f71ba569ce2041d95c9,2,0,-0.010288791,0.010952013,32,0.99732804
rec_f7cd1767e0bb2c768f99,grp_0bc401eeccea3c277a24,0,0,-0.056427773,0.007447999,42,0.9978287
rec_f7d7d668555291776b64,grp_d645865f67df7815139b,0,1,0.085999906,0.07011294,44,0.99846834
rec_f7e50166ddeeaca6c342,grp_4d7248638689a89b6f54,4,0,-0.02462727,0.0106223505,19,0.95320606
rec_f7e7ee36f9083c4bcc00,grp_939904b0b0cc049df4ef,2,0,0.08377791,0.042078484,53,0.978123
rec_f7ea73356df9c36effee,grp_37481e4526bad93ecc42,2,0,-0.017497325,0.009865294,13,0.9957199
rec_f7eed3ef1dab0c49e39c,grp_38c8cde9a505d23e52dd,3,0,0.061733425,0.0232473,55,0.97474325
rec_f7f5c8b360a1bcfb04ec,grp_6ca902cd64be3eec6fcc,2,0,0.026812917,0.018711763,19,0.9863052
rec_f7f8fa35610b2183180d,grp_36c28fc48cf3a40a1a5e,4,0,0.18818979,0.28813457,4,0.95104396
rec_f8092444bb66c3ef878c,grp_a7ddd78515d251ee36bc,3,0,-0.02716277,0.0067121238,56,0.9142277
rec_f80926ab6a1a7eef69ba,grp_6be5e15e1fad07fce45e,0,0,0.06765653,0.0530443,1,0.9623565
rec_f809c26dd90c4af8e51e,grp_9588a5177fb56988eee8,4,0,0.007157958,0.018127881,13,0.9940126
rec_f809f363578be021fa76,grp_9d6b4c978346ce5d998e,2,0,0.023264447,0.01778079,43,1.0037628
rec_f809fd16130badf2eb37,grp_176e4fca0f318fe9756d,2,0,0.10578136,0.057167724,9,0.97798437
rec_f80a4574e2629c069114,grp_8865335b83b283e3477b,2,0,-0.04051653,0.007061381,7,0.9949099
rec_f812e1f434c7a82b3271,grp_72716b30e1973d67f5a7,1,0,0.032790054,0.032035258,32,0.9509216
rec_f8219d2161750bc2c08f,grp_d2b4b44068d66153d392,0,0,0.026955228,0.028154215,61,0.93751097
rec_f829b287dfb1a0234bd8,grp_48c9bf274a70ec7f6f43,1,0,0.0992231,0.09514564,63,0.94963604
rec_f829fb31d31f557eae5d,grp_984a2a98830e1e2051f2,0,0,0.0057157185,0.020122524,17,0.9511368
rec_f82e28d19bac5200cabc,grp_38a26dedf5b0c1855833,1,0,0.040299453,0.036344595,18,0.9730976
rec_f83121cda6d3f8e25a10,grp_47389499606b444c5164,4,0,0.04490153,0.033951443,26,0.9724576
rec_f83e7a8c80e97aae0fcd,grp_81a55a849564ab51f692,3,0,0.03587615,0.016234195,9,0.96941084
rec_f851189ee4f9bfe81b9f,grp_8e930381035baa66e8b2,3,0,0.03975509,0.017135317,24,0.96656245
rec_f85216f0924905b08efd,grp_b6c9351731c78464a270,0,0,-0.04561708,0.008860985,32,0.95936245
rec_f853cb379d1d22c0cc65,grp_52cb8b0bff4cbb8ed79a,3,0,-0.03921278,0.0056649717,3,0.99701947
rec_f85ee8d12bfe990a8f03,grp_838703a4b1229bf4a882,1,0,0.031881813,0.031548798,48,0.99091184
rec_f864a24cd23ad0e51dc8,grp_71f446a2613974210a0e,0,0,-0.06580285,0.006405238,53,0.9707189
rec_f8717631e0983e89dc47,grp_d81a23b193982b8c96f6,3,0,0.112249084,0.046416245,31,0.96670896
rec_f871d19d193e28d282eb,grp_1e54c47e2187ad90f34b,1,0,0.07958003,0.069514476,20,0.99858665
rec_f88670431151b6c20120,grp_4c1148e407ac0bbe591b,3,0,0.18798234,0.12455907,12,0.94051206
rec_f887bb445fcca0d529e8,grp_ed3843f8f0bde212e3ba,4,0,0.014495153,0.020494886,50,0.9670114
rec_f89b18f4abfbca14a4b8,grp_83965ebf3cc75806e957,0,0,0.09970802,0.08604749,7,0.9892218
rec_f89d553b72c37ac0b34e,grp_659a624b58efcb33c863,2,0,-0.015676355,0.010129293,14,0.9921221
rec_f8b679d5b691a8c5f47d,grp_1cfb9c801b11204d3c57,0,0,-0.031870015,0.011046981,10,0.97223043
rec_f8b98c6b68f594117750,grp_c1240091015fd0425b41,1,0,0.08308047,0.07355911,9,0.9877812
rec_f8be17af17e779ac569a,grp_d0e8086567f05ce49798,0,0,0.0064405394,0.020355366,15,0.92096764
rec_f8c1a14627715466a452,grp_418e1531f7e13488edb2,0,0,0.052349273,0.041882288,23,0.969267
rec_f8d6967a53f7371dfbac,grp_62f56d1c7ea32afb07d8,4,0,0.04564015,0.03436706,27,0.96992236
rec_f8d97908a5f768e5dcb2,grp_d066a2f0d14f5c6cc375,4,0,0.058278646,0.042284418,13,0.9924292
rec_f8df15e36bb9cf976a5a,grp_a7af62e4700d83aa2221,1,0,0.10216395,0.09964355,59,0.9877663
rec_f8e54f9c4d58631ca6fd,grp_1879d129c97113f5dbe5,1,0,0.0475746,0.041048177,4,0.9773552
rec_f8e59f770796bc71e7ed,grp_70936e16f1a6da4fb9b5,0,0,-0.11238056,0.0030220642,16,0.97975427
rec_f8f486b00799ee03d748,grp_3c045175fd470846bff8,3,0,0.1013993,0.040069472,9,0.9433134
rec_f8fb817507e4f454b943,grp_741f4fa661c7c5670eb7,2,0,0.041184407,0.022995677,20,0.97006536
rec_f8fbc08cf977a5d37a92,grp_30c9ee1c431a4f52cd3c,3,0,0.012585195,0.011726085,24,0.90536404
rec_f911016b56d97ef79558,grp_c53109fda014edea3987,2,0,-0.047641996,0.006365923,38,0.97648406
rec_f9272ada929aadeaa265,grp_11b130636ab4418ce9d4,0,0,0.05355019,0.04266998,9,0.9794298
rec_f933ad60fc3caa26fe5e,grp_e69bd6bcd756d8285312,3,0,-0.02159392,0.0072589694,47,0.9902928
rec_f9371d738b128e638d95,grp_2c6deb10e09a4546fc42,3,0,0.0674237,0.025149364,0,0.99737495
rec_f93ab5576a6b88d3f37d,grp_fbacbb08003fe06b42fc,3,0,-0.07207248,0.0035644562,62,0.97228557
rec_f93ab61351775bb3b4a4,grp_38cd4c84130334583eff,2,0,0.10295094,0.054973483,50,0.96696
rec_f93af71e82f72372a4ed,grp_7a3318045e26e615c0b6,4,0,0.098413736,0.080496736,34,0.97816294
rec_f93f19c7531058fb741d,grp_b53e0cf57fc7209e3086,2,0,-0.110712096,0.0025367567,22,0.9910871
rec_f9526af8e8852501c7c1,grp_d2f01c1b2224e5ffa9c9,0,1,0.13034739,0.13394596,44,0.99146914
rec_f953a098f7280a2d55ce,grp_233e35acb3165252d7b4,4,0,-0.029810961,0.009732299,50,0.9893534
rec_f95a13ea79de82ac1f44,grp_7bf982767d7e4b3eb6a4,2,0,-0.11952158,0.0022303148,48,0.9963148
rec_f95ef7d785ec1fa8f2b6,grp_2e64820c74d202e22ad2,2,0,0.08983495,0.04580393,12,0.99413407
rec_f96bc76236c033f5135a,grp_3a31514615b517eba6af,1,0,-0.022691611,0.012446536,62,0.92250836
rec_f997c006113e4e5cb6e2,grp_2988c57b81e445b3c1a7,1,0,0.03932325,0.035754316,57,0.97877043
rec_f998827d47857e2f2eb2,grp_180d91c8c1be65a55c18,4,0,-0.08546008,0.0037898314,16,0.9437549
rec_f99cd92131305e11795f,grp_7ea378dad82737284a0e,3,0,0.034760833,0.01598383,23,0.98378664
rec_f9b0f622d8b5a5178b02,grp_ef0bc37f6510bb7ea6a2,1,0,-0.08142485,0.00451512,11,0.9734047
rec_f9b48c9d4b843c723a26,grp_55448016cd0419593ff5,4,0,-0.050105657,0.006904476,20,0.9807791
rec_f9b4fa216e86cb816afd,grp_ac579789ec4ddd84281c,3,0,-0.0035084747,0.009358357,63,0.98493356
rec_f9bf0180256ac6edf4e1,grp_c998eb97bd4329c532d9,1,0,0.090869,0.08334568,48,0.994589
rec_f9c26ab9e12b503582a4,grp_5a69a9cf63eda6a50f50,3,0,0.06290395,0.023626734,55,0.9617042
rec_f9d36ac11458ad40458c,grp_a844108495b91b0b237f,4,0,0.03980904,0.031215223,34,0.999342
rec_f9db84cb070abc186137,grp_1544081e90ae2b597c7e,0,0,-0.1034505,0.0034908308,43,0.97625154
rec_f9f3f9287802e2ae4590,grp_d69ad769723261f3d3d7,2,0,0.047101248,0.025025683,18,0.95110214
rec_f9fa72a79d35353b42cb,grp_da23b31b4193bc06ab2b,2,0,-0.120700866,0.0021922,59,0.97095275
rec_fa0bf95e321a118a5e25,grp_9c3880f8b665aaba9588,2,0,0.108162925,0.059077475,7,0.97654045
rec_fa14009b82b3d063297b,grp_e384fc1ec9b649e7753e,3,0,0.1416643,0.06875568,3,0.9296827
rec_fa1611fb899bf911d628,grp_ecee06f4b0e5a4c4d8be,0,0,0.06442163,0.050472725,3,0.9888084
rec_fa1d788081a483028908,grp_c681f673454643170232,2,0,0.124144025,0.07351538,19,0.99201846
rec_fa2234d7bc7cc1bb7223,grp_d7b353c19e00ac355d5a,1,1,0.12280645,0.13681565,46,0.9929934
rec_fa2416595d4c4cf6142e,grp_b2896e1107c85e6a7799,3,0,0.026465267,0.014237208,32,1.0017633
rec_fa308676f05d06a3933f,grp_55c5cb463b452976b626,0,0,0.026053995,0.027757468,17,0.959207
rec_fa3093cc3546d0caec1d,grp_5d3a139e014f83c60492,2,0,0.021815538,0.017413873,21,0.9892998
rec_fa41fe9c2aa3bdfc1c47,grp_34bab72e3eb794cfee05,4,0,0.010188768,0.019071236,30,0.9715745
rec_fa486e6c87e500e3d267,grp_3524d4397bb73d4a9f1d,3,0,0.05300817,0.02060053,49,0.9576772
rec_fa496bcad3ed48659daa,grp_954403faf4f06fe4ce9d,0,0,-0.0524227,0.00794331,50,0.98900443
rec_fa52ca7f6fcad44254e9,grp_ab5402979c19d0b96387,1,0,0.09578471,0.09011792,9,0.9872678
rec_fa580a5a8cc286aa25cf,grp_c4ae67ae6fba5bc4c490,4,0,-0.04026433,0.008156013,8,0.9161966
rec_fa5c9c5634017a049d44,grp_332eeb6e4be1e952e7cf,0,0,0.070311084,0.055246457,27,0.9274078
rec_fa62aaad2c96660a8bbf,grp_277bf73af03fb9e23092,0,0,-0.03731684,0.010123405,10,0.9833326
rec_fa694eca8415e39708cf,grp_59b7bb31731873c200fc,2,0,-0.03504831,0.0076457975,48,0.9928991
rec_fa6e331aa65fbb38f95e,grp_f7ceb32bfa80fc46584d,3,0,0.13210261,0.06057493,60,0.9726797
rec_fa7d1f78685cd5f52ef9,grp_afecee146907cf0a0916,1,1,0.1733559,0.27640018,46,0.9849891
rec_fa831712fae409f0b9b0,grp_54ae8f858fc416778eef,0,0,0.015703266,0.023573278,32,0.96160865
rec_fa8a1e164d32bc70da57,grp_21dd5d2b0c025723d21a,0,0,-0.012805028,0.014984658,38,0.9626483
rec_fa8b7f63a9e2a7f759d4,grp_1cb02f3ed7716907fd47,1,0,-0.05470975,0.0071680197,40,0.9884538
rec_fa8ce69acdcc67e49487,grp_0553ed581c4fda2e5f55,2,0,0.09000859,0.04591523,17,0.94554347
rec_fa9033db53e1d749fe0a,grp_36afdd5f36fddd931db9,2,0,0.035504587,0.0211987,48,1.0056443
rec_fa927b8b47c39177e979,grp_061fbbfd8d95a84575c5,1,0,0.0093653295,0.021542087,5,0.9782772
rec_fa9add0e09b7aaa8a011,grp_7a765ef09fd12f2b2a1b,4,0,-0.090977,0.003450674,2,0.95970297
rec_fa9d98cfe3a8cca4ca6a,grp_58df7751d8233e028a4e,1,0,-0.030233318,0.010932521,3,0.97792774
rec_fa9f55ba0e4b53c9234e,grp_9e94f554227409e72f8c,1,0,0.06523484,0.05500318,20,0.9757487
rec_faa45061929ba3343859,grp_a45a8cac72231e725577,4,0,0.0334727,0.028107608,57,0.96619993
rec_faace4191ac231ac7eb0,grp_307411786f1117930249,0,0,-0.011591267,0.015277676,12,0.9935859
rec_fab814be432f6af076f6,grp_cfb23de44c3c2757993b,3,0,0.23676825,0.22114956,31,0.93845636
rec_faba72d7798e64914d77,grp_6fbb92e5eb7496006114,2,0,0.086151995,0.043502852,36,0.98827416
rec_fabc573f13e34d6a295e,grp_4e172e6596ad2be4a5e6,3,0,0.03567106,0.016187867,44,0.9665069
rec_fac05c0e4bf1e757482b,grp_202dc180b035ef23be2f,3,0,0.019497693,0.0129166115,15,0.9984559
rec_fac4098e403d0be967c9,grp_d830932c743ce2f59454,2,0,0.032767773,0.020382592,14,0.98709667
rec_facf91c184ee4e4d1ff8,grp_cbac7451a38e4cea694a,0,0,0.040143855,0.03462837,43,0.9599008
rec_fad588b40e6dde1fbae4,grp_5a90b1559882626dd9e5,2,0,-0.026792116,0.008620294,17,0.9847457
rec_fad6b89124f41d36be3a,grp_06b64d9ca4548c7ac7e5,4,0,-0.008753615,0.013879217,1,0.98643386
rec_fadfeb3c2eb12678223a,grp_f595212df20711c1fad9,4,0,0.09914707,0.081427336,26,0.9711911
rec_fae35239d827953bfc6c,grp_738401a680422e605300,4,0,0.11612209,0.1058741,30,0.9177068
rec_faebc997ad46bd3412ee,grp_072e83365d3b2e19d691,4,0,0.036535285,0.029570218,57,0.9741456
rec_faeecca7fc05f96c80dc,grp_24945c82a3065967402e,3,0,0.012686739,0.011742762,37,0.9995819
rec_faf6498ca89d733555b6,grp_572fa546ea049eb53205,0,0,0.015308885,0.023426663,4,0.9741529
rec_fafb9ade3f6e262f933e,grp_cf1f1f02b710ab1d5a2b,3,0,0.061586082,0.023199962,36,0.9485573
rec_fafce9a1a2a27de5d345,grp_ce6ee02eb8f6305d98ea,2,0,0.13502875,0.08514175,18,0.9284956
rec_fb2cd0b3f7ad717fd7f6,grp_c9560e6688084c39d614,4,0,0.06649278,0.04833588,57,0.9985604
rec_fb2dafb2d2233a4e70bf,grp_6b866614985237d22c88,3,0,0.1213438,0.052462548,15,0.9722338
rec_fb342406198eedff19b5,grp_80e648c5331cb41b285f,3,0,0.1463987,0.073175214,0,0.97828287
rec_fb36aec83d03de0b0d44,grp_7eb717cdfb4d3ede8788,2,0,0.13080505,0.080444336,9,0.9758897
rec_fb39af1b81c0bd622074,grp_a0b15b2c0fa2530824ba,1,0,0.0015261839,0.018846951,38,0.9623554
rec_fb3f206946927ba5f08d,grp_07b372b4aca06bb7d32a,4,0,0.10422091,0.08813887,26,0.94077903
rec_fb43eb3e8321a9c68da4,grp_14a34a2567649b1b2db5,3,0,0.0373643,0.016574265,56,0.96551424
rec_fb48ec26be7073c52d19,grp_eae84ffa3c4b1faa6d57,1,0,0.016290853,0.024234168,9,0.98619044
rec_fb6408b4ad26f6d5ebf8,grp_f46c22ad0ffbc8d69d8c,2,0,0.097615615,0.051051497,14,0.9634854
rec_fb7ae3a6c16566137d7d,grp_81874486a710cde92115,3,0,0.008482399,0.0110714445,24,0.94624406
rec_fb84fb8966a13e87aa1b,grp_5bdd5df4515d966c42cc,0,0,0.13535139,0.14363217,63,0.9768156
rec_fb8973f29b94d81dd0dc,grp_f363188d74d6f0eab83d,4,0,-0.06400712,0.0054550124,17,0.9756518
rec_fb8a1aaa294630a22888,grp_d3196805e4075ab66bf4,4,0,0.08960496,0.07005446,20,0.9651531
rec_fb9124e70bc6a72561c7,grp_d1a337af6e39bc8a2a08,3,0,0.1084859,0.044113357,19,0.96694523
rec_fb98e80711d8c128a2eb,grp_4b6eba2c28512dc7c8ad,4,0,0.03085339,0.02691264,27,0.9935952
rec_fba82ce09c3b5b1f053e,grp_76e13c580e244cc6fe6f,0,0,0.036578402,0.0327485,61,0.9074988
rec_fbac7b1a71fa4af88c6f,grp_9dcdea6f46441c65be44,1,0,0.093470395,0.08686988,6,0.9922924
rec_fbaf167d8595a6968f1f,grp_a6d65130875cf402d9c9,0,0,-0.009091629,0.015899012,50,0.9941501
rec_fbb3d25efeb64b36320b,grp_c003cb33cd26910a899b,4,0,0.010565088,0.019191677,56,0.9814313
rec_fbc4da007c5f0dd60925,grp_c408e2f513a25e15d1fb,2,1,0.21393014,0.22817959,57,0.97707784
rec_fbcec2014fb834ce8210,grp_29d18b35419d3265fcbd,0,0,-0.0729791,0.005706248,16,0.9647863
rec_fbd03839d72f751116a0,grp_e4ed81a7348dc8565a1b,3,0,0.086195625,0.032559652,11,0.9850217
rec_fbd50a8013be4c1a4e1f,grp_61b50eeef877c58c05dd,1,1,0.13586095,0.16591854,46,0.992167
rec_fbd50a966140681ebedc,grp_4d7e1332614a749a1629,3,1,0.13519399,0.06311495,59,0.99208456
rec_fbd971500697635de7fd,grp_42b7a3d07b1360179996,0,0,-0.013563166,0.014804452,23,0.97497886
rec_fbe5ee5aaaa4243ef8b8,grp_21b93d9fdfc43e1e3601,2,0,0.007738867,0.014215127,29,0.98172504
rec_fbec69c2a09a16a8daa0,grp_b1bc333ac8a87020542a,4,1,0.10000087,0.08252319,36,0.9953411
rec_fbefeda004c7f1e410fe,grp_09abca9257883bb3a786,0,0,0.051422585,0.04128398,47,0.98149693
rec_fbfed11cff927a5290a5,grp_2d419e725b173b7adce4,3,0,-0.0033469764,0.009379586,0,0.9717947
rec_fc0e83fd4fae7b5c7711,grp_82dc45c1640dae9fa774,0,0,0.09966717,0.08599545,5,0.9856322
rec_fc136c7b14068acbb161,grp_09b5d68b4df43aef7905,3,1,0.1835005,0.117800556,59,0.98223156
rec_fc199027c36059654340,grp_d85476f3f6a3bbfed27d,0,0,0.027746953,0.02850729,13,0.9262792
rec_fc1a29dad1b1c4b513a9,grp_15cd4ea38e3eaaf2e37e,2,0,0.029282447,0.01938771,43,0.9882547
rec_fc21ba57344b0d99bbde,grp_4149a476ca49bd6ad909,1,0,0.012382952,0.022677135,26,0.942383
rec_fc221ea249b3e7180691,grp_213bae7ee72de91a8911,4,0,0.0016607675,0.016532348,54,0.9907352
rec_fc36ca51a934c3d84e77,grp_6c0fb19f089a50fac3e8,2,0,-0.014174904,0.010352224,58,0.96930856
rec_fc41c2c8d873d50fe5d9,grp_e07348a04fb22ed0f51e,0,0,0.00016693305,0.01842446,12,0.9754839
rec_fc44ff6d27a49864b604,grp_99aae132c8d026812f05,2,0,0.06707789,0.033250514,21,0.9816227
rec_fc4b96864c57ea0129e7,grp_68f105aa8043a30e9c74,1,0,-0.04551497,0.008401275,23,1.0074011
rec_fc545a0831cf59e20a1c,grp_bd7e3663ccf43028279f,4,0,0.04967717,0.036726713,29,0.95431274
rec_fc546afcf7d55d6f4c21,grp_8f518fb0b85009b04886,0,0,0.034261845,0.031580355,35,0.98043317
rec_fc569d036123222d6988,grp_e8ca4154984fba1ed979,0,0,0.0984405,0.08444626,35,0.9456873
rec_fc64ac3f837829814564,grp_dc67aca3584a75348504,4,0,-0.10409012,0.0027610562,4,0.9769358
rec_fc653dc2c1acfc3134da,grp_5fa6920af0f6aa9c2f64,2,0,0.09207409,0.047259096,39,0.8926025
rec_fc6bff23a6387568a9bd,grp_5dac465b55183d773cea,0,0,0.016105188,0.023723617,24,0.9843613
rec_fc6efb3d930bb2593424,grp_e7c4133b75233f61808c,1,0,-0.08586943,0.0041804886,50,0.9667348
rec_fc79a6c6e19d56a93fb7,grp_b121b744c00a987f9a39,2,0,-0.05328812,0.0058635427,59,1.0051361
rec_fc7db550916530002895,grp_780e9dda53fd5dd44a75,1,0,-0.058292057,0.006737758,4,0.9455934
rec_fc8ddd296828b7f29c03,grp_6a32e57974a525c5cf68,3,0,0.13600558,0.06379808,3,0.9850084
rec_fc8ee0399356dffccec7,grp_36996551bbd4d6362e44,2,0,0.07085199,0.035074312,48,0.9923082
rec_fc9052bc5a418acb7e1f,grp_2f07f363490d068d5062,4,0,0.124657065,0.120465465,1,0.9780901
rec_fc97c0275ca4ebe75337,grp_a02e80482832b63b035c,2,0,0.049693078,0.02596897,16,1.0006592
rec_fcacc5f3f65294da7e1f,grp_48f45daa50b515e2e910,1,0,0.042783793,0.037889376,14,0.972577
rec_fcbb0a7d030ad7c5f34d,grp_5ca28b703a44edb9e5c6,1,0,0.14677139,0.19388163,16,0.95103544
rec_fcbd389b6aca5820811f,grp_32154ad0921c43d3c996,4,0,0.050804973,0.0374133,17,0.9942082
rec_fcc0460d0c94e3867c85,grp_67c553f94da1fe2b9c43,4,0,-0.08416941,0.0038738544,1,0.99883187
rec_fcc41a55c48387b4a69f,grp_cbc7089b24c3133d4477,2,0,0.14690843,0.09971231,5,0.9441084
rec_fcc939fa291ecd31beb8,grp_49c3394dbafd2e420b70,0,0,0.023813536,0.026794551,9,0.994712
rec_fce1cd5d6091a2687f42,grp_fcb57a43ec23f0b07982,3,0,-0.09674742,0.0025157868,2,0.9908419
rec_fce398ad50868daa3c0b,grp_cc8247fa131ba975840d,3,0,0.1063579,0.042859778,62,0.9981799
rec_fcfa6492a28cd764b0de,grp_0694daf3bda1539da0b4,4,0,0.051890653,0.038085897,21,0.95841414
rec_fcfcd187004de7d00560,grp_adcdb098bc8801d979da,0,0,-0.010195365,0.015621652,45,0.943955
rec_fd0eca5537115c593451,grp_49172e836ec077b3b481,0,0,0.007612719,0.020737512,50,0.98398554
rec_fd0ed0cc2fb4f1c0f873,grp_3ec66e8e6cebb3c359e9,1,1,0.06068119,0.051026877,46,1.0027685
rec_fd11bd0ae02aab7e2f7c,grp_175da51704e4c491d782,1,1,0.11743542,0.12614806,46,0.9942277
rec_fd1ed242e3b5105f339e,grp_2a4dd1c943d5b0a2ad3e,4,0,0.07532118,0.05575245,52,0.98989713
rec_fd212ee6c6e7a18f392e,grp_0e55d2decb6e3373d074,2,0,-0.030963402,0.008113465,38,0.977253
rec_fd23970af07188ecccca,grp_0e324808bd021885f52f,1,0,-0.06284865,0.0062273596,47,0.99420345
rec_fd2819e9d51bab245ec5,grp_51a2b85181f22dc1672d,0,0,-0.034848884,0.010532008,35,1.0058622
rec_fd28d676cabcb0b29a17,grp_205cfce428bb51039343,4,0,-0.02596798,0.010384707,50,0.97723734
rec_fd2e70abd0698b976b05,grp_9092d90658ba11dc57af,4,0,0.05398788,0.039418165,42,0.97820175
rec_fd329bc433a0eff4c0b4,grp_994568419c8ed5808ead,2,0,-0.028440716,0.008416335,21,0.9749472
rec_fd3d7eeef6d9c37b82cf,grp_9665feff39a68174a816,4,0,0.09283182,0.07372575,37,0.98572403
rec_fd3de278a40c43e1efb4,grp_93fe112f5e6dc4b20366,1,0,0.0031719853,0.019383887,9,0.9778063
rec_fd3e36ec8f1546584913,grp_092091947708136c8ebf,1,0,0.019293293,0.025500799,9,1.0009291
rec_fd494a0b0df5ecb980d1,grp_0209e3a9c306faa64634,4,0,0.030119646,0.02658685,8,0.974961
rec_fd4d4bd54f81b365d1df,grp_6aee3cc08833c54721e3,3,0,-0.019585144,0.0074668964,2,0.96676785
rec_fd5f66a179311630a34f,grp_fad863560a7a434c809b,3,0,0.10658469,0.04299173,15,0.9637457
rec_fd650016b147b0684105,grp_c6e21ef768a8ebc96919,3,0,-0.050126236,0.0048575928,50,0.9813131
rec_fd6d50002359594ecac6,grp_fc5f7134c69ea69820ab,0,0,-0.05625856,0.0074682916,58,0.9241247
rec_fd6de11f7a40d2efff7c,grp_97c9ef2fe50889ba51bf,3,0,-0.12856036,0.0016046782,2,0.9913477
rec_fd79430a3616f6ae7e7c,grp_65455c47629a3ab64c66,0,1,0.14066434,0.1545472,44,0.99266577
rec_fd7c80eb9ea6a9026e2f,grp_3ef79b22c1e0918e2422,4,0,-0.02444758,0.010654607,2,0.98071474
rec_fd80c222821d40a6191f,grp_5c76189fbfce86383016,4,0,-0.03176075,0.009416979,27,0.95800835
rec_fd82fddd34eb9625f152,grp_10531c0a05b954d94010,2,0,0.06277161,0.03128135,43,1.0009016
rec_fd83f34886841e71c475,grp_b870e1510e27692c2f55,0,0,0.048260946,0.039303683,50,0.9936639
rec_fd8cf074a79dfab82773,grp_900bb8a2fad3b028352c,0,0,0.012569509,0.02243256,35,0.9910185
rec_fd8d90a4accb21a23ef1,grp_5ab2ca913921910f0b9a,2,0,0.07598195,0.037708465,9,0.99168366
rec_fd92ca97b8ebb1168ffa,grp_8987c4573a50646ed994,0,0,0.014752431,0.023221312,12,0.92956734
rec_fd9ff9f07394b09d67f2,grp_ab7d384880d91338f239,3,0,0.093946576,0.03620082,30,0.9710823
rec_fda02de171a1cefb135a,grp_f1e97c055c8de0e7452c,3,0,0.17790174,0.10980625,12,0.9418251
rec_fda1d2aa7f10725be4af,grp_768b9ae2c5a83e231660,2,0,0.053779587,0.02752694,47,0.97055125
rec_fda36dbcda4a515a48bb,grp_786534d4207e6ca9ce17,1,0,0.07466803,0.06418521,9,0.98225445
rec_fda84878c62ce52e38a9,grp_292b05d782ec8bb5eeb5,0,1,0.105898805,0.09426928,44,0.99639136
rec_fdad8cdafe94abcf99a3,grp_f8cd9799df287cb956cc,1,0,-0.11494344,0.0025248348,6,0.98922807
rec_fdb0142745629a60a664,grp_495db31d30e67bdbeaa2,3,0,0.050475065,0.01988899,41,0.99252576
rec_fdbdb9717670c6c4235f,grp_d5f8376e0b0c76c30794,0,0,0.15154879,0.17901419,62,0.97354466
rec_fdbfaf2245932dc721c0,grp_aefd15080eb4f478ca91,3,0,0.06384021,0.023934573,48,0.9763027
rec_fdc1cb4176d8f2a6850f,grp_1e45356986366ba86608,2,0,0.1347241,0.08479476,8,0.95175165
rec_fdc2d86435881bdb8e69,grp_f649d014ca74eb9b9371,0,0,0.02768391,0.028479017,56,0.98346496
rec_fdc3fff3b449a6741c79,grp_71fe8ab2b54385835c9b,4,0,0.09112006,0.07175669,13,0.9906035
rec_fdd498c5cc5e74d63568,grp_49d03d2f68a390462060,3,0,0.08749615,0.033144884,44,0.95298606
rec_fdd6eb3f67d99328b3b5,grp_b3c7b14fde414966a862,2,0,-0.0055873496,0.0117237205,19,0.9936162
rec_fdd7fc36a3a6fa908331,grp_9b24c0dfdddcf48b9271,0,0,0.14764552,0.1699086,22,0.97748816
rec_fdda3ce394ce8f0e744a,grp_e9fc342391c6268fde93,1,0,0.0018758716,0.018959802,55,0.93873787
rec_fddff9fac14adfccaa37,grp_4dcd3aaa20f828570a5b,4,0,0.090852454,0.07145328,8,0.96524006
rec_fde5d2e5e9f2a75c0469,grp_8671a2a1d2b03bb6e437,0,0,-0.005889492,0.016731385,38,0.9921439
rec_fde996228c90e74ceef8,grp_8f0bf60e6b39355a8a66,2,0,0.021548616,0.017347096,39,0.92862266
rec_fdf777ac7e10748bb61c,grp_6b2a681f5ea71b5fc436,2,0,0.009638562,0.014610418,22,0.9795438
rec_fdfbd93be8785840226e,grp_efea24b4ad4e96322889,3,0,0.11303908,0.04691401,30,0.91231656
rec_fdfc272f22d01b515d5c,grp_a0516a49e98afb8657c4,4,0,0.08577934,0.06592123,37,0.9963044
rec_fdfc35a17a2887096d93,grp_24634ee22a5aec960ad3,3,0,0.006582405,0.010780651,48,1.0049565
rec_fe001c36858c25a6ef4c,grp_ad3f10628d5d5d98961c,2,0,-0.060758274,0.005258949,43,0.9896845
rec_fe00b38e47cd98eb582d,grp_7729872da82b9d18c5ca,2,1,0.12730917,0.076736555,57,0.9930034
rec_fe08a0279ed03116af58,grp_f9ac211086b128614bf5,4,0,-0.0020277977,0.015540007,9,0.93214655
rec_fe0907fc90a91aaf00b1,grp_0590d0611a2491c9e6c6,1,0,0.12375204,0.13877046,9,0.9857254
rec_fe0ba57cb4c2b2f7e5fd,grp_a3ebcbcd2b1b59d31261,0,0,-0.0066815335,0.016521597,27,0.9437635
rec_fe2a5f784d0f9bd8e305,grp_3fd2c08ea148c50563ab,2,0,0.046247248,0.024722246,42,0.98433757
rec_fe37214bbeae574529db,grp_4b01ccaf957237c8f459,3,0,0.11780455,0.050025873,35,0.9900194
rec_fe385d8dcfc6921fd148,grp_42519b3fe41474cfa0e9,2,0,0.11408534,0.06408866,61,0.99143016
rec_fe392a73661dbda372c0,grp_36561e0c2e18f4bba518,4,0,-0.035052024,0.00890751,0,0.96142155
rec_fe42c4c700a99dd16224,grp_7961d5f2019b3abf80bc,0,0,-0.03376807,0.010716048,1,0.9750154
rec_fe569115155b210c6ca9,grp_ed8f10cbc3c121a87bd4,2,0,-0.0007153172,0.012580121,43,0.9787266
rec_fe59c1f73d3bdf6f6b89,grp_420bf2b5e97251d1a039,3,0,0.13702929,0.064669564,56,0.965495
rec_fe6600bf4eb5ae58775c,grp_280ba55fbdb733e96114,4,0,0.069782495,0.050983172,57,0.98207057
rec_fe6878bbfc39e7a575fb,grp_03bf5166cc23915ce226,2,0,-0.02403729,0.008972102,34,0.95553607
rec_fe6afcb8f1eaca383b24,grp_76b70ee1367f12de7b25,0,0,-0.048064966,0.008519399,61,0.913193
rec_fe6ca92bba2775eacfdc,grp_626328a440e9212912b6,1,0,-0.030388882,0.010903289,20,0.98273927
rec_fe6d692e1acc3e841969,grp_fecb4768f3d1d6b6a434,2,0,0.015976021,0.016009018,19,0.9874776
rec_fe81b3915cfe2ce76909,grp_91cd99daa8c742a3b776,3,0,-0.027116925,0.0067164553,48,0.983836
rec_fe861de8e8454a52975f,grp_93d50082700646467a14,4,0,0.07044642,0.051533826,25,0.98992425
rec_fe9dc8817ba7602e3e04,grp_9729f482cf0aea3fdd69,4,0,0.037852783,0.030221881,3,0.97985435
rec_fe9fe1bc230507724622,grp_0544c379e34e44c214fe,3,0,0.028326932,0.014612039,40,0.9984513
rec_feaaf78c441444a2013b,grp_9071eba74f4f0567434f,3,0,-0.010280855,0.008509706,35,0.9820057
rec_feab0a6955f968839f39,grp_98fbc2bbc24987ce597d,2,0,-0.09331932,0.0032704866,53,1.0002823
rec_feaf8ab28fa988872e29,grp_a76db351786b5e38abda,0,0,0.009836366,0.021481834,63,0.9547858
rec_feb3bbc3392f6d5a5b7e,grp_57d74531c3def493f219,3,0,0.044043224,0.018188756,10,0.9825619
rec_febcb357fbf60ae643d5,grp_f6bb00571fd0e71ee1b3,3,0,-0.029807795,0.0064669205,16,0.97747725
rec_fec1be42b32537de11df,grp_e7899b42a7173ff29e7c,2,0,0.016582904,0.016149668,14,0.9831141
rec_fec38b385bcb2b55b0cd,grp_b5dda9f97d18f62e7f4a,1,0,0.065987006,0.055687457,43,0.9939863
rec_fec488e0cc760a07a1e9,grp_f2cff356e57dd8576a26,2,0,0.060931616,0.030474795,20,0.9587148
rec_fec78ddc1f834dc003f9,grp_564e8e02e2066d053342,3,0,0.028182417,0.014582599,56,0.97169036
rec_fed5c74e0d161499ed42,grp_cacee89d9bf59c37a851,0,0,0.06839492,0.0536484,27,0.97197914
rec_fed6e035ef7b4da6bd57,grp_75db6898e027332c1f14,3,0,0.0058477605,0.01067025,48,0.99017394
rec_fed89e9761ef0c18a412,grp_f3e90d76803effd6ccd7,4,0,-0.03369033,0.009114894,42,0.9538839
rec_fedbabc38d5573ec95e9,grp_a4f2b49e1ad603dee1ea,3,0,0.1408685,0.06803752,8,0.9758777
rec_fededdc65c5b6813cadc,grp_3011e22eeb66c5c86d52,4,0,0.06930091,0.050587233,27,0.9441885
rec_feec801e16c93530bf70,grp_80e3ac8c08ef64e7108a,0,0,0.05083073,0.040906146,43,0.9510422
rec_feef07a7bec4d410b34d,grp_850b83dcea33716c2692,0,0,0.04120539,0.03520789,32,0.9195077
rec_fefca78a652ae024fa61,grp_4e23d31fea2a41c858a8,3,0,0.10495688,0.0420531,16,0.9605764
rec_fefddae2109fb249d51f,grp_07d847efbb8519ac59ab,3,0,0.06952912,0.025890896,32,0.9791597
rec_ff00501cb52a11110b19,grp_920572b51e96bb4d59cf,0,0,-0.056399368,0.0074514016,43,0.983372
rec_ff064aa79f8432f743d0,grp_a4ea29942577dcb8b3da,0,0,0.02502177,0.027309725,2,0.91950375
rec_ff0dd9aa681cc04fe36c,grp_a049ca66d0ea0ce411f9,1,0,-0.07729778,0.004849667,37,0.93766654
rec_ff1843da0d35b18dcc99,grp_55f30d186bca6b2f4572,0,1,0.11087836,0.101386234,44,0.9926503
rec_ff185442967e403a1f5e,grp_35040692d58e6a9e9848,3,1,0.19795361,0.14079268,59,0.9792416
rec_ff1d1ecc42b42b3796d4,grp_e98f8a60907b6c437209,2,0,-0.005112027,0.011804674,12,0.9723393
rec_ff28272004b7773b5ff9,grp_e4e6a1db13800f0a95a2,4,0,0.094254024,0.07539942,34,0.97952497
rec_ff2ba7e72afcb4d1580b,grp_4ae8c52b50b2ebcb8a76,2,0,0.06607876,0.03278323,61,0.9983735
rec_ff2ffc2105e7c7d3ecd3,grp_f0cb05f1394d046fa57d,2,0,-0.07003694,0.0045936545,53,0.97907346
rec_ff309fb9f8a4adad9098,grp_2e9a0617eebb5269c758,4,0,0.16675833,0.21926053,1,0.96721035
rec_ff35b5280a96ba95076c,grp_93f95881d1e8cc9f2472,2,0,0.096931666,0.050568286,61,0.96400934
rec_ff39bbc38c6ae96b2718,grp_02108704156fa8a77fae,2,0,0.023111235,0.017741634,16,0.9813883
rec_ff443f5bc7c948b5896d,grp_053e61350db597fd5404,0,0,0.03061362,0.02982201,1,0.99488795
rec_ff507351153278fcc099,grp_ffbda720ac36ab53cb96,3,0,0.051426396,0.020153344,63,0.94067574
rec_ff6386e813eedea0db94,grp_a20a4fb2891ae5083a89,2,0,0.0317897,0.020098465,46,0.97639173
rec_ff7758c067c4037ac7a8,grp_24fbafdbf3ea9b03d5d6,4,1,0.19794933,0.32343957,36,0.98282045
rec_ff7a2365d0d0ff644f0b,grp_ca816864f153f193798f,3,0,0.08135527,0.030468043,0,0.98591745
rec_ff80bf7df482c92a637a,grp_8217fda89e93935d3269,3,0,0.09148916,0.03500588,9,0.9528533
rec_ff81d82244bd2295cba5,grp_7816b0aada8f3890127a,4,0,0.062744215,0.045478493,20,0.94288427
rec_ff8746fb1fb7fe923d91,grp_2d0519a72f96a13ed7f1,3,0,0.006325639,0.010741935,26,0.95589054
rec_ff8a1be5b71735df1e51,grp_dc407cf26ece12ef74f1,4,0,0.014531886,0.020507468,55,0.97293127
rec_ff8a67753361af906c75,grp_8aabeaf212796cddb0f7,0,0,0.045599654,0.037707705,32,0.9192349
rec_ff8ba203a7db30b04d8d,grp_a590d1f1957c9c056dc5,1,0,-0.035640664,0.009960541,60,0.9771698
rec_ff8f3cb2d13fb7688daf,grp_801c611da9f02d113a1d,2,0,0.13155068,0.08125605,58,0.9779306
rec_ff94bdd91114507323e4,grp_2a938bdc00fb090c8bea,1,0,0.025988847,0.028561857,49,0.9675719
rec_ff9560f491394f57aff8,grp_743ca84b4952759f92a4,2,0,0.094877385,0.049142864,33,0.9936369
rec_ff9a32254d17391f77e5,grp_823661d616d36e4fbd67,1,0,0.023329131,0.02730537,60,0.9933419
rec_ff9a51fbf4130675a5a8,grp_49da67c32b6ce7a83d41,1,0,0.0034737731,0.019483957,7,0.9451347
rec_ff9dc97274c0ae23fba2,grp_35f675cf0f869bb1de01,2,0,0.03461476,0.020929907,22,0.98798966
rec_ff9dfe65623c7009daf8,grp_e6ca2840e948c9ea63d8,3,0,-0.026842153,0.0067424667,2,0.97794116
rec_ffa04a08bfe5cd102731,grp_e717f24679f1a36308f1,0,1,0.13335598,0.13970159,44,0.992322
rec_ffb294eb5f639c309c75,grp_b230cb8af5cd03c5b620,0,0,0.1409519,0.1551569,10,0.9748817
rec_ffbfa7228844855eab97,grp_0ea1e047ff85bbe3ddf6,4,0,0.05237595,0.03839028,47,1.0043553
rec_ffc807c4c532718f2c26,grp_ee2f45786aa61aca3647,4,0,0.0052817315,0.017567005,49,0.9281007
rec_ffc9b3e995e39ad24a96,grp_12d660c64b24e06dd7fb,0,0,-0.10553619,0.0033752422,34,0.9862188
rec_ffd58e4db3fece7a9766,grp_7fd9e699b518900374f0,1,1,0.2201253,0.46292815,46,0.9786397
rec_ffd96be8d2c55cf30d69,grp_378c3495f53aba26b1cd,1,0,0.16941577,0.26289988,15,0.97698945
rec_ffda5f3bed94be1fef05,grp_eb45425a77fdea51b3cb,1,0,-0.10416112,0.0030443177,9,0.9858906
rec_ffdd30d93f010ac4729c,grp_b7e1fe288b944d63c338,1,0,0.013702798,0.023191756,9,1.0054294
rec_ffdd88d9dc49f87b25c8,grp_6fa8b5b0f1f60280f18d,0,0,-0.019055996,0.013561072,2,0.97846407
rec_ffe40cb56abaa2fd4491,grp_e8e09afc79bfef63ade8,2,0,0.014238058,0.015612861,5,0.9781283
rec_fff6f2463b830d1cbf88,grp_73405397f9ae6cbcb4df,1,0,0.055409186,0.046763245,11,0.9729314
rec_fffc4e490f0f838e53fe,grp_d96e6b2123a8aa7fec80,1,0,0.04763207,0.041087564,28,0.95161563
