{
  "raw": -0.05094359442591667,
  "percent": 3.155188634991646,
  "threshold_percent": 36.053770780563354,
  "source_bbox": [
    170.68592834472656,
    92.09502410888672,
    339.9016418457031,
    328.61199951171875
  ],
  "filtered_bbox": [
    170.89041137695312,
    90.68484497070312,
    339.7451477050781,
    328.9794616699219
  ],
  "filtered_path": "artifacts\\live_analysis\\person_white_filter.jpg"
}