{
  "auc": 0.9985027586671559,
  "eer": 0.007454390285898243,
  "eer_threshold": 0.4956517219543457,
  "n": 2061,
  "negatives": 1922,
  "operating_points": {
    "fmr<=0.001": {
      "fmr": 0.0005202913631633715,
      "fnmr": 0.014388489208633115,
      "threshold": 0.4956517219543457,
      "tpr": 0.9856115107913669
    },
    "fmr<=0.01": {
      "fmr": 0.0005202913631633715,
      "fnmr": 0.014388489208633115,
      "threshold": 0.4956517219543457,
      "tpr": 0.9856115107913669
    },
    "fmr<=0.1": {
      "fmr": 0.061394380853277836,
      "fnmr": 0.007194244604316502,
      "threshold": 0.2711435854434967,
      "tpr": 0.9928057553956835
    }
  },
  "positives": 139,
  "roc_auc_trapezoid": 0.9985027586671559,
  "status": "ok"
}