{
  "effective_score_weights": {
    "cos_mean": 0.35000000000000003,
    "mahalanobis": 0.20000000000000004,
    "ocsvm": 0.10000000000000002,
    "topk": 0.35000000000000003
  },
  "embedding_dim": 512,
  "mahalanobis_regularization": 0.05,
  "num_profile_embeddings": 513,
  "score_weights": {
    "cos_mean": 0.35,
    "mahalanobis": 0.2,
    "ocsvm": 0.1,
    "topk": 0.35
  },
  "top_k": 5,
  "use_ocsvm": true
}