{
  "coef": [
    20.690446853637695
  ],
  "intercept": [
    -2.370015859603882
  ],
  "method": "logistic_regression",
  "threshold": 0.36053770780563354
}