{
  "auc": 0.9963484574192598,
  "eer": 0.03289120446262695,
  "eer_threshold": 0.36053770780563354,
  "n": 2141,
  "negatives": 1922,
  "operating_points": {
    "fmr<=0.001": {
      "fmr": 0.0005202913631633715,
      "fnmr": 0.0547945205479452,
      "threshold": 0.5814953446388245,
      "tpr": 0.9452054794520548
    },
    "fmr<=0.01": {
      "fmr": 0.005723204994797087,
      "fnmr": 0.04109589041095896,
      "threshold": 0.4941357672214508,
      "tpr": 0.958904109589041
    },
    "fmr<=0.1": {
      "fmr": 0.058792924037460975,
      "fnmr": 0.013698630136986356,
      "threshold": 0.32363900542259216,
      "tpr": 0.9863013698630136
    }
  },
  "positives": 219,
  "roc_auc_trapezoid": 0.9963484574192598,
  "status": "ok"
}