{
  "by_quality": {
    "high": {
      "auc": 1.0,
      "eer": 0.0,
      "eer_threshold": 0.5119304060935974,
      "n": 498,
      "negatives": 446,
      "operating_points": {
        "fmr<=0.001": {
          "fmr": 0.0,
          "fnmr": 0.0,
          "threshold": 0.5119304060935974,
          "tpr": 1.0
        },
        "fmr<=0.01": {
          "fmr": 0.0,
          "fnmr": 0.0,
          "threshold": 0.5119304060935974,
          "tpr": 1.0
        },
        "fmr<=0.1": {
          "fmr": 0.0,
          "fnmr": 0.0,
          "threshold": 0.5119304060935974,
          "tpr": 1.0
        }
      },
      "positives": 52,
      "roc_auc_trapezoid": 1.0,
      "status": "ok"
    },
    "low": {
      "auc": 0.9999058557710413,
      "eer": 0.0025284450063211127,
      "eer_threshold": 0.5087419152259827,
      "n": 885,
      "negatives": 791,
      "operating_points": {
        "fmr<=0.001": {
          "fmr": 0.0,
          "fnmr": 0.021276595744680882,
          "threshold": 0.5542864799499512,
          "tpr": 0.9787234042553191
        },
        "fmr<=0.01": {
          "fmr": 0.0050568900126422255,
          "fnmr": 0.0,
          "threshold": 0.5087419152259827,
          "tpr": 1.0
        },
        "fmr<=0.1": {
          "fmr": 0.0050568900126422255,
          "fnmr": 0.0,
          "threshold": 0.5087419152259827,
          "tpr": 1.0
        }
      },
      "positives": 94,
      "roc_auc_trapezoid": 0.9999058557710413,
      "status": "ok"
    },
    "mid": {
      "auc": 0.9982746382746382,
      "eer": 0.01688779688779691,
      "eer_threshold": 0.4789552390575409,
      "n": 936,
      "negatives": 825,
      "operating_points": {
        "fmr<=0.001": {
          "fmr": 0.0,
          "fnmr": 0.09009009009009006,
          "threshold": 0.6884633898735046,
          "tpr": 0.9099099099099099
        },
        "fmr<=0.01": {
          "fmr": 0.0048484848484848485,
          "fnmr": 0.036036036036036,
          "threshold": 0.5199495553970337,
          "tpr": 0.963963963963964
        },
        "fmr<=0.1": {
          "fmr": 0.01575757575757576,
          "fnmr": 0.009009009009009028,
          "threshold": 0.4707854688167572,
          "tpr": 0.990990990990991
        }
      },
      "positives": 111,
      "roc_auc_trapezoid": 0.9982746382746382,
      "status": "ok"
    }
  },
  "overall": {
    "auc": 0.9993036868742146,
    "eer": 0.00874071110742091,
    "eer_threshold": 0.48035871982574463,
    "n": 2319,
    "negatives": 2062,
    "operating_points": {
      "fmr<=0.001": {
        "fmr": 0.00048496605237633366,
        "fnmr": 0.0311284046692607,
        "threshold": 0.5542864799499512,
        "tpr": 0.9688715953307393
      },
      "fmr<=0.01": {
        "fmr": 0.009699321047526674,
        "fnmr": 0.0077821011673151474,
        "threshold": 0.48035871982574463,
        "tpr": 0.9922178988326849
      },
      "fmr<=0.1": {
        "fmr": 0.011154219204655674,
        "fnmr": 0.0038910505836575737,
        "threshold": 0.4707854688167572,
        "tpr": 0.9961089494163424
      }
    },
    "positives": 257,
    "roc_auc_trapezoid": 0.9993036868742146,
    "status": "ok"
  }
}