{
  "by_quality": {
    "high": {
      "auc": 0.9988789237668161,
      "eer": 0.014099689548120062,
      "eer_threshold": 0.5140007138252258,
      "n": 498,
      "negatives": 446,
      "operating_points": {
        "fmr<=0.001": {
          "fmr": 0.0,
          "fnmr": 0.07692307692307687,
          "threshold": 0.5774396061897278,
          "tpr": 0.9230769230769231
        },
        "fmr<=0.01": {
          "fmr": 0.008968609865470852,
          "fnmr": 0.019230769230769273,
          "threshold": 0.5140007138252258,
          "tpr": 0.9807692307692307
        },
        "fmr<=0.1": {
          "fmr": 0.04035874439461883,
          "fnmr": 0.0,
          "threshold": 0.434165358543396,
          "tpr": 1.0
        }
      },
      "positives": 52,
      "roc_auc_trapezoid": 0.9988789237668161,
      "status": "ok"
    },
    "low": {
      "auc": 0.9940368975492604,
      "eer": 0.041175427105507326,
      "eer_threshold": 0.4516800045967102,
      "n": 881,
      "negatives": 788,
      "operating_points": {
        "fmr<=0.001": {
          "fmr": 0.0,
          "fnmr": 0.13978494623655913,
          "threshold": 0.6533463597297668,
          "tpr": 0.8602150537634409
        },
        "fmr<=0.01": {
          "fmr": 0.006345177664974619,
          "fnmr": 0.053763440860215006,
          "threshold": 0.546586275100708,
          "tpr": 0.946236559139785
        },
        "fmr<=0.1": {
          "fmr": 0.07741116751269035,
          "fnmr": 0.010752688172043001,
          "threshold": 0.39606142044067383,
          "tpr": 0.989247311827957
        }
      },
      "positives": 93,
      "roc_auc_trapezoid": 0.9940368975492604,
      "status": "ok"
    },
    "mid": {
      "auc": 0.9965903025153328,
      "eer": 0.020496312515659573,
      "eer_threshold": 0.48553523421287537,
      "n": 938,
      "negatives": 827,
      "operating_points": {
        "fmr<=0.001": {
          "fmr": 0.0,
          "fnmr": 0.19819819819819817,
          "threshold": 0.6846795082092285,
          "tpr": 0.8018018018018018
        },
        "fmr<=0.01": {
          "fmr": 0.009673518742442563,
          "fnmr": 0.05405405405405406,
          "threshold": 0.5467041730880737,
          "tpr": 0.9459459459459459
        },
        "fmr<=0.1": {
          "fmr": 0.022974607013301087,
          "fnmr": 0.018018018018018056,
          "threshold": 0.48553523421287537,
          "tpr": 0.9819819819819819
        }
      },
      "positives": 111,
      "roc_auc_trapezoid": 0.9965903025153328,
      "status": "ok"
    }
  },
  "overall": {
    "auc": 0.9960255185589519,
    "eer": 0.024588905567685587,
    "eer_threshold": 0.48553523421287537,
    "n": 2317,
    "negatives": 2061,
    "operating_points": {
      "fmr<=0.001": {
        "fmr": 0.0009704027171276079,
        "fnmr": 0.09765625,
        "threshold": 0.6105639934539795,
        "tpr": 0.90234375
      },
      "fmr<=0.01": {
        "fmr": 0.009704027171276079,
        "fnmr": 0.04296875,
        "threshold": 0.5301840305328369,
        "tpr": 0.95703125
      },
      "fmr<=0.1": {
        "fmr": 0.07035419699175158,
        "fnmr": 0.01171875,
        "threshold": 0.39606142044067383,
        "tpr": 0.98828125
      }
    },
    "positives": 256,
    "roc_auc_trapezoid": 0.9960255185589519,
    "status": "ok"
  }
}